nan,nan,nan,nan,nan,nan,nan,nan,nan,nan,nan,nan,nan,nan,nan,nan,nan,nan,nan,nan,nan,nan,nan,nan,nan,nan,nan,nan,nan,nan,nan,nan,nan,nan,nan,nan,nan,nan,nan,nan,nan,nan,nan,nan,nan,nan,nan,nan,nan,nan,nan,nan,nan,nan,nan,nan,nan,nan,nan,nan,nan,nan,nan,nan,nan,nan,nan,nan,nan,nan,nan,nan,nan,nan,nan,nan,nan,nan,nan,nan,nan,nan,nan,nan,nan,nan,nan,nan,nan,nan,nan,nan,nan,nan,nan,nan,nan,nan,nan,nan,nan,nan,nan,nan,nan,nan,nan,nan,nan,nan,nan,nan,nan,nan,nan,nan,nan,nan,nan,nan,nan,nan,nan,nan,nan
nan,nan,nan,nan,nan,nan,nan,nan,nan,nan,nan,nan,nan,nan,nan,nan,nan,nan,nan,nan,nan,nan,nan,nan,nan,nan,nan,nan,nan,nan,nan,nan,nan,nan,nan,nan,nan,nan,nan,nan,nan,nan,nan,nan,nan,nan,nan,nan,nan,nan,nan,nan,nan,nan,nan,nan,nan,nan,nan,nan,nan,nan,nan,nan,nan,nan,nan,nan,nan,nan,nan,nan,nan,nan,nan,nan,nan,nan,nan,nan,nan,nan,nan,nan,nan,nan,nan,nan,nan,nan,nan,nan,nan,nan,nan,nan,nan,nan,nan,nan,nan,nan,nan,nan,nan,nan,nan,nan,nan,nan,nan,nan,nan,nan,nan,nan,nan,nan,nan,nan,nan,nan,nan,nan,nan
nan,nan,nan,nan,nan,nan,nan,nan,nan,nan,nan,nan,nan,nan,nan,nan,nan,nan,nan,nan,nan,nan,nan,nan,nan,nan,nan,nan,nan,nan,nan,nan,nan,nan,nan,nan,nan,nan,nan,nan,nan,nan,nan,nan,nan,nan,nan,nan,nan,nan,nan,nan,nan,nan,nan,nan,nan,nan,nan,nan,nan,nan,nan,nan,nan,nan,nan,nan,nan,nan,nan,nan,nan,nan,nan,nan,nan,nan,nan,nan,nan,nan,nan,nan,nan,nan,nan,nan,nan,nan,nan,nan,nan,nan,nan,nan,nan,nan,nan,nan,nan,nan,nan,nan,nan,nan,nan,nan,nan,nan,nan,nan,nan,nan,nan,nan,nan,nan,nan,nan,nan,nan,nan,nan,nan
nan,nan,nan,nan,nan,nan,nan,nan,nan,nan,nan,nan,nan,nan,nan,nan,nan,nan,nan,nan,nan,nan,nan,nan,nan,nan,nan,nan,nan,nan,nan,nan,nan,nan,nan,nan,nan,nan,nan,nan,nan,nan,nan,nan,nan,nan,nan,nan,nan,nan,nan,nan,nan,nan,nan,nan,nan,nan,nan,nan,nan,nan,nan,nan,nan,nan,nan,nan,nan,nan,nan,nan,nan,nan,nan,nan,nan,nan,nan,nan,nan,nan,nan,nan,nan,nan,nan,nan,nan,nan,nan,nan,nan,nan,nan,nan,nan,nan,nan,nan,nan,nan,nan,nan,nan,nan,nan,nan,nan,nan,nan,nan,nan,nan,nan,nan,nan,nan,nan,nan,nan,nan,nan,nan,nan
nan,nan,nan,nan,nan,nan,nan,nan,nan,nan,nan,nan,nan,nan,nan,nan,nan,nan,nan,nan,nan,nan,nan,nan,nan,nan,nan,nan,nan,nan,nan,nan,nan,nan,nan,nan,nan,nan,nan,nan,nan,nan,nan,nan,nan,nan,nan,nan,nan,nan,nan,nan,nan,nan,nan,nan,nan,nan,nan,nan,nan,nan,nan,nan,nan,nan,nan,nan,nan,nan,nan,nan,nan,nan,nan,nan,nan,nan,nan,nan,nan,nan,nan,nan,nan,nan,nan,nan,nan,nan,nan,nan,nan,nan,nan,nan,nan,nan,nan,nan,nan,nan,nan,nan,nan,nan,nan,nan,nan,nan,nan,nan,nan,nan,nan,nan,nan,nan,nan,nan,nan,nan,nan,nan,nan
nan,nan,nan,nan,nan,nan,nan,nan,nan,nan,nan,nan,nan,nan,nan,nan,nan,nan,nan,nan,nan,nan,nan,nan,nan,nan,nan,nan,nan,nan,nan,nan,nan,nan,nan,nan,nan,nan,nan,nan,nan,nan,nan,nan,nan,nan,nan,nan,nan,nan,nan,nan,nan,nan,nan,nan,nan,nan,nan,nan,nan,nan,nan,nan,nan,nan,nan,nan,nan,nan,nan,nan,nan,nan,nan,nan,nan,nan,nan,nan,nan,nan,nan,nan,nan,nan,nan,nan,nan,nan,nan,nan,nan,nan,nan,nan,nan,nan,nan,nan,nan,nan,nan,nan,nan,nan,nan,nan,nan,nan,nan,nan,nan,nan,nan,nan,nan,nan,nan,nan,nan,nan,nan,nan,nan
nan,nan,nan,nan,nan,nan,nan,nan,nan,nan,nan,nan,nan,nan,nan,nan,nan,nan,nan,nan,nan,nan,nan,nan,nan,nan,nan,nan,nan,nan,nan,nan,nan,nan,nan,nan,nan,nan,nan,nan,nan,nan,nan,nan,nan,nan,nan,nan,nan,nan,nan,nan,nan,nan,nan,nan,nan,nan,nan,nan,nan,nan,nan,nan,nan,nan,nan,nan,nan,nan,nan,nan,nan,nan,nan,nan,nan,nan,nan,nan,nan,nan,nan,nan,nan,nan,nan,nan,nan,nan,nan,nan,nan,nan,nan,nan,nan,nan,nan,nan,nan,nan,nan,nan,nan,nan,nan,nan,nan,nan,nan,nan,nan,nan,nan,nan,nan,nan,nan,nan,nan,nan,nan,nan,nan
nan,nan,nan,nan,nan,nan,nan,nan,nan,nan,nan,nan,nan,nan,nan,nan,nan,nan,nan,nan,nan,nan,nan,nan,nan,nan,nan,nan,nan,nan,nan,nan,nan,nan,nan,nan,nan,nan,nan,nan,nan,nan,nan,nan,nan,nan,nan,nan,nan,nan,nan,nan,nan,nan,nan,nan,nan,nan,nan,nan,nan,nan,nan,nan,nan,nan,nan,nan,nan,nan,nan,nan,nan,nan,nan,nan,nan,nan,nan,nan,nan,nan,nan,nan,nan,nan,nan,nan,nan,nan,nan,nan,nan,nan,nan,nan,nan,nan,nan,nan,nan,nan,nan,nan,nan,nan,nan,nan,nan,nan,nan,nan,nan,nan,nan,nan,nan,nan,nan,nan,nan,nan,nan,nan,nan
nan,nan,nan,nan,nan,nan,nan,nan,nan,nan,nan,nan,nan,nan,nan,nan,nan,nan,nan,nan,nan,nan,nan,nan,nan,nan,nan,nan,nan,nan,nan,nan,nan,nan,nan,nan,nan,nan,nan,nan,nan,nan,nan,nan,nan,nan,nan,nan,nan,nan,nan,nan,nan,nan,nan,nan,nan,nan,nan,nan,nan,nan,nan,nan,nan,nan,nan,nan,nan,nan,nan,nan,nan,nan,nan,nan,nan,nan,nan,nan,nan,nan,nan,nan,nan,nan,nan,nan,nan,nan,nan,nan,nan,nan,nan,nan,nan,nan,nan,nan,nan,nan,nan,nan,nan,nan,nan,nan,nan,nan,nan,nan,nan,nan,nan,nan,nan,nan,nan,nan,nan,nan,nan,nan,nan
nan,nan,nan,nan,nan,nan,nan,nan,nan,nan,nan,nan,nan,nan,nan,nan,nan,nan,nan,nan,nan,nan,nan,nan,nan,nan,nan,nan,nan,nan,nan,nan,nan,nan,nan,nan,nan,nan,nan,nan,nan,nan,nan,nan,nan,nan,nan,nan,nan,nan,nan,nan,nan,nan,nan,nan,nan,nan,nan,nan,nan,nan,nan,nan,nan,nan,nan,nan,nan,nan,nan,nan,nan,nan,nan,nan,nan,nan,nan,nan,nan,nan,nan,nan,nan,nan,nan,nan,nan,nan,nan,nan,nan,nan,nan,nan,nan,nan,nan,nan,nan,nan,nan,nan,nan,nan,nan,nan,nan,nan,nan,nan,nan,nan,nan,nan,nan,nan,nan,nan,nan,nan,nan,nan,nan
nan,nan,nan,nan,nan,nan,nan,nan,nan,nan,nan,nan,nan,nan,nan,nan,nan,nan,nan,nan,nan,nan,nan,nan,nan,nan,nan,nan,nan,nan,nan,nan,nan,nan,nan,nan,nan,nan,nan,nan,nan,nan,nan,nan,nan,nan,nan,nan,nan,nan,nan,nan,nan,nan,nan,nan,nan,nan,nan,nan,nan,nan,nan,nan,nan,nan,nan,nan,nan,nan,nan,nan,nan,nan,nan,nan,nan,nan,nan,nan,nan,nan,nan,nan,nan,nan,nan,nan,nan,nan,nan,nan,nan,nan,nan,nan,nan,nan,nan,nan,nan,nan,nan,nan,nan,nan,nan,nan,nan,nan,nan,nan,nan,nan,nan,nan,nan,nan,nan,nan,nan,nan,nan,nan,nan
nan,nan,nan,nan,nan,nan,nan,nan,nan,nan,nan,nan,nan,nan,nan,nan,nan,nan,nan,nan,nan,nan,nan,nan,nan,nan,nan,nan,nan,nan,nan,nan,nan,nan,nan,nan,nan,nan,nan,nan,nan,nan,nan,nan,nan,nan,nan,nan,nan,nan,nan,nan,nan,nan,nan,nan,nan,nan,nan,nan,nan,nan,nan,nan,nan,nan,nan,nan,nan,nan,nan,nan,nan,nan,nan,nan,nan,nan,nan,nan,nan,nan,nan,nan,nan,nan,nan,nan,nan,nan,nan,nan,nan,nan,nan,nan,nan,nan,nan,nan,nan,nan,nan,nan,nan,nan,nan,nan,nan,nan,nan,nan,nan,nan,nan,nan,nan,nan,nan,nan,nan,nan,nan,nan,nan
nan,nan,nan,nan,nan,nan,nan,nan,nan,nan,nan,nan,nan,nan,nan,nan,nan,nan,nan,nan,nan,nan,nan,nan,nan,nan,nan,nan,nan,nan,nan,nan,nan,nan,nan,nan,nan,nan,nan,nan,nan,nan,nan,nan,nan,nan,nan,nan,nan,nan,nan,nan,nan,nan,nan,nan,nan,nan,nan,nan,nan,nan,nan,nan,nan,nan,nan,nan,nan,nan,nan,nan,nan,nan,nan,nan,nan,nan,nan,nan,nan,nan,nan,nan,nan,nan,nan,nan,nan,nan,nan,nan,nan,nan,nan,nan,nan,nan,nan,nan,nan,nan,nan,nan,nan,nan,nan,nan,nan,nan,nan,nan,nan,nan,nan,nan,nan,nan,nan,nan,nan,nan,nan,nan,nan
nan,nan,nan,nan,nan,nan,nan,nan,nan,nan,nan,nan,nan,nan,nan,nan,nan,nan,nan,nan,nan,nan,nan,nan,nan,nan,nan,nan,nan,nan,nan,nan,nan,nan,nan,nan,nan,nan,nan,nan,nan,nan,nan,nan,nan,nan,nan,nan,nan,nan,nan,nan,nan,nan,5.145240020751953125e+01,5.277328872680664062e+01,5.309878540039062500e+01,5.261207580566406250e+01,nan,nan,nan,nan,nan,nan,nan,nan,nan,nan,nan,nan,nan,nan,nan,nan,nan,nan,nan,nan,nan,nan,nan,nan,nan,nan,nan,nan,nan,nan,nan,nan,nan,nan,nan,nan,nan,nan,nan,nan,nan,nan,nan,nan,nan,nan,nan,nan,nan,nan,nan,nan,nan,nan,nan,nan,nan,nan,nan,nan,nan,nan,nan,nan,nan,nan,nan
nan,nan,nan,nan,nan,nan,nan,nan,nan,nan,nan,nan,nan,nan,nan,nan,nan,nan,nan,nan,nan,nan,nan,nan,nan,nan,nan,nan,nan,nan,nan,nan,nan,nan,nan,nan,nan,nan,nan,nan,nan,nan,nan,nan,nan,nan,nan,nan,nan,nan,nan,nan,4.405902481079101562e+01,5.522210311889648438e+01,6.260018920898437500e+01,5.421823883056640625e+01,5.017514419555664062e+01,4.980674743652343750e+01,5.595960235595703125e+01,4.757359313964843750e+01,4.693407440185546875e+01,4.636331558227539062e+01,3.382149124145507812e+01,4.296002578735351562e+01,5.629417037963867188e+01,4.547650909423828125e+01,4.570896148681640625e+01,4.622257614135742188e+01,4.322150802612304688e+01,5.306623458862304688e+01,4.639075088500976562e+01,nan,nan,nan,nan,nan,nan,nan,nan,nan,nan,nan,nan,nan,nan,nan,nan,nan,nan,nan,nan,nan,nan,nan,nan,nan,nan,nan,nan,nan,nan,nan,nan,nan,nan,nan,nan,nan,nan,nan,nan,nan,nan,nan,nan,nan,nan,nan,nan,nan,nan,nan,nan,nan,nan
nan,nan,nan,nan,nan,nan,nan,nan,nan,nan,nan,nan,nan,nan,nan,nan,nan,nan,nan,nan,nan,nan,nan,nan,nan,nan,nan,nan,nan,nan,nan,nan,nan,nan,nan,nan,nan,nan,nan,nan,nan,nan,nan,nan,nan,nan,nan,nan,nan,2.722155570983886719e+01,2.736823463439941406e+01,3.822814941406250000e+01,5.148305511474609375e+01,5.664892578125000000e+01,5.865907287597656250e+01,5.705937957763671875e+01,5.559664535522460938e+01,5.598126983642578125e+01,5.613179016113281250e+01,5.463270568847656250e+01,5.038771057128906250e+01,5.021838378906250000e+01,4.917974472045898438e+01,5.634926986694335938e+01,5.385017013549804688e+01,6.181073760986328125e+01,5.044759368896484375e+01,4.606454849243164062e+01,4.982332611083984375e+01,5.727221679687500000e+01,5.999582672119140625e+01,4.134570693969726562e+01,4.108291625976562500e+01,nan,nan,nan,nan,nan,nan,nan,nan,nan,nan,nan,nan,nan,nan,nan,nan,nan,nan,nan,nan,nan,nan,nan,nan,nan,nan,nan,nan,nan,nan,nan,nan,nan,nan,nan,nan,nan,nan,nan,nan,nan,nan,nan,nan,nan,nan,nan,nan,nan,nan,nan,nan
nan,nan,nan,nan,nan,nan,nan,nan,nan,nan,nan,nan,nan,nan,nan,nan,nan,nan,nan,nan,nan,nan,nan,nan,nan,nan,nan,nan,nan,nan,nan,nan,nan,nan,nan,nan,nan,nan,nan,nan,nan,nan,nan,nan,nan,9.115698814392089844e+00,1.181582260131835938e+01,2.126036262512207031e+01,2.399988937377929688e+01,3.251743698120117188e+01,2.843561553955078125e+01,4.164307022094726562e+01,5.659339904785156250e+01,5.809332656860351562e+01,5.652425765991210938e+01,5.344567489624023438e+01,5.163626861572265625e+01,4.995947647094726562e+01,5.031254196166992188e+01,4.793949127197265625e+01,4.969185256958007812e+01,5.277142715454101562e+01,5.192814254760742188e+01,5.208290863037109375e+01,5.096155548095703125e+01,4.628285217285156250e+01,5.341272735595703125e+01,5.269899749755859375e+01,5.077151107788085938e+01,5.641852569580078125e+01,5.898468780517578125e+01,5.640947723388671875e+01,4.824929046630859375e+01,4.429935073852539062e+01,nan,nan,nan,nan,nan,nan,nan,nan,nan,nan,nan,nan,nan,nan,nan,nan,nan,nan,nan,nan,nan,nan,nan,nan,nan,nan,nan,nan,nan,nan,nan,nan,nan,nan,nan,nan,nan,nan,nan,nan,nan,nan,nan,nan,nan,nan,nan,nan,nan,nan,nan
nan,nan,nan,nan,nan,nan,nan,nan,nan,nan,nan,nan,nan,nan,nan,nan,nan,nan,nan,nan,nan,nan,nan,nan,nan,nan,nan,nan,nan,nan,nan,nan,nan,nan,nan,nan,1.455936050415039062e+01,nan,1.302132034301757812e+01,nan,nan,nan,6.491044998168945312e+00,nan,6.804909706115722656e+00,3.574868917465209961e+00,1.300516223907470703e+01,2.009778022766113281e+01,2.202008819580078125e+01,3.233337783813476562e+01,3.707270050048828125e+01,3.924141693115234375e+01,4.663311386108398438e+01,4.895574569702148438e+01,4.947513961791992188e+01,3.938965606689453125e+01,4.272603988647460938e+01,4.787065124511718750e+01,4.917397689819335938e+01,4.414319229125976562e+01,4.573400497436523438e+01,4.352397918701171875e+01,3.811783218383789062e+01,3.466514968872070312e+01,3.072105216979980469e+01,3.434631347656250000e+01,4.826214981079101562e+01,4.772994232177734375e+01,3.624198532104492188e+01,3.354081344604492188e+01,3.503442001342773438e+01,4.138077163696289062e+01,4.424813842773437500e+01,4.355676269531250000e+01,4.652018356323242188e+01,nan,nan,nan,nan,nan,nan,nan,nan,nan,nan,nan,nan,nan,nan,nan,nan,nan,nan,nan,nan,nan,nan,nan,nan,nan,nan,nan,nan,nan,nan,nan,nan,nan,nan,nan,nan,nan,nan,nan,nan,nan,nan,nan,nan,nan,nan,nan,nan,nan,nan
nan,nan,nan,nan,nan,nan,nan,nan,nan,nan,nan,nan,nan,nan,nan,nan,nan,nan,nan,nan,nan,nan,nan,nan,nan,nan,nan,nan,nan,nan,nan,nan,nan,nan,nan,1.503449535369873047e+01,1.306036567687988281e+01,nan,1.439549446105957031e+01,1.290100955963134766e+01,nan,nan,7.630170345306396484e+00,nan,7.196911334991455078e+00,3.102196693420410156e+00,3.315586566925048828e+00,8.414599418640136719e+00,8.469337463378906250e+00,1.890482521057128906e+01,2.024331665039062500e+01,2.548020553588867188e+01,3.297915649414062500e+01,3.257191848754882812e+01,3.254521942138671875e+01,3.285740661621093750e+01,3.804687881469726562e+01,3.414883422851562500e+01,3.210379791259765625e+01,3.881892395019531250e+01,3.757117462158203125e+01,3.816974639892578125e+01,3.855622100830078125e+01,2.036722755432128906e+01,2.497481536865234375e+01,2.424642562866210938e+01,3.200897598266601562e+01,3.042485809326171875e+01,3.505117797851562500e+01,1.908223533630371094e+01,2.841994285583496094e+01,2.926265144348144531e+01,2.910638809204101562e+01,2.966678428649902344e+01,4.039053344726562500e+01,4.753313827514648438e+01,2.762865257263183594e+01,nan,nan,nan,nan,nan,nan,nan,nan,nan,nan,nan,nan,nan,nan,nan,nan,nan,nan,nan,nan,nan,nan,nan,nan,nan,nan,nan,nan,nan,nan,nan,nan,nan,nan,nan,nan,nan,nan,nan,nan,nan,nan,nan,nan,nan,nan,nan,nan
nan,nan,nan,nan,nan,nan,nan,nan,nan,nan,nan,nan,nan,nan,nan,nan,nan,nan,nan,nan,nan,nan,nan,nan,nan,nan,nan,nan,nan,nan,nan,nan,nan,nan,nan,8.560373306274414062e+00,7.882966995239257812e+00,1.581835651397705078e+01,nan,1.137339019775390625e+01,1.094298744201660156e+01,7.513034343719482422e+00,-1.426723003387451172e+00,-5.962831974029541016e+00,-1.914954781532287598e+00,7.431446313858032227e-01,3.104886293411254883e+00,6.127100467681884766e+00,6.147040843963623047e+00,9.097896575927734375e+00,1.206811904907226562e+01,1.247173976898193359e+01,1.242315483093261719e+01,1.463514804840087891e+01,2.562399291992187500e+01,2.485537338256835938e+01,2.155519866943359375e+01,2.922663879394531250e+01,3.022732734680175781e+01,2.896796417236328125e+01,3.622716903686523438e+01,3.700557327270507812e+01,3.597345733642578125e+01,1.846447563171386719e+01,1.539536857604980469e+01,1.893782806396484375e+01,2.496590423583984375e+01,2.209124565124511719e+01,8.035399436950683594e+00,1.578114414215087891e+01,1.374091148376464844e+01,1.455118942260742188e+01,1.913888549804687500e+01,1.825056076049804688e+01,2.524270057678222656e+01,4.006295394897460938e+01,4.314664077758789062e+01,2.450407791137695312e+01,nan,nan,nan,nan,nan,nan,nan,nan,nan,nan,nan,nan,nan,nan,nan,nan,nan,nan,nan,nan,nan,nan,nan,nan,nan,nan,nan,nan,nan,nan,nan,nan,nan,nan,nan,nan,nan,nan,nan,nan,nan,nan,nan,nan,nan,nan,nan
nan,nan,nan,nan,nan,nan,nan,nan,nan,nan,nan,nan,nan,nan,nan,nan,nan,nan,nan,nan,nan,nan,nan,nan,nan,nan,nan,nan,nan,nan,nan,nan,nan,nan,nan,1.635948371887207031e+01,1.825531768798828125e+01,nan,1.568905258178710938e+01,1.792061042785644531e+01,1.211509513854980469e+01,9.722826957702636719e+00,4.010849475860595703e+00,-2.450991570949554443e-01,3.628747224807739258e+00,6.886713504791259766e+00,4.934306144714355469e+00,4.631361961364746094e+00,2.470307111740112305e+00,2.033359289169311523e+00,3.180122613906860352e+00,4.516255378723144531e+00,7.466648101806640625e+00,8.671295166015625000e+00,8.759916305541992188e+00,1.325704097747802734e+01,1.167723560333251953e+01,1.293675327301025391e+01,1.090926361083984375e+01,1.734148597717285156e+01,3.225701522827148438e+01,3.632433319091796875e+01,1.819409370422363281e+01,7.853146076202392578e+00,5.428056240081787109e+00,1.862211418151855469e+01,6.178705215454101562e+00,2.061221599578857422e+00,4.825396537780761719e+00,9.669848442077636719e+00,2.228516197204589844e+01,1.933067321777343750e+01,1.513458442687988281e+01,1.489487171173095703e+01,1.094474411010742188e+01,1.820531272888183594e+01,2.815913009643554688e+01,3.022516059875488281e+01,3.517478942871093750e+01,nan,nan,nan,nan,nan,nan,nan,nan,nan,nan,nan,nan,nan,nan,nan,nan,nan,nan,nan,nan,nan,nan,nan,nan,nan,nan,nan,nan,nan,nan,nan,nan,nan,nan,nan,nan,nan,nan,nan,nan,nan,nan,nan,nan,nan,nan
nan,nan,nan,nan,nan,nan,nan,nan,nan,nan,nan,nan,nan,nan,nan,nan,nan,nan,nan,nan,nan,nan,nan,nan,nan,nan,nan,nan,nan,nan,nan,nan,nan,1.075391674041748047e+01,1.686119270324707031e+01,1.801841354370117188e+01,1.987775039672851562e+01,2.016455459594726562e+01,1.886285972595214844e+01,1.869833564758300781e+01,1.388090610504150391e+01,1.481385040283203125e+01,1.312952709197998047e+01,1.044077396392822266e+01,8.348452568054199219e+00,7.626467704772949219e+00,5.429247856140136719e+00,1.598932623863220215e+00,6.593663692474365234e-01,-1.022476792335510254e+00,-2.423315525054931641e+00,-1.483478546142578125e+00,-2.824727535247802734e+00,2.090442776679992676e-01,2.225648164749145508e+00,4.547099590301513672e+00,1.891968488693237305e+00,-4.327762126922607422e-01,5.997976064682006836e-01,1.513480567932128906e+01,2.476688385009765625e+01,2.513349342346191406e+01,9.198012351989746094e+00,4.264720916748046875e+00,4.384727954864501953e+00,1.703092002868652344e+01,1.474489784240722656e+01,7.528937458992004395e-01,2.840075254440307617e+00,1.265229511260986328e+01,1.869144439697265625e+01,2.200657844543457031e+01,9.416090011596679688e+00,8.662207603454589844e+00,1.121808242797851562e+01,1.593860149383544922e+01,2.345096969604492188e+01,2.708718872070312500e+01,2.382827949523925781e+01,2.538428497314453125e+01,1.751978302001953125e+01,nan,nan,nan,nan,nan,nan,nan,nan,nan,nan,nan,nan,nan,nan,nan,nan,nan,nan,nan,nan,nan,nan,nan,nan,nan,nan,nan,nan,nan,nan,nan,nan,nan,nan,nan,nan,nan,nan,nan,nan,nan,nan,nan,nan
nan,nan,nan,nan,nan,nan,nan,nan,nan,nan,nan,nan,nan,nan,nan,nan,nan,nan,nan,nan,nan,nan,nan,nan,nan,nan,nan,nan,nan,nan,nan,nan,-1.175960421562194824e+00,5.782549858093261719e+00,1.377638149261474609e+01,1.755854797363281250e+01,2.051414489746093750e+01,2.094543266296386719e+01,2.067120170593261719e+01,1.969187927246093750e+01,1.718941879272460938e+01,2.240148735046386719e+01,1.057627487182617188e+01,7.659183502197265625e+00,6.097834110260009766e+00,5.258983612060546875e+00,4.613083362579345703e+00,-1.231855750083923340e+00,-9.303324222564697266e-01,-7.628822326660156250e-01,-6.650650501251220703e-01,-6.389171123504638672e+00,-6.447736263275146484e+00,-5.530573368072509766e+00,-3.850052833557128906e+00,-9.369010329246520996e-01,-6.858608722686767578e+00,-5.582292079925537109e+00,-4.480268478393554688e+00,2.573822975158691406e+01,2.691536331176757812e+01,1.916913223266601562e+01,6.562463760375976562e+00,7.186452388763427734e+00,5.165895938873291016e+00,3.494637489318847656e+00,1.174077987670898438e+01,nan,nan,1.448767662048339844e+01,2.043323326110839844e+01,2.053841400146484375e+01,1.775721740722656250e+01,1.750726699829101562e+01,1.503757858276367188e+01,9.915543556213378906e+00,1.812580108642578125e+01,1.373305797576904297e+01,2.035618400573730469e+01,2.181929588317871094e+01,2.193724250793457031e+01,nan,nan,nan,nan,nan,nan,nan,nan,nan,nan,nan,nan,nan,nan,nan,nan,nan,nan,nan,nan,nan,nan,nan,nan,nan,nan,nan,nan,nan,nan,nan,nan,nan,nan,nan,nan,nan,nan,nan,nan,nan,nan,nan,nan
nan,nan,nan,nan,nan,nan,nan,nan,nan,nan,nan,nan,nan,nan,nan,nan,nan,nan,nan,nan,nan,nan,nan,nan,nan,nan,nan,nan,nan,-1.781949698925018311e-01,2.041365385055541992e+00,-7.553708076477050781e+00,-4.262203350663185120e-02,6.105801105499267578e+00,1.219489002227783203e+01,1.844779205322265625e+01,1.919390487670898438e+01,1.983039855957031250e+01,2.012447357177734375e+01,1.815173721313476562e+01,1.804007339477539062e+01,1.668920898437500000e+01,9.142975807189941406e+00,8.441921234130859375e+00,5.660610675811767578e+00,4.177623748779296875e+00,2.290847301483154297e+00,-6.267270445823669434e-01,-8.507086634635925293e-01,-6.737666726112365723e-01,-4.122365474700927734e+00,-5.713223934173583984e+00,-5.341165065765380859e+00,-7.786849975585937500e+00,-8.969741821289062500e+00,-8.167894363403320312e+00,-8.085229873657226562e+00,-2.492155551910400391e+00,7.196999073028564453e+00,7.269384384155273438e+00,1.996371269226074219e+01,1.728282165527343750e+01,6.893066883087158203e+00,6.536885738372802734e+00,4.616408348083496094e+00,7.396739482879638672e+00,1.769412994384765625e+01,1.936929893493652344e+01,1.811571884155273438e+01,2.325440406799316406e+01,2.269116210937500000e+01,2.123604774475097656e+01,2.164497947692871094e+01,2.119212341308593750e+01,1.520983600616455078e+01,5.609068870544433594e+00,-5.008424758911132812e+00,-1.409729361534118652e+00,1.182130622863769531e+01,2.494025230407714844e+01,2.504207229614257812e+01,nan,nan,nan,nan,nan,nan,nan,nan,nan,nan,nan,nan,nan,nan,nan,nan,nan,nan,nan,nan,nan,nan,nan,nan,nan,nan,nan,nan,nan,nan,nan,nan,nan,nan,nan,nan,nan,nan,nan,nan,nan,nan,nan,nan
nan,nan,nan,nan,nan,nan,nan,nan,nan,nan,nan,nan,nan,nan,nan,nan,nan,nan,nan,nan,nan,nan,nan,nan,nan,nan,nan,nan,nan,-3.842653036117553711e-01,-6.356557369232177734e+00,-4.451686382293701172e+00,-1.395151853561401367e+00,5.843524456024169922e+00,1.201473999023437500e+01,1.603418350219726562e+01,1.733674812316894531e+01,1.872331619262695312e+01,1.906054687500000000e+01,1.754582214355468750e+01,1.632424736022949219e+01,1.400364208221435547e+01,1.223522663116455078e+01,1.183538150787353516e+01,9.031206130981445312e+00,6.007637977600097656e+00,7.748585224151611328e+00,5.691084861755371094e+00,2.871917009353637695e+00,-2.745916545391082764e-01,-2.540816068649291992e+00,-4.751859188079833984e+00,-5.067053794860839844e+00,-6.816474437713623047e+00,-7.320103645324707031e+00,-6.074998378753662109e+00,-5.061677932739257812e+00,-2.385391712188720703e+00,1.457534694671630859e+01,8.596343040466308594e+00,1.716200256347656250e+01,8.453348159790039062e+00,7.439054965972900391e+00,3.779106616973876953e+00,7.468311786651611328e+00,1.542650699615478516e+01,1.703740310668945312e+01,1.581766128540039062e+01,1.800919342041015625e+01,1.970971298217773438e+01,2.128030776977539062e+01,1.829071998596191406e+01,2.165297317504882812e+01,1.550140285491943359e+01,1.102390193939208984e+01,-5.811024665832519531e+00,-7.427961349487304688e+00,2.889295578002929688e+00,5.733935356140136719e+00,4.650341987609863281e+00,6.717741966247558594e+00,nan,nan,nan,nan,nan,nan,nan,nan,nan,nan,nan,nan,nan,nan,nan,nan,nan,nan,nan,nan,nan,nan,nan,nan,nan,nan,nan,nan,nan,nan,nan,nan,nan,nan,nan,nan,nan,nan,nan,nan,nan,nan,nan,nan
nan,nan,nan,nan,nan,nan,nan,nan,nan,nan,nan,nan,nan,nan,nan,nan,nan,nan,nan,nan,nan,nan,nan,nan,nan,nan,nan,nan,nan,4.952507019042968750e+00,1.996372222900390625e+00,3.137619972229003906e+00,7.818158149719238281e+00,9.631711006164550781e+00,1.160576915740966797e+01,1.412852573394775391e+01,1.541297912597656250e+01,1.536611557006835938e+01,1.486050128936767578e+01,1.362392520904541016e+01,1.299004173278808594e+01,1.342953109741210938e+01,1.243329906463623047e+01,1.099701023101806641e+01,9.909124374389648438e+00,8.081202507019042969e+00,6.860063552856445312e+00,4.552706241607666016e+00,5.201631069183349609e+00,3.872967004776000977e+00,-4.092819094657897949e-01,-4.632298946380615234e+00,-4.266528606414794922e+00,-4.317504882812500000e+00,-4.904423713684082031e+00,-2.853140115737915039e+00,1.431334733963012695e+00,-4.264222383499145508e-01,1.624644756317138672e+00,1.595776271820068359e+01,1.788269996643066406e+01,1.987002754211425781e+01,7.917893409729003906e+00,1.180574893951416016e+01,9.665531158447265625e+00,8.588550567626953125e+00,1.819208335876464844e+01,2.211058616638183594e+01,2.724099731445312500e+01,1.871260833740234375e+01,8.687820434570312500e+00,1.040064620971679688e+01,1.395181846618652344e+01,1.664561653137207031e+01,3.790940046310424805e+00,7.205821037292480469e+00,-4.038515090942382812e+00,7.020879268646240234e+00,3.372225761413574219e+00,-3.432451486587524414e+00,8.831235885620117188e+00,2.018856620788574219e+01,2.088528251647949219e+01,1.978678512573242188e+01,1.560736465454101562e+01,nan,nan,nan,nan,nan,nan,nan,nan,nan,nan,nan,nan,nan,nan,nan,nan,nan,nan,nan,nan,nan,nan,nan,nan,nan,nan,nan,nan,nan,nan,nan,nan,nan,nan,nan,nan,nan,nan,nan,nan
nan,nan,nan,nan,nan,nan,nan,nan,nan,nan,nan,nan,nan,nan,nan,nan,nan,nan,nan,nan,nan,nan,nan,nan,nan,nan,nan,-3.115994453430175781e+00,-5.027919292449951172e+00,-6.954894542694091797e+00,-1.385050058364868164e+00,1.254751920700073242e+00,8.169995307922363281e+00,1.012074184417724609e+01,1.201590824127197266e+01,1.402256488800048828e+01,1.387363433837890625e+01,1.295715999603271484e+01,1.234418678283691406e+01,1.174201202392578125e+01,1.143581199645996094e+01,1.189958286285400391e+01,1.076650333404541016e+01,1.195440196990966797e+01,1.286582088470458984e+01,1.207297992706298828e+01,1.009988784790039062e+01,7.331408023834228516e+00,6.279998779296875000e+00,6.339823722839355469e+00,3.660403490066528320e+00,4.846839234232902527e-02,4.271862208843231201e-01,1.608785748481750488e+00,6.255517005920410156e-01,1.454307317733764648e+00,1.932420849800109863e+00,4.182065963745117188e+00,-5.111145496368408203e+00,-4.737441539764404297e+00,3.132282733917236328e+00,5.754986763000488281e+00,5.758889198303222656e+00,6.464551925659179688e+00,4.442948818206787109e+00,8.495060920715332031e+00,8.567631721496582031e+00,1.483450031280517578e+01,1.794964981079101562e+01,1.603517913818359375e+01,1.704182052612304688e+01,1.921708297729492188e+01,1.851628303527832031e+01,1.722517204284667969e+01,1.464047718048095703e+01,-9.103075861930847168e-01,4.970298290252685547e+00,6.081357002258300781e+00,1.980683803558349609e+00,1.302385568618774414e+00,3.310082197189331055e+00,7.627947807312011719e+00,1.947933769226074219e+01,1.696063423156738281e+01,9.696661949157714844e+00,2.143051719665527344e+01,1.818629074096679688e+01,nan,nan,nan,nan,nan,nan,nan,nan,nan,nan,nan,nan,nan,nan,nan,nan,nan,nan,nan,nan,nan,nan,nan,nan,nan,nan,nan,nan,nan,nan,nan,nan,nan,nan,nan,nan,nan,nan
nan,nan,nan,nan,nan,nan,nan,nan,nan,nan,nan,nan,nan,nan,nan,nan,nan,nan,nan,nan,nan,nan,nan,nan,nan,nan,-3.624268293380737305e+00,3.344723463058471680e+00,-5.418890953063964844e+00,-1.265700721740722656e+01,-9.769009590148925781e+00,-3.023300409317016602e+00,5.334491252899169922e+00,1.062015151977539062e+01,1.008703708648681641e+01,1.226519870758056641e+01,1.173200511932373047e+01,1.289199638366699219e+01,1.248748970031738281e+01,1.204923057556152344e+01,1.008059692382812500e+01,9.464520454406738281e+00,9.313284873962402344e+00,1.064621448516845703e+01,1.354373645782470703e+01,1.168603420257568359e+01,9.983957290649414062e+00,1.108838558197021484e+01,7.567018032073974609e+00,6.403013706207275391e+00,6.498553752899169922e+00,5.538646697998046875e+00,1.692597389221191406e+00,3.170493602752685547e+00,2.160217761993408203e+00,3.543861627578735352e+00,7.776142597198486328e+00,5.383348464965820312e+00,-7.563348293304443359e+00,-6.361474990844726562e+00,-2.749774456024169922e+00,4.077833175659179688e+00,4.880822658538818359e+00,-1.767386078834533691e+00,-1.261108636856079102e+00,7.658677101135253906e+00,1.255619907379150391e+01,1.284274578094482422e+01,1.143594360351562500e+01,1.977562904357910156e+01,2.672649383544921875e+01,2.698373985290527344e+01,1.860868835449218750e+01,1.681295013427734375e+01,4.300183057785034180e-01,-3.893807172775268555e+00,5.642176628112792969e+00,9.145084381103515625e+00,5.997195243835449219e+00,8.962213516235351562e+00,1.000990390777587891e+01,1.145931482315063477e-01,1.382653427124023438e+01,1.560925769805908203e+01,2.606540107727050781e+01,3.496809768676757812e+01,nan,nan,nan,nan,nan,nan,nan,nan,nan,nan,nan,nan,nan,nan,nan,nan,nan,nan,nan,nan,nan,nan,nan,nan,nan,nan,nan,nan,nan,nan,nan,nan,nan,nan,nan,nan,nan,nan,nan
nan,nan,nan,nan,nan,nan,nan,nan,nan,nan,nan,nan,nan,nan,nan,nan,nan,nan,nan,nan,nan,nan,nan,nan,nan,nan,-4.164532661437988281e+00,9.806834459304809570e-01,1.460998058319091797e+00,-8.846923828125000000e+00,-7.998682975769042969e+00,-1.297391533851623535e+00,4.466619014739990234e+00,1.111483764648437500e+01,8.713746070861816406e+00,1.033549690246582031e+01,1.044352245330810547e+01,1.050289726257324219e+01,1.095386695861816406e+01,9.962018013000488281e+00,9.882930755615234375e+00,9.850021362304687500e+00,9.619734764099121094e+00,1.238524341583251953e+01,1.076952838897705078e+01,1.053351497650146484e+01,1.021515178680419922e+01,1.064682960510253906e+01,9.248860359191894531e+00,7.095331192016601562e+00,7.395509719848632812e+00,8.252255439758300781e+00,5.091827869415283203e+00,5.026744365692138672e+00,5.177248954772949219e+00,4.254363059997558594e+00,2.353305816650390625e+00,2.097448110580444336e+00,-6.501648426055908203e+00,-2.332951784133911133e+00,-6.749721527099609375e+00,-9.507028579711914062e+00,-9.721343994140625000e+00,-1.417458534240722656e+00,2.378770828247070312e+00,7.860330581665039062e+00,4.436355113983154297e+00,1.153442668914794922e+01,1.077988147735595703e+01,3.440031290054321289e+00,1.316978740692138672e+01,1.205690002441406250e+01,1.432536220550537109e+01,1.386073380708694458e-01,-8.495206832885742188e+00,-3.137120246887207031e+00,4.127442359924316406e+00,8.863508224487304688e+00,8.766542434692382812e+00,9.552601814270019531e+00,1.450133228302001953e+01,-4.501342296600341797e+00,1.497431182861328125e+01,2.024211883544921875e+01,3.305756378173828125e+01,2.340117645263671875e+01,nan,nan,nan,nan,nan,nan,nan,nan,nan,nan,nan,nan,nan,nan,nan,nan,nan,nan,nan,nan,nan,nan,nan,nan,nan,nan,nan,nan,nan,nan,nan,nan,nan,nan,nan,nan,nan,nan,nan
nan,nan,nan,nan,nan,nan,nan,nan,nan,nan,nan,nan,nan,nan,nan,nan,nan,nan,nan,nan,nan,nan,nan,nan,nan,nan,-2.579987525939941406e+00,7.936627268791198730e-01,3.634316325187683105e-01,-3.275522232055664062e+00,-4.995492458343505859e+00,-2.293438196182250977e+00,-6.378365159034729004e-01,4.749357700347900391e+00,6.857861518859863281e+00,8.721871376037597656e+00,1.100944423675537109e+01,8.066501617431640625e+00,7.416297435760498047e+00,7.404626846313476562e+00,8.988950729370117188e+00,8.552704811096191406e+00,8.535469055175781250e+00,9.250820159912109375e+00,9.301299095153808594e+00,8.341013908386230469e+00,9.830930709838867188e+00,9.654829978942871094e+00,6.500205993652343750e+00,6.669654369354248047e+00,8.686664581298828125e+00,1.032683467864990234e+01,6.837002754211425781e+00,5.004673480987548828e+00,5.369823932647705078e+00,5.356139183044433594e+00,4.244667053222656250e+00,-3.508317232131958008e+00,-6.411727905273437500e+00,2.528743743896484375e+00,-6.015485286712646484e+00,-1.679991531372070312e+01,-1.780021667480468750e+01,5.923542976379394531e-01,-2.479663133621215820e+00,-1.060564245563000441e-04,-7.854142665863037109e+00,-4.053289890289306641e+00,1.249467372894287109e+01,3.910090446472167969e+00,4.897493362426757812e+00,5.142012119293212891e+00,1.001182746887207031e+01,-2.353647708892822266e+00,-1.116490268707275391e+01,-2.288879394531250000e+01,1.196816414594650269e-01,1.042548942565917969e+01,1.097182464599609375e+01,1.489435577392578125e+01,1.482842826843261719e+01,-9.067817687988281250e+00,-1.037535190582275391e+01,5.901458740234375000e+00,-1.740745425224304199e+00,1.514338970184326172e+01,2.095393943786621094e+01,2.701415634155273438e+01,2.313005447387695312e+01,nan,nan,nan,nan,nan,nan,nan,nan,nan,nan,nan,nan,nan,nan,nan,nan,nan,nan,nan,nan,nan,nan,nan,nan,nan,nan,nan,nan,nan,nan,nan,nan,nan,nan,nan,nan
nan,nan,nan,nan,nan,nan,nan,nan,nan,nan,nan,nan,nan,nan,nan,nan,nan,nan,nan,nan,nan,nan,nan,nan,nan,-4.256409168243408203e+00,-7.628821372985839844e+00,-4.202775478363037109e+00,-5.846840381622314453e+00,-6.362370967864990234e+00,-3.749916315078735352e+00,-1.069510340690612793e+00,-6.070832535624504089e-02,1.621047496795654297e+00,5.002516746520996094e+00,5.780557632446289062e+00,3.299954175949096680e+00,3.377146005630493164e+00,2.621669530868530273e+00,4.002896785736083984e+00,6.550585746765136719e+00,4.082859039306640625e+00,6.742700576782226562e+00,6.125977993011474609e+00,5.439724922180175781e+00,8.864287376403808594e+00,8.657280921936035156e+00,9.049673080444335938e+00,8.711896896362304688e+00,7.430230140686035156e+00,7.181647777557373047e+00,7.822698116302490234e+00,7.174538612365722656e+00,7.651548862457275391e+00,6.381055831909179688e+00,5.369976997375488281e+00,5.996040344238281250e+00,4.472761154174804688e+00,3.184630572795867920e-01,-9.279882431030273438e+00,-1.712839508056640625e+01,-1.770724868774414062e+01,-1.911589622497558594e+01,-9.078404426574707031e+00,-1.261127948760986328e+01,-1.727714538574218750e+01,-1.784594345092773438e+01,-1.072868824005126953e+01,3.002976655960083008e+00,7.306021690368652344e+00,1.169157314300537109e+01,6.407986164093017578e+00,2.455265760421752930e+00,3.374418258666992188e+00,-3.386330795288085938e+01,-1.581243753433227539e+00,-1.640087723731994629e+00,5.575283527374267578e+00,1.329408740997314453e+01,1.285177326202392578e+01,-4.087103366851806641e+00,-7.954269409179687500e+00,-6.211852550506591797e+00,5.708207130432128906e+00,6.862010478973388672e+00,-1.335472345352172852e+00,9.887905120849609375e+00,3.159252548217773438e+01,3.513113021850585938e+01,2.845530319213867188e+01,2.590419578552246094e+01,nan,nan,nan,nan,nan,nan,nan,nan,nan,nan,nan,nan,nan,nan,nan,nan,nan,nan,nan,nan,nan,nan,nan,nan,nan,nan,nan,nan,nan,nan,nan,nan,nan,nan
nan,nan,nan,nan,nan,nan,nan,nan,nan,nan,nan,nan,nan,nan,nan,nan,nan,nan,nan,nan,nan,nan,nan,nan,nan,-3.515299081802368164e+00,nan,-8.407819747924804688e+00,-7.761703014373779297e+00,-5.908093452453613281e+00,-2.311339139938354492e+00,-1.304382205009460449e+00,-3.345049321651458740e-01,1.391805291175842285e+00,2.376884698867797852e+00,-2.125623464584350586e+00,-2.282847404479980469e+00,4.069167077541351318e-01,7.290773987770080566e-01,-6.480991840362548828e-01,9.734283685684204102e-01,3.118676424026489258e+00,5.878693580627441406e+00,5.896497249603271484e+00,5.187702178955078125e+00,8.106822967529296875e+00,6.926383495330810547e+00,6.730540752410888672e+00,8.785373687744140625e+00,9.344821929931640625e+00,6.753136634826660156e+00,6.276967048645019531e+00,8.664204597473144531e+00,8.036731719970703125e+00,6.649841785430908203e+00,4.848925590515136719e+00,1.544437646865844727e+00,-5.873139381408691406e+00,-1.417834377288818359e+01,-1.712149429321289062e+01,-2.293263244628906250e+01,-1.872421264648437500e+01,-1.884743309020996094e+01,-1.717130088806152344e+01,-1.915022468566894531e+01,-1.482935714721679688e+01,-1.490217590332031250e+01,-5.101192951202392578e+00,4.501302242279052734e+00,2.509801626205444336e+00,3.266068220138549805e+00,5.059985637664794922e+00,8.057210922241210938e+00,-1.052822494506835938e+01,-1.605360412597656250e+01,-3.076690673828125000e+01,3.678377628326416016e+00,-4.768747329711914062e+00,-3.851643085479736328e+00,-1.548498249053955078e+01,-7.385067462921142578e+00,-5.981307029724121094e+00,1.280603408813476562e+01,2.075697135925292969e+01,1.977445602416992188e+01,4.703699588775634766e+00,9.053459167480468750e+00,1.975016593933105469e+01,2.962397956848144531e+01,3.286788558959960938e+01,2.917162704467773438e+01,3.755303192138671875e+01,2.504853630065917969e+01,nan,nan,nan,nan,nan,nan,nan,nan,nan,nan,nan,nan,nan,nan,nan,nan,nan,nan,nan,nan,nan,nan,nan,nan,nan,nan,nan,nan,nan,nan,nan,nan
nan,nan,nan,nan,nan,nan,nan,nan,nan,nan,nan,nan,nan,nan,nan,nan,nan,nan,nan,nan,nan,nan,nan,nan,-2.380489587783813477e+00,nan,nan,-1.505243778228759766e+01,-8.146881103515625000e+00,-6.155517578125000000e+00,-2.130642652511596680e+00,-1.209604740142822266e+00,9.878105521202087402e-01,8.706018328666687012e-01,1.725817561149597168e+00,-2.682974338531494141e+00,-2.826162815093994141e+00,-2.390621423721313477e+00,-1.529244422912597656e+00,-3.913879632949829102e+00,-3.251285314559936523e+00,-2.603769898414611816e-01,2.286221027374267578e+00,5.361104011535644531e+00,5.025028705596923828e+00,5.949347496032714844e+00,6.274192333221435547e+00,7.302536010742187500e+00,9.632747650146484375e+00,8.959259986877441406e+00,5.648145198822021484e+00,5.163700580596923828e+00,6.830454826354980469e+00,5.587683677673339844e+00,5.052881717681884766e+00,-2.045718669891357422e+00,-5.945002079010009766e+00,-1.065250301361083984e+01,-1.195991611480712891e+01,-1.898439598083496094e+01,-1.566141796112060547e+01,nan,nan,-1.095156002044677734e+01,-6.353794932365417480e-01,-1.412526416778564453e+01,-6.176403999328613281e+00,2.198108434677124023e+00,1.306653261184692383e+00,1.420299625396728516e+01,3.548197269439697266e+00,-6.954343616962432861e-02,8.388863563537597656e+00,-1.300466060638427734e+01,-1.381528091430664062e+01,-1.529962730407714844e+01,-5.675879955291748047e+00,-1.114585971832275391e+01,-5.752360820770263672e+00,-3.666815996170043945e+00,1.102574944496154785e+00,-5.894226074218750000e+00,1.034518909454345703e+01,1.828179550170898438e+01,2.260298156738281250e+01,1.852540397644042969e+01,2.652040290832519531e+01,1.650252151489257812e+01,2.472811889648437500e+01,2.891735076904296875e+01,2.780756568908691406e+01,3.454010391235351562e+01,3.524564743041992188e+01,nan,nan,nan,nan,nan,nan,nan,nan,nan,nan,nan,nan,nan,nan,nan,nan,nan,nan,nan,nan,nan,nan,nan,nan,nan,nan,nan,nan,nan,nan,nan,nan
nan,nan,nan,nan,nan,nan,nan,nan,nan,nan,nan,nan,nan,nan,nan,nan,nan,nan,nan,nan,nan,nan,nan,nan,-2.655432224273681641e+00,-6.897870063781738281e+00,-2.572169542312622070e+00,-6.935482978820800781e+00,-7.429412364959716797e+00,-6.756130695343017578e+00,-5.006098747253417969e+00,-2.404138088226318359e+00,-1.886799216270446777e+00,1.020736217498779297e+00,1.638970136642456055e+00,-3.958895683288574219e+00,-4.628094673156738281e+00,-4.917501449584960938e+00,-3.564823150634765625e+00,-5.478866100311279297e+00,-5.519632339477539062e+00,-2.676270723342895508e+00,-1.894718050956726074e+00,1.037778615951538086e+00,2.387279272079467773e-01,1.281319260597229004e+00,5.278834342956542969e+00,7.648889541625976562e+00,8.399674415588378906e+00,5.973803043365478516e+00,4.455624103546142578e+00,5.733599185943603516e+00,5.896504402160644531e+00,5.874053478240966797e+00,5.634889006614685059e-01,1.324470639228820801e+00,nan,-1.970481109619140625e+01,-2.127425193786621094e+01,-1.225223827362060547e+01,-1.222780990600585938e+01,nan,nan,nan,nan,-7.870063781738281250e+00,nan,-3.031750202178955078e+00,nan,5.613920688629150391e-01,nan,nan,nan,-2.367081403732299805e+00,-1.114019680023193359e+01,-4.892016887664794922e+00,-8.063479423522949219e+00,-1.786051177978515625e+01,-1.041228485107421875e+01,-8.270498275756835938e+00,-6.769434809684753418e-01,9.876114781945943832e-04,2.975924491882324219e+00,1.030420112609863281e+01,2.067618179321289062e+01,2.729827690124511719e+01,1.377497005462646484e+01,1.789088821411132812e+01,2.442152023315429688e+01,2.712842369079589844e+01,2.772244644165039062e+01,2.194154739379882812e+01,3.086017608642578125e+01,3.310827255249023438e+01,nan,nan,nan,nan,nan,nan,nan,nan,nan,nan,nan,nan,nan,nan,nan,nan,nan,nan,nan,nan,nan,nan,nan,nan,nan,nan,nan,nan,nan,nan,nan
nan,nan,nan,nan,nan,nan,nan,nan,nan,nan,nan,nan,nan,nan,nan,nan,nan,nan,nan,nan,nan,nan,nan,nan,5.127357482910156250e+00,5.012790203094482422e+00,3.997593885287642479e-04,2.638607621192932129e-01,-4.584203243255615234e+00,-5.167112827301025391e+00,-5.879142761230468750e+00,-5.469946861267089844e+00,-5.570560932159423828e+00,-2.399434089660644531e+00,-3.807877063751220703e+00,-6.524000644683837891e+00,-6.641124725341796875e+00,-7.296380519866943359e+00,-7.039612770080566406e+00,-6.413387775421142578e+00,-6.713868618011474609e+00,-4.284669399261474609e+00,-2.361932754516601562e+00,-1.694527506828308105e+00,-1.085782051086425781e+00,1.598027706146240234e+00,3.644459247589111328e-01,4.230718135833740234e+00,4.284598350524902344e+00,2.089280366897583008e+00,1.601322770118713379e+00,4.061578273773193359e+00,4.363396167755126953e+00,-6.714017689228057861e-02,-3.416339457035064697e-01,2.626532921567559242e-03,-9.077976226806640625e+00,-5.628832817077636719e+00,nan,nan,nan,nan,nan,nan,nan,nan,nan,nan,nan,nan,nan,nan,nan,nan,1.608359575271606445e+00,-3.437454223632812500e+00,-5.614130020141601562e+00,-5.244506359100341797e+00,-5.685636997222900391e+00,-2.517405748367309570e+00,3.309020539745688438e-04,-4.587324619293212891e+00,-5.173807144165039062e+00,-5.882727146148681641e+00,8.403946876525878906e+00,1.043388557434082031e+01,1.270391845703125000e+01,1.378778553009033203e+01,1.878260993957519531e+01,1.917390632629394531e+01,1.267304611206054688e+01,1.132251548767089844e+01,1.531495571136474609e+01,1.907932662963867188e+01,1.067504501342773438e+01,nan,nan,nan,nan,nan,nan,nan,nan,nan,nan,nan,nan,nan,nan,nan,nan,nan,nan,nan,nan,nan,nan,nan,nan,nan,nan,nan,nan,nan,nan
nan,nan,nan,nan,nan,nan,nan,nan,nan,nan,nan,nan,nan,nan,nan,nan,nan,nan,nan,nan,nan,nan,nan,nan,1.124841403961181641e+01,7.278824806213378906e+00,-2.633239746093750000e+00,-2.593664646148681641e+00,-2.809268236160278320e+00,-4.049705505371093750e+00,-5.320939540863037109e+00,-6.953640937805175781e+00,-7.456901550292968750e+00,-7.681389331817626953e+00,-8.313662528991699219e+00,-9.200109481811523438e+00,-9.958559036254882812e+00,-9.678719520568847656e+00,-9.978337287902832031e+00,-9.489875793457031250e+00,-9.127381324768066406e+00,-7.992954254150390625e+00,-5.622657775878906250e+00,-4.342821121215820312e+00,-3.410129785537719727e+00,-2.777055740356445312e+00,-1.713937640190124512e+00,1.120770931243896484e+00,5.858840346336364746e-01,-1.608159303665161133e+00,-1.021955013275146484e+00,-2.341458320617675781e+00,-2.999522984027862549e-01,-5.890549182891845703e+00,-8.649008750915527344e+00,-2.083600908517837524e-01,nan,nan,nan,nan,nan,nan,nan,nan,nan,nan,nan,nan,nan,nan,nan,nan,nan,nan,nan,-5.349852561950683594e+00,1.922387123107910156e+00,4.903747081756591797e+00,6.118577003479003906e+00,2.094753503799438477e+00,3.890788078308105469e+00,8.655430078506469727e-01,-1.432182407379150391e+01,-1.357141113281250000e+01,6.503927230834960938e+00,6.847597122192382812e+00,6.260303497314453125e+00,5.149095058441162109e+00,1.084492588043212891e+01,1.077828121185302734e+01,9.296085357666015625e+00,9.065031051635742188e+00,1.207467174530029297e+01,1.619538497924804688e+01,1.876697540283203125e+01,nan,nan,nan,nan,nan,nan,nan,nan,nan,nan,nan,nan,nan,nan,nan,nan,nan,nan,nan,nan,nan,nan,nan,nan,nan,nan,nan,nan,nan,nan
nan,nan,nan,nan,nan,nan,nan,nan,nan,nan,nan,nan,nan,nan,nan,nan,nan,nan,nan,nan,nan,nan,nan,nan,-5.295274257659912109e+00,2.306602954864501953e+00,-5.897036552429199219e+00,-4.363509178161621094e+00,-4.142235755920410156e+00,-5.261040210723876953e+00,-6.138352870941162109e+00,-7.410313129425048828e+00,-1.052142143249511719e+01,-1.136621856689453125e+01,-1.205261707305908203e+01,-1.164077186584472656e+01,-1.095170879364013672e+01,-1.215860748291015625e+01,-1.104900455474853516e+01,-1.127585697174072266e+01,-1.067878150939941406e+01,-1.087990665435791016e+01,-1.104801082611083984e+01,-9.189340591430664062e+00,-7.313059806823730469e+00,-4.310343742370605469e+00,-4.347096443176269531e+00,-5.012651443481445312e+00,-5.200901985168457031e+00,-2.882620096206665039e+00,-2.786288738250732422e+00,-6.974373340606689453e+00,-5.249168872833251953e+00,-5.748802661895751953e+00,3.057133436203002930e+00,-2.659899473190307617e+00,nan,nan,nan,nan,nan,nan,nan,nan,nan,nan,nan,nan,nan,nan,nan,nan,nan,nan,nan,nan,nan,-3.275704622268676758e+00,3.125059127807617188e+00,-5.208953857421875000e+00,1.707972049713134766e+00,2.836214005947113037e-01,2.084721326828002930e+00,4.525900363922119141e+00,-4.610653400421142578e+00,-2.764645576477050781e+00,7.967988014221191406e+00,2.024050903320312500e+01,6.987196922302246094e+00,-8.376963138580322266e-01,-5.472906827926635742e-01,4.061474800109863281e+00,5.525013923645019531e+00,6.602406501770019531e+00,3.288636922836303711e+00,5.866058826446533203e+00,6.712915420532226562e+00,-4.210942745208740234e+00,nan,nan,nan,nan,nan,nan,nan,nan,nan,nan,nan,nan,nan,nan,nan,nan,nan,nan,nan,nan,nan,nan,nan,nan,nan,nan,nan
nan,nan,nan,nan,nan,nan,nan,nan,nan,nan,nan,nan,nan,nan,nan,nan,nan,nan,nan,nan,nan,nan,nan,nan,nan,-1.021901035308837891e+01,-1.023187255859375000e+01,-9.425407409667968750e+00,-7.289033889770507812e+00,-7.866829395294189453e+00,-8.757330894470214844e+00,-9.620333671569824219e+00,-1.222022533416748047e+01,-1.149839973449707031e+01,-1.368117523193359375e+01,-1.293876552581787109e+01,-1.130441093444824219e+01,-1.169924736022949219e+01,-1.223821544647216797e+01,-1.224744319915771484e+01,-1.404201602935791016e+01,-1.290454292297363281e+01,-1.147637557983398438e+01,-8.910176277160644531e+00,-7.594310283660888672e+00,-5.809618473052978516e+00,-6.214240074157714844e+00,-6.096398830413818359e+00,-6.728920936584472656e+00,-8.694495201110839844e+00,-7.242793560028076172e+00,-8.662313461303710938e+00,-6.086404323577880859e+00,6.297574996948242188e+00,-2.635004043579101562e+00,nan,nan,nan,nan,nan,nan,nan,nan,nan,nan,nan,nan,nan,nan,nan,nan,nan,nan,nan,nan,nan,nan,nan,nan,nan,nan,nan,nan,nan,2.956693768501281738e-01,1.039283752441406250e+00,2.223825073242187500e+01,2.339906311035156250e+01,8.576935768127441406e+00,-1.231220483779907227e+00,3.747236251831054688e+00,-8.693737983703613281e+00,-3.593971729278564453e+00,-6.168388366699218750e+00,-2.643169879913330078e+00,1.189329504966735840e+00,5.206058025360107422e+00,4.614693641662597656e+00,nan,nan,nan,nan,nan,nan,nan,nan,nan,nan,nan,nan,nan,nan,nan,nan,nan,nan,nan,nan,nan,nan,nan,nan,nan,nan,nan
nan,nan,nan,nan,nan,nan,nan,nan,nan,nan,nan,nan,nan,nan,nan,nan,nan,nan,nan,nan,nan,nan,nan,-7.109796524047851562e+00,-7.684041023254394531e+00,-1.657313156127929688e+01,-1.766876411437988281e+01,-1.100958538055419922e+01,-1.210495471954345703e+01,-1.030355167388916016e+01,-1.271789646148681641e+01,-1.373699665069580078e+01,-1.488952922821044922e+01,-1.737288284301757812e+01,-1.776117324829101562e+01,-1.602092933654785156e+01,-1.391089439392089844e+01,-1.543835544586181641e+01,-1.617662239074707031e+01,-1.597454261779785156e+01,-1.611091995239257812e+01,-1.421759605407714844e+01,-1.161046886444091797e+01,-9.833531379699707031e+00,-6.393842220306396484e+00,-8.601398468017578125e+00,-1.003848648071289062e+01,-7.902436256408691406e+00,-7.054584503173828125e+00,-6.247665882110595703e+00,-8.555137634277343750e+00,-7.893721103668212891e+00,-4.356382369995117188e+00,-3.677305221557617188e+00,nan,nan,nan,nan,nan,nan,nan,nan,nan,nan,nan,nan,nan,nan,nan,nan,nan,nan,nan,nan,nan,nan,nan,nan,nan,nan,nan,nan,nan,nan,nan,1.642757654190063477e-02,1.166511654853820801e+00,2.030051612854003906e+01,6.487411975860595703e+00,5.308839321136474609e+00,3.728563070297241211e+00,-5.572609901428222656e+00,-1.383506011962890625e+01,-1.440174293518066406e+01,-1.013182353973388672e+01,-9.169425964355468750e+00,-1.359002876281738281e+01,-1.226659679412841797e+01,-1.518218708038330078e+01,nan,nan,nan,nan,nan,nan,nan,nan,nan,nan,nan,nan,nan,nan,nan,nan,nan,nan,nan,nan,nan,nan,nan,nan,nan,nan
nan,nan,nan,nan,nan,nan,nan,nan,nan,nan,nan,nan,nan,nan,nan,nan,nan,nan,nan,nan,nan,nan,nan,nan,-8.425538063049316406e+00,-1.130854511260986328e+01,-1.363154697418212891e+01,-1.231669235229492188e+01,-1.217214965820312500e+01,-1.391032981872558594e+01,-1.456621932983398438e+01,-1.575092506408691406e+01,-1.676630210876464844e+01,-1.687676620483398438e+01,-1.788046455383300781e+01,-1.757592010498046875e+01,-1.651073837280273438e+01,-1.645472145080566406e+01,-1.720201492309570312e+01,-1.637571907043457031e+01,-1.406782722473144531e+01,-1.585486888885498047e+01,-1.339809608459472656e+01,-1.113775539398193359e+01,-1.303044700622558594e+01,-1.209630489349365234e+01,-1.104065608978271484e+01,-1.055301094055175781e+01,-1.038926315307617188e+01,-8.028453826904296875e+00,-8.037563323974609375e+00,2.700326440390199423e-04,-5.316335678100585938e+00,nan,nan,nan,nan,nan,nan,nan,nan,nan,nan,nan,nan,nan,nan,nan,nan,nan,nan,nan,nan,nan,nan,nan,nan,nan,nan,nan,nan,nan,nan,nan,nan,5.519470691680908203e+00,1.824024438858032227e+00,6.161561012268066406e+00,5.229921340942382812e+00,3.591916084289550781e+00,1.695755600929260254e+00,9.946555137634277344e+00,-7.239726543426513672e+00,-1.487940597534179688e+01,-1.841501808166503906e+01,-2.228357124328613281e+01,-1.955929946899414062e+01,-2.098641586303710938e+01,-1.594144916534423828e+01,nan,nan,nan,nan,nan,nan,nan,nan,nan,nan,nan,nan,nan,nan,nan,nan,nan,nan,nan,nan,nan,nan,nan,nan,nan,nan
nan,nan,nan,nan,nan,nan,nan,nan,nan,nan,nan,nan,nan,nan,nan,nan,nan,nan,nan,nan,nan,nan,nan,-9.564945220947265625e+00,-6.987690448760986328e+00,-7.151239395141601562e+00,-1.063694953918457031e+01,-1.411341190338134766e+01,-1.362550067901611328e+01,-1.646081924438476562e+01,-1.517825984954833984e+01,-1.665113830566406250e+01,-1.807795715332031250e+01,-1.725720405578613281e+01,-1.742657089233398438e+01,-1.756653594970703125e+01,-1.673370742797851562e+01,-1.526636981964111328e+01,-1.502632427215576172e+01,-1.460445213317871094e+01,-1.427847003936767578e+01,-1.520160198211669922e+01,-1.349377155303955078e+01,-1.422688198089599609e+01,-1.355867481231689453e+01,-1.356067562103271484e+01,-1.235617637634277344e+01,-1.124971008300781250e+01,-1.307724857330322266e+01,-1.170462036132812500e+01,-9.216425895690917969e+00,1.207478344440460205e-01,nan,nan,nan,nan,nan,nan,nan,nan,nan,nan,nan,nan,nan,nan,nan,nan,nan,nan,nan,nan,nan,nan,nan,nan,nan,nan,nan,nan,nan,nan,nan,nan,nan,nan,nan,nan,nan,2.155506610870361328e+00,-3.229846060276031494e-01,-3.308583498001098633e+00,-5.573345184326171875e+00,6.013448834419250488e-01,-3.983282327651977539e+00,-1.626970291137695312e+01,-1.526580238342285156e+01,-3.683927917480468750e+01,-4.329393386840820312e+01,-1.606837844848632812e+01,nan,nan,nan,nan,nan,nan,nan,nan,nan,nan,nan,nan,nan,nan,nan,nan,nan,nan,nan,nan,nan,nan,nan,nan,nan
nan,nan,nan,nan,nan,nan,nan,nan,nan,nan,nan,nan,nan,nan,nan,nan,nan,nan,nan,nan,nan,nan,nan,nan,nan,-4.803553104400634766e+00,-1.497624588012695312e+01,-1.682938766479492188e+01,-1.389275264739990234e+01,-1.533194160461425781e+01,-1.637584686279296875e+01,-1.744445991516113281e+01,-1.770020866394042969e+01,-1.626326751708984375e+01,-1.656831550598144531e+01,-1.677014541625976562e+01,-1.528508758544921875e+01,-1.380161476135253906e+01,-1.554413890838623047e+01,-1.486388492584228516e+01,-1.529300594329833984e+01,-1.354602527618408203e+01,-1.339076519012451172e+01,-1.343384075164794922e+01,-1.407734584808349609e+01,-1.431446552276611328e+01,-1.188468647003173828e+01,-1.187772274017333984e+01,-1.359963703155517578e+01,-1.206434249877929688e+01,-8.304789543151855469e+00,-6.899446964263916016e+00,nan,nan,nan,nan,nan,nan,nan,nan,nan,nan,nan,nan,nan,nan,nan,nan,nan,nan,nan,nan,nan,nan,nan,nan,nan,nan,nan,nan,nan,nan,nan,nan,nan,nan,nan,nan,nan,nan,nan,nan,nan,nan,-1.407130336761474609e+01,-1.601083183288574219e+01,-1.746918869018554688e+01,-3.491728973388671875e+01,-4.065549087524414062e+01,-2.826025390625000000e+01,-1.327812862396240234e+01,nan,nan,nan,nan,nan,nan,nan,nan,nan,nan,nan,nan,nan,nan,nan,nan,nan,nan,nan,nan,nan,nan,nan,nan
nan,nan,nan,nan,nan,nan,nan,nan,nan,nan,nan,nan,nan,nan,nan,nan,nan,nan,nan,nan,nan,nan,nan,nan,nan,-5.000721454620361328e+00,-1.228280735015869141e+01,-1.542253017425537109e+01,-1.327258968353271484e+01,-1.504330158233642578e+01,-1.808600807189941406e+01,-1.731849098205566406e+01,-1.732477760314941406e+01,-1.619716262817382812e+01,-1.611212158203125000e+01,-1.622167205810546875e+01,-1.480670928955078125e+01,-1.595534896850585938e+01,-1.701233291625976562e+01,-1.502065086364746094e+01,-1.447468662261962891e+01,-1.501258850097656250e+01,-1.310573482513427734e+01,-1.411773872375488281e+01,-1.370857238769531250e+01,-1.421152210235595703e+01,-1.286647319793701172e+01,-1.382993698120117188e+01,-1.217546749114990234e+01,-2.559882164001464844e+00,6.897381782531738281e+00,-6.591156959533691406e+00,nan,nan,nan,nan,nan,nan,nan,nan,nan,nan,nan,nan,nan,nan,nan,nan,nan,nan,nan,nan,nan,nan,nan,nan,nan,nan,nan,nan,nan,nan,nan,nan,nan,nan,nan,nan,nan,nan,nan,nan,nan,nan,nan,nan,-1.883635520935058594e+01,-2.972390747070312500e+01,-2.943279075622558594e+01,-1.993010330200195312e+01,-1.067440319061279297e+01,-9.229418754577636719e+00,nan,nan,nan,nan,nan,nan,nan,nan,nan,nan,nan,nan,nan,nan,nan,nan,nan,nan,nan,nan,nan,nan,nan
nan,nan,nan,nan,nan,nan,nan,nan,nan,nan,nan,nan,nan,nan,nan,nan,nan,nan,nan,nan,nan,nan,nan,nan,nan,-2.417432546615600586e+00,-6.937614917755126953e+00,-1.060416030883789062e+01,-1.165236568450927734e+01,-1.258184719085693359e+01,-1.551614761352539062e+01,-1.666944122314453125e+01,-1.581248378753662109e+01,-1.565132141113281250e+01,-1.554669952392578125e+01,-1.444847011566162109e+01,-1.458815097808837891e+01,-1.611716270446777344e+01,-1.733293914794921875e+01,-1.671516418457031250e+01,-1.306236648559570312e+01,-1.388674449920654297e+01,-1.235491847991943359e+01,-1.367677783966064453e+01,-1.366620254516601562e+01,-1.539235401153564453e+01,-1.604004669189453125e+01,-1.455240535736083984e+01,-9.722536087036132812e+00,-9.872952848672866821e-02,nan,nan,nan,nan,nan,nan,nan,nan,nan,nan,nan,nan,nan,nan,nan,nan,nan,nan,nan,nan,nan,nan,nan,nan,nan,nan,nan,nan,nan,nan,nan,nan,nan,nan,nan,nan,nan,nan,nan,nan,nan,nan,nan,nan,nan,nan,nan,-2.350194358825683594e+01,-1.355913543701171875e+01,-9.518895149230957031e+00,2.228780031204223633e+00,1.613787651062011719e+01,1.784236526489257812e+01,-6.066259145736694336e-01,nan,nan,nan,nan,nan,nan,nan,nan,nan,nan,nan,nan,nan,nan,nan,nan,nan,nan,nan,nan,nan
nan,nan,nan,nan,nan,nan,nan,nan,nan,nan,nan,nan,nan,nan,nan,nan,nan,nan,nan,nan,nan,nan,nan,nan,nan,-2.698030471801757812e+00,-3.049600839614868164e+00,-9.337932586669921875e+00,-1.037959861755371094e+01,-1.183336353302001953e+01,-1.359790802001953125e+01,-1.663258361816406250e+01,-1.661598205566406250e+01,-1.630090141296386719e+01,-1.529832649230957031e+01,-1.342835807800292969e+01,-1.489192485809326172e+01,-1.581276893615722656e+01,-1.638321685791015625e+01,-1.745654869079589844e+01,-1.519601154327392578e+01,-1.414722061157226562e+01,-1.415976905822753906e+01,-1.838397979736328125e+01,-1.738331413269042969e+01,-1.644031524658203125e+01,-1.661095619201660156e+01,-1.670541954040527344e+01,-6.042479991912841797e+00,-2.373376846313476562e+00,nan,nan,nan,nan,nan,nan,nan,nan,nan,nan,nan,nan,nan,nan,nan,nan,nan,nan,nan,nan,nan,nan,nan,nan,nan,nan,nan,nan,nan,nan,nan,nan,nan,nan,nan,nan,nan,nan,nan,nan,nan,nan,nan,nan,nan,nan,nan,nan,-3.687475204467773438e+00,-1.593682479858398438e+01,-1.846608543395996094e+01,1.098967647552490234e+01,1.362327671051025391e+01,1.730763816833496094e+01,nan,nan,nan,nan,nan,nan,nan,nan,nan,nan,nan,nan,nan,nan,nan,nan,nan,nan,nan,nan,nan
nan,nan,nan,nan,nan,nan,nan,nan,nan,nan,nan,nan,nan,nan,nan,nan,nan,nan,nan,nan,nan,nan,nan,nan,nan,-8.220151901245117188e+00,-2.651319742202758789e+00,-6.165650367736816406e+00,-8.245777130126953125e+00,-1.341696453094482422e+01,-1.654187965393066406e+01,-1.618830490112304688e+01,-1.506782817840576172e+01,-1.628068733215332031e+01,-1.550156307220458984e+01,-1.411483955383300781e+01,-1.408948707580566406e+01,-1.528430747985839844e+01,-1.665240478515625000e+01,-1.855479431152343750e+01,-1.611886978149414062e+01,-1.594521045684814453e+01,-1.522585010528564453e+01,-1.649808692932128906e+01,-1.805159187316894531e+01,-1.790843963623046875e+01,-2.031063079833984375e+01,-1.055399513244628906e+01,-4.503813266754150391e+00,4.478428363800048828e+00,-5.810700893402099609e+00,nan,nan,nan,nan,nan,nan,nan,nan,nan,nan,nan,nan,nan,nan,nan,nan,nan,nan,nan,nan,nan,nan,nan,nan,nan,nan,nan,nan,nan,nan,nan,nan,nan,nan,nan,nan,nan,nan,nan,nan,nan,nan,nan,nan,nan,nan,nan,8.444026708602905273e-01,-1.152590847015380859e+01,-2.583852958679199219e+01,-1.244909286499023438e+01,2.254844427108764648e+00,1.282955360412597656e+01,1.460866212844848633e+00,nan,nan,nan,nan,nan,nan,nan,nan,nan,nan,nan,nan,nan,nan,nan,nan,nan,nan,nan,nan
nan,nan,nan,nan,nan,nan,nan,nan,nan,nan,nan,nan,nan,nan,nan,nan,nan,nan,nan,nan,nan,nan,nan,nan,nan,nan,-8.422007560729980469e+00,-5.874971389770507812e+00,-7.813159942626953125e+00,-1.115136432647705078e+01,-1.358297538757324219e+01,-1.612189865112304688e+01,-1.386580944061279297e+01,-1.363475036621093750e+01,-1.345529365539550781e+01,-1.546906661987304688e+01,-1.489699077606201172e+01,-1.482493114471435547e+01,-1.662997245788574219e+01,-1.764145660400390625e+01,-1.671940612792968750e+01,-1.643171882629394531e+01,-1.203814888000488281e+01,-1.206639194488525391e+01,-9.578453063964843750e+00,-1.698627090454101562e+01,-1.934388160705566406e+01,-1.033585929870605469e+01,1.714773923158645630e-01,5.093979358673095703e+00,nan,nan,nan,nan,nan,nan,nan,nan,nan,nan,nan,nan,nan,nan,nan,nan,nan,nan,nan,nan,nan,nan,nan,nan,nan,nan,nan,nan,nan,nan,nan,nan,nan,nan,nan,nan,nan,nan,nan,nan,nan,nan,nan,nan,nan,nan,nan,nan,9.316701889038085938e-01,-1.247443008422851562e+01,-2.252223205566406250e+01,-1.531171703338623047e+01,-6.233658313751220703e+00,1.003908729553222656e+01,1.251739025115966797e+01,nan,nan,nan,nan,nan,nan,nan,nan,nan,nan,nan,nan,nan,nan,nan,nan,nan,nan,nan,nan
nan,nan,nan,nan,nan,nan,nan,nan,nan,nan,nan,nan,nan,nan,nan,nan,nan,nan,nan,nan,nan,nan,nan,nan,nan,nan,-7.715611934661865234e+00,-8.713716506958007812e+00,-3.685410737991333008e+00,-5.661389827728271484e+00,-7.308981418609619141e+00,-1.079442596435546875e+01,-1.265746116638183594e+01,-1.320557880401611328e+01,-1.272684001922607422e+01,-1.451500606536865234e+01,-1.452936744689941406e+01,-1.530486774444580078e+01,-1.648265266418457031e+01,-1.739399909973144531e+01,-1.584562492370605469e+01,-1.445554733276367188e+01,-1.294349098205566406e+01,-1.280594730377197266e+01,-8.836328506469726562e+00,-6.203921794891357422e+00,-4.193595886230468750e+00,-3.974870920181274414e+00,1.732161641120910645e+00,-1.020618438720703125e+00,nan,nan,nan,nan,nan,nan,nan,nan,nan,nan,nan,nan,nan,nan,nan,nan,nan,nan,nan,nan,nan,nan,nan,nan,nan,nan,nan,nan,nan,nan,nan,nan,nan,nan,nan,nan,nan,nan,nan,nan,nan,nan,nan,nan,nan,nan,nan,-7.221244335174560547e+00,-3.595325231552124023e+00,-1.193229389190673828e+01,-1.446682071685791016e+01,-8.193471908569335938e+00,5.067264556884765625e+00,1.074180698394775391e+01,2.737023830413818359e-01,2.017363309860229492e+00,nan,nan,nan,nan,nan,nan,nan,nan,nan,nan,nan,nan,nan,nan,nan,nan,nan,nan,nan
nan,nan,nan,nan,nan,nan,nan,nan,nan,nan,nan,nan,nan,nan,nan,nan,nan,nan,nan,nan,nan,nan,nan,nan,nan,nan,nan,nan,-9.075792312622070312e+00,-4.240747928619384766e+00,-6.191375255584716797e+00,-7.553211688995361328e+00,-9.106975555419921875e+00,-1.031131839752197266e+01,-1.296698570251464844e+01,-1.581801986694335938e+01,-1.527792072296142578e+01,-1.260267448425292969e+01,-1.719548225402832031e+01,-1.803738784790039062e+01,-1.480177211761474609e+01,-1.460257625579833984e+01,-1.318582248687744141e+01,-1.232560157775878906e+01,-4.270439147949218750e+00,-5.556595802307128906e+00,-4.988225460052490234e+00,-4.428819179534912109e+00,-4.505347251892089844e+00,-5.012188911437988281e+00,nan,nan,nan,nan,nan,nan,nan,nan,nan,nan,nan,nan,nan,nan,nan,nan,nan,nan,nan,nan,nan,nan,nan,nan,nan,nan,nan,nan,nan,nan,nan,nan,nan,nan,nan,nan,nan,nan,nan,nan,nan,nan,nan,nan,nan,nan,nan,-6.166942119598388672e+00,-2.346960306167602539e+00,-8.486973762512207031e+00,-9.646420478820800781e+00,-3.412793636322021484e+00,-7.516832649707794189e-02,-7.566429615020751953e+00,2.079195976257324219e+00,4.886445045471191406e+00,nan,nan,nan,nan,nan,nan,nan,nan,nan,nan,nan,nan,nan,nan,nan,nan,nan,nan,nan
nan,nan,nan,nan,nan,nan,nan,nan,nan,nan,nan,nan,nan,nan,nan,nan,nan,nan,nan,nan,nan,nan,nan,nan,nan,nan,nan,nan,nan,nan,nan,nan,-7.089367866516113281e+00,-8.726845741271972656e+00,-1.196893787384033203e+01,-1.451410770416259766e+01,-1.385391616821289062e+01,-1.163953018188476562e+01,-1.516032600402832031e+01,-1.603562927246093750e+01,-1.313236427307128906e+01,-1.573836135864257812e+01,-1.339242172241210938e+01,-8.573287010192871094e+00,-4.418813705444335938e+00,-3.955035209655761719e+00,-8.284567832946777344e+00,-7.927897453308105469e+00,-6.905697345733642578e+00,6.224959373474121094e+00,nan,nan,nan,nan,nan,nan,nan,nan,nan,nan,nan,nan,nan,nan,nan,nan,nan,nan,nan,nan,nan,nan,nan,nan,nan,nan,nan,nan,nan,nan,nan,nan,nan,nan,nan,nan,nan,nan,nan,nan,nan,nan,nan,nan,nan,nan,nan,-5.268823623657226562e+00,-2.593490362167358398e+00,-6.915403842926025391e+00,8.771945834159851074e-01,-1.798427581787109375e+00,-5.923397541046142578e+00,-4.615127563476562500e+00,4.756636619567871094e+00,5.171957309357821941e-05,1.584374427795410156e+00,nan,nan,nan,nan,nan,nan,nan,nan,nan,nan,nan,nan,nan,nan,nan,nan,nan,nan
nan,nan,nan,nan,nan,nan,nan,nan,nan,nan,nan,nan,nan,nan,nan,nan,nan,nan,nan,nan,nan,nan,nan,nan,nan,nan,nan,nan,nan,nan,nan,nan,-1.014895820617675781e+01,-3.951161623001098633e+00,-6.894656181335449219e+00,-1.034971046447753906e+01,-9.817435264587402344e+00,-1.245516490936279297e+01,-1.525098228454589844e+01,-1.248180866241455078e+01,-1.392832756042480469e+01,-1.531716346740722656e+01,-1.069870185852050781e+01,-7.339357852935791016e+00,-5.108445167541503906e+00,-3.647933006286621094e+00,-7.537160396575927734e+00,-7.607537269592285156e+00,-3.686355352401733398e+00,-3.854282379150390625e+00,nan,nan,nan,nan,nan,nan,nan,nan,nan,nan,nan,nan,nan,nan,nan,nan,nan,nan,nan,nan,nan,nan,nan,nan,nan,nan,nan,nan,nan,nan,nan,nan,nan,nan,nan,nan,nan,nan,nan,nan,nan,nan,nan,nan,nan,nan,nan,nan,-1.929638266563415527e+00,-4.124824047088623047e+00,4.536049842834472656e+00,-2.963804006576538086e+00,1.259123802185058594e+00,-1.814603805541992188e+00,3.539915800094604492e+00,3.832028210163116455e-01,2.969644546508789062e+00,nan,nan,nan,nan,nan,nan,nan,nan,nan,nan,nan,nan,nan,nan,nan,nan,nan,nan
nan,nan,nan,nan,nan,nan,nan,nan,nan,nan,nan,nan,nan,nan,nan,nan,nan,nan,nan,nan,nan,nan,nan,nan,nan,nan,nan,nan,nan,nan,nan,nan,nan,-1.002396297454833984e+01,-1.112783527374267578e+01,-2.712691545486450195e+00,-9.009589195251464844e+00,-1.522447967529296875e+01,-1.849205207824707031e+01,-1.538231277465820312e+01,-1.474098777770996094e+01,-1.553541564941406250e+01,-1.312207031250000000e+01,-6.752609729766845703e+00,-2.660613059997558594e+00,-1.513478755950927734e+00,-5.778387546539306641e+00,2.793295860290527344e+00,-4.030258178710937500e+00,nan,nan,nan,nan,nan,nan,nan,nan,nan,nan,nan,nan,nan,nan,nan,nan,nan,nan,nan,nan,nan,nan,nan,nan,nan,nan,nan,nan,nan,nan,nan,nan,nan,nan,nan,nan,nan,nan,nan,nan,nan,nan,nan,nan,nan,nan,nan,nan,nan,-2.603818416595458984e+00,-1.073023080825805664e+00,-2.961739778518676758e+00,-5.968448638916015625e+00,-4.859986782073974609e+00,2.791778087615966797e+00,-6.332914352416992188e+00,-3.259323835372924805e+00,-1.723021388053894043e+00,2.641397476196289062e+00,nan,nan,nan,nan,nan,nan,nan,nan,nan,nan,nan,nan,nan,nan,nan,nan,nan
nan,nan,nan,nan,nan,nan,nan,nan,nan,nan,nan,nan,nan,nan,nan,nan,nan,nan,nan,nan,nan,nan,nan,nan,nan,nan,nan,nan,nan,nan,nan,nan,nan,nan,nan,nan,-1.206213188171386719e+01,-6.771678447723388672e+00,-2.056429481506347656e+01,-1.601267242431640625e+01,-1.504160881042480469e+01,-1.449176406860351562e+01,-7.021838665008544922e+00,-1.121245861053466797e+01,-8.938677787780761719e+00,-4.378993034362792969e+00,5.734665319323539734e-04,-4.724782943725585938e+00,nan,nan,nan,nan,nan,nan,nan,nan,nan,nan,nan,nan,nan,nan,nan,nan,nan,nan,nan,nan,nan,nan,nan,nan,nan,nan,nan,nan,nan,nan,nan,nan,nan,nan,nan,nan,nan,nan,nan,nan,nan,nan,nan,nan,nan,nan,nan,nan,nan,nan,nan,4.242262511979788542e-04,4.567896723747253418e-01,-2.237561464309692383e+00,3.533720225095748901e-02,-5.723168849945068359e-01,4.296407222747802734e+00,-1.139626622200012207e+00,-1.262246966361999512e+00,5.380689620971679688e+00,4.193807125091552734e+00,5.248953819274902344e+00,7.146635532379150391e+00,nan,nan,nan,nan,nan,nan,nan,nan,nan,nan,nan,nan,nan,nan
nan,nan,nan,nan,nan,nan,nan,nan,nan,nan,nan,nan,nan,nan,nan,nan,nan,nan,nan,nan,nan,nan,nan,nan,nan,nan,nan,nan,nan,nan,nan,nan,nan,nan,nan,nan,nan,-1.159995651245117188e+01,-8.694872856140136719e+00,-1.131126880645751953e+01,-1.147867798805236816e+00,1.505903625488281250e+01,1.198995399475097656e+01,-6.956287860870361328e+00,-8.702134132385253906e+00,-4.181906223297119141e+00,-4.865015506744384766e+00,nan,nan,nan,nan,nan,nan,nan,nan,nan,nan,nan,nan,nan,nan,nan,nan,nan,nan,nan,nan,nan,nan,nan,nan,nan,nan,nan,nan,nan,nan,nan,nan,nan,nan,nan,nan,nan,nan,nan,nan,nan,nan,nan,nan,nan,nan,nan,nan,nan,nan,nan,nan,5.502384901046752930e-01,3.550468385219573975e-02,-6.916277408599853516e+00,7.367088198661804199e-01,-3.607629239559173584e-01,-9.058672189712524414e-01,5.541233062744140625e+00,4.585969924926757812e+00,8.099464416503906250e+00,1.022465991973876953e+01,7.336408138275146484e+00,9.636573791503906250e+00,nan,nan,nan,nan,nan,nan,nan,nan,nan,nan,nan,nan,nan,nan
nan,nan,nan,nan,nan,nan,nan,nan,nan,nan,nan,nan,nan,nan,nan,nan,nan,nan,nan,nan,nan,-8.046262741088867188e+00,-8.237808227539062500e+00,-8.480535507202148438e+00,nan,nan,nan,nan,nan,nan,nan,nan,nan,nan,nan,nan,nan,nan,nan,-9.913350105285644531e+00,-9.291409492492675781e+00,-8.319951057434082031e+00,-7.367241859436035156e+00,nan,nan,nan,nan,nan,nan,nan,nan,nan,nan,nan,nan,nan,nan,nan,nan,nan,nan,nan,nan,nan,nan,nan,nan,nan,nan,nan,nan,nan,nan,nan,nan,nan,nan,nan,nan,nan,nan,nan,nan,nan,nan,nan,nan,nan,nan,nan,nan,nan,nan,nan,nan,nan,nan,nan,nan,2.003035783767700195e+00,1.778525829315185547e+00,-5.774818897247314453e+00,-4.680336860474199057e-04,4.940170288085937500e+00,4.709639072418212891e+00,1.946594119071960449e-01,5.022633075714111328e+00,7.528077125549316406e+00,7.966905117034912109e+00,8.728555679321289062e+00,1.096988105773925781e+01,nan,nan,nan,nan,nan,nan,nan,nan,nan,nan,nan,nan,nan,nan
nan,nan,nan,nan,nan,nan,nan,nan,nan,nan,nan,nan,nan,nan,nan,nan,nan,nan,nan,nan,nan,nan,-6.604505062103271484e+00,-2.091027450561523438e+01,-7.483359336853027344e+00,nan,nan,nan,nan,nan,nan,nan,nan,nan,nan,nan,nan,nan,nan,nan,nan,nan,nan,nan,nan,nan,nan,nan,nan,nan,nan,nan,nan,nan,nan,nan,nan,nan,nan,nan,nan,nan,nan,nan,nan,nan,nan,nan,nan,nan,nan,nan,nan,nan,nan,nan,nan,nan,nan,nan,nan,nan,nan,nan,nan,nan,nan,nan,nan,nan,nan,nan,nan,nan,nan,nan,nan,nan,nan,nan,3.339913606643676758e+00,-3.522306203842163086e+00,1.059937381744384766e+01,8.772688865661621094e+00,1.421329736709594727e+00,8.871479076333343983e-05,3.093853235244750977e+00,3.430268526077270508e+00,8.077929496765136719e+00,1.206321239471435547e+01,nan,nan,nan,nan,nan,nan,nan,nan,nan,nan,nan,nan,nan,nan,nan
nan,nan,nan,nan,nan,nan,nan,nan,nan,nan,nan,nan,nan,nan,nan,nan,nan,nan,nan,nan,nan,-5.167454242706298828e+00,-2.137036514282226562e+01,2.044507741928100586e+00,-3.017859649658203125e+01,nan,nan,nan,nan,nan,nan,nan,nan,nan,nan,nan,nan,nan,nan,nan,nan,nan,nan,nan,nan,nan,nan,nan,nan,nan,nan,nan,nan,nan,nan,nan,nan,nan,nan,nan,nan,nan,nan,nan,nan,nan,nan,nan,nan,nan,nan,nan,nan,nan,nan,nan,nan,nan,nan,nan,nan,nan,nan,nan,nan,nan,nan,nan,nan,nan,nan,nan,nan,nan,nan,nan,nan,nan,4.266155719757080078e+00,4.376744747161865234e+00,6.701056003570556641e+00,5.567204952239990234e+00,1.151022815704345703e+01,5.855623245239257812e+00,4.679794788360595703e+00,-1.567195892333984375e+00,-6.858693957328796387e-01,1.067597746849060059e+00,7.239145278930664062e+00,1.889781570434570312e+01,2.100497436523437500e+01,nan,nan,nan,nan,nan,nan,nan,nan,nan,nan,nan,nan,nan,nan
nan,nan,nan,nan,nan,nan,nan,nan,nan,nan,nan,nan,nan,nan,nan,nan,nan,nan,nan,nan,nan,-4.778115749359130859e+00,1.052047157287597656e+01,6.204756736755371094e+00,-6.355383396148681641e+00,-9.119752883911132812e+00,nan,nan,nan,nan,nan,nan,nan,nan,nan,nan,nan,nan,nan,nan,nan,nan,nan,nan,nan,nan,nan,nan,nan,nan,nan,nan,nan,nan,nan,nan,nan,nan,nan,nan,nan,nan,nan,nan,nan,nan,nan,nan,nan,nan,nan,nan,nan,nan,nan,nan,nan,nan,nan,nan,nan,nan,nan,nan,nan,nan,nan,nan,nan,nan,nan,nan,nan,nan,nan,nan,nan,nan,nan,nan,2.085753440856933594e+01,1.103437042236328125e+01,6.131842136383056641e+00,5.364847183227539062e+00,5.748323917388916016e+00,4.702522754669189453e+00,6.283012390136718750e+00,9.341412544250488281e+00,1.039163398742675781e+01,2.333749580383300781e+01,2.933497810363769531e+01,2.460746765136718750e+01,nan,nan,nan,nan,nan,nan,nan,nan,nan,nan,nan,nan,nan
nan,nan,nan,nan,nan,nan,nan,nan,nan,nan,nan,nan,nan,nan,nan,nan,nan,nan,nan,nan,nan,-5.425306320190429688e+00,-7.083650588989257812e+00,1.053048515319824219e+01,-1.256637191772460938e+01,-8.611133575439453125e+00,-6.319694042205810547e+00,-1.469011020660400391e+01,nan,nan,nan,nan,nan,nan,nan,nan,nan,nan,nan,nan,nan,nan,nan,nan,nan,nan,nan,nan,nan,nan,nan,nan,nan,nan,nan,nan,nan,nan,nan,nan,nan,nan,nan,nan,nan,nan,nan,nan,nan,nan,nan,nan,nan,nan,nan,nan,nan,nan,nan,nan,nan,nan,nan,nan,nan,nan,nan,nan,nan,nan,nan,nan,nan,nan,nan,nan,nan,nan,nan,5.826847553253173828e+00,7.848245143890380859e+00,3.851978063583374023e+00,7.693545818328857422e+00,7.656570434570312500e+00,3.211224317550659180e+00,2.423999547958374023e+00,7.065481662750244141e+00,1.217017650604248047e+01,1.363696861267089844e+01,8.124164581298828125e+00,1.546848392486572266e+01,2.586444091796875000e+01,1.862026786804199219e+01,nan,nan,nan,nan,nan,nan,nan,nan,nan,nan,nan,nan
nan,nan,nan,nan,nan,nan,nan,nan,nan,nan,nan,nan,nan,nan,nan,nan,nan,nan,nan,nan,nan,-6.484795570373535156e+00,-2.238542079925537109e+00,5.395225048065185547e+00,-5.683497786521911621e-01,-1.192199516296386719e+01,-1.035792636871337891e+01,-1.757876586914062500e+01,nan,nan,nan,nan,nan,nan,nan,nan,nan,nan,nan,nan,nan,nan,nan,nan,nan,nan,nan,nan,nan,nan,nan,nan,nan,nan,nan,nan,nan,nan,nan,nan,nan,nan,nan,nan,nan,nan,nan,nan,nan,nan,nan,nan,nan,nan,nan,nan,nan,nan,nan,nan,nan,nan,nan,nan,nan,nan,nan,nan,nan,nan,nan,nan,nan,nan,nan,nan,nan,nan,nan,6.186904907226562500e+00,-1.401267528533935547e+00,3.702625989913940430e+00,8.185615539550781250e+00,3.870305776596069336e+00,1.663147568702697754e+00,2.087577581405639648e+00,6.524381160736083984e+00,1.290585136413574219e+01,1.251766204833984375e+01,2.705473899841308594e+00,1.059581375122070312e+01,2.104819869995117188e+01,3.169339370727539062e+01,2.123664474487304688e+01,nan,nan,nan,nan,nan,nan,nan,nan,nan,nan,nan
nan,nan,nan,nan,nan,nan,nan,nan,nan,nan,nan,nan,nan,nan,nan,nan,nan,nan,nan,nan,nan,-7.733628273010253906e+00,1.308989048004150391e+00,3.733737945556640625e+00,-4.988356113433837891e+00,-2.135880470275878906e+01,-2.202613830566406250e+01,-1.843282699584960938e+01,nan,nan,nan,nan,nan,nan,nan,nan,nan,nan,nan,nan,nan,nan,nan,nan,nan,nan,nan,nan,nan,nan,nan,nan,nan,nan,nan,nan,nan,nan,nan,nan,nan,nan,nan,nan,nan,nan,nan,nan,nan,nan,nan,nan,nan,nan,nan,nan,nan,nan,nan,nan,nan,nan,nan,nan,nan,nan,nan,nan,nan,nan,nan,nan,nan,nan,nan,nan,nan,nan,6.618577957153320312e+00,6.111083030700683594e+00,5.596547603607177734e+00,4.027896881103515625e+00,4.911271572113037109e+00,3.130869626998901367e+00,3.631456613540649414e+00,5.989537239074707031e+00,8.798526763916015625e+00,1.277589035034179688e+01,1.879650497436523438e+01,1.869699668884277344e+01,2.025881195068359375e+01,1.675611686706542969e+01,2.721776199340820312e+01,2.196136474609375000e+01,nan,nan,nan,nan,nan,nan,nan,nan,nan,nan,nan
nan,nan,nan,nan,nan,nan,nan,nan,nan,nan,nan,nan,nan,nan,nan,nan,nan,nan,nan,nan,nan,nan,-1.223850536346435547e+01,3.811774849891662598e-01,-1.039211750030517578e+01,-2.142034721374511719e+01,-2.859374237060546875e+01,-2.603364372253417969e+01,-2.259549903869628906e+01,-2.567447662353515625e+01,-2.618189430236816406e+01,-2.667455482482910156e+01,-2.649610328674316406e+01,nan,nan,nan,nan,nan,nan,nan,nan,nan,nan,nan,nan,nan,nan,nan,nan,nan,nan,nan,nan,nan,nan,nan,nan,nan,nan,nan,nan,nan,nan,nan,nan,nan,nan,nan,nan,nan,nan,nan,nan,nan,nan,nan,nan,nan,nan,nan,nan,nan,nan,nan,nan,nan,nan,nan,nan,nan,nan,nan,nan,nan,nan,nan,nan,nan,nan,nan,nan,4.337688446044921875e+00,4.513176441192626953e+00,1.258854389190673828e+00,1.438800334930419922e+00,1.778839349746704102e+00,3.574146270751953125e+00,3.668732881546020508e+00,9.334155082702636719e+00,1.373950004577636719e+01,1.599431324005126953e+01,1.466332530975341797e+01,2.417059326171875000e+01,3.100431632995605469e+01,nan,nan,nan,nan,nan,nan,nan,nan,nan,nan,nan
nan,nan,nan,nan,nan,nan,nan,nan,nan,nan,nan,nan,nan,nan,nan,nan,nan,nan,nan,nan,nan,nan,-1.606101989746093750e+01,-1.815693855285644531e+01,-3.124214553833007812e+01,-3.519637298583984375e+01,-2.842897033691406250e+01,-2.697496986389160156e+01,-2.949852752685546875e+01,-3.170899200439453125e+01,-1.665756034851074219e+01,-1.675030136108398438e+01,nan,nan,nan,nan,nan,nan,nan,nan,nan,nan,nan,nan,nan,nan,nan,nan,nan,nan,nan,nan,nan,nan,nan,nan,nan,nan,nan,nan,nan,nan,nan,nan,nan,nan,nan,nan,nan,nan,nan,nan,nan,nan,nan,nan,nan,nan,nan,nan,nan,nan,nan,nan,nan,nan,nan,nan,nan,nan,nan,nan,nan,nan,nan,nan,nan,nan,nan,nan,nan,3.347844123840332031e+00,nan,nan,nan,-2.302239656448364258e+00,5.505077838897705078e+00,6.486923694610595703e+00,4.551486492156982422e+00,1.217855072021484375e+01,1.606696510314941406e+01,2.045505142211914062e+01,2.656716918945312500e+01,2.266283226013183594e+01,nan,nan,nan,nan,nan,nan,nan,nan,nan,nan,nan
nan,nan,nan,nan,nan,nan,nan,nan,nan,nan,nan,nan,nan,nan,nan,nan,nan,nan,nan,nan,nan,nan,-1.888570213317871094e+01,-2.068963050842285156e+01,-3.269178009033203125e+01,-2.857667160034179688e+01,nan,-2.821951675415039062e+01,-3.182694816589355469e+01,-3.655052947998046875e+01,-3.204284286499023438e+01,-2.333240890502929688e+01,nan,nan,nan,nan,nan,nan,nan,nan,nan,nan,nan,nan,nan,nan,nan,nan,nan,nan,nan,nan,nan,nan,nan,nan,nan,nan,nan,nan,nan,nan,nan,nan,nan,nan,nan,nan,nan,nan,nan,nan,nan,nan,nan,nan,nan,nan,nan,nan,nan,nan,nan,nan,nan,nan,nan,nan,nan,nan,nan,nan,nan,nan,nan,nan,nan,nan,nan,nan,nan,nan,nan,nan,nan,-1.948545336723327637e+00,9.564882278442382812e+00,8.650803565979003906e+00,1.490613269805908203e+01,2.447304344177246094e+01,2.598006629943847656e+01,3.074287033081054688e+01,2.866773414611816406e+01,nan,nan,nan,nan,nan,nan,nan,nan,nan,nan,nan,nan
nan,nan,nan,nan,nan,nan,nan,nan,nan,nan,nan,nan,nan,nan,nan,nan,nan,nan,nan,nan,nan,nan,nan,-2.260120582580566406e+01,-2.585149002075195312e+01,-2.785278129577636719e+01,-2.886065673828125000e+01,-3.928162765502929688e+01,-3.221642303466796875e+01,-3.062512207031250000e+01,-2.774928092956542969e+01,-2.726024436950683594e+01,-2.665526008605957031e+01,nan,nan,nan,nan,nan,nan,nan,nan,nan,nan,nan,nan,nan,nan,nan,nan,nan,nan,nan,nan,nan,nan,nan,nan,nan,nan,nan,nan,nan,nan,nan,nan,nan,nan,nan,nan,nan,nan,nan,nan,nan,nan,nan,nan,nan,nan,nan,nan,nan,nan,nan,nan,nan,nan,nan,nan,nan,nan,nan,nan,nan,nan,nan,nan,nan,nan,nan,nan,nan,nan,nan,7.283130168914794922e+00,1.063961982727050781e+00,1.023585414886474609e+01,1.016239643096923828e+01,1.794221496582031250e+01,2.599110031127929688e+01,2.565178298950195312e+01,2.584037590026855469e+01,3.080818939208984375e+01,nan,nan,nan,nan,nan,nan,nan,nan,nan,nan,nan,nan
nan,nan,nan,nan,nan,nan,nan,nan,nan,nan,nan,nan,nan,nan,nan,nan,nan,nan,nan,nan,nan,nan,-2.153232192993164062e+01,-1.777073478698730469e+01,-2.504948425292968750e+01,-2.269869804382324219e+01,-3.105212402343750000e+01,-3.165170097351074219e+01,-2.803545761108398438e+01,-2.932559394836425781e+01,nan,nan,nan,nan,nan,nan,nan,nan,nan,nan,nan,nan,nan,nan,nan,nan,nan,nan,nan,nan,nan,nan,nan,nan,nan,nan,nan,nan,nan,nan,nan,nan,nan,nan,nan,nan,nan,nan,nan,nan,nan,nan,nan,nan,nan,nan,nan,nan,nan,nan,nan,nan,nan,nan,nan,nan,nan,nan,nan,nan,nan,nan,nan,nan,nan,nan,nan,nan,nan,nan,nan,nan,nan,nan,nan,5.507150173187255859e+00,6.854404449462890625e+00,1.406732463836669922e+01,2.305057907104492188e+01,2.503289794921875000e+01,2.324887466430664062e+01,1.958052825927734375e+01,2.582714843750000000e+01,2.317531967163085938e+01,nan,nan,nan,nan,nan,nan,nan,nan,nan,nan,nan
nan,nan,nan,nan,nan,nan,nan,nan,nan,nan,nan,nan,nan,nan,nan,nan,nan,nan,nan,nan,nan,-1.781653785705566406e+01,-1.566190624237060547e+01,-2.450937843322753906e+01,-2.523170852661132812e+01,-2.355544471740722656e+01,-2.812276840209960938e+01,-2.817416381835937500e+01,-2.624835205078125000e+01,-2.419482994079589844e+01,nan,nan,nan,nan,nan,nan,nan,nan,nan,nan,nan,nan,nan,nan,nan,nan,nan,nan,nan,nan,nan,nan,nan,nan,nan,nan,nan,nan,nan,nan,nan,nan,nan,nan,nan,nan,nan,nan,nan,nan,nan,nan,nan,nan,nan,nan,nan,nan,nan,nan,nan,nan,nan,nan,nan,nan,nan,nan,nan,nan,nan,nan,nan,nan,nan,nan,nan,nan,nan,nan,nan,nan,nan,nan,nan,7.374716281890869141e+00,8.349078178405761719e+00,7.377339363098144531e+00,2.255027770996093750e+01,2.576661109924316406e+01,2.301973533630371094e+01,nan,2.004831314086914062e+01,2.255187416076660156e+01,nan,nan,nan,nan,nan,nan,nan,nan,nan,nan,nan
nan,nan,nan,nan,nan,nan,nan,nan,nan,nan,nan,nan,nan,nan,nan,nan,nan,nan,nan,nan,nan,nan,-2.427400398254394531e+01,-1.616625785827636719e+01,-1.542703247070312500e+01,-1.877412414550781250e+01,-2.577000427246093750e+01,-2.792965507507324219e+01,-2.817689323425292969e+01,-2.295186042785644531e+01,-2.395910072326660156e+01,nan,nan,nan,nan,nan,nan,nan,nan,nan,nan,nan,nan,nan,nan,nan,nan,nan,nan,nan,nan,nan,nan,nan,nan,nan,nan,nan,nan,nan,nan,nan,nan,nan,nan,nan,nan,nan,nan,nan,nan,nan,nan,nan,nan,nan,nan,nan,nan,nan,nan,nan,nan,nan,nan,nan,nan,nan,nan,nan,nan,nan,nan,nan,nan,nan,nan,nan,nan,nan,nan,nan,nan,nan,nan,1.039334487915039062e+01,1.054214477539062500e+01,8.996706008911132812e+00,1.315606689453125000e+01,2.369851493835449219e+01,1.756307220458984375e+01,nan,1.982353782653808594e+01,nan,nan,nan,nan,nan,nan,nan,nan,nan,nan,nan,nan
nan,nan,nan,nan,nan,nan,nan,nan,nan,nan,nan,nan,nan,nan,nan,nan,nan,nan,nan,nan,nan,nan,-1.990644836425781250e+01,-1.702294349670410156e+01,-1.328213691711425781e+01,nan,-2.286676979064941406e+01,-2.212748336791992188e+01,-1.985129547119140625e+01,-2.162934684753417969e+01,-2.570950889587402344e+01,nan,nan,nan,nan,nan,nan,nan,nan,nan,nan,nan,nan,nan,nan,nan,nan,nan,nan,nan,nan,nan,nan,nan,nan,nan,nan,nan,nan,nan,nan,nan,nan,nan,nan,nan,nan,nan,nan,nan,nan,nan,nan,nan,nan,nan,nan,nan,nan,nan,nan,nan,nan,nan,nan,nan,nan,nan,nan,nan,nan,nan,nan,nan,nan,nan,nan,nan,nan,nan,nan,nan,nan,nan,6.701611518859863281e+00,7.645819664001464844e+00,6.072795391082763672e+00,1.102664089202880859e+01,1.168038654327392578e+01,2.273308372497558594e+01,1.827303314208984375e+01,1.078635311126708984e+01,nan,nan,nan,nan,nan,nan,nan,nan,nan,nan,nan,nan,nan
nan,nan,nan,nan,nan,nan,nan,nan,nan,nan,nan,nan,nan,nan,nan,nan,nan,nan,nan,nan,nan,nan,-7.499065399169921875e+00,-1.618473434448242188e+01,-7.778990268707275391e+00,nan,-7.323903083801269531e+00,-1.925189208984375000e+01,-1.879083442687988281e+01,-1.690448760986328125e+01,-2.318294715881347656e+01,nan,nan,nan,nan,nan,nan,nan,nan,nan,nan,nan,nan,nan,nan,nan,nan,nan,nan,nan,nan,nan,nan,nan,nan,nan,nan,nan,nan,nan,nan,nan,nan,nan,nan,nan,nan,nan,nan,nan,nan,nan,nan,nan,nan,nan,nan,nan,nan,nan,nan,nan,nan,nan,nan,nan,nan,nan,nan,nan,nan,nan,nan,nan,nan,nan,nan,nan,nan,nan,nan,nan,nan,nan,5.776808261871337891e+00,1.517667412757873535e+00,1.009430170059204102e+00,-2.013231039047241211e+00,9.066880226135253906e+00,2.211601066589355469e+01,2.171071434020996094e+01,1.310391044616699219e+01,nan,nan,nan,nan,nan,nan,nan,nan,nan,nan,nan,nan,nan
nan,nan,nan,nan,nan,nan,nan,nan,nan,nan,nan,nan,nan,nan,nan,nan,nan,nan,nan,nan,-5.732830047607421875e+00,1.100791740417480469e+01,3.277179956436157227e+00,-5.767695426940917969e+00,-5.937718868255615234e+00,-5.610019207000732422e+00,-7.162590026855468750e+00,-1.742472457885742188e+01,-1.992894744873046875e+01,-8.502707481384277344e+00,-1.541122627258300781e+01,nan,nan,nan,nan,nan,nan,nan,nan,nan,nan,nan,nan,nan,nan,nan,nan,nan,nan,nan,nan,nan,nan,nan,nan,nan,nan,nan,nan,nan,nan,nan,nan,nan,nan,nan,nan,nan,nan,nan,nan,nan,nan,nan,nan,nan,nan,nan,nan,nan,nan,nan,nan,nan,nan,nan,nan,nan,nan,nan,nan,nan,nan,nan,nan,nan,nan,nan,nan,nan,nan,nan,nan,nan,4.648204326629638672e+00,nan,1.033621191978454590e+00,5.275689363479614258e-01,-1.065304875373840332e+00,4.445521831512451172e+00,1.341194820404052734e+01,nan,nan,nan,nan,nan,nan,nan,nan,nan,nan,nan,nan,nan,nan
nan,nan,nan,nan,nan,nan,nan,nan,nan,nan,nan,nan,nan,nan,nan,nan,nan,nan,nan,nan,-3.723829746246337891e+00,-1.905650901794433594e+01,2.340599060058593750e+00,8.044650077819824219e+00,-2.448070347309112549e-01,-4.221350193023681641e+00,-1.199272251129150391e+01,-1.932959556579589844e+01,-1.420569801330566406e+01,-7.153334617614746094e+00,nan,nan,nan,nan,nan,nan,nan,nan,nan,nan,nan,nan,nan,nan,nan,nan,nan,nan,nan,nan,nan,nan,nan,nan,nan,nan,nan,nan,nan,nan,nan,nan,nan,nan,nan,nan,nan,nan,nan,nan,nan,nan,nan,nan,nan,nan,nan,nan,nan,nan,nan,nan,nan,nan,nan,nan,nan,nan,nan,nan,nan,nan,nan,nan,nan,nan,nan,nan,nan,nan,nan,nan,nan,nan,3.632923603057861328e+00,4.448819637298583984e+00,2.541651964187622070e+00,2.556003570556640625e+00,-4.609807968139648438e+00,-6.616144776344299316e-01,1.215439701080322266e+01,nan,nan,nan,nan,nan,nan,nan,nan,nan,nan,nan,nan,nan,nan
nan,nan,nan,nan,nan,nan,nan,nan,nan,nan,nan,nan,nan,nan,nan,nan,nan,nan,nan,nan,nan,-8.429358482360839844e+00,-2.736242532730102539e+00,1.602503395080566406e+01,1.361147308349609375e+01,-1.832721471786499023e+00,-2.694620132446289062e+00,-9.577497482299804688e+00,-1.020048999786376953e+01,-8.608881950378417969e+00,-8.840559959411621094e+00,nan,nan,nan,nan,nan,nan,nan,nan,nan,nan,nan,nan,nan,nan,nan,nan,nan,nan,nan,nan,nan,nan,nan,nan,nan,nan,nan,nan,nan,nan,nan,nan,nan,nan,nan,nan,nan,nan,nan,nan,nan,nan,nan,nan,nan,nan,nan,nan,nan,nan,nan,nan,nan,nan,nan,nan,nan,nan,nan,nan,nan,nan,nan,nan,nan,nan,nan,nan,nan,nan,nan,nan,nan,nan,nan,nan,-6.118618249893188477e-01,2.918232202529907227e+00,-2.106150388717651367e+00,2.036878585815429688e+01,9.335783958435058594e+00,nan,nan,nan,nan,nan,nan,nan,nan,nan,nan,nan,nan,nan
nan,nan,nan,nan,nan,nan,nan,nan,nan,nan,nan,nan,nan,nan,nan,nan,nan,nan,nan,nan,nan,-5.612989425659179688e+00,-3.297229766845703125e+00,4.770528793334960938e+00,4.536011219024658203e+00,2.032602310180664062e+00,3.613320589065551758e+00,-6.389786243438720703e+00,-9.713920593261718750e+00,-8.151362419128417969e+00,nan,nan,nan,nan,nan,nan,nan,nan,nan,nan,nan,nan,nan,nan,nan,nan,nan,nan,nan,nan,nan,nan,nan,nan,nan,nan,nan,nan,nan,nan,nan,nan,nan,nan,nan,nan,nan,nan,nan,nan,nan,nan,nan,nan,nan,nan,nan,nan,nan,nan,nan,nan,nan,nan,nan,nan,nan,nan,nan,nan,nan,nan,nan,nan,nan,nan,nan,nan,nan,nan,nan,nan,nan,nan,nan,nan,nan,6.377090454101562500e+00,8.902633190155029297e-01,4.271828651428222656e+00,1.116823768615722656e+01,1.543661975860595703e+01,nan,nan,nan,nan,nan,nan,nan,nan,nan,nan,nan,nan,nan
nan,nan,nan,nan,nan,nan,nan,nan,nan,nan,nan,nan,nan,nan,nan,nan,nan,nan,nan,nan,nan,1.206457972526550293e+00,-8.652187347412109375e+00,-4.992932796478271484e+00,7.848193168640136719e+00,3.208032846450805664e+00,5.096011638641357422e+00,2.200232505798339844e+00,-1.608293414115905762e+00,-2.248743772506713867e+00,nan,nan,nan,nan,nan,nan,nan,nan,nan,nan,nan,nan,nan,nan,nan,nan,nan,nan,nan,nan,nan,nan,nan,nan,nan,nan,nan,nan,nan,nan,nan,nan,nan,nan,nan,nan,nan,nan,nan,nan,nan,nan,nan,nan,nan,nan,nan,nan,nan,nan,nan,nan,nan,nan,nan,nan,nan,nan,nan,nan,nan,nan,nan,nan,nan,nan,nan,nan,nan,nan,nan,nan,nan,nan,nan,nan,nan,nan,3.606788396835327148e+00,2.774072408676147461e+00,1.399715900421142578e+01,2.027141380310058594e+01,nan,nan,nan,nan,nan,nan,nan,nan,nan,nan,nan,nan,nan
nan,nan,nan,nan,nan,nan,nan,nan,nan,nan,nan,nan,nan,nan,nan,nan,nan,nan,nan,nan,nan,nan,2.599245548248291016e+00,2.699841260910034180e+00,8.796398162841796875e+00,9.228658676147460938e+00,4.842620372772216797e+00,3.475568532943725586e+00,2.308612108230590820e+00,-4.648305475711822510e-01,-1.045805454254150391e+00,nan,nan,nan,nan,nan,nan,nan,nan,nan,nan,nan,nan,nan,nan,nan,nan,nan,nan,nan,nan,nan,nan,nan,nan,nan,nan,nan,nan,nan,nan,nan,nan,nan,nan,nan,nan,nan,nan,nan,nan,nan,nan,nan,nan,nan,nan,nan,nan,nan,nan,nan,nan,nan,nan,nan,nan,nan,nan,nan,nan,nan,nan,nan,nan,nan,nan,nan,nan,nan,nan,nan,nan,nan,nan,nan,nan,nan,8.386080741882324219e+00,1.013703727722167969e+01,1.574809646606445312e+01,1.024935913085937500e+01,nan,nan,nan,nan,nan,nan,nan,nan,nan,nan,nan,nan,nan
nan,nan,nan,nan,nan,nan,nan,nan,nan,nan,nan,nan,nan,nan,nan,nan,nan,nan,nan,nan,nan,nan,3.823929548263549805e+00,4.082342624664306641e+00,1.580791282653808594e+01,7.731431961059570312e+00,6.797613143920898438e+00,5.908207893371582031e+00,4.333927631378173828e+00,1.649295091629028320e+00,-5.533946514129638672e+00,-8.880875587463378906e+00,-6.651192665100097656e+00,-1.055358767509460449e+00,nan,nan,nan,nan,nan,nan,nan,nan,nan,nan,nan,nan,nan,nan,nan,nan,nan,nan,nan,nan,nan,nan,nan,nan,nan,nan,nan,nan,nan,nan,nan,nan,nan,nan,nan,nan,nan,nan,nan,nan,nan,nan,nan,nan,nan,nan,nan,nan,nan,nan,nan,nan,nan,nan,nan,nan,nan,nan,nan,nan,nan,nan,nan,nan,nan,nan,nan,nan,nan,nan,nan,6.040121078491210938e+00,4.885399818420410156e+00,3.930527210235595703e+00,1.096070575714111328e+01,1.273566341400146484e+01,1.832212448120117188e+01,1.109228229522705078e+01,nan,nan,nan,nan,nan,nan,nan,nan,nan,nan,nan,nan,nan
nan,nan,nan,nan,nan,nan,nan,nan,nan,nan,nan,nan,nan,nan,nan,nan,nan,nan,nan,nan,nan,nan,nan,nan,6.330039501190185547e+00,5.023253440856933594e+00,1.018978786468505859e+01,9.876267910003662109e-01,5.310793399810791016e+00,1.451282024383544922e+00,-6.816459655761718750e+00,-8.001191139221191406e+00,-4.834425449371337891e+00,1.371234655380249023e-01,1.801435202360153198e-01,nan,nan,nan,nan,nan,nan,nan,nan,nan,nan,nan,nan,nan,nan,nan,nan,nan,nan,nan,nan,nan,nan,nan,nan,nan,nan,nan,nan,nan,nan,nan,nan,nan,nan,nan,nan,nan,nan,nan,nan,nan,nan,nan,nan,nan,nan,nan,nan,nan,nan,nan,nan,nan,nan,nan,nan,nan,nan,nan,nan,nan,nan,nan,nan,nan,nan,nan,nan,nan,nan,2.564337968826293945e+00,3.606654644012451172e+00,1.182730388641357422e+01,1.474720478057861328e+01,1.162950420379638672e+01,nan,nan,nan,nan,nan,nan,nan,nan,nan,nan,nan,nan,nan,nan,nan
nan,nan,nan,nan,nan,nan,nan,nan,nan,nan,nan,nan,nan,nan,nan,nan,nan,nan,nan,nan,nan,nan,nan,nan,-1.644656419754028320e+00,5.231022357940673828e+00,7.371940135955810547e+00,4.105080604553222656e+00,6.310618400573730469e+00,5.876945018768310547e+00,-2.524525821208953857e-01,-3.350224494934082031e+00,-1.047504544258117676e+00,1.617467999458312988e+00,nan,nan,nan,nan,nan,nan,nan,nan,nan,nan,nan,nan,nan,nan,nan,nan,nan,nan,nan,nan,nan,nan,nan,nan,nan,nan,nan,nan,nan,nan,nan,nan,nan,nan,nan,nan,nan,nan,nan,nan,nan,nan,nan,nan,nan,nan,nan,nan,nan,nan,nan,nan,nan,nan,nan,nan,nan,nan,nan,nan,nan,nan,nan,nan,nan,nan,nan,nan,nan,nan,nan,1.314203262329101562e+00,1.041751956939697266e+01,1.326059436798095703e+01,7.660039424896240234e+00,1.542493915557861328e+01,nan,nan,nan,nan,nan,nan,nan,nan,nan,nan,nan,nan,nan,nan,nan
nan,nan,nan,nan,nan,nan,nan,nan,nan,nan,nan,nan,nan,nan,nan,nan,nan,nan,nan,nan,nan,nan,nan,nan,2.948846578598022461e+00,-6.110705137252807617e-01,8.848188400268554688e+00,8.222503662109375000e+00,8.403947830200195312e+00,6.377470970153808594e+00,3.864386796951293945e+00,1.996064186096191406e+00,3.241229295730590820e+00,3.634365558624267578e+00,nan,2.866309881210327148e+00,nan,nan,nan,nan,nan,nan,nan,nan,nan,nan,nan,nan,nan,nan,nan,nan,nan,nan,nan,nan,nan,nan,nan,nan,nan,nan,nan,nan,nan,nan,nan,nan,nan,nan,nan,nan,nan,nan,nan,nan,nan,nan,nan,nan,nan,nan,nan,nan,nan,nan,nan,nan,nan,nan,nan,nan,nan,nan,nan,nan,nan,nan,nan,nan,nan,nan,nan,nan,-1.655689835548400879e+00,1.720227837562561035e+00,4.562545299530029297e+00,1.400662612915039062e+01,9.856923103332519531e+00,8.574988365173339844e+00,nan,nan,nan,nan,nan,nan,nan,nan,nan,nan,nan,nan,nan,nan,nan
nan,nan,nan,nan,nan,nan,nan,nan,nan,nan,nan,nan,nan,nan,nan,nan,nan,nan,nan,nan,nan,nan,nan,nan,1.593526363372802734e+00,8.338825225830078125e+00,1.321821403503417969e+01,1.466776084899902344e+01,1.163796424865722656e+01,9.027518272399902344e+00,4.062220573425292969e+00,3.861232995986938477e+00,2.993205785751342773e+00,4.923929214477539062e+00,1.938966751098632812e+00,1.637112379074096680e+00,nan,nan,nan,nan,nan,nan,nan,nan,nan,nan,nan,nan,nan,nan,nan,nan,nan,nan,nan,nan,nan,nan,nan,nan,nan,nan,nan,nan,nan,nan,nan,nan,nan,nan,nan,nan,nan,nan,nan,nan,nan,nan,nan,nan,nan,nan,nan,nan,nan,nan,nan,nan,nan,nan,nan,nan,nan,nan,nan,nan,nan,nan,nan,nan,nan,nan,nan,2.439255863428115845e-01,-1.571656465530395508e+00,-1.330425381660461426e+00,2.626379728317260742e+00,8.818584442138671875e+00,6.614297389984130859e+00,nan,nan,nan,nan,nan,nan,nan,nan,nan,nan,nan,nan,nan,nan,nan,nan
nan,nan,nan,nan,nan,nan,nan,nan,nan,nan,nan,nan,nan,nan,nan,nan,nan,nan,nan,nan,nan,nan,nan,nan,2.040552902221679688e+01,8.154598236083984375e+00,1.569871711730957031e+01,2.099021720886230469e+01,1.700540542602539062e+01,9.168501853942871094e+00,7.754601478576660156e+00,7.323805809020996094e+00,6.291046142578125000e+00,5.232692718505859375e+00,4.493164062500000000e+00,4.062735557556152344e+00,4.435597896575927734e+00,nan,nan,nan,nan,nan,nan,nan,nan,nan,nan,nan,nan,nan,nan,nan,nan,nan,nan,nan,nan,nan,nan,nan,nan,nan,nan,nan,nan,nan,nan,nan,nan,nan,nan,nan,nan,nan,nan,nan,nan,nan,nan,nan,nan,nan,nan,nan,nan,nan,nan,nan,nan,nan,nan,nan,nan,nan,nan,nan,nan,nan,nan,nan,nan,nan,3.517419844865798950e-02,-2.832466840744018555e+00,3.378919363021850586e+00,3.162316322326660156e+00,7.109735906124114990e-02,8.948924064636230469e+00,nan,nan,nan,nan,nan,nan,nan,nan,nan,nan,nan,nan,nan,nan,nan,nan,nan
nan,nan,nan,nan,nan,nan,nan,nan,nan,nan,nan,nan,nan,nan,nan,nan,nan,nan,nan,nan,nan,nan,nan,nan,1.377023410797119141e+01,1.532173538208007812e+01,1.497025299072265625e+01,2.074823188781738281e+01,2.052728652954101562e+01,1.097868919372558594e+01,1.166877174377441406e+01,1.350258922576904297e+01,9.397162437438964844e+00,4.677190303802490234e+00,4.994790077209472656e+00,4.772648811340332031e+00,2.977507591247558594e+00,nan,nan,nan,nan,nan,nan,nan,nan,nan,nan,nan,nan,nan,nan,nan,nan,nan,nan,nan,nan,nan,nan,nan,nan,nan,nan,nan,nan,nan,nan,nan,nan,nan,nan,nan,nan,nan,nan,nan,nan,nan,nan,nan,nan,nan,nan,nan,nan,nan,nan,nan,nan,nan,nan,nan,nan,nan,nan,nan,nan,nan,nan,nan,nan,nan,-1.521869063377380371e+00,-2.436373233795166016e+00,-1.954833030700683594e+00,1.664614796638488770e+00,2.796135187149047852e+00,3.759473800659179688e+00,4.181848049163818359e+00,nan,nan,nan,nan,nan,nan,nan,nan,nan,nan,nan,nan,nan,nan,nan,nan
nan,nan,nan,nan,nan,nan,nan,nan,nan,nan,nan,nan,nan,nan,nan,nan,nan,nan,nan,nan,nan,nan,nan,nan,nan,2.064521217346191406e+01,1.394657897949218750e+01,1.562526512145996094e+01,2.025855445861816406e+01,1.727607345581054688e+01,1.342002773284912109e+01,1.331216049194335938e+01,1.006848526000976562e+01,6.520230293273925781e+00,4.462128162384033203e+00,3.110288381576538086e+00,2.070357561111450195e+00,5.238736152648925781e+00,nan,nan,nan,nan,nan,nan,nan,nan,nan,nan,nan,nan,nan,nan,nan,nan,nan,nan,nan,nan,nan,nan,nan,nan,nan,nan,nan,nan,nan,nan,nan,nan,nan,nan,nan,nan,nan,nan,nan,nan,nan,nan,nan,nan,nan,nan,nan,nan,nan,nan,nan,nan,nan,nan,nan,nan,nan,nan,nan,nan,nan,nan,nan,nan,-2.535701962187886238e-03,-3.105596065521240234e+00,-3.448061943054199219e+00,6.817930698394775391e+00,6.712671279907226562e+00,1.103981971740722656e+01,2.980846166610717773e+00,nan,nan,nan,nan,nan,nan,nan,nan,nan,nan,nan,nan,nan,nan,nan,nan
nan,nan,nan,nan,nan,nan,nan,nan,nan,nan,nan,nan,nan,nan,nan,nan,nan,nan,nan,nan,nan,nan,nan,nan,nan,nan,2.337895393371582031e+01,1.960340690612792969e+01,1.991516876220703125e+01,1.573714160919189453e+01,1.661091041564941406e+01,1.844341087341308594e+01,1.319410610198974609e+01,9.007669448852539062e+00,4.743752479553222656e+00,1.785235643386840820e+00,1.223707675933837891e+00,6.140659809112548828e+00,nan,nan,nan,nan,nan,nan,nan,nan,nan,nan,nan,nan,nan,nan,nan,nan,nan,nan,nan,nan,nan,nan,nan,nan,nan,nan,nan,nan,nan,nan,nan,nan,nan,nan,nan,nan,nan,nan,nan,nan,nan,nan,nan,nan,nan,nan,nan,nan,nan,nan,nan,nan,nan,nan,nan,nan,nan,nan,nan,nan,nan,nan,nan,nan,1.567890942096710205e-01,-2.220987081527709961e+00,-2.631257534027099609e+00,-5.540043115615844727e-01,8.189005851745605469e+00,1.020824909210205078e+01,2.226300001144409180e+00,nan,nan,nan,nan,nan,nan,nan,nan,nan,nan,nan,nan,nan,nan,nan,nan
nan,nan,nan,nan,nan,nan,nan,nan,nan,nan,nan,nan,nan,nan,nan,nan,nan,nan,nan,nan,nan,nan,nan,nan,nan,nan,1.952248382568359375e+01,2.185784339904785156e+01,2.710664939880371094e+01,1.929250717163085938e+01,1.798264122009277344e+01,1.972085571289062500e+01,1.712609863281250000e+01,7.972452640533447266e+00,1.108676528930664062e+01,5.839973926544189453e+00,5.736107349395751953e+00,2.842693567276000977e+00,nan,nan,nan,nan,nan,nan,nan,nan,nan,nan,nan,nan,nan,nan,nan,nan,nan,nan,nan,nan,nan,nan,nan,nan,nan,nan,nan,nan,nan,nan,nan,nan,nan,nan,nan,nan,nan,nan,nan,nan,nan,nan,nan,nan,nan,nan,nan,nan,nan,nan,nan,nan,nan,nan,nan,nan,nan,nan,nan,nan,nan,nan,nan,nan,-5.721040368080139160e-01,-1.475816071033477783e-01,-6.825076580047607422e+00,-5.690937519073486328e+00,-5.412029743194580078e+00,1.250819802284240723e+00,1.809133172035217285e+00,nan,nan,nan,nan,nan,nan,nan,nan,nan,nan,nan,nan,nan,nan,nan,nan
nan,nan,nan,nan,nan,nan,nan,nan,nan,nan,nan,nan,nan,nan,nan,nan,nan,nan,nan,nan,nan,nan,nan,nan,nan,nan,nan,2.846463012695312500e+01,2.476262474060058594e+01,2.079747200012207031e+01,2.105719757080078125e+01,2.269441795349121094e+01,1.786349487304687500e+01,1.672115135192871094e+01,1.237716484069824219e+01,1.133875274658203125e+01,7.005006790161132812e+00,3.912088632583618164e+00,nan,nan,3.279753208160400391e+00,nan,nan,nan,nan,nan,nan,nan,nan,nan,nan,nan,nan,nan,nan,nan,nan,nan,nan,nan,nan,nan,nan,nan,nan,nan,nan,nan,nan,nan,nan,nan,nan,nan,nan,nan,nan,nan,nan,nan,nan,nan,nan,nan,nan,nan,nan,nan,nan,nan,nan,nan,nan,nan,nan,nan,nan,nan,nan,nan,-4.486604034900665283e-01,-1.115715503692626953e+00,1.462089300155639648e+00,1.823293209075927734e+00,-6.082632064819335938e+00,-4.509715080261230469e+00,4.914611781714484096e-05,nan,nan,nan,nan,nan,nan,nan,nan,nan,nan,nan,nan,nan,nan,nan,nan,nan,nan
nan,nan,nan,nan,nan,nan,nan,nan,nan,nan,nan,nan,nan,nan,nan,nan,nan,nan,nan,nan,nan,nan,nan,nan,nan,nan,nan,nan,2.033775901794433594e+01,2.446292114257812500e+01,2.321722412109375000e+01,2.739412689208984375e+01,1.731480026245117188e+01,1.588219928741455078e+01,1.217841339111328125e+01,1.254673862457275391e+01,9.162498474121093750e+00,9.420120239257812500e+00,3.479777812957763672e+00,-4.317338466644287109e+00,-3.282537460327148438e+00,1.785172104835510254e+00,nan,nan,nan,nan,nan,nan,nan,nan,nan,nan,nan,nan,nan,nan,nan,nan,nan,nan,nan,nan,nan,nan,nan,nan,nan,nan,nan,nan,nan,nan,nan,nan,nan,nan,nan,nan,nan,nan,nan,nan,nan,nan,nan,nan,nan,nan,nan,nan,nan,nan,nan,nan,nan,nan,nan,nan,nan,nan,-1.773931860923767090e+00,8.699790239334106445e-01,1.569894075393676758e+00,4.979713439941406250e+00,-3.423582315444946289e+00,6.824710965156555176e-01,1.559032052755355835e-01,nan,nan,nan,nan,nan,nan,nan,nan,nan,nan,nan,nan,nan,nan,nan,nan,nan,nan
nan,nan,nan,nan,nan,nan,nan,nan,nan,nan,nan,nan,nan,nan,nan,nan,nan,nan,nan,nan,nan,nan,nan,nan,nan,nan,nan,nan,2.143422317504882812e+01,2.411987304687500000e+01,2.612611770629882812e+01,1.729715919494628906e+01,1.864222908020019531e+01,1.889083480834960938e+01,1.778938293457031250e+01,1.496797466278076172e+01,1.234906482696533203e+01,1.416031169891357422e+01,7.788538455963134766e+00,9.847347140312194824e-01,-1.943429350852966309e+00,-1.322927474975585938e+00,7.439808249473571777e-01,nan,nan,nan,nan,nan,nan,nan,nan,nan,nan,nan,nan,nan,nan,nan,nan,nan,nan,nan,nan,nan,nan,nan,nan,nan,nan,nan,nan,nan,nan,nan,nan,nan,nan,nan,nan,nan,nan,nan,nan,nan,nan,nan,nan,nan,nan,nan,nan,nan,nan,nan,nan,nan,nan,nan,1.093258857727050781e+00,-3.427987575531005859e+00,-1.894205331802368164e+00,3.852331936359405518e-01,3.983976125717163086e+00,2.161348104476928711e+00,2.739168167114257812e+00,5.512345790863037109e+00,-3.450246155261993408e-01,nan,nan,nan,nan,nan,nan,nan,nan,nan,nan,nan,nan,nan,nan,nan,nan,nan,nan
nan,nan,nan,nan,nan,nan,nan,nan,nan,nan,nan,nan,nan,nan,nan,nan,nan,nan,nan,nan,nan,nan,nan,nan,nan,nan,nan,nan,nan,2.015295028686523438e+01,2.941980171203613281e+01,2.495203018188476562e+01,1.650357246398925781e+01,1.743521308898925781e+01,1.460424327850341797e+01,1.596487903594970703e+01,1.214834976196289062e+01,1.209973430633544922e+01,1.055963039398193359e+01,1.747429609298706055e+00,-2.018488168716430664e+00,-1.920863389968872070e+00,7.675606012344360352e-02,5.592490434646606445e-01,-1.873234152793884277e+00,2.665169909596443176e-02,4.223674833774566650e-01,nan,nan,nan,nan,7.327082157135009766e-01,-3.318750560283660889e-01,nan,nan,-4.762128353118896484e+00,-5.994598865509033203e+00,-7.415106296539306641e+00,-8.024939537048339844e+00,-8.012368202209472656e+00,-7.247745513916015625e+00,nan,nan,nan,nan,nan,nan,nan,nan,nan,nan,nan,nan,nan,nan,nan,nan,nan,nan,nan,nan,nan,nan,nan,nan,nan,nan,nan,nan,nan,nan,nan,nan,nan,nan,nan,nan,nan,1.581587791442871094e+00,1.507882177829742432e-01,1.256007313728332520e+00,2.422528266906738281e+00,1.483589172363281250e+00,1.829111695289611816e+00,-3.706844151020050049e-01,4.613756179809570312e+00,-7.609317898750305176e-01,nan,nan,nan,nan,nan,nan,nan,nan,nan,nan,nan,nan,nan,nan,nan,nan,nan,nan
nan,nan,nan,nan,nan,nan,nan,nan,nan,nan,nan,nan,nan,nan,nan,nan,nan,nan,nan,nan,nan,nan,nan,nan,nan,nan,nan,nan,nan,nan,2.814549636840820312e+01,2.221125984191894531e+01,7.721808433532714844e+00,5.697960853576660156e+00,1.415712547302246094e+01,9.940251350402832031e+00,1.400922966003417969e+01,8.118366241455078125e+00,4.269835948944091797e+00,4.903866291046142578e+00,4.072281360626220703e+00,4.156313419342041016e+00,5.426571965217590332e-01,1.225915312767028809e+00,-2.323562622070312500e+00,-2.631371498107910156e+00,-1.799923181533813477e+00,-1.488575696945190430e+00,-8.219320327043533325e-02,1.912687301635742188e+00,1.870250463485717773e+00,2.643396258354187012e-01,-7.849320173263549805e-01,-1.131526827812194824e+00,-3.240407943725585938e+00,-7.268339157104492188e+00,-9.553421020507812500e+00,-1.021684646606445312e+01,-7.477388381958007812e+00,-1.475543880462646484e+01,-5.487732887268066406e-01,-5.586465358734130859e+00,-2.995359182357788086e+00,nan,nan,nan,nan,nan,4.939668178558349609e+00,nan,nan,nan,nan,nan,nan,nan,nan,nan,nan,nan,nan,nan,nan,nan,nan,nan,nan,nan,nan,nan,nan,nan,nan,nan,nan,nan,nan,nan,nan,1.920824646949768066e+00,1.278930306434631348e+00,-2.802093029022216797e+00,-4.037528514862060547e+00,-6.039774894714355469e+00,-8.593033790588378906e+00,-1.923294365406036377e-01,nan,nan,nan,nan,nan,nan,nan,nan,nan,nan,nan,nan,nan,nan,nan,nan,nan,nan,nan
nan,nan,nan,nan,nan,nan,nan,nan,nan,nan,nan,nan,nan,nan,nan,nan,nan,nan,nan,nan,nan,nan,nan,nan,nan,nan,nan,nan,nan,nan,nan,4.874912738800048828e+00,7.378401756286621094e+00,3.362132549285888672e+00,9.556494712829589844e+00,6.896608829498291016e+00,9.965174674987792969e+00,9.520416259765625000e+00,5.759331226348876953e+00,5.319189548492431641e+00,-9.401596784591674805e-01,-5.753911137580871582e-01,8.423696160316467285e-01,3.422845602035522461e+00,-2.637616872787475586e+00,-4.326869964599609375e+00,2.657855033874511719e+00,2.381110668182373047e+00,1.233941435813903809e+00,2.098227500915527344e+00,7.855082750320434570e-01,1.932271599769592285e+00,1.344409704208374023e+00,1.006057977676391602e+00,-5.992690086364746094e+00,-4.480976104736328125e+00,-7.087257385253906250e+00,-8.091269493103027344e+00,-1.059490776062011719e+01,-1.849162101745605469e+01,-1.340938663482666016e+01,-7.434554576873779297e+00,-1.799985766410827637e+00,4.759811460971832275e-01,9.939204216003417969e+00,5.553436279296875000e+00,3.700924396514892578e+00,3.992247104644775391e+00,4.319486618041992188e+00,nan,nan,nan,nan,nan,nan,nan,nan,nan,nan,nan,nan,nan,nan,nan,nan,nan,nan,nan,nan,nan,nan,nan,nan,nan,nan,nan,nan,nan,1.042454957962036133e+00,6.660720825195312500e+00,3.737281799316406250e+00,-9.448022246360778809e-01,-1.935106962919235229e-01,-6.455608367919921875e+00,-6.542572379112243652e-02,nan,nan,nan,nan,nan,nan,nan,nan,nan,nan,nan,nan,nan,nan,nan,nan,nan,nan,nan,nan
nan,nan,nan,nan,nan,nan,nan,nan,nan,nan,nan,nan,nan,nan,nan,nan,nan,nan,nan,nan,nan,nan,nan,nan,nan,nan,nan,nan,nan,nan,nan,nan,1.054117774963378906e+01,9.456051826477050781e+00,-1.183257460594177246e+00,9.062982559204101562e+00,1.091886615753173828e+01,1.030110549926757812e+01,7.137550354003906250e+00,3.531065225601196289e+00,4.135293006896972656e+00,3.108572244644165039e+00,1.889257669448852539e+00,2.122482538223266602e+00,7.788683772087097168e-01,-1.118220210075378418e+00,4.284332096576690674e-01,3.132219791412353516e+00,3.126926422119140625e+00,3.730891704559326172e+00,1.945256233215332031e+00,3.105751514434814453e+00,3.331473112106323242e+00,2.785235047340393066e-01,-1.591456413269042969e+00,-1.218644261360168457e+00,-5.914773941040039062e-01,-8.873160362243652344e+00,-1.119809627532958984e+01,-1.686481666564941406e+01,-1.507745170593261719e+01,-4.233190059661865234e+00,-1.196699738502502441e-01,3.810386359691619873e-01,3.998806238174438477e+00,5.509483814239501953e+00,9.809231758117675781e+00,nan,nan,nan,nan,nan,nan,nan,nan,nan,nan,nan,nan,nan,nan,nan,nan,nan,nan,nan,nan,nan,nan,nan,nan,nan,nan,nan,nan,nan,nan,nan,5.508623719215393066e-01,1.007126903533935547e+01,6.911630630493164062e+00,1.064317321777343750e+01,2.331778764724731445e+00,-3.782558679580688477e+00,nan,nan,nan,nan,nan,nan,nan,nan,nan,nan,nan,nan,nan,nan,nan,nan,nan,nan,nan,nan,nan
nan,nan,nan,nan,nan,nan,nan,nan,nan,nan,nan,nan,nan,nan,nan,nan,nan,nan,nan,nan,nan,nan,nan,nan,nan,nan,nan,nan,nan,nan,nan,nan,nan,nan,-1.028936147689819336e+00,4.504756450653076172e+00,6.918804645538330078e+00,5.927660465240478516e+00,1.852131009101867676e+00,3.087157249450683594e+00,1.408476978540420532e-01,1.502456188201904297e+00,-4.399065971374511719e-01,-6.178588271141052246e-01,2.039814740419387817e-01,-9.333261847496032715e-01,2.628576040267944336e+00,3.514732360839843750e+00,4.034216880798339844e+00,4.970864772796630859e+00,5.137372493743896484e+00,4.520769596099853516e+00,3.604554176330566406e+00,1.630967736244201660e+00,-1.439945697784423828e+00,-1.430414676666259766e+00,-4.419204235076904297e+00,-8.206846237182617188e+00,-8.197817802429199219e+00,-1.222260761260986328e+01,-1.039519405364990234e+01,-2.522595167160034180e+00,-1.151474118232727051e+00,-2.190149068832397461e+00,6.109325885772705078e-01,4.394770145416259766e+00,4.460410594940185547e+00,8.164807319641113281e+00,nan,nan,nan,nan,nan,nan,nan,nan,nan,nan,nan,nan,nan,nan,nan,nan,nan,nan,nan,nan,nan,nan,nan,nan,nan,nan,nan,nan,nan,2.916034221649169922e+00,6.813042640686035156e+00,3.599490880966186523e+00,-1.252514600753784180e+00,3.036208152770996094e+00,-1.658268451690673828e+00,-5.060843825340270996e-01,nan,nan,nan,nan,nan,nan,nan,nan,nan,nan,nan,nan,nan,nan,nan,nan,nan,nan,nan,nan,nan
nan,nan,nan,nan,nan,nan,nan,nan,nan,nan,nan,nan,nan,nan,nan,nan,nan,nan,nan,nan,nan,nan,nan,nan,nan,nan,nan,nan,nan,nan,nan,nan,nan,nan,-6.531717300415039062e+00,-3.910211324691772461e+00,5.708368301391601562e+00,4.201583385467529297e+00,-2.362461090087890625e+00,1.271295905113220215e+00,-1.031608223915100098e+00,-4.158607482910156250e+00,-6.114020347595214844e+00,-6.014260053634643555e-01,-1.235758662223815918e+00,1.695177912712097168e+00,4.475882530212402344e+00,4.345236778259277344e+00,4.710334300994873047e+00,4.470906734466552734e+00,6.657654285430908203e+00,6.485553741455078125e+00,4.752140998840332031e+00,2.265659570693969727e+00,3.847439289093017578e-01,-5.955340266227722168e-01,-2.942514657974243164e+00,-6.861889362335205078e+00,-1.354277324676513672e+01,-1.346488356590270996e+00,1.047675704956054688e+01,-3.367479741573333740e-01,9.658236503601074219e+00,4.981870055198669434e-01,6.104074478149414062e+00,-2.367834568023681641e+00,3.277542293071746826e-01,-6.809864640235900879e-01,5.526714801788330078e+00,nan,nan,nan,nan,nan,nan,nan,nan,nan,nan,nan,nan,nan,nan,nan,nan,nan,nan,nan,nan,nan,nan,nan,nan,nan,nan,1.468363523483276367e+00,-3.863156557083129883e+00,2.360572814941406250e+00,3.367650270462036133e+00,-1.416997528076171875e+01,-1.225617885589599609e+01,nan,nan,nan,nan,nan,nan,nan,nan,nan,nan,nan,nan,nan,nan,nan,nan,nan,nan,nan,nan,nan,nan,nan,nan
nan,nan,nan,nan,nan,nan,nan,nan,nan,nan,nan,nan,nan,nan,nan,nan,nan,nan,nan,nan,nan,nan,nan,nan,nan,nan,nan,nan,nan,nan,nan,4.247508525848388672e+00,nan,4.885865211486816406e+00,4.451344013214111328e+00,2.772371768951416016e+00,-1.799693226814270020e+00,-1.994413733482360840e+00,-3.183704614639282227e+00,1.916824460029602051e+00,1.863762140274047852e-01,-4.940887928009033203e+00,-5.010251045227050781e+00,-1.908882141113281250e+00,2.681646823883056641e+00,4.642296791076660156e+00,4.574088573455810547e+00,1.543140053749084473e+00,6.077545642852783203e+00,6.857031345367431641e+00,7.316977977752685547e+00,5.597539424896240234e+00,4.553239822387695312e+00,2.355396032333374023e+00,2.584594011306762695e+00,2.360112190246582031e+00,9.643683433532714844e-01,-8.466526985168457031e+00,-6.706264495849609375e+00,5.486549377441406250e+00,7.150898933410644531e+00,5.645132064819335938e+00,7.138587951660156250e+00,1.647248649597167969e+01,5.423700332641601562e+00,3.116391420364379883e+00,3.432743787765502930e+00,-6.939403414726257324e-01,nan,nan,nan,nan,nan,nan,nan,nan,nan,nan,nan,nan,nan,nan,nan,nan,nan,nan,nan,nan,nan,nan,nan,nan,nan,nan,nan,nan,-3.653163194656372070e+00,4.742696285247802734e+00,-3.374448537826538086e+00,-7.737013816833496094e+00,1.974471658468246460e-01,nan,nan,nan,nan,nan,nan,nan,nan,nan,nan,nan,nan,nan,nan,nan,nan,nan,nan,nan,nan,nan,nan,nan,nan
nan,nan,nan,nan,nan,nan,nan,nan,nan,nan,nan,nan,nan,nan,nan,nan,nan,nan,nan,nan,nan,nan,nan,nan,nan,nan,nan,nan,nan,nan,nan,nan,4.720969676971435547e+00,nan,1.247540473937988281e+01,7.790880680084228516e+00,5.287405967712402344e+00,-2.451807022094726562e+00,3.452519416809082031e+00,1.803461670875549316e+00,-7.352521419525146484e-01,-3.936427831649780273e+00,-8.485139846801757812e+00,-1.728282690048217773e+00,7.722314834594726562e+00,7.707278728485107422e+00,9.510502219200134277e-01,3.951160669326782227e+00,7.126924037933349609e+00,8.332219123840332031e+00,7.947027683258056641e+00,6.239120483398437500e+00,5.072028160095214844e+00,2.619218826293945312e+00,2.455775976181030273e+00,1.918971896171569824e+00,3.371160328388214111e-01,-1.041205525398254395e+00,-2.010833024978637695e+00,4.620018303394317627e-01,1.123785018920898438e+00,1.734100580215454102e+00,6.612587451934814453e+00,1.293829250335693359e+01,2.080928039550781250e+01,1.192261123657226562e+01,3.717423677444458008e+00,nan,nan,nan,nan,nan,nan,nan,nan,nan,nan,nan,nan,nan,nan,nan,nan,nan,nan,nan,nan,nan,nan,nan,nan,nan,nan,nan,nan,3.378252029418945312e+00,-6.028874397277832031e+00,2.147509813308715820e+00,5.274005889892578125e+00,8.611398935317993164e-01,-2.749678865075111389e-02,nan,nan,nan,nan,nan,nan,nan,nan,nan,nan,nan,nan,nan,nan,nan,nan,nan,nan,nan,nan,nan,nan,nan,nan
nan,nan,nan,nan,nan,nan,nan,nan,nan,nan,nan,nan,nan,nan,nan,nan,nan,nan,nan,nan,nan,nan,nan,nan,nan,nan,nan,nan,nan,nan,nan,nan,4.101454257965087891e+00,nan,nan,9.531194686889648438e+00,9.651625633239746094e+00,1.619474601745605469e+01,4.167354106903076172e+00,-3.957772493362426758e+00,-3.854408502578735352e+00,-4.084485530853271484e+00,-6.822576999664306641e+00,9.711337685585021973e-01,8.314885139465332031e+00,7.185111522674560547e+00,-6.634600460529327393e-02,3.128047466278076172e+00,8.916711807250976562e+00,1.188184738159179688e+01,1.174461269378662109e+01,7.852679729461669922e+00,8.203274726867675781e+00,6.497114181518554688e+00,-7.838996052742004395e-01,1.871592760086059570e+00,2.374840497970581055e+00,6.470971107482910156e+00,2.286371469497680664e+00,5.377315878868103027e-01,1.087663555145263672e+01,2.243320465087890625e+01,1.469229507446289062e+01,1.515293693542480469e+01,1.460337066650390625e+01,1.441970920562744141e+01,1.216942119598388672e+01,nan,nan,nan,nan,nan,nan,nan,nan,nan,nan,nan,nan,nan,nan,nan,nan,nan,nan,nan,nan,nan,nan,nan,nan,nan,nan,nan,4.499403476715087891e+00,9.199230194091796875e+00,6.958656787872314453e+00,6.238654136657714844e+00,-7.198012351989746094e+00,nan,nan,nan,nan,nan,nan,nan,nan,nan,nan,nan,nan,nan,nan,nan,nan,nan,nan,nan,nan,nan,nan,nan,nan,nan,nan
nan,nan,nan,nan,nan,nan,nan,nan,nan,nan,nan,nan,nan,nan,nan,nan,nan,nan,nan,nan,nan,nan,nan,nan,nan,nan,nan,nan,nan,nan,nan,nan,nan,1.696152329444885254e+00,1.530617713928222656e+00,1.060169124603271484e+01,9.495671272277832031e+00,1.371503829956054688e+01,-3.020788669586181641e+00,-8.490788459777832031e+00,-5.741570949554443359e+00,-2.302971601486206055e+00,-1.190464138984680176e+00,2.238356590270996094e+00,3.292413234710693359e+00,8.124591708183288574e-01,7.350952029228210449e-01,4.942629814147949219e+00,6.810755729675292969e+00,9.966914176940917969e+00,1.016923904418945312e+01,1.008205318450927734e+01,8.242227554321289062e+00,8.759574890136718750e+00,7.045504570007324219e+00,9.748855590820312500e+00,8.815761566162109375e+00,8.567850112915039062e+00,5.419331073760986328e+00,6.295555830001831055e-01,5.374742984771728516e+00,8.194053649902343750e+00,1.082468605041503906e+01,1.104747009277343750e+01,9.693595886230468750e+00,2.773511314392089844e+01,nan,nan,nan,nan,nan,nan,nan,nan,nan,nan,nan,nan,nan,nan,nan,nan,nan,nan,nan,nan,nan,nan,nan,nan,nan,nan,nan,nan,4.184967517852783203e+00,1.429308700561523438e+01,6.812713146209716797e+00,-5.421163558959960938e+00,2.070951223373413086e+00,nan,nan,nan,nan,nan,nan,nan,nan,nan,nan,nan,nan,nan,nan,nan,nan,nan,nan,nan,nan,nan,nan,nan,nan,nan,nan
nan,nan,nan,nan,nan,nan,nan,nan,nan,nan,nan,nan,nan,nan,nan,nan,nan,nan,nan,nan,nan,nan,nan,nan,nan,nan,nan,nan,nan,nan,nan,nan,-6.621713638305664062e-01,4.620806694030761719e+00,7.719230651855468750e+00,5.150985240936279297e+00,5.647042751312255859e+00,-2.192785024642944336e+00,-1.287695980072021484e+01,-9.936621665954589844e+00,-7.088054180145263672e+00,-4.582669258117675781e+00,-4.106370449066162109e+00,1.148135289549827576e-01,1.374282956123352051e+00,2.829083442687988281e+00,2.510163068771362305e+00,4.773940086364746094e+00,3.513969421386718750e+00,4.946771621704101562e+00,1.158929443359375000e+01,1.495730400085449219e+01,1.314056873321533203e+01,1.734066390991210938e+01,1.687344741821289062e+01,1.673127555847167969e+01,1.365060424804687500e+01,7.877355575561523438e+00,7.767481327056884766e+00,4.557930946350097656e+00,7.872982025146484375e+00,8.978023529052734375e+00,8.326219558715820312e+00,7.337247848510742188e+00,1.366348361968994141e+01,2.518464469909667969e+01,2.004372596740722656e+01,nan,nan,nan,nan,nan,nan,nan,nan,nan,nan,nan,nan,nan,nan,nan,nan,nan,nan,nan,nan,nan,nan,nan,nan,4.121680736541748047e+00,nan,nan,1.388510799407958984e+01,1.165293407440185547e+01,1.009233760833740234e+01,nan,nan,nan,nan,nan,nan,nan,nan,nan,nan,nan,nan,nan,nan,nan,nan,nan,nan,nan,nan,nan,nan,nan,nan,nan,nan,nan,nan
nan,nan,nan,nan,nan,nan,nan,nan,nan,nan,nan,nan,nan,nan,nan,nan,nan,nan,nan,nan,nan,nan,nan,nan,nan,nan,nan,nan,nan,nan,nan,nan,nan,5.344314098358154297e+00,3.980064392089843750e+00,3.116384029388427734e+00,5.513049125671386719e+00,-6.561281204223632812e+00,-1.588692092895507812e+01,-8.815857887268066406e+00,-7.570440292358398438e+00,-8.588566780090332031e+00,-4.463503360748291016e+00,-1.212285280227661133e+00,1.107354998588562012e+00,1.196012973785400391e+00,3.088580369949340820e+00,2.732546806335449219e+00,2.539909601211547852e+00,3.980967998504638672e+00,1.036659049987792969e+01,1.297306728363037109e+01,1.020556068420410156e+01,1.474952983856201172e+01,1.265087795257568359e+01,1.018205833435058594e+01,8.863645553588867188e+00,9.252680778503417969e+00,6.426371574401855469e+00,7.629937648773193359e+00,8.453003883361816406e+00,9.508106231689453125e+00,8.900373458862304688e+00,1.894748306274414062e+01,2.063084793090820312e+01,2.119017982482910156e+01,2.311119461059570312e+01,nan,nan,nan,nan,nan,nan,nan,nan,nan,nan,nan,nan,nan,nan,nan,nan,nan,nan,nan,nan,nan,nan,5.520126819610595703e+00,4.578025341033935547e+00,4.312150955200195312e+00,7.720189094543457031e+00,1.270779418945312500e+01,5.019933223724365234e+00,8.440797805786132812e+00,nan,nan,nan,nan,nan,nan,nan,nan,nan,nan,nan,nan,nan,nan,nan,nan,nan,nan,nan,nan,nan,nan,nan,nan,nan,nan,nan,nan,nan
nan,nan,nan,nan,nan,nan,nan,nan,nan,nan,nan,nan,nan,nan,nan,nan,nan,nan,nan,nan,nan,nan,nan,nan,nan,nan,nan,nan,nan,nan,nan,nan,nan,-3.852507114410400391e+00,-3.632272005081176758e+00,-6.882712364196777344e+00,-5.742055416107177734e+00,-1.781674766540527344e+01,-1.857585716247558594e+01,-1.555978298187255859e+01,-1.532130146026611328e+01,-1.547182941436767578e+01,-8.209328651428222656e+00,-6.245131492614746094e+00,-1.666766285896301270e+00,-2.664168357849121094e+00,5.484640598297119141e-02,6.204354166984558105e-01,4.865735054016113281e+00,1.007457971572875977e+00,7.365202158689498901e-02,9.694082260131835938e+00,2.248049497604370117e+00,9.586342811584472656e+00,7.600203037261962891e+00,5.225496768951416016e+00,6.515789508819580078e+00,1.117314338684082031e+01,1.079828548431396484e+01,9.669081687927246094e+00,6.946964740753173828e+00,7.101768493652343750e+00,1.215639209747314453e+01,3.455674362182617188e+01,3.684740829467773438e+01,3.469601440429687500e+01,3.249992752075195312e+01,2.490145111083984375e+01,2.943643760681152344e+01,nan,nan,nan,nan,nan,nan,nan,nan,nan,nan,nan,nan,nan,nan,nan,nan,nan,nan,9.450055122375488281e+00,8.214473724365234375e+00,1.159225940704345703e+00,-2.442120552062988281e+00,3.184597015380859375e+00,-2.330577135086059570e+00,-2.128870010375976562e+00,-5.057312175631523132e-02,3.599334478378295898e+00,nan,nan,nan,nan,nan,nan,nan,nan,nan,nan,nan,nan,nan,nan,nan,nan,nan,nan,nan,nan,nan,nan,nan,nan,nan,nan,nan,nan,nan
nan,nan,nan,nan,nan,nan,nan,nan,nan,nan,nan,nan,nan,nan,nan,nan,nan,nan,nan,nan,nan,nan,nan,nan,nan,nan,nan,nan,nan,nan,nan,nan,-1.611316490173339844e+01,-1.829340171813964844e+01,-2.087298202514648438e+01,-2.145226097106933594e+01,-1.740693283081054688e+01,-2.214576148986816406e+01,-2.141624259948730469e+01,-2.085862731933593750e+01,-1.696078491210937500e+01,-1.921048545837402344e+01,-1.295739650726318359e+01,-7.598395347595214844e+00,-3.579662561416625977e+00,-1.198214769363403320e+00,-6.292659044265747070e-01,-1.999180078506469727e+00,-2.134771585464477539e+00,-3.007778227329254150e-01,-6.870224475860595703e-01,4.231962680816650391e+00,-1.522535800933837891e+00,5.114026546478271484e+00,9.841092109680175781e+00,-2.313297986984252930e+00,4.962302684783935547e+00,2.823231935501098633e+00,9.050189971923828125e+00,8.131880760192871094e+00,6.903100967407226562e+00,7.264509677886962891e+00,1.754816436767578125e+01,7.488527297973632812e+00,2.366016387939453125e+01,3.050057029724121094e+01,2.266406059265136719e+01,3.392564010620117188e+01,4.262952804565429688e+01,4.980278396606445312e+01,4.034386062622070312e+01,2.645792961120605469e+01,1.534051990509033203e+01,3.161038398742675781e+01,nan,nan,nan,nan,nan,nan,nan,1.377417850494384766e+01,1.248289680480957031e+01,nan,nan,nan,1.074512958526611328e+01,-2.925301790237426758e+00,4.426178932189941406e+00,1.516164684295654297e+01,7.462195873260498047e+00,9.663486480712890625e-01,-9.064791798591613770e-01,-9.107226371765136719e+00,-3.036641836166381836e+00,nan,nan,nan,nan,nan,nan,nan,nan,nan,nan,nan,nan,nan,nan,nan,nan,nan,nan,nan,nan,nan,nan,nan,nan,nan,nan,nan,nan,nan,nan
nan,nan,nan,nan,nan,nan,nan,nan,nan,nan,nan,nan,nan,nan,nan,nan,nan,nan,nan,nan,nan,nan,nan,nan,nan,nan,nan,nan,nan,nan,nan,nan,-2.314253807067871094e+01,-2.366400527954101562e+01,-2.827131271362304688e+01,-2.658637619018554688e+01,-2.841530990600585938e+01,-2.743658447265625000e+01,-2.082105445861816406e+01,-1.729238700866699219e+01,-1.690494537353515625e+01,-2.033010673522949219e+01,-1.697102737426757812e+01,-7.848922729492187500e+00,-6.394641876220703125e+00,-5.934100627899169922e+00,-8.804638862609863281e+00,-6.583012580871582031e+00,-4.732777595520019531e+00,-3.624254703521728516e+00,-4.257587909698486328e+00,-7.566007375717163086e-01,1.463551998138427734e+00,1.850817084312438965e+00,1.390456676483154297e+01,-4.123560905456542969e+00,4.855323731899261475e-01,6.660841464996337891e+00,7.797796726226806641e+00,7.303438663482666016e+00,6.040926456451416016e+00,5.558442592620849609e+00,7.285455226898193359e+00,6.596294403076171875e+00,1.162545394897460938e+01,2.045357513427734375e+01,2.156969261169433594e+01,2.819484901428222656e+01,3.677551269531250000e+01,3.579519653320312500e+01,3.420895767211914062e+01,3.927851486206054688e+01,3.183804702758789062e+01,3.105550575256347656e+01,2.139628601074218750e+01,1.524057102203369141e+01,1.006790256500244141e+01,1.411982917785644531e+01,9.349608421325683594e+00,1.423969841003417969e+01,4.814904689788818359e+00,-2.201149016618728638e-01,9.423919320106506348e-01,nan,1.051524829864501953e+01,1.081532955169677734e+01,1.068854236602783203e+01,3.641937732696533203e+00,1.200829315185546875e+01,1.473648452758789062e+01,3.226138353347778320e+00,3.767459869384765625e+00,-3.451374173164367676e-01,-2.958353042602539062e+00,4.762005482916720212e-05,nan,nan,nan,nan,nan,nan,nan,nan,nan,nan,nan,nan,nan,nan,nan,nan,nan,nan,nan,nan,nan,nan,nan,nan,nan,nan,nan,nan,nan,nan
nan,nan,nan,nan,nan,nan,nan,nan,nan,nan,nan,nan,nan,nan,nan,nan,nan,nan,nan,nan,nan,nan,nan,nan,nan,nan,nan,nan,nan,nan,nan,nan,nan,-3.111384201049804688e+01,-4.085550689697265625e+01,-4.273592376708984375e+01,-3.716486740112304688e+01,-2.959524917602539062e+01,-2.815571784973144531e+01,-1.236276245117187500e+01,-1.682060623168945312e+01,-1.997197914123535156e+01,-1.896920394897460938e+01,-1.789629554748535156e+01,-1.750197601318359375e+01,-1.269367313385009766e+01,-6.720580577850341797e+00,-4.818053245544433594e+00,-1.912295532226562500e+01,-7.918649196624755859e+00,-4.433379173278808594e+00,-4.709271907806396484e+00,-3.693974971771240234e+00,-5.519630813598632812e+01,-1.990158271789550781e+01,-1.886266618967056274e-01,1.950668454170227051e+00,1.688043975830078125e+01,7.207261562347412109e+00,6.216071605682373047e+00,4.996493816375732422e+00,3.199188947677612305e+00,5.309286117553710938e+00,4.930897235870361328e+00,1.299692726135253906e+01,2.145953178405761719e+01,nan,2.563100624084472656e+01,2.783901405334472656e+01,4.259206390380859375e+01,3.684588623046875000e+01,4.532072830200195312e+01,4.401125335693359375e+01,4.271385574340820312e+01,3.900662994384765625e+01,3.114324569702148438e+01,2.171149635314941406e+01,2.740561676025390625e+01,2.396256256103515625e+01,2.380470275878906250e+01,2.310243606567382812e+01,1.922975730895996094e+01,3.816642761230468750e+00,6.763141155242919922e+00,8.615462303161621094e+00,1.423525047302246094e+01,2.047103500366210938e+01,2.115428924560546875e+01,1.925493621826171875e+01,1.425345134735107422e+01,3.172273397445678711e+00,5.248668193817138672e+00,nan,2.133711338043212891e+00,8.107022643089294434e-01,nan,nan,nan,nan,nan,nan,nan,nan,nan,nan,nan,nan,nan,nan,nan,nan,nan,nan,nan,nan,nan,nan,nan,nan,nan,nan,nan,nan,nan,nan
nan,nan,nan,nan,nan,nan,nan,nan,nan,nan,nan,nan,nan,nan,nan,nan,nan,nan,nan,nan,nan,nan,nan,nan,nan,nan,nan,nan,nan,nan,nan,nan,nan,nan,-5.602832794189453125e+01,-4.709226226806640625e+01,-4.100294494628906250e+01,-3.490726852416992188e+01,-3.027631759643554688e+01,-2.795351600646972656e+01,-1.884608840942382812e+01,-1.898167610168457031e+01,-1.936391448974609375e+01,-1.793082427978515625e+01,-1.303187656402587891e+01,-1.429045581817626953e+01,-1.302701663970947266e+01,-3.466885328292846680e+00,-2.395178604125976562e+01,-1.717342948913574219e+01,-7.119807720184326172e+00,-3.486830949783325195e+00,1.633025884628295898e+00,-1.625644302368164062e+01,-3.151358842849731445e+00,1.227571582794189453e+01,-1.038464069366455078e+01,9.927609443664550781e+00,1.103702640533447266e+01,5.582994461059570312e+00,4.284020423889160156e+00,3.245285511016845703e+00,4.727608203887939453e+00,4.838680744171142578e+00,8.740462303161621094e+00,1.118505573272705078e+01,nan,2.042178916931152344e+01,2.092543601989746094e+01,1.869527626037597656e+01,3.490805435180664062e+01,4.433221817016601562e+01,5.035018157958984375e+01,3.616570281982421875e+01,3.230703735351562500e+01,3.482733917236328125e+01,3.424281692504882812e+01,3.191655158996582031e+01,2.248109626770019531e+01,2.315310287475585938e+01,2.438528823852539062e+01,2.079440879821777344e+01,1.704612731933593750e+01,8.337041854858398438e+00,1.715085411071777344e+01,1.488020133972167969e+01,1.346949577331542969e+01,2.276375198364257812e+01,2.138275146484375000e+01,nan,7.432052612304687500e+00,5.602964401245117188e+00,nan,nan,nan,nan,nan,nan,nan,nan,nan,nan,nan,nan,nan,nan,nan,nan,nan,nan,nan,nan,nan,nan,nan,nan,nan,nan,nan,nan,nan,nan,nan,nan,nan
nan,nan,nan,nan,nan,nan,nan,nan,nan,nan,nan,nan,nan,nan,nan,nan,nan,nan,nan,nan,nan,nan,nan,nan,nan,nan,nan,nan,nan,nan,nan,nan,nan,nan,-5.098894882202148438e+01,-4.831101226806640625e+01,-3.809289550781250000e+01,-3.689213562011718750e+01,-3.423422622680664062e+01,-2.707175254821777344e+01,-2.382293510437011719e+01,-2.003111839294433594e+01,-1.317354393005371094e+01,-1.095559597015380859e+01,-1.282462310791015625e+01,-1.391929817199707031e+01,-1.253032779693603516e+01,-2.079670715332031250e+01,-2.001048851013183594e+01,-1.033793258666992188e+01,-5.794879436492919922e+00,-2.865267515182495117e+00,-7.085490703582763672e+00,-1.825134277343750000e+01,-4.973199367523193359e+00,-3.866941928863525391e+00,8.348524093627929688e+00,-1.559041404724121094e+01,-3.738620519638061523e+00,9.416753053665161133e-01,5.645013809204101562e+00,3.478458642959594727e+00,6.020414829254150391e+00,4.531980991363525391e+00,6.012826919555664062e+00,1.019413185119628906e+01,5.029703140258789062e+00,6.507251262664794922e+00,1.220269012451171875e+01,1.810756492614746094e+01,2.923993301391601562e+01,4.219325637817382812e+01,nan,nan,2.388596343994140625e+01,9.332840919494628906e+00,1.397328853607177734e+01,3.416709518432617188e+01,2.844045829772949219e+01,8.041457176208496094e+00,8.576557636260986328e-01,8.994021415710449219e+00,1.073614501953125000e+01,1.081771087646484375e+01,nan,nan,1.017096996307373047e+01,nan,1.231730079650878906e+01,nan,nan,nan,nan,nan,nan,nan,nan,nan,nan,nan,nan,nan,nan,nan,nan,nan,nan,nan,nan,nan,nan,nan,nan,nan,nan,nan,nan,nan,nan,nan,nan,nan,nan,nan,nan
nan,nan,nan,nan,nan,nan,nan,nan,nan,nan,nan,nan,nan,nan,nan,nan,nan,nan,nan,nan,nan,nan,nan,nan,nan,nan,nan,nan,nan,nan,nan,nan,nan,nan,-6.417405700683593750e+01,-5.564684295654296875e+01,-4.396716308593750000e+01,-3.751116561889648438e+01,-3.435259628295898438e+01,-2.648735046386718750e+01,-2.355810737609863281e+01,-1.575947189331054688e+01,-1.389668369293212891e+01,-1.287326335906982422e+01,-1.235955524444580078e+01,-1.495804691314697266e+01,-1.301834106445312500e+01,-1.308577919006347656e+01,-1.250527858734130859e+01,-1.033020782470703125e+01,3.207644701004028320e+00,-5.453828334808349609e+00,-6.300837516784667969e+00,-2.913995742797851562e+01,-6.163398265838623047e+00,-5.148753166198730469e+00,-1.017997169494628906e+01,-5.378605842590332031e+00,-4.338307380676269531e+00,-5.763711452484130859e+00,-5.842925071716308594e+00,-1.488849520683288574e+00,4.618622303009033203e+00,5.427902698516845703e+00,4.377794742584228516e+00,-2.563315257430076599e-02,2.261947631835937500e+00,5.530732631683349609e+00,8.466294288635253906e+00,2.341632843017578125e+01,2.399580192565917969e+01,3.491636276245117188e+01,4.028897476196289062e+01,2.044114112854003906e+01,nan,6.522634029388427734e+00,9.158180236816406250e+00,1.400002002716064453e+01,1.398503208160400391e+01,-6.482442855834960938e+00,-1.009327888488769531e+01,-6.684795856475830078e+00,-1.557117700576782227e+00,-7.245505332946777344e+00,7.386413574218750000e+00,nan,nan,nan,nan,nan,nan,nan,nan,nan,nan,nan,nan,nan,nan,nan,nan,nan,nan,nan,nan,nan,nan,nan,nan,nan,nan,nan,nan,nan,nan,nan,nan,nan,nan,nan,nan,nan,nan,nan,nan
nan,nan,nan,nan,nan,nan,nan,nan,nan,nan,nan,nan,nan,nan,nan,nan,nan,nan,nan,nan,nan,nan,nan,nan,nan,nan,nan,nan,nan,nan,nan,nan,nan,nan,-5.775550460815429688e+01,-5.732888031005859375e+01,-5.142399597167968750e+01,-4.171846389770507812e+01,-3.010187911987304688e+01,-2.895770835876464844e+01,-2.509412574768066406e+01,-1.851782035827636719e+01,-1.993660163879394531e+01,-2.237802314758300781e+01,-2.280317878723144531e+01,-1.935531806945800781e+01,-1.771885490417480469e+01,-1.528653717041015625e+01,-1.384763717651367188e+01,4.940299034118652344e+00,-1.076232790946960449e+00,-1.133944892883300781e+01,-1.032091808319091797e+01,-1.528272724151611328e+01,-7.186890125274658203e+00,-1.251773452758789062e+01,-1.301953077316284180e+00,-2.506461143493652344e+00,-2.315540611743927002e-02,-4.875311374664306641e+00,nan,-1.227762603759765625e+01,-2.256135940551757812e+00,1.708394765853881836e+00,6.644167304039001465e-01,-1.338854670524597168e+00,-3.206436157226562500e+00,-2.740825653076171875e+00,6.949571132659912109e+00,1.339601802825927734e+01,2.521359062194824219e+01,2.934044837951660156e+01,1.950133895874023438e+01,2.938682174682617188e+01,nan,nan,7.888564586639404297e+00,7.498638153076171875e+00,1.199421119689941406e+01,-1.119639277458190918e+00,7.065913200378417969e+00,nan,-2.372904777526855469e+00,-3.070601224899291992e+00,nan,nan,nan,nan,nan,nan,nan,nan,nan,nan,nan,nan,nan,nan,nan,nan,nan,nan,nan,nan,nan,nan,nan,nan,nan,nan,nan,nan,nan,nan,nan,nan,nan,nan,nan,nan,nan,nan,nan,nan,nan
nan,nan,nan,nan,nan,nan,nan,nan,nan,nan,nan,nan,nan,nan,nan,nan,nan,nan,nan,nan,nan,nan,nan,nan,nan,nan,nan,nan,nan,nan,nan,nan,nan,nan,-4.648943328857421875e+01,-5.478553009033203125e+01,-4.616791152954101562e+01,-4.412619400024414062e+01,-3.490681457519531250e+01,-3.129657936096191406e+01,-2.650502777099609375e+01,-1.798634147644042969e+01,-2.188869285583496094e+01,-2.323096847534179688e+01,-2.140787887573242188e+01,-1.524541473388671875e+01,-1.292071342468261719e+01,-1.321806049346923828e+01,-1.416462898254394531e+01,-1.156664943695068359e+01,-4.552736759185791016e+00,-1.404630184173583984e+01,-5.561200618743896484e+00,1.682493686676025391e+00,1.178932762145996094e+01,-1.663612747192382812e+01,-1.064871883392333984e+01,-2.552049875259399414e+00,-1.626522541046142578e+00,-9.703450202941894531e+00,-1.826552009582519531e+01,-1.269428157806396484e+01,-3.206110000610351562e+00,-1.564782023429870605e+00,8.603882193565368652e-01,-7.951346635818481445e-01,-5.259018898010253906e+00,-5.443563938140869141e+00,5.803880691528320312e+00,7.597816944122314453e+00,1.757916259765625000e+01,1.501081848144531250e+01,1.498930644989013672e+01,1.252922916412353516e+01,9.278109550476074219e+00,5.766691207885742188e+00,4.309605121612548828e+00,1.944333314895629883e+00,nan,nan,nan,nan,-1.621870422363281250e+01,-7.196176528930664062e+00,nan,nan,nan,nan,nan,nan,nan,nan,nan,nan,nan,nan,nan,nan,nan,nan,nan,nan,nan,nan,nan,nan,nan,nan,nan,nan,nan,nan,nan,nan,nan,nan,nan,nan,nan,nan,nan,nan,nan,nan,nan
nan,nan,nan,nan,nan,nan,nan,nan,nan,nan,nan,nan,nan,nan,nan,nan,nan,nan,nan,nan,nan,nan,nan,nan,nan,nan,nan,nan,nan,nan,nan,nan,nan,nan,nan,nan,nan,-3.713413619995117188e+01,-3.343189620971679688e+01,-3.043227767944335938e+01,nan,nan,nan,-1.907383537292480469e+01,-1.741196441650390625e+01,nan,-1.449197101593017578e+01,nan,nan,-1.132154750823974609e+01,-2.401567077636718750e+01,-1.967350578308105469e+01,-9.169856071472167969e+00,-8.492893218994140625e+00,nan,-7.331399440765380859e+00,-1.251595687866210938e+01,-9.502511978149414062e+00,-5.340411186218261719e+00,-6.168469429016113281e+00,-1.705775833129882812e+01,-2.047194290161132812e+01,-8.366541266441345215e-01,-3.921131193637847900e-01,3.466186523437500000e+00,3.322895288467407227e+00,1.912452578544616699e+00,-3.476886034011840820e+00,-7.982463836669921875e+00,-3.793690681457519531e+00,-9.381422400474548340e-01,-1.051149845123291016e+01,4.424069881439208984e+00,5.587095260620117188e+00,2.400587081909179688e+00,2.446997404098510742e+00,-1.860185146331787109e+00,-1.491292762756347656e+01,nan,nan,nan,nan,-1.295268535614013672e+00,-3.214620113372802734e+00,nan,nan,nan,nan,nan,nan,nan,nan,nan,nan,nan,nan,nan,nan,nan,nan,nan,nan,nan,nan,nan,nan,nan,nan,nan,nan,nan,nan,nan,nan,nan,nan,nan,nan,nan,nan,nan,nan,nan,nan,nan
nan,nan,nan,nan,nan,nan,nan,nan,nan,nan,nan,nan,nan,nan,nan,nan,nan,nan,nan,nan,nan,nan,nan,nan,nan,nan,nan,nan,nan,nan,nan,nan,nan,nan,nan,nan,nan,-3.809950637817382812e+01,-3.519843292236328125e+01,nan,nan,nan,nan,nan,nan,nan,nan,nan,nan,nan,nan,nan,nan,nan,nan,nan,nan,nan,-7.652098178863525391e+00,-7.581877708435058594e+00,-1.266190433502197266e+01,-5.484581947326660156e+00,nan,-4.562360286712646484e+00,-4.185276031494140625e+00,-3.342008829116821289e+00,-7.495968341827392578e+00,-1.160266399383544922e+01,-1.260132598876953125e+01,-9.316604614257812500e+00,2.131779432296752930e+00,-1.644271850585937500e+01,-8.286343574523925781e+00,-2.652265167236328125e+01,1.060283541679382324e+00,-2.927386999130249023e+00,-5.919866085052490234e+00,-1.829257965087890625e+01,-3.548371315002441406e+00,nan,nan,nan,nan,nan,nan,nan,nan,nan,nan,nan,nan,nan,nan,nan,nan,nan,nan,nan,nan,nan,nan,nan,nan,nan,nan,nan,nan,nan,nan,nan,nan,nan,nan,nan,nan,nan,nan,nan,nan,nan,nan,nan,nan,nan,nan
nan,nan,nan,nan,nan,nan,nan,nan,nan,nan,nan,nan,nan,nan,nan,nan,nan,nan,nan,nan,nan,nan,nan,nan,nan,nan,nan,nan,nan,nan,nan,nan,nan,nan,nan,nan,nan,nan,nan,nan,nan,nan,nan,nan,nan,nan,nan,nan,nan,nan,nan,nan,nan,nan,nan,nan,nan,nan,nan,nan,nan,nan,nan,nan,nan,-5.146416187286376953e+00,-1.551704216003417969e+01,-1.085556697845458984e+01,-1.372828292846679688e+01,-2.534595489501953125e+00,-1.449111461639404297e+00,-1.300635933876037598e+00,7.553466796875000000e+00,-1.622089743614196777e+00,-2.455998897552490234e+00,-2.360471153259277344e+01,-1.445071411132812500e+01,-7.454573631286621094e+00,-6.256340980529785156e+00,nan,nan,nan,nan,nan,nan,nan,nan,nan,nan,nan,nan,nan,nan,nan,nan,nan,nan,nan,nan,nan,nan,nan,nan,nan,nan,nan,nan,nan,nan,nan,nan,nan,nan,nan,nan,nan,nan,nan,nan,nan,nan,nan,nan,nan,nan
nan,nan,nan,nan,nan,nan,nan,nan,nan,nan,nan,nan,nan,nan,nan,nan,nan,nan,nan,nan,nan,nan,nan,nan,nan,nan,nan,nan,nan,nan,nan,nan,nan,nan,nan,nan,nan,nan,nan,nan,nan,nan,nan,nan,nan,nan,nan,nan,nan,nan,nan,nan,nan,nan,nan,nan,nan,nan,nan,nan,nan,nan,nan,nan,nan,nan,-6.320598125457763672e+00,-1.511249542236328125e+01,-6.068821430206298828e+00,-6.061962127685546875e+00,nan,-5.517242908477783203e+00,-5.124920845031738281e+00,-5.671283721923828125e+00,-6.397262096405029297e+00,-3.440940856933593750e+01,-8.000382423400878906e+00,nan,nan,nan,nan,nan,nan,nan,nan,nan,nan,nan,nan,nan,nan,nan,nan,nan,nan,nan,nan,nan,nan,nan,nan,nan,nan,nan,nan,nan,nan,nan,nan,nan,nan,nan,nan,nan,nan,nan,nan,nan,nan,nan,nan,nan,nan,nan,nan
nan,nan,nan,nan,nan,nan,nan,nan,nan,nan,nan,nan,nan,nan,nan,nan,nan,nan,nan,nan,nan,nan,nan,nan,nan,nan,nan,nan,nan,nan,nan,nan,nan,nan,nan,nan,nan,nan,nan,nan,nan,nan,nan,nan,nan,nan,nan,nan,nan,nan,nan,nan,nan,nan,nan,nan,nan,nan,nan,nan,nan,nan,nan,nan,nan,nan,nan,nan,nan,nan,nan,nan,nan,nan,nan,nan,nan,nan,nan,nan,nan,nan,nan,nan,nan,nan,nan,nan,nan,nan,nan,nan,nan,nan,nan,nan,nan,nan,nan,nan,nan,nan,nan,nan,nan,nan,nan,nan,nan,nan,nan,nan,nan,nan,nan,nan,nan,nan,nan,nan,nan,nan,nan,nan,nan
nan,nan,nan,nan,nan,nan,nan,nan,nan,nan,nan,nan,nan,nan,nan,nan,nan,nan,nan,nan,nan,nan,nan,nan,nan,nan,nan,nan,nan,nan,nan,nan,nan,nan,nan,nan,nan,nan,nan,nan,nan,nan,nan,nan,nan,nan,nan,nan,nan,nan,nan,nan,nan,nan,nan,nan,nan,nan,nan,nan,nan,nan,nan,nan,nan,nan,nan,nan,nan,nan,nan,nan,nan,nan,nan,nan,nan,nan,nan,nan,nan,nan,nan,nan,nan,nan,nan,nan,nan,nan,nan,nan,nan,nan,nan,nan,nan,nan,nan,nan,nan,nan,nan,nan,nan,nan,nan,nan,nan,nan,nan,nan,nan,nan,nan,nan,nan,nan,nan,nan,nan,nan,nan,nan,nan
nan,nan,nan,nan,nan,nan,nan,nan,nan,nan,nan,nan,nan,nan,nan,nan,nan,nan,nan,nan,nan,nan,nan,nan,nan,nan,nan,nan,nan,nan,nan,nan,nan,nan,nan,nan,nan,nan,nan,nan,nan,nan,nan,nan,nan,nan,nan,nan,nan,nan,nan,nan,nan,nan,nan,nan,nan,nan,nan,nan,nan,nan,nan,nan,nan,nan,nan,nan,nan,nan,nan,nan,nan,nan,nan,nan,nan,nan,nan,nan,nan,nan,nan,nan,nan,nan,nan,nan,nan,nan,nan,nan,nan,nan,nan,nan,nan,nan,nan,nan,nan,nan,nan,nan,nan,nan,nan,nan,nan,nan,nan,nan,nan,nan,nan,nan,nan,nan,nan,nan,nan,nan,nan,nan,nan
nan,nan,nan,nan,nan,nan,nan,nan,nan,nan,nan,nan,nan,nan,nan,nan,nan,nan,nan,nan,nan,nan,nan,nan,nan,nan,nan,nan,nan,nan,nan,nan,nan,nan,nan,nan,nan,nan,nan,nan,nan,nan,nan,nan,nan,nan,nan,nan,nan,nan,nan,nan,nan,nan,nan,nan,nan,nan,nan,nan,nan,nan,nan,nan,nan,nan,nan,nan,nan,nan,nan,nan,nan,nan,nan,nan,nan,nan,nan,nan,nan,nan,nan,nan,nan,nan,nan,nan,nan,nan,nan,nan,nan,nan,nan,nan,nan,nan,nan,nan,nan,nan,nan,nan,nan,nan,nan,nan,nan,nan,nan,nan,nan,nan,nan,nan,nan,nan,nan,nan,nan,nan,nan,nan,nan
nan,nan,nan,nan,nan,nan,nan,nan,nan,nan,nan,nan,nan,nan,nan,nan,nan,nan,nan,nan,nan,nan,nan,nan,nan,nan,nan,nan,nan,nan,nan,nan,nan,nan,nan,nan,nan,nan,nan,nan,nan,nan,nan,nan,nan,nan,nan,nan,nan,nan,nan,nan,nan,nan,nan,nan,nan,nan,nan,nan,nan,nan,nan,nan,nan,nan,nan,nan,nan,nan,nan,nan,nan,nan,nan,nan,nan,nan,nan,nan,nan,nan,nan,nan,nan,nan,nan,nan,nan,nan,nan,nan,nan,nan,nan,nan,nan,nan,nan,nan,nan,nan,nan,nan,nan,nan,nan,nan,nan,nan,nan,nan,nan,nan,nan,nan,nan,nan,nan,nan,nan,nan,nan,nan,nan
nan,nan,nan,nan,nan,nan,nan,nan,nan,nan,nan,nan,nan,nan,nan,nan,nan,nan,nan,nan,nan,nan,nan,nan,nan,nan,nan,nan,nan,nan,nan,nan,nan,nan,nan,nan,nan,nan,nan,nan,nan,nan,nan,nan,nan,nan,nan,nan,nan,nan,nan,nan,nan,nan,nan,nan,nan,nan,nan,nan,nan,nan,nan,nan,nan,nan,nan,nan,nan,nan,nan,nan,nan,nan,nan,nan,nan,nan,nan,nan,nan,nan,nan,nan,nan,nan,nan,nan,nan,nan,nan,nan,nan,nan,nan,nan,nan,nan,nan,nan,nan,nan,nan,nan,nan,nan,nan,nan,nan,nan,nan,nan,nan,nan,nan,nan,nan,nan,nan,nan,nan,nan,nan,nan,nan
nan,nan,nan,nan,nan,nan,nan,nan,nan,nan,nan,nan,nan,nan,nan,nan,nan,nan,nan,nan,nan,nan,nan,nan,nan,nan,nan,nan,nan,nan,nan,nan,nan,nan,nan,nan,nan,nan,nan,nan,nan,nan,nan,nan,nan,nan,nan,nan,nan,nan,nan,nan,nan,nan,nan,nan,nan,nan,nan,nan,nan,nan,nan,nan,nan,nan,nan,nan,nan,nan,nan,nan,nan,nan,nan,nan,nan,nan,nan,nan,nan,nan,nan,nan,nan,nan,nan,nan,nan,nan,nan,nan,nan,nan,nan,nan,nan,nan,nan,nan,nan,nan,nan,nan,nan,nan,nan,nan,nan,nan,nan,nan,nan,nan,nan,nan,nan,nan,nan,nan,nan,nan,nan,nan,nan
nan,nan,nan,nan,nan,nan,nan,nan,nan,nan,nan,nan,nan,nan,nan,nan,nan,nan,nan,nan,nan,nan,nan,nan,nan,nan,nan,nan,nan,nan,nan,nan,nan,nan,nan,nan,nan,nan,nan,nan,nan,nan,nan,nan,nan,nan,nan,nan,nan,nan,nan,nan,nan,nan,nan,nan,nan,nan,nan,nan,nan,nan,nan,nan,nan,nan,nan,nan,nan,nan,nan,nan,nan,nan,nan,nan,nan,nan,nan,nan,nan,nan,nan,nan,nan,nan,nan,nan,nan,nan,nan,nan,nan,nan,nan,nan,nan,nan,nan,nan,nan,nan,nan,nan,nan,nan,nan,nan,nan,nan,nan,nan,nan,nan,nan,nan,nan,nan,nan,nan,nan,nan,nan,nan,nan
nan,nan,nan,nan,nan,nan,nan,nan,nan,nan,nan,nan,nan,nan,nan,nan,nan,nan,nan,nan,nan,nan,nan,nan,nan,nan,nan,nan,nan,nan,nan,nan,nan,nan,nan,nan,nan,nan,nan,nan,nan,nan,nan,nan,nan,nan,nan,nan,nan,nan,nan,nan,nan,nan,nan,nan,nan,nan,nan,nan,nan,nan,nan,nan,nan,nan,nan,nan,nan,nan,nan,nan,nan,nan,nan,nan,nan,nan,nan,nan,nan,nan,nan,nan,nan,nan,nan,nan,nan,nan,nan,nan,nan,nan,nan,nan,nan,nan,nan,nan,nan,nan,nan,nan,nan,nan,nan,nan,nan,nan,nan,nan,nan,nan,nan,nan,nan,nan,nan,nan,nan,nan,nan,nan,nan
nan,nan,nan,nan,nan,nan,nan,nan,nan,nan,nan,nan,nan,nan,nan,nan,nan,nan,nan,nan,nan,nan,nan,nan,nan,nan,nan,nan,nan,nan,nan,nan,nan,nan,nan,nan,nan,nan,nan,nan,nan,nan,nan,nan,nan,nan,nan,nan,nan,nan,nan,nan,nan,nan,nan,nan,nan,nan,nan,nan,nan,nan,nan,nan,nan,nan,nan,nan,nan,nan,nan,nan,nan,nan,nan,nan,nan,nan,nan,nan,nan,nan,nan,nan,nan,nan,nan,nan,nan,nan,nan,nan,nan,nan,nan,nan,nan,nan,nan,nan,nan,nan,nan,nan,nan,nan,nan,nan,nan,nan,nan,nan,nan,nan,nan,nan,nan,nan,nan,nan,nan,nan,nan,nan,nan
nan,nan,nan,nan,nan,nan,nan,nan,nan,nan,nan,nan,nan,nan,nan,nan,nan,nan,nan,nan,nan,nan,nan,nan,nan,nan,nan,nan,nan,nan,nan,nan,nan,nan,nan,nan,nan,nan,nan,nan,nan,nan,nan,nan,nan,nan,nan,nan,nan,nan,nan,nan,nan,nan,nan,nan,nan,nan,nan,nan,nan,nan,nan,nan,nan,nan,nan,nan,nan,nan,nan,nan,nan,nan,nan,nan,nan,nan,nan,nan,nan,nan,nan,nan,nan,nan,nan,nan,nan,nan,nan,nan,nan,nan,nan,nan,nan,nan,nan,nan,nan,nan,nan,nan,nan,nan,nan,nan,nan,nan,nan,nan,nan,nan,nan,nan,nan,nan,nan,nan,nan,nan,nan,nan,nan
nan,nan,nan,nan,nan,nan,nan,nan,nan,nan,nan,nan,nan,nan,nan,nan,nan,nan,nan,nan,nan,nan,nan,nan,nan,nan,nan,nan,nan,nan,nan,nan,nan,nan,nan,nan,nan,nan,nan,nan,nan,nan,nan,nan,nan,nan,nan,nan,nan,nan,nan,nan,nan,nan,nan,nan,nan,nan,nan,nan,nan,nan,nan,nan,nan,nan,nan,nan,nan,nan,nan,nan,nan,nan,nan,nan,nan,nan,nan,nan,nan,nan,nan,nan,nan,nan,nan,nan,nan,nan,nan,nan,nan,nan,nan,nan,nan,nan,nan,nan,nan,nan,nan,nan,nan,nan,nan,nan,nan,nan,nan,nan,nan,nan,nan,nan,nan,nan,nan,nan,nan,nan,nan,nan,nan
nan,nan,nan,nan,nan,nan,nan,nan,nan,nan,nan,nan,nan,nan,nan,nan,nan,nan,nan,nan,nan,nan,nan,nan,nan,nan,nan,nan,nan,nan,nan,nan,nan,nan,nan,nan,nan,nan,nan,nan,nan,nan,nan,nan,nan,nan,nan,nan,nan,nan,nan,nan,nan,nan,nan,nan,nan,nan,nan,nan,nan,nan,nan,nan,nan,nan,nan,nan,nan,nan,nan,nan,nan,nan,nan,nan,nan,nan,nan,nan,nan,nan,nan,nan,nan,nan,nan,nan,nan,nan,nan,nan,nan,nan,nan,nan,nan,nan,nan,nan,nan,nan,nan,nan,nan,nan,nan,nan,nan,nan,nan,nan,nan,nan,nan,nan,nan,nan,nan,nan,nan,nan,nan,nan,nan
nan,nan,nan,nan,nan,nan,nan,nan,nan,nan,nan,nan,nan,nan,nan,nan,nan,nan,nan,nan,nan,nan,nan,nan,nan,nan,nan,nan,nan,nan,nan,nan,nan,nan,nan,nan,nan,nan,nan,nan,nan,nan,nan,nan,nan,nan,nan,nan,nan,nan,nan,nan,nan,nan,nan,nan,nan,nan,nan,nan,nan,nan,nan,nan,nan,nan,nan,nan,nan,nan,nan,nan,nan,nan,nan,nan,nan,nan,nan,nan,nan,nan,nan,nan,nan,nan,nan,nan,nan,nan,nan,nan,nan,nan,nan,nan,nan,nan,nan,nan,nan,nan,nan,nan,nan,nan,nan,nan,nan,nan,nan,nan,nan,nan,nan,nan,nan,nan,nan,nan,nan,nan,nan,nan,nan
nan,nan,nan,nan,nan,nan,nan,nan,nan,nan,nan,nan,nan,nan,nan,nan,nan,nan,nan,nan,nan,nan,nan,nan,nan,nan,nan,nan,nan,nan,nan,nan,nan,nan,nan,nan,nan,nan,nan,nan,nan,nan,nan,nan,nan,nan,nan,nan,nan,nan,nan,nan,nan,nan,nan,nan,nan,nan,nan,nan,nan,nan,nan,nan,nan,nan,nan,nan,nan,nan,nan,nan,nan,nan,nan,nan,nan,nan,nan,nan,nan,nan,nan,nan,nan,nan,nan,nan,nan,nan,nan,nan,nan,nan,nan,nan,nan,nan,nan,nan,nan,nan,nan,nan,nan,nan,nan,nan,nan,nan,nan,nan,nan,nan,nan,nan,nan,nan,nan,nan,nan,nan,nan,nan,nan
nan,nan,nan,nan,nan,nan,nan,nan,nan,nan,nan,nan,nan,nan,nan,nan,nan,nan,nan,nan,nan,nan,nan,nan,nan,nan,nan,nan,nan,nan,nan,nan,nan,nan,nan,nan,nan,nan,nan,nan,nan,nan,nan,nan,nan,nan,nan,nan,nan,nan,nan,nan,nan,nan,nan,nan,nan,nan,nan,nan,nan,nan,nan,nan,nan,nan,nan,nan,nan,nan,nan,nan,nan,nan,nan,nan,nan,nan,nan,nan,nan,nan,nan,nan,nan,nan,nan,nan,nan,nan,nan,nan,nan,nan,nan,nan,nan,nan,nan,nan,nan,nan,nan,nan,nan,nan,nan,nan,nan,nan,nan,nan,nan,nan,nan,nan,nan,nan,nan,nan,nan,nan,nan,nan,nan
nan,nan,nan,nan,nan,nan,nan,nan,nan,nan,nan,nan,nan,nan,nan,nan,nan,nan,nan,nan,nan,nan,nan,nan,nan,nan,nan,nan,nan,nan,nan,nan,nan,nan,nan,nan,nan,nan,nan,nan,nan,nan,nan,nan,nan,nan,nan,nan,nan,nan,nan,nan,nan,nan,nan,nan,nan,nan,nan,nan,nan,nan,nan,nan,nan,nan,nan,nan,nan,nan,nan,nan,nan,nan,nan,nan,nan,nan,nan,nan,nan,nan,nan,nan,nan,nan,nan,nan,nan,nan,nan,nan,nan,nan,nan,nan,nan,nan,nan,nan,nan,nan,nan,nan,nan,nan,nan,nan,nan,nan,nan,nan,nan,nan,nan,nan,nan,nan,nan,nan,nan,nan,nan,nan,nan
