nan,nan,nan,nan,nan,nan,nan,nan,nan,nan,nan,nan,nan,nan,nan,nan,nan,nan,nan,nan,nan,nan,nan,nan,nan,nan,nan,nan,nan,nan,nan,nan,nan,nan,nan,nan,nan,nan,nan,nan,nan,nan,nan,nan,nan,nan,nan,nan,nan,nan,nan,nan,nan,nan,nan,nan,nan,nan,nan,nan,nan,nan,nan,nan,nan,nan,nan,nan,nan,nan,nan,nan,nan,nan,nan,nan,nan,nan,nan,nan,nan,nan,nan,nan,nan,nan,nan,nan,nan,nan,nan,nan,nan,nan,nan,nan,nan,nan,nan,nan,nan,nan,nan,nan,nan,nan,nan,nan,nan,nan,nan,nan,nan,nan,nan,nan,nan,nan,nan,nan,nan,nan,nan,nan,nan
nan,nan,nan,nan,nan,nan,nan,nan,nan,nan,nan,nan,nan,nan,nan,nan,nan,nan,nan,nan,nan,nan,nan,nan,nan,nan,nan,nan,nan,nan,nan,nan,nan,nan,nan,nan,nan,nan,nan,nan,nan,nan,nan,nan,nan,nan,nan,nan,nan,nan,nan,nan,nan,nan,nan,nan,nan,nan,nan,nan,nan,nan,nan,nan,nan,nan,nan,nan,nan,nan,nan,nan,nan,nan,nan,nan,nan,nan,nan,nan,nan,nan,nan,nan,nan,nan,nan,nan,nan,nan,nan,nan,nan,nan,nan,nan,nan,nan,nan,nan,nan,nan,nan,nan,nan,nan,nan,nan,nan,nan,nan,nan,nan,nan,nan,nan,nan,nan,nan,nan,nan,nan,nan,nan,nan
nan,nan,nan,nan,nan,nan,nan,nan,nan,nan,nan,nan,nan,nan,nan,nan,nan,nan,nan,nan,nan,nan,nan,nan,nan,nan,nan,nan,nan,nan,nan,nan,nan,nan,nan,nan,nan,nan,nan,nan,nan,nan,nan,nan,nan,nan,nan,nan,nan,nan,nan,nan,nan,nan,nan,nan,nan,nan,nan,nan,nan,nan,nan,nan,nan,nan,nan,nan,nan,nan,nan,nan,nan,nan,nan,nan,nan,nan,nan,nan,nan,nan,nan,nan,nan,nan,nan,nan,nan,nan,nan,nan,nan,nan,nan,nan,nan,nan,nan,nan,nan,nan,nan,nan,nan,nan,nan,nan,nan,nan,nan,nan,nan,nan,nan,nan,nan,nan,nan,nan,nan,nan,nan,nan,nan
nan,nan,nan,nan,nan,nan,nan,nan,nan,nan,nan,nan,nan,nan,nan,nan,nan,nan,nan,nan,nan,nan,nan,nan,nan,nan,nan,nan,nan,nan,nan,nan,nan,nan,nan,nan,nan,nan,nan,nan,nan,nan,nan,nan,nan,nan,nan,nan,nan,nan,nan,nan,nan,nan,nan,nan,nan,nan,nan,nan,nan,nan,nan,nan,nan,nan,nan,nan,nan,nan,nan,nan,nan,nan,nan,nan,nan,nan,nan,nan,nan,nan,nan,nan,nan,nan,nan,nan,nan,nan,nan,nan,nan,nan,nan,nan,nan,nan,nan,nan,nan,nan,nan,nan,nan,nan,nan,nan,nan,nan,nan,nan,nan,nan,nan,nan,nan,nan,nan,nan,nan,nan,nan,nan,nan
nan,nan,nan,nan,nan,nan,nan,nan,nan,nan,nan,nan,nan,nan,nan,nan,nan,nan,nan,nan,nan,nan,nan,nan,nan,nan,nan,nan,nan,nan,nan,nan,nan,nan,nan,nan,nan,nan,nan,nan,nan,nan,nan,nan,nan,nan,nan,nan,nan,nan,nan,nan,nan,nan,nan,nan,nan,nan,nan,nan,nan,nan,nan,nan,nan,nan,nan,nan,nan,nan,nan,nan,nan,nan,nan,nan,nan,nan,nan,nan,nan,nan,nan,nan,nan,nan,nan,nan,nan,nan,nan,nan,nan,nan,nan,nan,nan,nan,nan,nan,nan,nan,nan,nan,nan,nan,nan,nan,nan,nan,nan,nan,nan,nan,nan,nan,nan,nan,nan,nan,nan,nan,nan,nan,nan
nan,nan,nan,nan,nan,nan,nan,nan,nan,nan,nan,nan,nan,nan,nan,nan,nan,nan,nan,nan,nan,nan,nan,nan,nan,nan,nan,nan,nan,nan,nan,nan,nan,nan,nan,nan,nan,nan,nan,nan,nan,nan,nan,nan,nan,nan,nan,nan,nan,nan,nan,nan,nan,nan,nan,nan,nan,nan,nan,nan,nan,nan,nan,nan,nan,nan,nan,nan,nan,nan,nan,nan,nan,nan,nan,nan,nan,nan,nan,nan,nan,nan,nan,nan,nan,nan,nan,nan,nan,nan,nan,nan,nan,nan,nan,nan,nan,nan,nan,nan,nan,nan,nan,nan,nan,nan,nan,nan,nan,nan,nan,nan,nan,nan,nan,nan,nan,nan,nan,nan,nan,nan,nan,nan,nan
nan,nan,nan,nan,nan,nan,nan,nan,nan,nan,nan,nan,nan,nan,nan,nan,nan,nan,nan,nan,nan,nan,nan,nan,nan,nan,nan,nan,nan,nan,nan,nan,nan,nan,nan,nan,nan,nan,nan,nan,nan,nan,nan,nan,nan,nan,nan,nan,nan,nan,nan,nan,nan,nan,nan,nan,nan,nan,nan,nan,nan,nan,nan,nan,nan,nan,nan,nan,nan,nan,nan,nan,nan,nan,nan,nan,nan,nan,nan,nan,nan,nan,nan,nan,nan,nan,nan,nan,nan,nan,nan,nan,nan,nan,nan,nan,nan,nan,nan,nan,nan,nan,nan,nan,nan,nan,nan,nan,nan,nan,nan,nan,nan,nan,nan,nan,nan,nan,nan,nan,nan,nan,nan,nan,nan
nan,nan,nan,nan,nan,nan,nan,nan,nan,nan,nan,nan,nan,nan,nan,nan,nan,nan,nan,nan,nan,nan,nan,nan,nan,nan,nan,nan,nan,nan,nan,nan,nan,nan,nan,nan,nan,nan,nan,nan,nan,nan,nan,nan,nan,nan,nan,nan,nan,nan,nan,nan,nan,nan,nan,nan,nan,nan,nan,nan,nan,nan,nan,nan,nan,nan,nan,nan,nan,nan,nan,nan,nan,nan,nan,nan,nan,nan,nan,nan,nan,nan,nan,nan,nan,nan,nan,nan,nan,nan,nan,nan,nan,nan,nan,nan,nan,nan,nan,nan,nan,nan,nan,nan,nan,nan,nan,nan,nan,nan,nan,nan,nan,nan,nan,nan,nan,nan,nan,nan,nan,nan,nan,nan,nan
nan,nan,nan,nan,nan,nan,nan,nan,nan,nan,nan,nan,nan,nan,nan,nan,nan,nan,nan,nan,nan,nan,nan,nan,nan,nan,nan,nan,nan,nan,nan,nan,nan,nan,nan,nan,nan,nan,nan,nan,nan,nan,nan,nan,nan,nan,nan,nan,nan,nan,nan,nan,nan,nan,nan,nan,nan,nan,nan,nan,nan,nan,nan,nan,nan,nan,nan,nan,nan,nan,nan,nan,nan,nan,nan,nan,nan,nan,nan,nan,nan,nan,nan,nan,nan,nan,nan,nan,nan,nan,nan,nan,nan,nan,nan,nan,nan,nan,nan,nan,nan,nan,nan,nan,nan,nan,nan,nan,nan,nan,nan,nan,nan,nan,nan,nan,nan,nan,nan,nan,nan,nan,nan,nan,nan
nan,nan,nan,nan,nan,nan,nan,nan,nan,nan,nan,nan,nan,nan,nan,nan,nan,nan,nan,nan,nan,nan,nan,nan,nan,nan,nan,nan,nan,nan,nan,nan,nan,nan,nan,nan,nan,nan,nan,nan,nan,nan,nan,nan,nan,nan,nan,nan,nan,nan,nan,nan,nan,nan,nan,nan,nan,nan,nan,nan,nan,nan,nan,nan,nan,nan,nan,nan,nan,nan,nan,nan,nan,nan,nan,nan,nan,nan,nan,nan,nan,nan,nan,nan,nan,nan,nan,nan,nan,nan,nan,nan,nan,nan,nan,nan,nan,nan,nan,nan,nan,nan,nan,nan,nan,nan,nan,nan,nan,nan,nan,nan,nan,nan,nan,nan,nan,nan,nan,nan,nan,nan,nan,nan,nan
nan,nan,nan,nan,nan,nan,nan,nan,nan,nan,nan,nan,nan,nan,nan,nan,nan,nan,nan,nan,nan,nan,nan,nan,nan,nan,nan,nan,nan,nan,nan,nan,nan,nan,nan,nan,nan,nan,nan,nan,nan,nan,nan,nan,nan,nan,nan,nan,nan,nan,nan,nan,nan,nan,nan,nan,nan,nan,nan,nan,nan,nan,nan,nan,nan,nan,nan,nan,nan,nan,nan,nan,nan,nan,nan,nan,nan,nan,nan,nan,nan,nan,nan,nan,nan,nan,nan,nan,nan,nan,nan,nan,nan,nan,nan,nan,nan,nan,nan,nan,nan,nan,nan,nan,nan,nan,nan,nan,nan,nan,nan,nan,nan,nan,nan,nan,nan,nan,nan,nan,nan,nan,nan,nan,nan
nan,nan,nan,nan,nan,nan,nan,nan,nan,nan,nan,nan,nan,nan,nan,nan,nan,nan,nan,nan,nan,nan,nan,nan,nan,nan,nan,nan,nan,nan,nan,nan,nan,nan,nan,nan,nan,nan,nan,nan,nan,nan,nan,nan,nan,nan,nan,nan,nan,nan,nan,nan,nan,nan,nan,nan,nan,nan,nan,nan,nan,nan,nan,nan,nan,nan,nan,nan,nan,nan,nan,nan,nan,nan,nan,nan,nan,nan,nan,nan,nan,nan,nan,nan,nan,nan,nan,nan,nan,nan,nan,nan,nan,nan,nan,nan,nan,nan,nan,nan,nan,nan,nan,nan,nan,nan,nan,nan,nan,nan,nan,nan,nan,nan,nan,nan,nan,nan,nan,nan,nan,nan,nan,nan,nan
nan,nan,nan,nan,nan,nan,nan,nan,nan,nan,nan,nan,nan,nan,nan,nan,nan,nan,nan,nan,nan,nan,nan,nan,nan,nan,nan,nan,nan,nan,nan,nan,nan,nan,nan,nan,nan,nan,nan,nan,nan,nan,nan,nan,nan,nan,nan,nan,nan,nan,nan,nan,nan,nan,nan,nan,nan,nan,nan,2.887798500061035156e+01,nan,nan,nan,nan,nan,nan,nan,nan,nan,9.362687110900878906e+00,9.067092895507812500e+00,nan,nan,nan,nan,nan,nan,nan,nan,nan,nan,nan,nan,nan,nan,nan,nan,nan,nan,nan,nan,nan,nan,nan,nan,nan,nan,nan,nan,nan,nan,nan,nan,nan,nan,nan,nan,nan,nan,nan,nan,nan,nan,nan,nan,nan,nan,nan,nan,nan,nan,nan,nan,nan,nan
nan,nan,nan,nan,nan,nan,nan,nan,nan,nan,nan,nan,nan,nan,nan,nan,nan,nan,nan,nan,nan,nan,nan,nan,nan,nan,nan,nan,nan,nan,nan,nan,nan,nan,nan,nan,nan,nan,nan,nan,nan,nan,nan,nan,nan,nan,nan,nan,nan,nan,nan,nan,nan,nan,nan,3.062087440490722656e+01,2.995442390441894531e+01,2.890199279785156250e+01,2.774132537841796875e+01,2.682429122924804688e+01,2.513947677612304688e+01,nan,2.050234413146972656e+01,nan,1.643939971923828125e+01,1.499880695343017578e+01,1.879538536071777344e+01,2.075200462341308594e+01,1.409971332550048828e+01,8.734295845031738281e+00,4.413137435913085938e+00,8.039055824279785156e+00,nan,nan,nan,nan,nan,nan,nan,nan,nan,nan,nan,nan,nan,nan,nan,nan,nan,nan,nan,nan,nan,nan,nan,nan,nan,nan,nan,nan,nan,nan,nan,nan,nan,nan,nan,nan,nan,nan,nan,nan,nan,nan,nan,nan,nan,nan,nan,nan,nan,nan,nan,nan,nan
nan,nan,nan,nan,nan,nan,nan,nan,nan,nan,nan,nan,nan,nan,nan,nan,nan,nan,nan,nan,nan,nan,nan,nan,nan,nan,nan,nan,nan,nan,nan,nan,nan,nan,nan,nan,nan,nan,nan,nan,nan,nan,nan,nan,nan,nan,nan,nan,nan,nan,nan,2.904717254638671875e+01,2.951723289489746094e+01,2.984206390380859375e+01,2.863525390625000000e+01,3.466196441650390625e+01,2.752507209777832031e+01,2.669407653808593750e+01,2.497291374206542969e+01,1.698806762695312500e+01,2.237071228027343750e+01,3.998690795898437500e+01,4.202918624877929688e+01,3.944117355346679688e+01,3.062637519836425781e+01,1.921198463439941406e+01,1.740560340881347656e+01,6.768672466278076172e+00,3.132391691207885742e+00,-1.298780083656311035e+00,2.544656991958618164e+00,1.153853034973144531e+01,7.778833866119384766e+00,nan,nan,nan,nan,nan,nan,nan,nan,nan,nan,nan,nan,nan,nan,nan,nan,nan,nan,nan,nan,nan,nan,nan,nan,nan,nan,nan,nan,nan,nan,nan,nan,nan,nan,nan,nan,nan,nan,nan,nan,nan,nan,nan,nan,nan,nan,nan,nan,nan,nan,nan,nan
nan,nan,nan,nan,nan,nan,nan,nan,nan,nan,nan,nan,nan,nan,nan,nan,nan,nan,nan,nan,nan,nan,nan,nan,nan,nan,nan,nan,nan,nan,nan,nan,nan,5.761887550354003906e+00,nan,5.777937889099121094e+00,6.176414012908935547e+00,6.582687854766845703e+00,nan,nan,nan,nan,nan,nan,nan,nan,nan,nan,2.648907279968261719e+01,3.759695816040039062e+01,2.518737220764160156e+01,2.236566352844238281e+01,2.495619583129882812e+01,3.017877769470214844e+01,2.941114616394042969e+01,3.363204574584960938e+01,3.735767745971679688e+01,3.846842575073242188e+01,3.651671218872070312e+01,3.161731338500976562e+01,1.779579162597656250e+01,2.768558120727539062e+01,4.006337738037109375e+01,3.318176651000976562e+01,9.223404884338378906e+00,6.020987510681152344e+00,2.022377490997314453e+00,1.723306274414062500e+01,1.825529098510742188e+01,7.135171413421630859e+00,-3.973876833915710449e-01,4.856136322021484375e+00,1.251635169982910156e+01,1.279394149780273438e+01,2.264737319946289062e+01,9.677159309387207031e+00,nan,nan,nan,nan,nan,nan,nan,nan,nan,nan,nan,nan,nan,nan,nan,nan,nan,nan,nan,nan,nan,nan,nan,nan,nan,nan,nan,nan,nan,nan,nan,nan,nan,nan,nan,nan,nan,nan,nan,nan,nan,nan,nan,nan,nan,nan,nan,nan,nan
nan,nan,nan,nan,nan,nan,nan,nan,nan,nan,nan,nan,nan,nan,nan,nan,nan,nan,nan,nan,nan,nan,nan,nan,nan,nan,nan,nan,nan,nan,nan,nan,nan,3.247941970825195312e+00,3.818243503570556641e+00,nan,nan,9.318440437316894531e+00,7.312915802001953125e+00,nan,nan,nan,nan,1.917293739318847656e+01,2.160347175598144531e+01,2.327033233642578125e+01,2.449852943420410156e+01,2.543929481506347656e+01,3.821947860717773438e+01,3.651715087890625000e+01,3.538168716430664062e+01,2.737327194213867188e+01,3.233351135253906250e+01,3.384094619750976562e+01,2.484148597717285156e+01,2.997823905944824219e+01,3.221372985839843750e+01,4.547332763671875000e+01,4.313327789306640625e+01,3.098179244995117188e+01,1.777687644958496094e+01,3.629531860351562500e-01,-1.061922684311866760e-01,-2.154033035039901733e-01,5.433929443359375000e+00,5.787156105041503906e+00,5.052432537078857422e+00,1.556788539886474609e+01,1.847741508483886719e+01,6.390079498291015625e+00,6.356842517852783203e+00,-7.978499634191393852e-04,3.088746070861816406e+00,3.489594936370849609e+00,1.071799755096435547e+01,2.185892486572265625e+01,nan,nan,nan,nan,nan,nan,nan,nan,nan,nan,nan,nan,nan,nan,nan,nan,nan,nan,nan,nan,nan,nan,nan,nan,nan,nan,nan,nan,nan,nan,nan,nan,nan,nan,nan,nan,nan,nan,nan,nan,nan,nan,nan,nan,nan,nan,nan,nan,nan
nan,nan,nan,nan,nan,nan,nan,nan,nan,nan,nan,nan,nan,nan,nan,nan,nan,nan,nan,nan,nan,nan,nan,nan,nan,nan,nan,nan,nan,nan,nan,nan,nan,1.783590793609619141e+00,2.490437984466552734e+00,3.336972713470458984e+00,4.481381416320800781e+00,nan,7.155037879943847656e+00,8.781326293945312500e+00,nan,nan,1.740675735473632812e+01,1.921721839904785156e+01,2.137827301025390625e+01,6.339323997497558594e+00,1.418473434448242188e+01,1.491611194610595703e+01,2.079323387145996094e+01,2.420801734924316406e+01,2.708752632141113281e+01,2.942459487915039062e+01,3.252310943603515625e+01,3.062600135803222656e+01,2.750310897827148438e+01,2.549585914611816406e+01,2.737159347534179688e+01,2.341760063171386719e+01,3.320290374755859375e+01,2.853837585449218750e+01,6.676109313964843750e+00,-6.877120494842529297e+00,-9.761445045471191406e+00,1.128151607513427734e+01,9.605646133422851562e+00,8.545061111450195312e+00,-7.622318807989358902e-04,8.570372462272644043e-01,8.372700691223144531e+00,5.577752590179443359e+00,5.727724075317382812e+00,-7.995211333036422729e-02,-1.464240193367004395e+00,-2.423798441886901855e-01,1.099407863616943359e+01,1.186486721038818359e+01,1.913464927673339844e+01,nan,nan,nan,nan,nan,nan,nan,nan,nan,nan,nan,nan,nan,nan,nan,nan,nan,nan,nan,nan,nan,nan,nan,nan,nan,nan,nan,nan,nan,nan,nan,nan,nan,nan,nan,nan,nan,nan,nan,nan,nan,nan,nan,nan,nan,nan,nan,nan
nan,nan,nan,nan,nan,nan,nan,nan,nan,nan,nan,nan,nan,nan,nan,nan,nan,nan,nan,nan,nan,nan,nan,nan,nan,nan,nan,nan,nan,nan,nan,nan,nan,nan,2.076884984970092773e+00,4.263308048248291016e+00,7.009158611297607422e+00,nan,6.820339202880859375e+00,4.747441291809082031e+00,1.104023170471191406e+01,1.415120315551757812e+01,1.657512664794921875e+01,1.847978591918945312e+01,2.045608901977539062e+01,2.406370735168457031e+01,2.402871894836425781e+01,2.017206573486328125e+01,1.970118522644042969e+01,2.275197601318359375e+01,2.895231819152832031e+01,2.969220542907714844e+01,3.254715347290039062e+01,2.889515113830566406e+01,2.872750282287597656e+01,2.809037780761718750e+01,2.396369361877441406e+01,1.928654289245605469e+01,1.698558998107910156e+01,1.676859664916992188e+01,2.247585678100585938e+01,-6.260764122009277344e+00,-7.895953655242919922e+00,9.574910163879394531e+00,7.719828128814697266e+00,6.561312198638916016e+00,1.086016941070556641e+01,-7.359501719474792480e-01,4.398174211382865906e-02,4.498860359191894531e+00,4.854320526123046875e+00,3.878528594970703125e+00,4.886396884918212891e+00,9.033144950866699219e+00,9.229454040527343750e+00,1.164591789245605469e+01,1.112392139434814453e+01,1.673669624328613281e+01,5.297693729400634766e+00,nan,nan,nan,nan,nan,nan,nan,nan,nan,nan,nan,nan,nan,nan,nan,nan,nan,nan,nan,nan,nan,nan,nan,nan,nan,nan,nan,nan,nan,nan,nan,nan,nan,nan,nan,nan,nan,nan,nan,nan,nan,nan,nan,nan,nan,nan
nan,nan,nan,nan,nan,nan,nan,nan,nan,nan,nan,nan,nan,nan,nan,nan,nan,nan,nan,nan,nan,nan,nan,nan,nan,nan,nan,nan,nan,nan,nan,nan,nan,nan,7.964856147766113281e+00,1.233991503715515137e+00,4.030442714691162109e+00,5.002627372741699219e+00,nan,4.801955699920654297e+00,1.257952117919921875e+01,1.142504978179931641e+01,1.714432144165039062e+01,1.920203781127929688e+01,3.072705078125000000e+01,3.124381065368652344e+01,2.681423377990722656e+01,2.360710334777832031e+01,2.705145835876464844e+01,2.120559501647949219e+01,2.973322105407714844e+01,3.136432456970214844e+01,3.057834434509277344e+01,2.991223907470703125e+01,3.270142745971679688e+01,2.754632949829101562e+01,2.141815376281738281e+01,1.921639442443847656e+01,1.666571807861328125e+01,1.768744087219238281e+01,2.130108451843261719e+01,1.717415237426757812e+01,7.117914676666259766e+00,7.296025276184082031e+00,-3.391659498214721680e+00,-1.452223300933837891e+00,8.033271789550781250e+00,8.948373794555664062e+00,1.160274314880371094e+01,4.181699275970458984e+00,-2.667530059814453125e+00,5.025868415832519531e-01,-7.547307610511779785e-01,4.861849784851074219e+00,5.594637393951416016e+00,6.683270454406738281e+00,8.872309684753417969e+00,9.380134582519531250e+00,2.903605222702026367e+00,1.871263265609741211e+00,nan,nan,nan,nan,nan,nan,nan,nan,nan,nan,nan,nan,nan,nan,nan,nan,nan,nan,nan,nan,nan,nan,nan,nan,nan,nan,nan,nan,nan,nan,nan,nan,nan,nan,nan,nan,nan,nan,nan,nan,nan,nan,nan,nan,nan
nan,nan,nan,nan,nan,nan,nan,nan,nan,nan,nan,nan,nan,nan,nan,nan,nan,nan,nan,nan,nan,nan,nan,nan,nan,nan,nan,nan,nan,nan,nan,6.255801320075988770e-01,-1.763993263244628906e+01,2.234889745712280273e+00,7.304070472717285156e+00,4.553787708282470703e+00,2.765142440795898438e+00,nan,5.801692008972167969e+00,8.255643844604492188e+00,8.697650909423828125e+00,1.164906311035156250e+01,1.799130249023437500e+01,2.073908233642578125e+01,2.841617774963378906e+01,3.438667297363281250e+01,2.770268440246582031e+01,2.661396217346191406e+01,2.015924644470214844e+01,2.370143127441406250e+01,2.766091728210449219e+01,3.237258911132812500e+01,3.227662658691406250e+01,3.152545356750488281e+01,3.363284683227539062e+01,2.933692169189453125e+01,3.009640502929687500e+01,2.768513107299804688e+01,2.999074172973632812e+01,1.777082824707031250e+01,1.657555580139160156e+01,1.198738288879394531e+01,1.488053607940673828e+01,1.533919334411621094e+01,-3.847812175750732422e+00,-4.670334339141845703e+00,-6.979556083679199219e+00,1.539907455444335938e+00,1.483346652984619141e+01,1.756344413757324219e+01,-6.313111782073974609e+00,-3.215534090995788574e-01,5.660109043121337891e+00,2.781472444534301758e+00,1.615726113319396973e+00,5.560882568359375000e+00,4.783411979675292969e+00,6.477598667144775391e+00,2.901577949523925781e+00,-4.363274574279785156e+00,nan,nan,nan,nan,nan,nan,nan,nan,nan,nan,nan,nan,nan,nan,nan,nan,nan,nan,nan,nan,nan,nan,nan,nan,nan,nan,nan,nan,nan,nan,nan,nan,nan,nan,nan,nan,nan,nan,nan,nan,nan,nan,nan,nan,nan
nan,nan,nan,nan,nan,nan,nan,nan,nan,nan,nan,nan,nan,nan,nan,nan,nan,nan,nan,nan,nan,nan,nan,nan,nan,nan,nan,nan,nan,nan,nan,-9.589736938476562500e+00,-4.958447456359863281e+00,-1.910938382148742676e+00,3.379383087158203125e+00,6.359760284423828125e+00,-9.393643665928184255e-15,-8.855392344430702833e-15,3.249243259429931641e+00,7.999981403350830078e+00,1.250446224212646484e+01,1.578344917297363281e+01,1.710892486572265625e+01,2.198534584045410156e+01,1.934685897827148438e+01,2.207068252563476562e+01,2.196046829223632812e+01,1.985178184509277344e+01,1.819857406616210938e+01,1.975951004028320312e+01,2.017997169494628906e+01,3.036672019958496094e+01,2.986540794372558594e+01,3.157216835021972656e+01,3.201608276367187500e+01,3.020217704772949219e+01,3.117690467834472656e+01,2.875111961364746094e+01,2.557910537719726562e+01,2.354988288879394531e+01,2.049769401550292969e+01,2.078271293640136719e+01,1.883857536315917969e+01,8.531714439392089844e+00,6.288333415985107422e+00,-8.856825828552246094e+00,-6.579797744750976562e+00,-2.074538707733154297e+00,7.092397212982177734e+00,7.074700832366943359e+00,1.230340123176574707e+00,4.002294540405273438e+00,8.085553169250488281e+00,5.349184036254882812e+00,3.215740442276000977e+00,-1.140071675181388855e-01,-1.088465404510498047e+01,7.580334663391113281e+00,2.285447597503662109e+00,2.232887744903564453e+00,-5.091035842895507812e+00,nan,nan,nan,nan,nan,nan,nan,nan,nan,nan,nan,nan,nan,nan,nan,nan,nan,nan,nan,nan,nan,nan,nan,nan,nan,nan,nan,nan,nan,nan,nan,nan,nan,nan,nan,nan,nan,nan,nan,nan,nan,nan,nan,nan
nan,nan,nan,nan,nan,nan,nan,nan,nan,nan,nan,nan,nan,nan,nan,nan,nan,nan,nan,nan,nan,nan,nan,nan,nan,nan,nan,nan,-8.091037273406982422e-01,4.185518741607666016e+00,-5.583147525787353516e+00,-7.260331511497497559e-01,1.422250986099243164e+00,3.691887855529785156e+00,2.856976270675659180e+00,5.416445732116699219e+00,-9.169666978850465888e-15,-8.577985666073130455e-15,3.744044780731201172e+00,6.365188121795654297e+00,7.732979297637939453e+00,1.130952167510986328e+01,1.510778141021728516e+01,1.471058082580566406e+01,1.421553897857666016e+01,1.241674804687500000e+01,1.261783695220947266e+01,1.901681327819824219e+01,1.320888233184814453e+01,1.599922466278076172e+01,1.501732921600341797e+01,1.969629096984863281e+01,2.799818038940429688e+01,3.158938026428222656e+01,2.655705261230468750e+01,2.964877128601074219e+01,3.008317375183105469e+01,2.713978004455566406e+01,2.287057113647460938e+01,1.588927459716796875e+01,2.078377532958984375e+01,1.851946449279785156e+01,4.910084724426269531e+00,-5.146563529968261719e+00,-6.741852283477783203e+00,-6.267569065093994141e+00,-1.515877962112426758e+00,-1.976879954338073730e+00,-1.463036656379699707e+00,1.642001914978027344e+01,1.295829415321350098e+00,9.904910922050476074e-01,1.391588449478149414e+00,2.872851371765136719e+00,1.392317533493041992e+00,-3.311384201049804688e+01,-4.324848556518554688e+01,-6.188509464263916016e+00,-7.036843299865722656e+00,-1.339775800704956055e+00,-4.205909729003906250e+00,nan,nan,nan,nan,nan,nan,nan,nan,nan,nan,nan,nan,nan,nan,nan,nan,nan,nan,nan,nan,nan,nan,nan,nan,nan,nan,nan,nan,nan,nan,nan,nan,nan,nan,nan,nan,nan,nan,nan,nan,nan,nan,nan,nan
nan,nan,nan,nan,nan,nan,nan,nan,nan,nan,nan,nan,nan,nan,nan,nan,nan,nan,nan,nan,nan,nan,nan,nan,nan,nan,nan,nan,5.458296775817871094e+00,-1.491261243820190430e+00,1.892489910125732422e+00,6.905327796936035156e+00,3.181760787963867188e+00,1.025280594825744629e+00,2.309051275253295898e+00,2.728591442108154297e+00,2.841321706771850586e+00,-9.604934340554874966e-15,2.104884147644042969e+00,4.902746677398681641e+00,5.799399852752685547e+00,5.851434707641601562e+00,6.359666824340820312e+00,6.867000579833984375e+00,8.081287384033203125e+00,8.093803405761718750e+00,8.391840934753417969e+00,8.590931892395019531e+00,9.544546127319335938e+00,7.598424434661865234e+00,1.107263469696044922e+01,1.683948516845703125e+01,2.172833633422851562e+01,2.614645385742187500e+01,2.297667884826660156e+01,3.121691703796386719e+01,2.571776771545410156e+01,2.716011238098144531e+01,1.804618072509765625e+01,1.322395229339599609e+01,2.289043045043945312e+01,1.665867424011230469e+01,1.625015854835510254e+00,-6.399186134338378906e+00,1.240511655807495117e+00,5.366398096084594727e-01,3.193184614181518555e+00,6.882574558258056641e+00,1.126372528076171875e+01,1.724431800842285156e+01,1.298596191406250000e+01,3.388625144958496094e+00,-7.014150142669677734e+00,2.986039817333221436e-01,-1.487337470054626465e+00,-8.467385292053222656e+00,-9.684419631958007812e+00,-1.026316452026367188e+01,-2.166098594665527344e+01,-5.324297904968261719e+00,-4.588557243347167969e+00,8.284519910812377930e-01,-1.097724533081054688e+01,-1.084677314758300781e+01,nan,nan,nan,nan,nan,nan,nan,nan,nan,nan,nan,nan,nan,nan,nan,nan,nan,nan,nan,nan,nan,nan,nan,nan,nan,nan,nan,nan,nan,nan,nan,nan,nan,nan,nan,nan,nan,nan,nan,nan,nan
nan,nan,nan,nan,nan,nan,nan,nan,nan,nan,nan,nan,nan,nan,nan,nan,nan,nan,nan,nan,nan,nan,nan,nan,nan,nan,nan,nan,-8.275302207039203495e-06,2.737025022506713867e+00,2.716403007507324219e+00,3.047617197036743164e+00,1.942445784807205200e-01,1.211831092834472656e+00,2.373125314712524414e+00,2.585249185562133789e+00,2.009722709655761719e+00,1.162928819656372070e+00,-1.116574287414550781e+00,3.081373453140258789e+00,2.524047613143920898e+00,2.842079162597656250e+00,2.653596162796020508e+00,4.574265003204345703e+00,6.609416484832763672e+00,7.404451370239257812e+00,4.301723957061767578e+00,3.990425348281860352e+00,2.798471689224243164e+00,2.472017765045166016e+00,7.483461380004882812e+00,1.332824134826660156e+01,2.260983085632324219e+01,1.937843513488769531e+01,2.244830894470214844e+01,1.931829833984375000e+01,2.006057548522949219e+01,1.101781272888183594e+01,9.611160278320312500e+00,1.544436264038085938e+01,1.495486640930175781e+01,1.820524215698242188e+01,1.022619056701660156e+01,1.028006935119628906e+01,1.135766983032226562e+01,7.441989421844482422e+00,2.792964935302734375e+00,1.127999114990234375e+01,8.220671653747558594e+00,8.772592544555664062e+00,1.019817543029785156e+01,4.061037063598632812e+00,-8.726515769958496094e+00,-1.487479972839355469e+01,-1.728720474243164062e+01,-1.214454841613769531e+01,-1.337063503265380859e+01,-1.369799995422363281e+01,-1.625728416442871094e+01,-2.053772926330566406e+01,-8.614632606506347656e+00,1.895948529243469238e+00,-4.785893917083740234e+00,-1.121983432769775391e+01,-1.112798881530761719e+01,nan,nan,nan,nan,nan,nan,nan,nan,nan,nan,nan,nan,nan,nan,nan,nan,nan,nan,nan,nan,nan,nan,nan,nan,nan,nan,nan,nan,nan,nan,nan,nan,nan,nan,nan,nan,nan,nan,nan,nan
nan,nan,nan,nan,nan,nan,nan,nan,nan,nan,nan,nan,nan,nan,nan,nan,nan,nan,nan,nan,nan,nan,nan,nan,nan,nan,-2.538921117782592773e+00,-6.704230308532714844e+00,-2.050797224044799805e+00,6.424307227134704590e-01,-1.596087813377380371e+00,-4.478281438350677490e-01,8.642274141311645508e-01,2.457973957061767578e+00,2.375563383102416992e+00,6.919787824153900146e-02,1.462993860244750977e+00,5.391203165054321289e-01,-5.529509186744689941e-01,1.567319929599761963e-01,4.330717027187347412e-01,1.578950524330139160e+00,1.500825762748718262e+00,2.731043815612792969e+00,5.157773971557617188e+00,4.353322029113769531e+00,2.041496276855468750e+00,-7.558475136756896973e-01,-2.510801792144775391e+00,-2.930863618850708008e+00,5.541505217552185059e-01,8.469929695129394531e+00,1.179139900207519531e+01,1.279973983764648438e+01,1.788629531860351562e+01,1.000563812255859375e+01,1.697399330139160156e+01,8.949034690856933594e+00,8.052283287048339844e+00,6.110555648803710938e+00,7.580198764801025391e+00,1.235605621337890625e+01,1.011613082885742188e+01,9.872385978698730469e+00,1.140832805633544922e+01,5.284985542297363281e+00,6.501198291778564453e+00,2.941075086593627930e+00,4.846716880798339844e+00,5.836519241333007812e+00,-6.305002212524414062e+00,-9.316758155822753906e+00,-1.324030208587646484e+01,-1.202822494506835938e+01,-1.711333084106445312e+01,-1.818427658081054688e+01,-1.642618942260742188e+01,-1.640896034240722656e+01,-2.502746200561523438e+01,-2.806855201721191406e+01,-1.798907279968261719e+01,-1.892383193969726562e+01,-1.572263526916503906e+01,-1.536936378479003906e+01,-1.076932048797607422e+01,nan,nan,nan,nan,nan,nan,nan,nan,nan,nan,nan,nan,nan,nan,nan,nan,nan,nan,nan,nan,nan,nan,nan,nan,nan,nan,nan,nan,nan,nan,nan,nan,nan,nan,nan,nan,nan,nan,nan,nan
nan,nan,nan,nan,nan,nan,nan,nan,nan,nan,nan,nan,nan,nan,nan,nan,nan,nan,nan,nan,nan,nan,nan,nan,nan,-3.202437639236450195e+00,-6.802515506744384766e+00,-6.412436962127685547e+00,-5.464573383331298828e+00,-2.358247518539428711e+00,-1.289438605308532715e+00,3.383864462375640869e-01,3.793606519699096680e+00,4.872755527496337891e+00,2.336845874786376953e+00,5.897488817572593689e-02,6.792854070663452148e-01,5.886515378952026367e-01,-1.082622170448303223e+00,-1.541822671890258789e+00,-1.560724377632141113e+00,-2.322208285331726074e-01,-3.046667575836181641e-01,-7.988271303474903107e-03,6.163259148597717285e-01,-1.828916549682617188e+00,1.574676856398582458e-02,-5.149257183074951172e+00,-5.632737159729003906e+00,-6.615407943725585938e+00,-3.763313293457031250e+00,4.076162338256835938e+00,2.132136344909667969e+00,4.085818290710449219e+00,-5.152807712554931641e+00,-6.820895671844482422e+00,-3.991395235061645508e+00,4.184288978576660156e+00,2.975214004516601562e+00,1.705257177352905273e+00,2.105256795883178711e+00,4.080444812774658203e+00,1.510362052917480469e+01,1.700656318664550781e+01,9.467977285385131836e-01,6.107779026031494141e+00,4.885813236236572266e+00,3.321385622024536133e+00,1.015320301055908203e+00,7.421100735664367676e-01,-4.443895816802978516e+00,-9.310123443603515625e+00,-2.172052001953125000e+01,-1.387296104431152344e+01,-2.773660087585449219e+01,-2.501223754882812500e+01,-1.995214462280273438e+01,-1.833295440673828125e+01,-1.750737953186035156e+01,-1.618533515930175781e+01,-2.062212753295898438e+01,-1.873544311523437500e+01,-1.062975502014160156e+01,-1.272326755523681641e+01,-1.023755264282226562e+01,-2.193664932250976562e+01,nan,nan,nan,nan,nan,nan,nan,nan,nan,nan,nan,nan,nan,nan,nan,nan,nan,nan,nan,nan,nan,nan,nan,nan,nan,nan,nan,nan,nan,nan,nan,nan,nan,nan,nan,nan,nan,nan,nan
nan,nan,nan,nan,nan,nan,nan,nan,nan,nan,nan,nan,nan,nan,nan,nan,nan,nan,nan,nan,nan,nan,nan,nan,nan,-3.357391834259033203e+00,-4.801468372344970703e+00,-6.566542148590087891e+00,-7.632362842559814453e+00,-5.784388542175292969e+00,1.290882945060729980e+00,4.318650722503662109e+00,4.044633865356445312e+00,5.462345123291015625e+00,4.110758781433105469e+00,2.427741765975952148e+00,8.478865623474121094e-01,7.918500304222106934e-01,-2.822118043899536133e+00,-3.369140625000000000e+00,-3.081513166427612305e+00,-3.909894704818725586e+00,-4.853589057922363281e+00,-7.264388561248779297e+00,-9.225393295288085938e+00,-8.707325935363769531e+00,-6.120953083038330078e+00,-8.526870727539062500e+00,-1.083855819702148438e+01,-1.006042861938476562e+01,-6.205151557922363281e+00,-7.464362621307373047e+00,-8.075775146484375000e+00,-2.036046600341796875e+01,-1.949693107604980469e+01,-1.609886932373046875e+01,-1.850503540039062500e+01,-1.614336585998535156e+01,-1.226653480529785156e+01,-8.001570701599121094e-01,-6.023570299148559570e-01,-8.240168094635009766e-01,9.784403800964355469e+00,7.166895389556884766e+00,5.381103038787841797e+00,-2.143825054168701172e+00,1.301407814025878906e+01,1.169424057006835938e+01,-7.678727507591247559e-01,3.226845264434814453e+00,-8.713887333869934082e-01,-1.322877979278564453e+01,-1.823703575134277344e+01,-2.153762435913085938e+01,-2.110740852355957031e+01,-2.142236518859863281e+01,-2.827380561828613281e+01,-2.473421287536621094e+01,-2.080750656127929688e+01,-1.358918380737304688e+01,-2.060199546813964844e+01,-1.653392982482910156e+01,-1.195657634735107422e+01,-5.619820117950439453e+00,-1.030023193359375000e+01,-2.055941390991210938e+01,-4.738977909088134766e+00,-8.083579063415527344e+00,nan,nan,nan,nan,nan,nan,nan,nan,nan,nan,nan,nan,nan,nan,nan,nan,nan,nan,nan,nan,nan,nan,nan,nan,nan,nan,nan,nan,nan,nan,nan,nan,nan,nan,nan,nan,nan
nan,nan,nan,nan,nan,nan,nan,nan,nan,nan,nan,nan,nan,nan,nan,nan,nan,nan,nan,nan,nan,nan,nan,nan,nan,-3.893620729446411133e+00,-3.902233600616455078e+00,-4.728645324707031250e+00,-2.253956794738769531e+00,-1.845131516456604004e+00,1.695243597030639648e+00,7.158275604248046875e+00,6.157970428466796875e+00,2.667766094207763672e+00,4.337534606456756592e-01,-3.824335038661956787e-01,-1.356425285339355469e+00,-2.431258440017700195e+00,-3.853106021881103516e+00,-4.460421562194824219e+00,-4.136637210845947266e+00,-7.088013172149658203e+00,-7.046670436859130859e+00,-1.386252403259277344e+01,-1.254237270355224609e+01,-1.065251636505126953e+01,-9.809391021728515625e+00,-1.340055656433105469e+01,-1.051611423492431641e+01,-1.531037998199462891e+01,-1.272584915161132812e+01,-1.965775871276855469e+01,-2.165652656555175781e+01,-3.100054550170898438e+01,-3.272694015502929688e+01,-2.735095977783203125e+01,-2.707316780090332031e+01,-2.370766258239746094e+01,-1.810036659240722656e+01,-9.110858917236328125e+00,-7.233435153961181641e+00,-6.294660568237304688e+00,7.460442543029785156e+00,-2.435554027557373047e+00,-2.158409833908081055e+00,-6.399872303009033203e-01,5.927621364593505859e+00,1.118394184112548828e+01,3.370171546936035156e+00,-6.369718074798583984e+00,-4.837161064147949219e+00,-1.644012260437011719e+01,-1.928468513488769531e+01,-1.936767959594726562e+01,-2.141839790344238281e+01,-2.145565986633300781e+01,-2.955403137207031250e+01,-2.464059448242187500e+01,-1.899105453491210938e+01,-1.759923362731933594e+01,-1.969168090820312500e+01,-1.260345840454101562e+01,-4.445714473724365234e+00,-5.445478916168212891e+00,-1.084097671508789062e+01,-6.389112472534179688e+00,-3.786590576171875000e+00,-7.369161605834960938e+00,-5.918941974639892578e+00,-4.686581134796142578e+00,-2.810880184173583984e+00,nan,nan,nan,nan,nan,nan,nan,nan,nan,nan,nan,nan,nan,nan,nan,nan,nan,nan,nan,nan,nan,nan,nan,nan,nan,nan,nan,nan,nan,nan,nan,nan,nan,nan
nan,nan,nan,nan,nan,nan,nan,nan,nan,nan,nan,nan,nan,nan,nan,nan,nan,nan,nan,nan,nan,nan,nan,nan,nan,-3.068245887756347656e+00,-3.053611755371093750e+00,-1.194956421852111816e+00,2.789570135064423084e-04,-2.227349765598773956e-02,-1.100303083658218384e-01,1.082484006881713867e+00,8.895282149314880371e-01,1.117856502532958984e+00,-1.354942798614501953e+00,-3.110373020172119141e+00,-3.294131278991699219e+00,-4.231052398681640625e+00,-5.656849861145019531e+00,-4.574282169342041016e+00,-7.528184413909912109e+00,-9.556102752685546875e+00,-1.377799797058105469e+01,-1.019759178161621094e+01,-1.159411048889160156e+01,-1.328107738494873047e+01,-1.248911285400390625e+01,-1.320217895507812500e+01,-1.608249473571777344e+01,-1.958592414855957031e+01,-2.235347557067871094e+01,-2.668787002563476562e+01,-2.784988212585449219e+01,-3.112388992309570312e+01,-2.918849563598632812e+01,-3.016621589660644531e+01,-2.799425506591796875e+01,-2.228508949279785156e+01,-1.944993591308593750e+01,-9.526286125183105469e+00,-1.132992458343505859e+01,-7.331288814544677734e+00,9.644895553588867188e+00,-3.572520613670349121e-01,-3.703592300415039062e+00,-4.991739749908447266e+00,-4.887861251831054688e+00,6.647684574127197266e+00,-9.747388839721679688e+00,-1.173015880584716797e+01,-1.054092311859130859e+01,-1.853671836853027344e+01,-1.564880847930908203e+01,-1.644642066955566406e+01,-2.191051864624023438e+01,-2.188304138183593750e+01,-1.918973922729492188e+01,-1.680010414123535156e+01,-1.812047767639160156e+01,-1.533481311798095703e+01,-7.677484512329101562e+00,-6.062842369079589844e+00,-8.823632240295410156e+00,-1.480951881408691406e+01,-7.636686801910400391e+00,-4.500711441040039062e+00,-4.588364124298095703e+00,-5.994987487792968750e+00,-4.882362365722656250e+00,-2.387958526611328125e+00,-2.131942272186279297e+00,-6.563464403152465820e-01,nan,nan,nan,nan,nan,nan,nan,nan,nan,nan,nan,nan,nan,nan,nan,nan,nan,nan,nan,nan,nan,nan,nan,nan,nan,nan,nan,nan,nan,nan,nan,nan,nan
nan,nan,nan,nan,nan,nan,nan,nan,nan,nan,nan,nan,nan,nan,nan,nan,nan,nan,nan,nan,nan,nan,nan,nan,nan,-2.497100591659545898e+00,1.668509602546691895e+00,-3.679730415344238281e+00,-2.443475246429443359e+00,-2.379148006439208984e+00,-1.471863389015197754e+00,-1.528344005346298218e-01,-9.146981835365295410e-01,-1.733334183692932129e+00,-3.460963487625122070e+00,-3.478878974914550781e+00,-3.218231916427612305e+00,-4.962222576141357422e+00,-5.061281681060791016e+00,-5.435939311981201172e+00,-8.711498260498046875e+00,-1.037123680114746094e+01,-1.279966259002685547e+01,-1.260320186614990234e+01,-1.371492576599121094e+01,-1.131028652191162109e+01,-1.376747512817382812e+01,-1.578470802307128906e+01,-1.941706657409667969e+01,-2.033850479125976562e+01,-2.263744735717773438e+01,-3.288985824584960938e+01,-3.639290618896484375e+01,-3.784825897216796875e+01,-3.600217437744140625e+01,-3.378657913208007812e+01,-3.221349334716796875e+01,-2.935756301879882812e+01,-2.446630287170410156e+01,-2.034894561767578125e+01,-1.293923473358154297e+01,-1.817990303039550781e+01,5.117420196533203125e+00,6.723644733428955078e+00,-5.019127845764160156e+00,-7.670111656188964844e+00,-9.689983129501342773e-01,-8.554199934005737305e-01,-4.293926715850830078e+00,-4.850465297698974609e+00,-8.357033729553222656e+00,-2.298506927490234375e+01,-2.050946617126464844e+01,-1.666741943359375000e+01,-2.137562561035156250e+01,-2.288882446289062500e+01,-2.131858253479003906e+01,-1.891370010375976562e+01,-2.185068321228027344e+01,-1.563483715057373047e+01,-8.409955978393554688e+00,-1.339385795593261719e+01,-3.630502939224243164e+00,-1.548369407653808594e+01,-6.646229267120361328e+00,-8.780289649963378906e+00,-8.981899261474609375e+00,-7.007015705108642578e+00,-5.992548942565917969e+00,-9.991624832153320312e+00,-5.809985637664794922e+00,1.312257766723632812e+00,4.093248248100280762e-01,nan,nan,nan,nan,nan,nan,nan,nan,nan,nan,nan,nan,nan,nan,nan,nan,nan,nan,nan,nan,nan,nan,nan,nan,nan,nan,nan,nan,nan,nan,nan,nan
nan,nan,nan,nan,nan,nan,nan,nan,nan,nan,nan,nan,nan,nan,nan,nan,nan,nan,nan,nan,nan,nan,nan,nan,nan,-1.968052148818969727e+00,nan,-3.055772542953491211e+00,-5.008562088012695312e+00,-4.148838996887207031e+00,-2.257153511047363281e+00,-2.129950046539306641e+00,-3.108959197998046875e+00,-2.639773368835449219e+00,-3.139264106750488281e+00,-3.238605499267578125e+00,-3.669381618499755859e+00,-6.520960807800292969e+00,-7.374591350555419922e+00,-9.141888618469238281e+00,-8.971451759338378906e+00,-1.010590744018554688e+01,-1.231614494323730469e+01,-1.491751289367675781e+01,-1.331787300109863281e+01,-1.474350929260253906e+01,-1.701284217834472656e+01,-1.878221702575683594e+01,-3.012221908569335938e+01,-2.699830055236816406e+01,-2.715701293945312500e+01,-3.615837860107421875e+01,-4.023845672607421875e+01,-4.279472732543945312e+01,-4.258548355102539062e+01,-4.363101577758789062e+01,-4.265077209472656250e+01,-3.898875808715820312e+01,-2.663879013061523438e+01,-1.455386829376220703e+01,-1.924587631225585938e+01,-8.812858581542968750e+00,-4.138992786407470703e+00,-8.479996681213378906e+00,2.238635301589965820e+00,5.826425075531005859e+00,2.135564422607421875e+01,-1.343235373497009277e+00,-4.241588115692138672e+00,-2.760866165161132812e+00,-1.709439086914062500e+01,-2.597364234924316406e+01,-2.417799377441406250e+01,-2.371520996093750000e+01,-2.180140113830566406e+01,-2.082591819763183594e+01,-2.983815383911132812e+01,-2.522608184814453125e+01,-2.153411293029785156e+01,-2.244521141052246094e+01,-1.962369918823242188e+01,-1.706697654724121094e+01,-1.107842922210693359e+01,-1.184280681610107422e+01,-1.025920104980468750e+01,-1.212392902374267578e+01,-1.395388031005859375e+01,-5.221373558044433594e+00,-5.493145465850830078e+00,2.405858039855957031e+00,2.341033935546875000e+00,3.102748870849609375e+00,-1.237748742103576660e+00,nan,nan,nan,nan,nan,nan,nan,nan,nan,nan,nan,nan,nan,nan,nan,nan,nan,nan,nan,nan,nan,nan,nan,nan,nan,nan,nan,nan,nan,nan,nan,nan
nan,nan,nan,nan,nan,nan,nan,nan,nan,nan,nan,nan,nan,nan,nan,nan,nan,nan,nan,nan,nan,nan,nan,nan,-1.585014343261718750e+00,nan,nan,-7.933172583580017090e-02,-4.339292049407958984e+00,-4.090669155120849609e+00,-3.506155252456665039e+00,-4.605483055114746094e+00,-5.541010379791259766e+00,-6.058701992034912109e+00,-4.345218181610107422e+00,-4.387838363647460938e+00,-5.762491703033447266e+00,-7.668553352355957031e+00,-9.328456878662109375e+00,-1.104799652099609375e+01,-1.193835353851318359e+01,-1.201387786865234375e+01,-1.267396545410156250e+01,-1.712907600402832031e+01,-1.753038406372070312e+01,-1.859887695312500000e+01,-2.145223426818847656e+01,-2.653702354431152344e+01,-3.121519088745117188e+01,-3.715886306762695312e+01,-4.001679611206054688e+01,-4.283148193359375000e+01,-5.591709899902343750e+01,-5.295283126831054688e+01,-4.359383010864257812e+01,-3.642949295043945312e+01,-3.353152084350585938e+01,-2.768394660949707031e+01,-2.880572319030761719e+01,-2.315699005126953125e+01,-1.498237705230712891e+01,nan,nan,-1.275736212730407715e+00,6.214848995208740234e+00,1.011987972259521484e+01,2.593297767639160156e+01,-1.703215122222900391e+00,-4.723264694213867188e+00,-5.047052860260009766e+00,-1.738936042785644531e+01,-1.076439952850341797e+01,-2.211119651794433594e+01,-2.634582519531250000e+01,-2.117191696166992188e+01,-2.446315765380859375e+01,-2.418027877807617188e+01,-2.609564018249511719e+01,-2.206108856201171875e+01,-2.237216377258300781e+01,-2.828466987609863281e+01,-2.209303665161132812e+01,-1.455550670623779297e+01,-1.666877555847167969e+01,-8.289250373840332031e+00,-1.560303211212158203e+01,-9.684043884277343750e+00,-9.527837753295898438e+00,6.948712825775146484e+00,5.198295593261718750e+00,-1.025144338607788086e+00,1.451477050781250000e+00,5.379774093627929688e+00,nan,nan,nan,nan,nan,nan,nan,nan,nan,nan,nan,nan,nan,nan,nan,nan,nan,nan,nan,nan,nan,nan,nan,nan,nan,nan,nan,nan,nan,nan,nan,nan
nan,nan,nan,nan,nan,nan,nan,nan,nan,nan,nan,nan,nan,nan,nan,nan,nan,nan,nan,nan,nan,nan,nan,nan,2.591904163360595703e+00,1.038328289985656738e+00,1.337674498558044434e+00,-2.209565043449401855e-01,-1.789614319801330566e+00,-3.488213777542114258e+00,-3.579478740692138672e+00,-5.114188194274902344e+00,-6.241547584533691406e+00,-6.773064613342285156e+00,-5.433819770812988281e+00,-5.794501781463623047e+00,-6.657754421234130859e+00,-8.720158576965332031e+00,-9.052039146423339844e+00,-9.982295036315917969e+00,-1.199820137023925781e+01,-1.095576190948486328e+01,-1.243862724304199219e+01,-1.872293090820312500e+01,-2.133036231994628906e+01,-2.064596176147460938e+01,-2.753629112243652344e+01,-2.705895233154296875e+01,-3.297647094726562500e+01,-4.176878738403320312e+01,-4.357187652587890625e+01,-4.917560577392578125e+01,-5.543803787231445312e+01,-5.920787048339843750e+01,-3.993743133544921875e+01,-3.860314559936523438e+01,nan,-3.169891738891601562e+01,-2.563803291320800781e+01,-2.128911590576171875e+01,-1.648504447937011719e+01,nan,nan,nan,nan,2.340154647827148438e+00,nan,-1.625353336334228516e+00,nan,-8.853823661804199219e+00,nan,nan,nan,-1.894560241699218750e+01,-1.913421249389648438e+01,-1.573201847076416016e+01,-2.181268501281738281e+01,-2.184543800354003906e+01,-2.108020591735839844e+01,-2.204031372070312500e+01,-2.706475448608398438e+01,-2.721272277832031250e+01,-1.790725135803222656e+01,-1.662626838684082031e+01,-2.346733665466308594e+01,-1.834562873840332031e+01,-1.697687530517578125e+01,-2.631980180740356445e+00,-4.811702251434326172e+00,-6.434561252593994141e+00,7.982983952388167381e-04,1.349083185195922852e+00,1.004960632324218750e+01,1.116071319580078125e+01,1.332114791870117188e+01,nan,nan,nan,nan,nan,nan,nan,nan,nan,nan,nan,nan,nan,nan,nan,nan,nan,nan,nan,nan,nan,nan,nan,nan,nan,nan,nan,nan,nan,nan
nan,nan,nan,nan,nan,nan,nan,nan,nan,nan,nan,nan,nan,nan,nan,nan,nan,nan,nan,nan,nan,nan,nan,-2.219431877136230469e+00,-6.047496318817138672e+00,-3.044224977493286133e-01,1.566472277045249939e-02,4.079513847827911377e-01,4.021297693252563477e-01,-2.017232894897460938e+00,-2.738024950027465820e+00,-4.516408443450927734e+00,-5.652278900146484375e+00,-6.841201305389404297e+00,-7.746563434600830078e+00,-7.853875160217285156e+00,-8.319165229797363281e+00,-9.142493247985839844e+00,-9.866772651672363281e+00,-1.017641544342041016e+01,-1.264573574066162109e+01,-1.116188049316406250e+01,-1.395652103424072266e+01,-1.691360664367675781e+01,-1.778807067871093750e+01,-2.186924362182617188e+01,-2.767659187316894531e+01,-2.794824790954589844e+01,-2.802788352966308594e+01,-3.868138885498046875e+01,-4.477793121337890625e+01,-3.630887222290039062e+01,-5.186338043212890625e+01,-5.561566162109375000e+01,-4.111159896850585938e+01,-4.059703063964843750e+01,-3.883090972900390625e+01,-3.461094284057617188e+01,nan,nan,nan,nan,nan,nan,nan,nan,nan,nan,nan,nan,nan,nan,nan,nan,-2.046848678588867188e+01,4.875433921813964844e+00,-2.243944168090820312e+01,-2.263238716125488281e+01,-2.259329795837402344e+01,-3.313311386108398438e+01,-3.368205261230468750e+01,-2.374189376831054688e+01,-2.942571067810058594e+01,-2.786659240722656250e+01,-2.502733993530273438e+01,-1.761320304870605469e+01,-1.528347873687744141e+01,-7.018142223358154297e+00,-3.999526262283325195e+00,-1.686450767517089844e+01,-6.871681976318359375e+01,3.074405670166015625e+00,1.580991172790527344e+01,1.742510986328125000e+01,2.014020919799804688e+01,1.906186866760253906e+01,2.701026535034179688e+01,nan,nan,nan,nan,nan,nan,nan,nan,nan,nan,nan,nan,nan,nan,nan,nan,nan,nan,nan,nan,nan,nan,nan,nan,nan,nan,nan,nan
nan,nan,nan,nan,nan,nan,nan,nan,nan,nan,nan,nan,nan,nan,nan,nan,nan,nan,nan,nan,nan,nan,nan,nan,-3.446231603622436523e+00,-9.346188902854919434e-01,-2.928266674280166626e-02,-1.398277163505554199e+00,-5.957022905349731445e-01,-2.068306446075439453e+00,-3.217162609100341797e+00,-5.201910972595214844e+00,-7.615146160125732422e+00,-8.774306297302246094e+00,-1.093253326416015625e+01,-9.662712097167968750e+00,-9.886958122253417969e+00,-9.393193244934082031e+00,-9.223853111267089844e+00,-9.894776344299316406e+00,-1.054149436950683594e+01,-1.281318187713623047e+01,-1.453881263732910156e+01,-1.461910533905029297e+01,-1.897193717956542969e+01,-2.134374427795410156e+01,-2.202460670471191406e+01,-2.892477607727050781e+01,-2.618305969238281250e+01,-2.886147308349609375e+01,-3.338191604614257812e+01,-3.925633621215820312e+01,-4.436936950683593750e+01,-5.974810028076171875e+01,-4.072703170776367188e+01,-4.132546234130859375e+01,nan,nan,nan,nan,nan,nan,nan,nan,nan,nan,nan,nan,nan,nan,nan,nan,nan,nan,nan,-2.176759338378906250e+01,-2.301855659484863281e+01,-2.329133796691894531e+01,-3.080795478820800781e+01,-2.427885246276855469e+01,-2.937237358093261719e+01,-1.919269752502441406e+01,-2.440077781677246094e+01,-1.750441551208496094e+01,-2.643784713745117188e+01,8.821439743041992188e+00,1.649200630187988281e+01,-1.613953208923339844e+01,-1.977660369873046875e+01,-2.005820655822753906e+01,-1.560046005249023438e+01,-1.147699356079101562e+00,1.723600196838378906e+01,2.087081718444824219e+01,2.731354522705078125e+01,3.207073974609375000e+01,3.228480529785156250e+01,2.513381385803222656e+01,nan,nan,nan,nan,nan,nan,nan,nan,nan,nan,nan,nan,nan,nan,nan,nan,nan,nan,nan,nan,nan,nan,nan,nan,nan,nan,nan
nan,nan,nan,nan,nan,nan,nan,nan,nan,nan,nan,nan,nan,nan,nan,nan,nan,nan,nan,nan,nan,nan,nan,nan,-3.912607908248901367e+00,-2.972756862640380859e+00,-4.170450687408447266e+00,-4.684307575225830078e+00,-1.869950056076049805e+00,-2.911828517913818359e+00,-3.952004909515380859e+00,-6.959907531738281250e+00,-7.834013462066650391e+00,-1.187748336791992188e+01,-1.260390090942382812e+01,-1.349821949005126953e+01,-1.065858078002929688e+01,-9.900378227233886719e+00,-9.429326057434082031e+00,-1.071062278747558594e+01,-1.093726921081542969e+01,-1.236617851257324219e+01,-1.283191871643066406e+01,-1.505911827087402344e+01,-1.832563209533691406e+01,-1.996704101562500000e+01,-2.049850845336914062e+01,-2.024640083312988281e+01,-2.453726768493652344e+01,-2.724332618713378906e+01,-2.794160842895507812e+01,-2.952238273620605469e+01,-4.413815307617187500e+01,-5.108627319335937500e+01,-3.016920852661132812e+01,-4.021946716308593750e+01,nan,nan,nan,nan,nan,nan,nan,nan,nan,nan,nan,nan,nan,nan,nan,nan,nan,nan,nan,nan,nan,-2.345806884765625000e+01,-2.765303802490234375e+01,-3.382992935180664062e+01,-1.702272415161132812e+01,-1.088364124298095703e+01,-1.928681182861328125e+01,-8.507094383239746094e+00,-1.543302726745605469e+01,-9.069350242614746094e+00,-2.873658180236816406e+01,-2.424734497070312500e+01,-2.036304283142089844e+01,-2.461941528320312500e+01,-2.676440811157226562e+01,1.641173243522644043e+00,2.143873023986816406e+01,3.118078613281250000e+01,3.211280441284179688e+01,nan,3.768062210083007812e+01,3.298663330078125000e+01,4.127645874023437500e+01,nan,nan,nan,nan,nan,nan,nan,nan,nan,nan,nan,nan,nan,nan,nan,nan,nan,nan,nan,nan,nan,nan,nan,nan,nan,nan
nan,nan,nan,nan,nan,nan,nan,nan,nan,nan,nan,nan,nan,nan,nan,nan,nan,nan,nan,nan,nan,nan,nan,nan,-1.727661252021789551e+00,-7.455215930938720703e+00,-4.857550144195556641e+00,-4.614809989929199219e+00,-5.156493663787841797e+00,-5.846492767333984375e+00,-5.999339103698730469e+00,-9.036269187927246094e+00,-8.627192497253417969e+00,-9.367731094360351562e+00,-1.025128269195556641e+01,-1.134005260467529297e+01,-1.135232162475585938e+01,-9.845710754394531250e+00,-1.015710544586181641e+01,-1.010717773437500000e+01,-1.101167488098144531e+01,-9.909129142761230469e+00,-1.017384624481201172e+01,-1.546409893035888672e+01,-1.904417610168457031e+01,-1.891859626770019531e+01,-1.490442752838134766e+01,-1.422304725646972656e+01,-2.021035575866699219e+01,-2.585926628112792969e+01,-2.466130447387695312e+01,-2.634152221679687500e+01,-3.388346099853515625e+01,-2.495997428894042969e+01,-3.440233230590820312e+01,nan,nan,nan,nan,nan,nan,nan,nan,nan,nan,nan,nan,nan,nan,nan,nan,nan,nan,nan,nan,nan,nan,nan,nan,nan,nan,nan,nan,nan,-1.265548610687255859e+01,-8.617531776428222656e+00,-2.767244529724121094e+01,-2.202870941162109375e+01,-1.624195289611816406e+01,-3.146008682250976562e+01,-3.343154907226562500e+01,-1.047409439086914062e+01,2.482077407836914062e+01,3.325357055664062500e+01,3.712493896484375000e+01,nan,nan,3.476054763793945312e+01,4.047824478149414062e+01,3.660904693603515625e+01,nan,nan,nan,nan,nan,nan,nan,nan,nan,nan,nan,nan,nan,nan,nan,nan,nan,nan,nan,nan,nan,nan,nan,nan,nan
nan,nan,nan,nan,nan,nan,nan,nan,nan,nan,nan,nan,nan,nan,nan,nan,nan,nan,nan,nan,nan,nan,nan,-4.220109462738037109e+00,-5.958792209625244141e+00,-8.000509262084960938e+00,-5.101096630096435547e+00,-5.068429470062255859e+00,-8.264126777648925781e+00,-7.432897090911865234e+00,-7.670286178588867188e+00,-1.163918685913085938e+01,-1.169137954711914062e+01,-1.043622875213623047e+01,-9.685380935668945312e+00,-1.029010391235351562e+01,-1.030503463745117188e+01,-7.431294918060302734e+00,-1.240880203247070312e+01,-1.060887432098388672e+01,-1.016514015197753906e+01,-8.804948806762695312e+00,-8.290637016296386719e+00,-1.013749694824218750e+01,-1.697107696533203125e+01,-1.724167251586914062e+01,-1.462985420227050781e+01,-1.395258140563964844e+01,-1.732732582092285156e+01,-1.875183868408203125e+01,-1.861335182189941406e+01,-1.799630928039550781e+01,-2.522096061706542969e+01,-2.726827049255371094e+01,nan,nan,nan,nan,nan,nan,nan,nan,nan,nan,nan,nan,nan,nan,nan,nan,nan,nan,nan,nan,nan,nan,nan,nan,nan,nan,nan,nan,nan,nan,nan,-3.711456060409545898e+00,-9.319313049316406250e+00,-1.983202552795410156e+01,-2.445019149780273438e+01,-2.897134208679199219e+01,-4.691901683807373047e+00,2.402341079711914062e+01,1.363817596435546875e+01,2.216126632690429688e+01,2.636921501159667969e+01,2.870617675781250000e+01,3.316313552856445312e+01,3.829581832885742188e+01,4.030735015869140625e+01,3.980271911621093750e+01,nan,nan,nan,nan,nan,nan,nan,nan,nan,nan,nan,nan,nan,nan,nan,nan,nan,nan,nan,nan,nan,nan,nan,nan,nan
nan,nan,nan,nan,nan,nan,nan,nan,nan,nan,nan,nan,nan,nan,nan,nan,nan,nan,nan,nan,nan,nan,nan,-4.435882091522216797e+00,-6.808063507080078125e+00,-5.711610794067382812e+00,-3.966456413269042969e+00,-2.779246330261230469e+00,-3.801213979721069336e+00,-6.040954589843750000e+00,-8.300988197326660156e+00,-8.504394531250000000e+00,-1.071777629852294922e+01,-1.004647350311279297e+01,-1.207361698150634766e+01,-9.658206939697265625e+00,-1.041506290435791016e+01,-1.209376049041748047e+01,-6.481876850128173828e+00,-9.863518714904785156e+00,-9.454494476318359375e+00,-9.415826797485351562e+00,-9.234693527221679688e+00,-8.329013824462890625e+00,-9.409852981567382812e+00,-1.363189506530761719e+01,-1.316134262084960938e+01,-1.446368503570556641e+01,-1.568110370635986328e+01,-1.544425487518310547e+01,-1.374930953979492188e+01,-5.750404834747314453e+00,-2.075697517395019531e+01,nan,nan,nan,nan,nan,nan,nan,nan,nan,nan,nan,nan,nan,nan,nan,nan,nan,nan,nan,nan,nan,nan,nan,nan,nan,nan,nan,nan,nan,nan,nan,nan,-1.495055007934570312e+01,-9.971529960632324219e+00,-1.258089065551757812e+01,-1.057162094116210938e+01,-8.832239151000976562e+00,-8.185110092163085938e+00,-3.405552148818969727e+00,7.258136749267578125e+00,4.543791770935058594e+00,3.055560874938964844e+01,3.224228286743164062e+01,3.267408370971679688e+01,3.470470809936523438e+01,4.071293258666992188e+01,4.182048034667968750e+01,3.734152603149414062e+01,nan,nan,nan,nan,nan,nan,nan,nan,nan,nan,nan,nan,nan,nan,nan,nan,nan,nan,nan,nan,nan,nan,nan,nan
nan,nan,nan,nan,nan,nan,nan,nan,nan,nan,nan,nan,nan,nan,nan,nan,nan,nan,nan,nan,nan,nan,nan,-4.487518787384033203e+00,-3.358587265014648438e+00,-3.656877040863037109e+00,-4.460046768188476562e+00,-5.905361652374267578e+00,-4.342006206512451172e+00,-5.026769161224365234e+00,-6.439908027648925781e+00,-8.656867027282714844e+00,-1.001649284362792969e+01,-1.222415637969970703e+01,-1.149106311798095703e+01,-1.122676658630371094e+01,-1.352309799194335938e+01,-1.150204753875732422e+01,-1.030992412567138672e+01,-9.643373489379882812e+00,-1.020341205596923828e+01,-1.250291633605957031e+01,-1.377579021453857422e+01,-9.733512878417968750e+00,-1.075967407226562500e+01,-1.022307109832763672e+01,-1.167612361907958984e+01,-1.170564651489257812e+01,-1.260086536407470703e+01,-1.454495716094970703e+01,-1.310121536254882812e+01,-1.531166672706604004e+00,nan,nan,nan,nan,nan,nan,nan,nan,nan,nan,nan,nan,nan,nan,nan,nan,nan,nan,nan,nan,nan,nan,nan,nan,nan,nan,nan,nan,nan,nan,nan,nan,nan,nan,nan,nan,nan,-9.017154693603515625e+00,-4.310338497161865234e+00,-1.610635948181152344e+01,-6.364525794982910156e+00,6.176000118255615234e+00,2.127486610412597656e+01,3.088973236083984375e+01,3.946291732788085938e+01,3.725180435180664062e+01,4.438583374023437500e+01,2.523907279968261719e+01,3.615250396728515625e+01,nan,nan,nan,nan,nan,nan,nan,nan,nan,nan,nan,nan,nan,nan,nan,nan,nan,nan,nan,nan,nan,nan,nan,nan
nan,nan,nan,nan,nan,nan,nan,nan,nan,nan,nan,nan,nan,nan,nan,nan,nan,nan,nan,nan,nan,nan,-4.171833992004394531e+00,nan,nan,-2.747575759887695312e+00,-4.969710350036621094e+00,-6.381520748138427734e+00,-7.622991561889648438e+00,-6.100632190704345703e+00,-7.085907936096191406e+00,-8.650766372680664062e+00,-1.087689590454101562e+01,-1.045079326629638672e+01,-1.155079174041748047e+01,-1.122437953948974609e+01,-1.314210128784179688e+01,-1.299357032775878906e+01,-1.259266376495361328e+01,-1.453928852081298828e+01,-1.144045066833496094e+01,-1.325167369842529297e+01,-1.130934333801269531e+01,-1.000267505645751953e+01,-9.209181785583496094e+00,-8.696875572204589844e+00,-1.059222507476806641e+01,-1.170382118225097656e+01,-1.170655632019042969e+01,-1.051505756378173828e+01,-7.546354770660400391e+00,-4.813532352447509766e+00,nan,nan,nan,nan,nan,nan,nan,nan,nan,nan,nan,nan,nan,nan,nan,nan,nan,nan,nan,nan,nan,nan,nan,nan,nan,nan,nan,nan,nan,nan,nan,nan,nan,nan,nan,nan,nan,nan,nan,nan,nan,nan,2.022792625427246094e+01,2.361291694641113281e+01,2.659459877014160156e+01,2.532476425170898438e+01,3.568996810913085938e+01,3.376899337768554688e+01,5.586736679077148438e+01,5.997731399536132812e+01,3.878458786010742188e+01,nan,nan,nan,nan,nan,nan,nan,nan,nan,nan,nan,nan,nan,nan,nan,nan,nan,nan,nan,nan,nan,nan
nan,nan,nan,nan,nan,nan,nan,nan,nan,nan,nan,nan,nan,nan,nan,nan,nan,nan,nan,nan,nan,nan,nan,nan,nan,-1.318357944488525391e+00,-6.141009807586669922e+00,-5.830929756164550781e+00,-6.448013305664062500e+00,-6.744676113128662109e+00,-7.360907554626464844e+00,-7.981820106506347656e+00,-8.901175498962402344e+00,-8.765458106994628906e+00,-1.014039421081542969e+01,-1.131846046447753906e+01,-1.353888988494873047e+01,-1.405862522125244141e+01,-1.265124225616455078e+01,-1.405205631256103516e+01,-1.296767520904541016e+01,-1.263563156127929688e+01,-1.270576286315917969e+01,-1.005943679809570312e+01,-9.610281944274902344e+00,-1.000129795074462891e+01,-1.173411464691162109e+01,-1.179954338073730469e+01,-1.200514698028564453e+01,-5.169379711151123047e-01,-7.079720497131347656e+00,-8.752388954162597656e+00,nan,nan,nan,nan,nan,nan,nan,nan,nan,nan,nan,nan,nan,nan,nan,nan,nan,nan,nan,nan,nan,nan,nan,nan,nan,nan,nan,nan,nan,nan,nan,nan,nan,nan,nan,nan,nan,nan,nan,nan,nan,nan,nan,nan,2.402884864807128906e+01,4.497191429138183594e+00,2.707681846618652344e+01,2.995024871826171875e+01,5.000957489013671875e+01,5.619886016845703125e+01,5.832391738891601562e+01,5.484838485717773438e+01,4.490226364135742188e+01,nan,nan,nan,nan,nan,nan,nan,nan,nan,nan,nan,nan,nan,nan,nan,nan,nan,nan,nan,nan
nan,nan,nan,nan,nan,nan,nan,nan,nan,nan,nan,nan,nan,nan,nan,nan,nan,nan,nan,nan,nan,nan,nan,nan,nan,-3.183471679687500000e+00,-3.721691608428955078e+00,-4.466657638549804688e+00,-5.717122554779052734e+00,-7.517096042633056641e+00,-7.673654556274414062e+00,-7.682612419128417969e+00,-8.658482551574707031e+00,-1.031430435180664062e+01,-1.105169486999511719e+01,-1.424698162078857422e+01,-1.496331787109375000e+01,-1.408425045013427734e+01,-1.487806320190429688e+01,-1.347327232360839844e+01,-1.260581207275390625e+01,-1.193807220458984375e+01,-1.295959854125976562e+01,-1.185528755187988281e+01,-1.130418777465820312e+01,-1.110986423492431641e+01,-1.232388114929199219e+01,-1.245486354827880859e+01,-1.215513038635253906e+01,-7.684707641601562500e-01,nan,nan,nan,nan,nan,nan,nan,nan,nan,nan,nan,nan,nan,nan,nan,nan,nan,nan,nan,nan,nan,nan,nan,nan,nan,nan,nan,nan,nan,nan,nan,nan,nan,nan,nan,nan,nan,nan,nan,nan,nan,nan,nan,nan,nan,nan,nan,2.010169982910156250e+00,3.662182092666625977e+00,1.191004467010498047e+01,1.633383178710937500e+01,3.885419464111328125e+01,5.012797164916992188e+01,5.090006256103515625e+01,4.111798858642578125e+01,nan,nan,nan,nan,nan,nan,nan,nan,nan,nan,nan,nan,nan,nan,nan,nan,nan,nan,nan,nan
nan,nan,nan,nan,nan,nan,nan,nan,nan,nan,nan,nan,nan,nan,nan,nan,nan,nan,nan,nan,nan,nan,nan,nan,nan,-1.733946084976196289e+00,-6.644141077995300293e-01,-4.918883323669433594e+00,-5.201121330261230469e+00,-7.221597671508789062e+00,-8.071334838867187500e+00,-7.729647636413574219e+00,-9.399637222290039062e+00,-1.073027801513671875e+01,-1.178094196319580078e+01,-1.485469341278076172e+01,-1.446113395690917969e+01,-1.379413604736328125e+01,-1.389815521240234375e+01,-1.274446582794189453e+01,-1.505647850036621094e+01,-1.281986999511718750e+01,-1.302884674072265625e+01,-9.681507110595703125e+00,-1.094786643981933594e+01,-1.120045948028564453e+01,-1.185876369476318359e+01,-1.265596675872802734e+01,-7.950440883636474609e+00,5.991712808609008789e-01,nan,nan,nan,nan,nan,nan,nan,nan,nan,nan,nan,nan,nan,nan,nan,nan,nan,nan,nan,nan,nan,nan,nan,nan,nan,nan,nan,nan,nan,nan,nan,nan,nan,nan,nan,nan,nan,nan,nan,nan,nan,nan,nan,nan,nan,nan,nan,nan,6.783905506134033203e+00,1.199649429321289062e+01,1.809821319580078125e+01,2.321934890747070312e+01,4.803943252563476562e+01,5.109706497192382812e+01,4.813033294677734375e+01,nan,nan,nan,nan,nan,nan,nan,nan,nan,nan,nan,nan,nan,nan,nan,nan,nan,nan,nan,nan
nan,nan,nan,nan,nan,nan,nan,nan,nan,nan,nan,nan,nan,nan,nan,nan,nan,nan,nan,nan,nan,nan,nan,nan,nan,-3.820029020309448242e+00,-1.538725852966308594e+00,-3.292257547378540039e+00,-4.333237648010253906e+00,-6.842752933502197266e+00,-8.171867370605468750e+00,-7.255211830139160156e+00,-8.472172737121582031e+00,-9.789423942565917969e+00,-9.948552131652832031e+00,-1.146255207061767578e+01,-1.473038864135742188e+01,-1.538575077056884766e+01,-1.446049880981445312e+01,-1.437556552886962891e+01,-1.753318595886230469e+01,-1.602711296081542969e+01,-1.065719413757324219e+01,-8.947216033935546875e+00,-1.129606056213378906e+01,-1.174637508392333984e+01,-1.217865276336669922e+01,-6.720660686492919922e+00,-1.689232349395751953e+00,1.223329305648803711e-01,-5.403876304626464844e+00,nan,nan,nan,nan,nan,nan,nan,nan,nan,nan,nan,nan,nan,nan,nan,nan,nan,nan,nan,nan,nan,nan,nan,nan,nan,nan,nan,nan,nan,nan,nan,nan,nan,nan,nan,nan,nan,nan,nan,nan,nan,nan,nan,nan,nan,nan,nan,3.147410631179809570e+00,1.284582519531250000e+01,2.045021438598632812e+01,2.543376159667968750e+01,2.706959342956542969e+01,3.668085098266601562e+01,4.978957366943359375e+01,3.561283493041992188e+01,nan,nan,nan,nan,nan,nan,nan,nan,nan,nan,nan,nan,nan,nan,nan,nan,nan,nan,nan
nan,nan,nan,nan,nan,nan,nan,nan,nan,nan,nan,nan,nan,nan,nan,nan,nan,nan,nan,nan,nan,nan,nan,nan,nan,nan,-4.026903629302978516e+00,-1.596435546875000000e+00,-1.976650714874267578e+00,-3.713050365447998047e+00,-6.648288249969482422e+00,-8.368599891662597656e+00,-9.488917350769042969e+00,-9.532149314880371094e+00,-1.084234714508056641e+01,-1.000740814208984375e+01,-1.364784336090087891e+01,-1.563168716430664062e+01,-1.510268878936767578e+01,-1.514740562438964844e+01,-1.695917701721191406e+01,-1.533319664001464844e+01,-1.135010528564453125e+01,-1.267237949371337891e+01,-1.409599781036376953e+01,-1.188488674163818359e+01,-9.922863960266113281e+00,-6.878954887390136719e+00,1.612803190946578979e-01,5.549083709716796875e+00,nan,nan,nan,nan,nan,nan,nan,nan,nan,nan,nan,nan,nan,nan,nan,nan,nan,nan,nan,nan,nan,nan,nan,nan,nan,nan,nan,nan,nan,nan,nan,nan,nan,nan,nan,nan,nan,nan,nan,nan,nan,nan,nan,nan,nan,nan,nan,nan,1.699622154235839844e+00,9.792549133300781250e+00,1.947993469238281250e+01,2.087291145324707031e+01,2.307486915588378906e+01,2.629339599609375000e+01,3.853406143188476562e+01,4.874465560913085938e+01,nan,nan,nan,nan,nan,nan,nan,nan,nan,nan,nan,nan,nan,nan,nan,nan,nan,nan,nan
nan,nan,nan,nan,nan,nan,nan,nan,nan,nan,nan,nan,nan,nan,nan,nan,nan,nan,nan,nan,nan,nan,nan,nan,nan,nan,-3.729140520095825195e+00,-4.278529167175292969e+00,-7.434688806533813477e-01,-2.993001461029052734e+00,-4.295780181884765625e+00,-6.908399581909179688e+00,-1.152309608459472656e+01,-1.196657848358154297e+01,-1.066998863220214844e+01,-1.025915336608886719e+01,-1.038129520416259766e+01,-1.425144577026367188e+01,-1.473142051696777344e+01,-1.554982662200927734e+01,-1.640892601013183594e+01,-1.418394851684570312e+01,-1.053195667266845703e+01,-1.102552890777587891e+01,-1.482234382629394531e+01,-1.189833259582519531e+01,-9.857614517211914062e+00,-5.192136764526367188e+00,-2.216288745403289795e-01,9.014679789543151855e-01,nan,nan,nan,nan,nan,nan,nan,nan,nan,nan,nan,nan,nan,nan,nan,nan,nan,nan,nan,nan,nan,nan,nan,nan,nan,nan,nan,nan,nan,nan,nan,nan,nan,nan,nan,nan,nan,nan,nan,nan,nan,nan,nan,nan,nan,nan,nan,8.921908378601074219e+00,1.041424632072448730e+00,1.147455406188964844e+01,1.513686561584472656e+01,1.884263229370117188e+01,1.530429935455322266e+01,3.553864479064941406e+00,3.430208969116210938e+01,4.362673568725585938e+01,2.702354812622070312e+01,nan,nan,nan,nan,nan,nan,nan,nan,nan,nan,nan,nan,nan,nan,nan,nan,nan,nan
nan,nan,nan,nan,nan,nan,nan,nan,nan,nan,nan,nan,nan,nan,nan,nan,nan,nan,nan,nan,nan,nan,nan,nan,nan,nan,nan,nan,-4.740267276763916016e+00,-2.054723024368286133e+00,-3.988058090209960938e+00,-4.653054714202880859e+00,-6.097240924835205078e+00,-1.026451873779296875e+01,-1.222647094726562500e+01,-1.074751949310302734e+01,-9.528867721557617188e+00,-1.149296474456787109e+01,-1.432208442687988281e+01,-1.481166553497314453e+01,-1.290402030944824219e+01,-1.229689502716064453e+01,-1.070891666412353516e+01,-1.040783023834228516e+01,-1.214499759674072266e+01,-1.135121345520019531e+01,-8.475836753845214844e+00,-5.172926902770996094e+00,-4.278549194335937500e+00,-2.387641906738281250e+00,nan,nan,nan,nan,nan,nan,nan,nan,nan,nan,nan,nan,nan,nan,nan,nan,nan,nan,nan,nan,nan,nan,nan,nan,nan,nan,nan,nan,nan,nan,nan,nan,nan,nan,nan,nan,nan,nan,nan,nan,nan,nan,nan,nan,nan,nan,nan,7.492816925048828125e+00,1.423480749130249023e+00,6.328767776489257812e+00,1.057275295257568359e+01,1.922286033630371094e+01,1.330624771118164062e+01,-1.112711787223815918e+00,1.984479331970214844e+01,4.355638885498046875e+01,nan,nan,nan,nan,nan,nan,nan,nan,nan,nan,nan,nan,nan,nan,nan,nan,nan,nan,nan
nan,nan,nan,nan,nan,nan,nan,nan,nan,nan,nan,nan,nan,nan,nan,nan,nan,nan,nan,nan,nan,nan,nan,nan,nan,nan,nan,nan,nan,nan,nan,nan,-4.641381740570068359e+00,-8.006618499755859375e+00,-1.096364307403564453e+01,-1.157306671142578125e+01,-8.546853065490722656e+00,-9.695713996887207031e+00,-1.519732189178466797e+01,-1.474484729766845703e+01,-1.409040832519531250e+01,-1.090559196472167969e+01,-1.093823528289794922e+01,-1.075671577453613281e+01,-9.944591522216796875e+00,-8.875958442687988281e+00,-9.356637954711914062e+00,-6.955108642578125000e+00,-6.613002777099609375e+00,4.526289999485015869e-01,nan,nan,nan,nan,nan,nan,nan,nan,nan,nan,nan,nan,nan,nan,nan,nan,nan,nan,nan,nan,nan,nan,nan,nan,nan,nan,nan,nan,nan,nan,nan,nan,nan,nan,nan,nan,nan,nan,nan,nan,nan,nan,nan,nan,nan,nan,nan,6.309638023376464844e+00,6.403035521507263184e-01,4.026255607604980469e+00,2.006414413452148438e+00,1.324359893798828125e+01,8.213250160217285156e+00,5.254129409790039062e+00,2.168638610839843750e+01,3.096777915954589844e+01,2.478538894653320312e+01,1.960082817077636719e+01,2.098117446899414062e+01,nan,nan,nan,nan,nan,nan,nan,nan,nan,nan,nan,nan,nan,nan,nan,nan
nan,nan,nan,nan,nan,nan,nan,nan,nan,nan,nan,nan,nan,nan,nan,nan,nan,nan,nan,nan,nan,nan,nan,nan,nan,nan,nan,nan,nan,nan,nan,nan,-7.579329013824462891e+00,-4.975165843963623047e+00,-6.151938438415527344e+00,-6.487261295318603516e+00,-7.646799564361572266e+00,-9.432181358337402344e+00,-1.696275520324707031e+01,-1.315263557434082031e+01,-1.333274364471435547e+01,-1.211714744567871094e+01,-1.036324501037597656e+01,-8.690445899963378906e+00,-1.316127109527587891e+01,-1.497254276275634766e+01,-1.097691059112548828e+01,-8.140504837036132812e+00,-1.988340616226196289e+00,-5.801254749298095703e+00,nan,nan,nan,nan,nan,nan,nan,nan,nan,nan,nan,nan,nan,nan,nan,nan,nan,nan,nan,nan,nan,nan,nan,nan,nan,nan,nan,nan,nan,nan,nan,nan,nan,nan,nan,nan,nan,nan,nan,nan,nan,nan,nan,nan,nan,nan,nan,nan,-3.799623250961303711e-01,4.058210372924804688e+00,8.544366836547851562e+00,1.170355606079101562e+01,2.014284610748291016e+00,8.110548019409179688e+00,2.319775581359863281e+01,3.118384552001953125e+01,2.740872764587402344e+01,2.007817459106445312e+01,1.840005111694335938e+01,nan,nan,nan,nan,nan,nan,nan,nan,nan,nan,nan,nan,nan,nan,nan,nan
nan,nan,nan,nan,nan,nan,nan,nan,nan,nan,nan,nan,nan,nan,nan,nan,nan,nan,nan,nan,nan,nan,nan,nan,nan,nan,nan,nan,nan,nan,nan,nan,nan,-8.043186187744140625e+00,-8.943559646606445312e+00,-3.942667961120605469e+00,-6.087593078613281250e+00,-1.456903743743896484e+01,-1.732146072387695312e+01,-1.118515872955322266e+01,-1.310477352142333984e+01,-1.354815769195556641e+01,-1.201430892944335938e+01,-1.052248668670654297e+01,-1.254200077056884766e+01,-1.026319408416748047e+01,-1.313316631317138672e+01,-3.134619235992431641e+00,-7.489933967590332031e+00,nan,nan,nan,nan,nan,nan,nan,nan,nan,nan,nan,nan,nan,nan,nan,nan,nan,nan,nan,nan,nan,nan,nan,nan,nan,nan,nan,nan,nan,nan,nan,nan,nan,nan,nan,nan,nan,nan,nan,nan,nan,nan,nan,nan,nan,nan,nan,nan,nan,4.571562767028808594e+00,1.474150180816650391e+00,3.927507162094116211e+00,5.677887916564941406e+00,-2.711349487304687500e+00,4.772971153259277344e+00,1.845107841491699219e+01,1.977822303771972656e+01,1.703041839599609375e+01,6.259602546691894531e+00,2.007817459106445312e+01,1.487401580810546875e+01,1.373725032806396484e+01,nan,nan,nan,nan,nan,nan,nan,nan,nan,nan,nan,nan,nan,nan
nan,nan,nan,nan,nan,nan,nan,nan,nan,nan,nan,nan,nan,nan,nan,nan,nan,nan,nan,nan,3.375604748725891113e-01,nan,nan,nan,nan,nan,nan,nan,nan,nan,nan,nan,nan,nan,nan,nan,-9.525454521179199219e+00,-5.727900505065917969e+00,-8.983724594116210938e+00,-5.025632858276367188e+00,-3.623799800872802734e+00,-9.668204307556152344e+00,-1.013442134857177734e+01,-9.024829864501953125e+00,-1.192006015777587891e+01,-8.801486968994140625e+00,-5.492115497589111328e+00,-8.432838439941406250e+00,nan,nan,nan,nan,nan,nan,nan,nan,nan,nan,nan,nan,nan,nan,nan,nan,nan,nan,nan,nan,nan,nan,nan,nan,nan,nan,nan,nan,nan,nan,nan,nan,nan,nan,nan,nan,nan,nan,nan,nan,nan,nan,nan,nan,nan,nan,nan,nan,nan,nan,nan,-1.074760913848876953e+00,-6.025686264038085938e+00,-1.068235397338867188e+00,3.686451435089111328e+00,4.320210933685302734e+00,1.197939872741699219e+01,1.332072544097900391e+01,5.424029827117919922e+00,1.877985119819641113e+00,1.318679237365722656e+01,1.550155544281005859e+01,nan,nan,nan,nan,nan,nan,nan,nan,nan,nan,nan,nan,nan,nan,nan
nan,nan,nan,nan,nan,nan,nan,nan,nan,nan,nan,nan,nan,nan,nan,nan,nan,nan,nan,nan,1.504366993904113770e+00,-7.493639469146728516e+00,1.726152539253234863e+00,1.865626454353332520e+00,nan,nan,nan,nan,nan,nan,nan,nan,nan,nan,nan,nan,nan,-9.328391075134277344e+00,-1.411895036697387695e+00,-8.795538902282714844e+00,-9.566465377807617188e+00,-4.876857757568359375e+00,3.902402162551879883e+00,-6.683405399322509766e+00,-1.136718845367431641e+01,-6.875876426696777344e+00,-8.764485359191894531e+00,nan,nan,nan,nan,nan,nan,nan,nan,nan,nan,nan,nan,nan,nan,nan,nan,nan,nan,nan,nan,nan,nan,nan,nan,nan,nan,nan,nan,nan,nan,nan,nan,nan,nan,nan,nan,nan,nan,nan,nan,nan,nan,nan,nan,nan,nan,nan,nan,nan,nan,nan,nan,3.497068405151367188e+00,7.185060977935791016e+00,4.559248447418212891e+00,6.626734733581542969e+00,8.163803815841674805e-01,6.664218902587890625e+00,7.600632190704345703e+00,-7.296561002731323242e-01,2.770941972732543945e+00,1.221646499633789062e+01,1.318738842010498047e+01,nan,nan,nan,nan,nan,nan,nan,nan,nan,nan,nan,nan,nan,nan,nan
nan,nan,nan,nan,nan,nan,nan,nan,nan,nan,nan,nan,nan,nan,nan,nan,nan,nan,nan,nan,2.435391426086425781e+00,-1.471766591072082520e+00,-5.453422069549560547e+00,2.765608787536621094e+00,nan,nan,nan,nan,nan,nan,nan,nan,nan,nan,nan,nan,nan,nan,nan,-8.582783699035644531e+00,-8.866816520690917969e+00,-8.957962036132812500e+00,-8.995137214660644531e+00,nan,nan,nan,nan,nan,nan,nan,nan,nan,nan,nan,nan,nan,nan,nan,nan,nan,nan,nan,nan,nan,nan,nan,nan,nan,nan,nan,nan,nan,nan,nan,nan,nan,nan,nan,nan,nan,nan,nan,nan,nan,nan,nan,nan,nan,nan,nan,nan,nan,nan,nan,nan,nan,nan,nan,nan,3.802602052688598633e+00,4.590795516967773438e+00,4.627717971801757812e+00,1.098448991775512695e+00,1.785979390144348145e+00,4.294732093811035156e+00,7.986075878143310547e+00,4.206225872039794922e+00,1.634337425231933594e+00,1.095177841186523438e+01,1.585527229309082031e+01,1.742341232299804688e+01,1.548864459991455078e+01,nan,nan,nan,nan,nan,nan,nan,nan,nan,nan,nan,nan,nan
nan,nan,nan,nan,nan,nan,nan,nan,nan,nan,nan,nan,nan,nan,nan,nan,nan,nan,nan,nan,3.139643430709838867e+00,2.702244281768798828e+00,8.008385658264160156e+00,3.493283748626708984e+00,3.570283889770507812e+00,3.600596904754638672e+00,nan,nan,nan,nan,nan,nan,nan,nan,nan,nan,nan,nan,nan,nan,nan,nan,nan,nan,nan,nan,nan,nan,nan,nan,nan,nan,nan,nan,nan,nan,nan,nan,nan,nan,nan,nan,nan,nan,nan,nan,nan,nan,nan,nan,nan,nan,nan,nan,nan,nan,nan,nan,nan,nan,nan,nan,nan,nan,nan,nan,nan,nan,nan,nan,nan,nan,nan,nan,nan,nan,nan,nan,nan,nan,2.626954078674316406e+00,-2.215724587440490723e-01,-7.359334230422973633e-01,4.190644741058349609e+00,-3.845625638961791992e+00,-3.745145559310913086e+00,5.000927925109863281e+00,8.140287399291992188e+00,2.000551033020019531e+01,1.601204681396484375e+01,2.160408782958984375e+01,2.061719131469726562e+01,nan,nan,nan,nan,nan,nan,nan,nan,nan,nan,nan,nan,nan
nan,nan,nan,nan,nan,nan,nan,nan,nan,nan,nan,nan,nan,nan,nan,nan,nan,nan,nan,nan,3.801428794860839844e+00,-1.027245640754699707e+00,1.203356552124023438e+01,1.030650043487548828e+01,-2.615244090557098389e-01,-9.220305442810058594e+00,4.589083671569824219e+00,nan,nan,nan,nan,nan,nan,nan,nan,nan,nan,nan,nan,nan,nan,nan,nan,nan,nan,nan,nan,nan,nan,nan,nan,nan,nan,nan,nan,nan,nan,nan,nan,nan,nan,nan,nan,nan,nan,nan,nan,nan,nan,nan,nan,nan,nan,nan,nan,nan,nan,nan,nan,nan,nan,nan,nan,nan,nan,nan,nan,nan,nan,nan,nan,nan,nan,nan,nan,nan,nan,nan,4.918182373046875000e+00,4.428928852081298828e+00,3.576289653778076172e+00,3.652934312820434570e+00,2.912532329559326172e+00,1.269066095352172852e+00,-6.182695865631103516e+00,-7.675029277801513672e+00,7.185730457305908203e+00,8.996078491210937500e+00,1.528801059722900391e+01,2.020326042175292969e+01,2.129340553283691406e+01,1.962481117248535156e+01,2.257876968383789062e+01,1.811907577514648438e+01,nan,nan,nan,nan,nan,nan,nan,nan,nan,nan,nan
nan,nan,nan,nan,nan,nan,nan,nan,nan,nan,nan,nan,nan,nan,nan,nan,nan,nan,nan,3.139281749725341797e+00,3.703395128250122070e+00,-1.091111898422241211e+00,8.075478553771972656e+00,7.746109962463378906e+00,4.733151912689208984e+00,7.553484916687011719e+00,4.407985210418701172e+00,nan,nan,nan,nan,nan,nan,nan,nan,nan,nan,nan,nan,nan,nan,nan,nan,nan,nan,nan,nan,nan,nan,nan,nan,nan,nan,nan,nan,nan,nan,nan,nan,nan,nan,nan,nan,nan,nan,nan,nan,nan,nan,nan,nan,nan,nan,nan,nan,nan,nan,nan,nan,nan,nan,nan,nan,nan,nan,nan,nan,nan,nan,nan,nan,nan,nan,nan,nan,nan,nan,nan,nan,nan,1.854644775390625000e+01,1.528552341461181641e+01,-7.656735777854919434e-01,2.916941642761230469e+00,-3.469504833221435547e+00,-8.834492564201354980e-01,1.145273447036743164e+00,7.552939891815185547e+00,1.167245960235595703e+01,1.323906421661376953e+01,1.904417419433593750e+01,1.660375595092773438e+01,2.664575386047363281e+01,1.708775329589843750e+01,nan,nan,nan,nan,nan,nan,nan,nan,nan,nan,nan
nan,nan,nan,nan,nan,nan,nan,nan,nan,nan,nan,nan,nan,nan,nan,nan,nan,nan,nan,nan,nan,5.398728847503662109e-01,7.252560615539550781e+00,1.095785617828369141e+01,2.992422103881835938e+00,4.788568973541259766e+00,1.188384056091308594e+00,4.250782012939453125e+00,nan,nan,nan,nan,nan,nan,nan,nan,nan,nan,nan,nan,nan,nan,nan,nan,nan,nan,nan,nan,nan,nan,nan,nan,nan,nan,nan,nan,nan,nan,nan,nan,nan,nan,nan,nan,nan,nan,nan,nan,nan,nan,nan,nan,nan,nan,nan,nan,nan,nan,nan,nan,nan,nan,nan,nan,nan,nan,nan,nan,nan,nan,nan,nan,nan,nan,nan,nan,nan,nan,nan,5.041397571563720703e+00,1.179602909088134766e+01,1.665524291992187500e+01,-8.158673346042633057e-02,1.051337242126464844e+00,1.652284860610961914e+00,2.762925386428833008e+00,5.530605316162109375e+00,1.506287384033203125e+01,1.515307617187500000e+01,7.780267715454101562e+00,1.299437046051025391e+00,4.490609169006347656e+00,1.621534729003906250e+01,1.881580543518066406e+01,nan,nan,nan,nan,nan,nan,nan,nan,nan,nan,nan
nan,nan,nan,nan,nan,nan,nan,nan,nan,nan,nan,nan,nan,nan,nan,nan,nan,nan,nan,nan,nan,-1.625321865081787109e+00,8.620961189270019531e+00,8.669147491455078125e+00,7.081970691680908203e+00,4.222907066345214844e+00,6.164183616638183594e+00,5.014552116394042969e+00,nan,nan,nan,nan,nan,nan,nan,nan,nan,nan,nan,nan,nan,nan,nan,nan,nan,nan,nan,nan,nan,nan,nan,nan,nan,nan,nan,nan,nan,nan,nan,nan,nan,nan,nan,nan,nan,nan,nan,nan,nan,nan,nan,nan,nan,nan,nan,nan,nan,nan,nan,nan,nan,nan,nan,nan,nan,nan,nan,nan,nan,nan,nan,nan,nan,nan,nan,nan,nan,nan,nan,5.110279560089111328e+00,6.649037837982177734e+00,3.026236295700073242e+00,-7.250086069107055664e-01,4.184756278991699219e+00,4.353805541992187500e+00,4.870801925659179688e+00,8.034017562866210938e+00,1.096165275573730469e+01,1.165953826904296875e+01,7.844340801239013672e+00,5.648231983184814453e+00,5.947895050048828125e+00,1.279114437103271484e+01,2.020607566833496094e+01,3.692690277099609375e+01,2.583784484863281250e+01,nan,nan,nan,nan,nan,nan,nan,nan,nan
nan,nan,nan,nan,nan,nan,nan,nan,nan,nan,nan,nan,nan,nan,nan,nan,nan,nan,nan,nan,3.277754783630371094e+00,-3.773655891418457031e+00,6.332113742828369141e+00,1.597056007385253906e+01,1.271178245544433594e+01,4.107427597045898438e+00,-4.714519977569580078e+00,1.087290118448436260e-03,nan,nan,nan,nan,nan,nan,nan,nan,nan,nan,nan,nan,nan,nan,nan,nan,nan,nan,nan,nan,nan,nan,nan,nan,nan,nan,nan,nan,nan,nan,nan,nan,nan,nan,nan,nan,nan,nan,nan,nan,nan,nan,nan,nan,nan,nan,nan,nan,nan,nan,nan,nan,nan,nan,nan,nan,nan,nan,nan,nan,nan,nan,nan,nan,nan,nan,nan,nan,nan,nan,6.403722286224365234e+00,5.245298862457275391e+00,4.315411567687988281e+00,-6.697335243225097656e-01,1.141383647918701172e+00,3.431772708892822266e+00,4.077967166900634766e+00,4.626190185546875000e+00,5.149776935577392578e+00,8.014142036437988281e+00,6.883798599243164062e+00,1.196596431732177734e+01,1.545689582824707031e+01,1.870876121520996094e+01,2.165994644165039062e+01,3.460860061645507812e+01,3.863748168945312500e+01,nan,nan,nan,nan,nan,nan,nan,nan,nan,nan
nan,nan,nan,nan,nan,nan,nan,nan,nan,nan,nan,nan,nan,nan,nan,nan,nan,nan,nan,nan,nan,-9.681976318359375000e+00,-3.634332180023193359e+00,4.631896495819091797e+00,7.626787662506103516e+00,3.450434923171997070e+00,-2.199668169021606445e+00,-5.723555564880371094e+00,5.722212314605712891e+00,4.895036220550537109e+00,1.692933082580566406e+01,1.355432891845703125e+01,1.610227203369140625e+01,nan,nan,nan,nan,nan,nan,nan,nan,nan,nan,nan,nan,nan,nan,nan,nan,nan,nan,nan,nan,nan,nan,nan,nan,nan,nan,nan,nan,nan,nan,nan,nan,nan,nan,nan,nan,nan,nan,nan,nan,nan,nan,nan,nan,nan,nan,nan,nan,nan,nan,nan,nan,nan,nan,nan,nan,nan,nan,nan,nan,nan,nan,nan,nan,nan,nan,nan,nan,3.967618942260742188e+00,4.103962898254394531e+00,-1.207551956176757812e+00,7.658284902572631836e-01,2.227855682373046875e+00,3.510609388351440430e+00,6.939139842987060547e+00,7.963010787963867188e+00,1.458533096313476562e+01,1.812191200256347656e+01,2.050999259948730469e+01,2.227862358093261719e+01,3.563324737548828125e+01,3.553191375732421875e+01,nan,nan,nan,nan,nan,nan,nan,nan,nan,nan
nan,nan,nan,nan,nan,nan,nan,nan,nan,nan,nan,nan,nan,nan,nan,nan,nan,nan,nan,nan,nan,3.953050374984741211e+00,-3.717040061950683594e+00,-4.051642894744873047e+00,2.119629144668579102e+00,5.667036533355712891e+00,5.509922504425048828e+00,6.945221424102783203e+00,3.639589786529541016e+00,5.926252365112304688e+00,1.629750633239746094e+01,1.434222984313964844e+01,nan,nan,nan,nan,nan,nan,nan,nan,nan,nan,nan,nan,nan,nan,nan,nan,nan,nan,nan,nan,nan,nan,nan,nan,nan,nan,nan,nan,nan,nan,nan,nan,nan,nan,nan,nan,nan,nan,nan,nan,nan,nan,nan,nan,nan,nan,nan,nan,nan,nan,nan,nan,nan,nan,nan,nan,nan,nan,nan,nan,nan,nan,nan,nan,nan,nan,nan,nan,nan,3.431353092193603516e+00,nan,nan,nan,5.203613758087158203e+00,1.758300662040710449e+00,7.391422271728515625e+00,9.142926216125488281e+00,1.778879737854003906e+01,1.852124786376953125e+01,2.101927185058593750e+01,2.340554046630859375e+01,3.323568344116210938e+01,2.814531135559082031e+01,nan,nan,nan,nan,nan,nan,nan,nan,nan,nan
nan,nan,nan,nan,nan,nan,nan,nan,nan,nan,nan,nan,nan,nan,nan,nan,nan,nan,nan,nan,nan,nan,-3.466687679290771484e+00,-8.827972412109375000e-01,9.776426315307617188e+00,5.181528568267822266e+00,1.494233012199401855e+00,7.911885261535644531e+00,8.658690452575683594e+00,1.217994976043701172e+01,2.348074150085449219e+01,2.890127182006835938e+01,nan,nan,nan,nan,nan,nan,nan,nan,nan,nan,nan,nan,nan,nan,nan,nan,nan,nan,nan,nan,nan,nan,nan,nan,nan,nan,nan,nan,nan,nan,nan,nan,nan,nan,nan,nan,nan,nan,nan,nan,nan,nan,nan,nan,nan,nan,nan,nan,nan,nan,nan,nan,nan,nan,nan,nan,nan,nan,nan,nan,nan,nan,nan,nan,nan,nan,nan,nan,nan,nan,nan,nan,nan,8.311578750610351562e+00,1.075702953338623047e+01,1.171884727478027344e+01,1.865558815002441406e+01,2.784931182861328125e+01,3.635736846923828125e+01,4.735811996459960938e+01,4.880663299560546875e+01,3.457075500488281250e+01,2.857825660705566406e+01,nan,nan,nan,nan,nan,nan,nan,nan,nan,nan
nan,nan,nan,nan,nan,nan,nan,nan,nan,nan,nan,nan,nan,nan,nan,nan,nan,nan,nan,nan,nan,nan,nan,1.184189510345458984e+01,1.011324596405029297e+01,1.446338272094726562e+01,6.358084678649902344e+00,7.249401092529296875e+00,1.097708606719970703e+01,1.274644088745117188e+01,2.736069679260253906e+01,2.501314544677734375e+01,1.757460212707519531e+01,nan,nan,nan,nan,nan,nan,nan,nan,nan,nan,nan,nan,nan,nan,nan,nan,nan,nan,nan,nan,nan,nan,nan,nan,nan,nan,nan,nan,nan,nan,nan,nan,nan,nan,nan,nan,nan,nan,nan,nan,nan,nan,nan,nan,nan,nan,nan,nan,nan,nan,nan,nan,nan,nan,nan,nan,nan,nan,nan,nan,nan,nan,nan,nan,nan,nan,nan,nan,nan,nan,nan,5.957042217254638672e+00,5.253778934478759766e+00,1.423140525817871094e+01,1.357978057861328125e+01,8.299871444702148438e+00,2.187565612792968750e+01,3.664130401611328125e+01,4.466203308105468750e+01,4.220550155639648438e+01,2.744182395935058594e+01,2.738270378112792969e+01,nan,nan,nan,nan,nan,nan,nan,nan,nan,nan
nan,nan,nan,nan,nan,nan,nan,nan,nan,nan,nan,nan,nan,nan,nan,nan,nan,nan,nan,nan,nan,nan,6.986083507537841797e+00,6.440483093261718750e+00,1.662574195861816406e+01,1.850243949890136719e+01,1.735544395446777344e+01,1.085592460632324219e+01,1.973158073425292969e+01,2.449073600769042969e+01,2.452796745300292969e+01,1.098936462402343750e+01,1.825775146484375000e+01,nan,nan,nan,nan,nan,nan,nan,nan,nan,nan,nan,nan,nan,nan,nan,nan,nan,nan,nan,nan,nan,nan,nan,nan,nan,nan,nan,nan,nan,nan,nan,nan,nan,nan,nan,nan,nan,nan,nan,nan,nan,nan,nan,nan,nan,nan,nan,nan,nan,nan,nan,nan,nan,nan,nan,nan,nan,nan,nan,nan,nan,nan,nan,nan,nan,nan,nan,nan,nan,nan,nan,nan,2.470923900604248047e+00,9.436418533325195312e+00,9.551297187805175781e+00,1.068955540657043457e+00,6.153542041778564453e+00,1.770998573303222656e+01,2.061213111877441406e+01,2.922526550292968750e+01,2.113078880310058594e+01,nan,nan,nan,nan,nan,nan,nan,nan,nan,nan,nan
nan,nan,nan,nan,nan,nan,nan,nan,nan,nan,nan,nan,nan,nan,nan,nan,nan,nan,nan,nan,nan,9.073773384094238281e+00,-2.716573238372802734e+00,-3.782592415809631348e-01,5.392937183380126953e+00,2.334145736694335938e+01,1.375073146820068359e+01,9.556125640869140625e+00,7.957859516143798828e+00,1.989667129516601562e+01,2.183124923706054688e+01,1.250139617919921875e+01,nan,nan,nan,nan,nan,nan,nan,nan,nan,nan,nan,nan,nan,nan,nan,nan,nan,nan,nan,nan,nan,nan,nan,nan,nan,nan,nan,nan,nan,nan,nan,nan,nan,nan,nan,nan,nan,nan,nan,nan,nan,nan,nan,nan,nan,nan,nan,nan,nan,nan,nan,nan,nan,nan,nan,nan,nan,nan,nan,nan,nan,nan,nan,nan,nan,nan,nan,nan,nan,nan,nan,nan,nan,2.098320245742797852e+00,6.083948135375976562e+00,6.457645893096923828e+00,1.818158030509948730e+00,8.022967338562011719e+00,1.320186519622802734e+01,1.088733291625976562e+01,1.374616527557373047e+01,nan,nan,nan,nan,nan,nan,nan,nan,nan,nan,nan,nan
nan,nan,nan,nan,nan,nan,nan,nan,nan,nan,nan,nan,nan,nan,nan,nan,nan,nan,nan,nan,nan,nan,1.655581283569335938e+01,1.151180624961853027e+00,1.222496700286865234e+01,1.509587383270263672e+01,1.006679916381835938e+01,nan,8.503967285156250000e+00,1.877504730224609375e+01,2.884667968750000000e+01,2.046545410156250000e+01,nan,nan,nan,nan,nan,nan,nan,nan,nan,nan,nan,nan,nan,nan,nan,nan,nan,nan,nan,nan,nan,nan,nan,nan,nan,nan,nan,nan,nan,nan,nan,nan,nan,nan,nan,nan,nan,nan,nan,nan,nan,nan,nan,nan,nan,nan,nan,nan,nan,nan,nan,nan,nan,nan,nan,nan,nan,nan,nan,nan,nan,nan,nan,nan,nan,nan,nan,nan,nan,nan,nan,nan,nan,3.771363496780395508e+00,6.026667594909667969e+00,7.596839427947998047e+00,5.560385704040527344e+00,7.998928070068359375e+00,1.008089733123779297e+01,1.003001308441162109e+01,1.037318325042724609e+01,nan,nan,nan,nan,nan,nan,nan,nan,nan,nan,nan,nan
nan,nan,nan,nan,nan,nan,nan,nan,nan,nan,nan,nan,nan,nan,nan,nan,nan,nan,nan,nan,nan,nan,2.392650794982910156e+01,2.408290290832519531e+01,2.376814270019531250e+01,nan,1.480104541778564453e+01,1.851156616210937500e+01,1.612375831604003906e+01,nan,nan,nan,nan,nan,nan,nan,nan,nan,nan,nan,nan,nan,nan,nan,nan,nan,nan,nan,nan,nan,nan,nan,nan,nan,nan,nan,nan,nan,nan,nan,nan,nan,nan,nan,nan,nan,nan,nan,nan,nan,nan,nan,nan,nan,nan,nan,nan,nan,nan,nan,nan,nan,nan,nan,nan,nan,nan,nan,nan,nan,nan,nan,nan,nan,nan,nan,nan,nan,nan,nan,nan,nan,nan,nan,4.100562572479248047e+00,1.405981659889221191e+00,1.966580390930175781e+00,3.068266391754150391e+00,7.274005413055419922e+00,9.353784561157226562e+00,9.573929786682128906e+00,2.372767448425292969e+00,3.714159965515136719e+00,nan,nan,nan,nan,nan,nan,nan,nan,nan,nan,nan,nan
nan,nan,nan,nan,nan,nan,nan,nan,nan,nan,nan,nan,nan,nan,nan,nan,nan,nan,nan,nan,nan,nan,nan,3.219869613647460938e+01,2.932735252380371094e+01,nan,2.910685157775878906e+01,2.480238914489746094e+01,2.938948249816894531e+01,2.947258567810058594e+01,2.669578933715820312e+01,nan,nan,nan,nan,nan,nan,nan,nan,nan,nan,nan,nan,nan,nan,nan,nan,nan,nan,nan,nan,nan,nan,nan,nan,nan,nan,nan,nan,nan,nan,nan,nan,nan,nan,nan,nan,nan,nan,nan,nan,nan,nan,nan,nan,nan,nan,nan,nan,nan,nan,nan,nan,nan,nan,nan,nan,nan,nan,nan,nan,nan,nan,nan,nan,nan,nan,nan,nan,nan,nan,nan,nan,nan,3.313736200332641602e+00,3.291162252426147461e+00,7.277384996414184570e-01,1.809028625488281250e+00,8.049299240112304688e+00,9.864291191101074219e+00,5.879623889923095703e+00,1.882483959197998047e+00,-6.137121200561523438e+00,8.295999526977539062e+00,nan,nan,nan,nan,nan,nan,nan,nan,nan,nan,nan
nan,nan,nan,nan,nan,nan,nan,nan,nan,nan,nan,nan,nan,nan,nan,nan,nan,nan,nan,nan,nan,nan,3.550294494628906250e+01,3.238903808593750000e+01,2.713305091857910156e+01,3.609051513671875000e+01,4.093357849121093750e+01,3.725207519531250000e+01,3.014760780334472656e+01,3.060483741760253906e+01,3.087902832031250000e+01,2.987908363342285156e+01,nan,nan,nan,nan,nan,nan,nan,nan,nan,nan,nan,nan,nan,nan,nan,nan,nan,nan,nan,nan,nan,nan,nan,nan,nan,nan,nan,nan,nan,nan,nan,nan,nan,nan,nan,nan,nan,nan,nan,nan,nan,nan,nan,nan,nan,nan,nan,nan,nan,nan,nan,nan,nan,nan,nan,nan,nan,nan,nan,nan,nan,nan,nan,nan,nan,nan,nan,nan,nan,nan,nan,nan,3.029764890670776367e+00,nan,1.149422168731689453e+00,8.817701339721679688e-01,4.870889186859130859e+00,9.178173065185546875e+00,5.604425430297851562e+00,-4.972557067871093750e+00,3.291985273361206055e+00,nan,nan,nan,nan,nan,nan,nan,nan,nan,nan,nan,nan
nan,nan,nan,nan,nan,nan,nan,nan,nan,nan,nan,nan,nan,nan,nan,nan,nan,nan,nan,nan,nan,nan,5.052834701538085938e+01,5.847156143188476562e+01,4.470362854003906250e+01,3.749999618530273438e+01,4.441004943847656250e+01,4.324121475219726562e+01,2.985334014892578125e+01,3.177988624572753906e+01,nan,nan,nan,nan,nan,nan,nan,nan,nan,nan,nan,nan,nan,nan,nan,nan,nan,nan,nan,nan,nan,nan,nan,nan,nan,nan,nan,nan,nan,nan,nan,nan,nan,nan,nan,nan,nan,nan,nan,nan,nan,nan,nan,nan,nan,nan,nan,nan,nan,nan,nan,nan,nan,nan,nan,nan,nan,nan,nan,nan,nan,nan,nan,nan,nan,nan,nan,nan,nan,nan,nan,nan,nan,nan,3.191999435424804688e+00,4.705845832824707031e+00,-1.634878516197204590e-01,-2.808514609932899475e-02,4.890331745147705078e+00,6.707416057586669922e+00,9.907267570495605469e+00,1.011217689514160156e+01,4.235330104827880859e+00,nan,nan,nan,nan,nan,nan,nan,nan,nan,nan,nan,nan
nan,nan,nan,nan,nan,nan,nan,nan,nan,nan,nan,nan,nan,nan,nan,nan,nan,nan,nan,nan,nan,nan,4.723873901367187500e+01,6.096583175659179688e+01,6.330313491821289062e+01,5.421006774902343750e+01,5.089359664916992188e+01,4.776130676269531250e+01,3.585085678100585938e+01,3.649114227294921875e+01,3.860001754760742188e+01,nan,nan,nan,nan,nan,nan,nan,nan,nan,nan,nan,nan,nan,nan,nan,nan,nan,nan,nan,nan,nan,nan,nan,nan,nan,nan,nan,nan,nan,nan,nan,nan,nan,nan,nan,nan,nan,nan,nan,nan,nan,nan,nan,nan,nan,nan,nan,nan,nan,nan,nan,nan,nan,nan,nan,nan,nan,nan,nan,nan,nan,nan,nan,nan,nan,nan,nan,nan,nan,nan,nan,nan,nan,nan,nan,nan,-1.933446288108825684e+00,3.634570121765136719e+00,7.157775878906250000e+00,1.557038211822509766e+01,1.464818191528320312e+01,1.032026004791259766e+01,nan,nan,nan,nan,nan,nan,nan,nan,nan,nan,nan,nan
nan,nan,nan,nan,nan,nan,nan,nan,nan,nan,nan,nan,nan,nan,nan,nan,nan,nan,nan,nan,nan,nan,nan,nan,nan,5.375596618652343750e+01,5.365525436401367188e+01,5.143405532836914062e+01,4.326459121704101562e+01,3.848847579956054688e+01,nan,nan,nan,nan,nan,nan,nan,nan,nan,nan,nan,nan,nan,nan,nan,nan,nan,nan,nan,nan,nan,nan,nan,nan,nan,nan,nan,nan,nan,nan,nan,nan,nan,nan,nan,nan,nan,nan,nan,nan,nan,nan,nan,nan,nan,nan,nan,nan,nan,nan,nan,nan,nan,nan,nan,nan,nan,nan,nan,nan,nan,nan,nan,nan,nan,nan,nan,nan,nan,nan,nan,nan,nan,nan,nan,nan,nan,9.980291366577148438e+00,2.640784740447998047e+00,8.374187469482421875e+00,1.658309745788574219e+01,1.502166080474853516e+01,nan,nan,nan,nan,nan,nan,nan,nan,nan,nan,nan,nan,nan
nan,nan,nan,nan,nan,nan,nan,nan,nan,nan,nan,nan,nan,nan,nan,nan,nan,nan,nan,nan,nan,nan,nan,nan,nan,5.482060623168945312e+01,4.936447143554687500e+01,4.360358810424804688e+01,4.592573165893554688e+01,4.521760559082031250e+01,3.943900299072265625e+01,nan,nan,nan,nan,nan,nan,nan,nan,nan,nan,nan,nan,nan,nan,nan,nan,nan,nan,nan,nan,nan,nan,nan,nan,nan,nan,nan,nan,nan,nan,nan,nan,nan,nan,nan,nan,nan,nan,nan,nan,nan,nan,nan,nan,nan,nan,nan,nan,nan,nan,nan,nan,nan,nan,nan,nan,nan,nan,nan,nan,nan,nan,nan,nan,nan,nan,nan,nan,nan,nan,nan,nan,nan,nan,nan,nan,nan,1.325114250183105469e+01,2.066022682189941406e+01,1.128532695770263672e+01,1.926603126525878906e+01,1.422714042663574219e+01,nan,nan,nan,nan,nan,nan,nan,nan,nan,nan,nan,nan
nan,nan,nan,nan,nan,nan,nan,nan,nan,nan,nan,nan,nan,nan,nan,nan,nan,nan,nan,nan,nan,nan,nan,nan,nan,4.966630172729492188e+01,5.577651596069335938e+01,4.979048156738281250e+01,4.742938613891601562e+01,4.564232635498046875e+01,3.881499862670898438e+01,nan,nan,nan,nan,nan,nan,nan,nan,nan,nan,nan,nan,nan,nan,nan,nan,nan,nan,nan,nan,nan,nan,nan,nan,nan,nan,nan,nan,nan,nan,nan,nan,nan,nan,nan,nan,nan,nan,nan,nan,nan,nan,nan,nan,nan,nan,nan,nan,nan,nan,nan,nan,nan,nan,nan,nan,nan,nan,nan,nan,nan,nan,nan,nan,nan,nan,nan,nan,nan,nan,nan,nan,nan,nan,nan,nan,nan,2.224932670593261719e+01,2.424908065795898438e+01,9.252348899841308594e+00,1.736419868469238281e+01,2.995865631103515625e+01,nan,nan,nan,nan,nan,nan,nan,nan,nan,nan,nan,nan
nan,nan,nan,nan,nan,nan,nan,nan,nan,nan,nan,nan,nan,nan,nan,nan,nan,nan,nan,nan,nan,nan,nan,nan,nan,nan,6.861944580078125000e+01,5.388030624389648438e+01,4.855237197875976562e+01,4.454591369628906250e+01,2.919057846069335938e+01,1.978148841857910156e+01,1.801559638977050781e+01,2.555104446411132812e+01,nan,nan,nan,nan,nan,nan,nan,nan,nan,nan,nan,nan,nan,nan,nan,nan,nan,nan,nan,nan,nan,nan,nan,nan,nan,nan,nan,nan,nan,nan,nan,nan,nan,nan,nan,nan,nan,nan,nan,nan,nan,nan,nan,nan,nan,nan,nan,nan,nan,nan,nan,nan,nan,nan,nan,nan,nan,nan,nan,nan,nan,nan,nan,nan,nan,nan,nan,nan,nan,nan,nan,1.203570175170898438e+01,4.971460342407226562e+00,2.065923118591308594e+01,2.978098678588867188e+01,2.286964416503906250e+01,1.628057098388671875e+01,1.666482543945312500e+01,1.768265533447265625e+01,nan,nan,nan,nan,nan,nan,nan,nan,nan,nan,nan,nan
nan,nan,nan,nan,nan,nan,nan,nan,nan,nan,nan,nan,nan,nan,nan,nan,nan,nan,nan,nan,nan,nan,nan,nan,nan,nan,nan,4.932778549194335938e+01,4.997238159179687500e+01,4.010230255126953125e+01,3.247124099731445312e+01,2.459887504577636719e+01,2.185454750061035156e+01,2.009953498840332031e+01,2.051594734191894531e+01,nan,nan,nan,nan,nan,nan,nan,nan,nan,nan,nan,nan,nan,nan,nan,nan,nan,nan,nan,nan,nan,nan,nan,nan,nan,nan,nan,nan,nan,nan,nan,nan,nan,nan,nan,nan,nan,nan,nan,nan,nan,nan,nan,nan,nan,nan,nan,nan,nan,nan,nan,nan,nan,nan,nan,nan,nan,nan,nan,nan,nan,nan,nan,nan,nan,nan,nan,nan,nan,nan,3.727693557739257812e+00,4.583557128906250000e+00,1.625852775573730469e+01,2.498044204711914062e+01,1.690567970275878906e+01,nan,nan,nan,nan,nan,nan,nan,nan,nan,nan,nan,nan,nan,nan,nan
nan,nan,nan,nan,nan,nan,nan,nan,nan,nan,nan,nan,nan,nan,nan,nan,nan,nan,nan,nan,nan,nan,nan,nan,nan,nan,nan,5.003678512573242188e+01,5.373897933959960938e+01,3.658647537231445312e+01,3.550394058227539062e+01,2.974898719787597656e+01,2.129722976684570312e+01,1.969549369812011719e+01,4.379521369934082031e+00,nan,nan,nan,nan,nan,nan,nan,nan,nan,nan,nan,nan,nan,nan,nan,nan,nan,nan,nan,nan,nan,nan,nan,nan,nan,nan,nan,nan,nan,nan,nan,nan,nan,nan,nan,nan,nan,nan,nan,nan,nan,nan,nan,nan,nan,nan,nan,nan,nan,nan,nan,nan,nan,nan,nan,nan,nan,nan,nan,nan,nan,nan,nan,nan,nan,nan,nan,nan,nan,nan,5.415308475494384766e+00,1.210295796394348145e+00,1.813244438171386719e+01,2.082841682434082031e+01,2.016067886352539062e+01,nan,nan,nan,nan,nan,nan,nan,nan,nan,nan,nan,nan,nan,nan,nan
nan,nan,nan,nan,nan,nan,nan,nan,nan,nan,nan,nan,nan,nan,nan,nan,nan,nan,nan,nan,nan,nan,nan,nan,nan,nan,nan,4.614536666870117188e+01,5.423891448974609375e+01,5.437001037597656250e+01,3.811170196533203125e+01,3.195310211181640625e+01,2.248942947387695312e+01,1.763662338256835938e+01,4.622094154357910156e+00,1.656278419494628906e+01,nan,nan,nan,nan,nan,nan,nan,nan,nan,nan,nan,nan,nan,nan,nan,nan,nan,nan,nan,nan,nan,nan,nan,nan,nan,nan,nan,nan,nan,nan,nan,nan,nan,nan,nan,nan,nan,nan,nan,nan,nan,nan,nan,nan,nan,nan,nan,nan,nan,nan,nan,nan,nan,nan,nan,nan,nan,nan,nan,nan,nan,nan,nan,nan,nan,nan,nan,nan,nan,2.960823774337768555e-01,7.559179782867431641e+00,1.310807895660400391e+01,2.242859649658203125e+01,1.845229721069335938e+01,nan,nan,nan,nan,nan,nan,nan,nan,nan,nan,nan,nan,nan,nan,nan
nan,nan,nan,nan,nan,nan,nan,nan,nan,nan,nan,nan,nan,nan,nan,nan,nan,nan,nan,nan,nan,nan,nan,nan,nan,nan,nan,3.829703521728515625e+01,4.886998748779296875e+01,4.989838790893554688e+01,4.323778152465820312e+01,2.603448867797851562e+01,2.316845703125000000e+01,1.702457618713378906e+01,1.051140117645263672e+01,8.106283187866210938e+00,nan,nan,nan,nan,nan,nan,nan,nan,nan,nan,nan,nan,nan,nan,nan,nan,nan,nan,nan,nan,nan,nan,nan,nan,nan,nan,nan,nan,nan,nan,nan,nan,nan,nan,nan,nan,nan,nan,nan,nan,nan,nan,nan,nan,nan,nan,nan,nan,nan,nan,nan,nan,nan,nan,nan,nan,nan,nan,nan,nan,nan,nan,nan,nan,nan,nan,nan,3.024509191513061523e+00,6.768352031707763672e+00,3.464832305908203125e+00,1.279829406738281250e+01,-1.340201139450073242e+00,8.434271812438964844e+00,9.484058380126953125e+00,nan,nan,nan,nan,nan,nan,nan,nan,nan,nan,nan,nan,nan,nan,nan
nan,nan,nan,nan,nan,nan,nan,nan,nan,nan,nan,nan,nan,nan,nan,nan,nan,nan,nan,nan,nan,nan,nan,nan,nan,nan,nan,4.107360839843750000e+01,3.962264633178710938e+01,4.125903701782226562e+01,4.120977401733398438e+01,2.900993919372558594e+01,2.439186286926269531e+01,1.967539596557617188e+01,1.333263111114501953e+01,1.051362037658691406e+01,1.498124122619628906e+01,nan,nan,nan,nan,nan,nan,nan,nan,nan,nan,nan,nan,nan,nan,nan,nan,nan,nan,nan,nan,nan,nan,nan,nan,nan,nan,nan,nan,nan,nan,nan,nan,nan,nan,nan,nan,nan,nan,nan,nan,nan,nan,nan,nan,nan,nan,nan,nan,nan,nan,nan,nan,nan,nan,nan,nan,nan,nan,nan,nan,nan,nan,nan,nan,nan,7.505732774734497070e-01,6.522244215011596680e-01,1.085732555389404297e+01,8.335679054260253906e+00,2.290795087814331055e+00,-9.994863718748092651e-02,4.523179531097412109e+00,nan,nan,nan,nan,nan,nan,nan,nan,nan,nan,nan,nan,nan,nan,nan,nan
nan,nan,nan,nan,nan,nan,nan,nan,nan,nan,nan,nan,nan,nan,nan,nan,nan,nan,nan,nan,nan,nan,nan,nan,nan,nan,nan,nan,3.956518554687500000e+01,4.156022262573242188e+01,3.983348846435546875e+01,2.316036224365234375e+01,2.611845588684082031e+01,2.082672309875488281e+01,1.333571624755859375e+01,7.914767742156982422e+00,4.790595054626464844e+00,nan,nan,nan,nan,nan,nan,nan,nan,nan,nan,nan,nan,nan,nan,nan,nan,nan,nan,nan,nan,nan,nan,nan,nan,nan,nan,nan,nan,nan,nan,nan,nan,nan,nan,nan,nan,nan,nan,nan,nan,nan,nan,nan,nan,nan,nan,nan,nan,nan,nan,nan,nan,nan,nan,nan,nan,nan,nan,nan,nan,nan,nan,nan,nan,nan,nan,3.420717000961303711e+00,5.109451293945312500e+00,-3.915752172470092773e+00,-3.477001428604125977e+00,-4.298524379730224609e+00,nan,nan,nan,nan,nan,nan,nan,nan,nan,nan,nan,nan,nan,nan,nan,nan,nan
nan,nan,nan,nan,nan,nan,nan,nan,nan,nan,nan,nan,nan,nan,nan,nan,nan,nan,nan,nan,nan,nan,nan,nan,nan,nan,nan,nan,3.726427841186523438e+01,3.812503433227539062e+01,3.540368270874023438e+01,3.011431503295898438e+01,2.294163131713867188e+01,2.096177291870117188e+01,1.628030204772949219e+01,9.409255981445312500e+00,5.316253662109375000e+00,1.795203018188476562e+01,nan,nan,nan,nan,nan,nan,nan,nan,nan,nan,nan,nan,nan,nan,nan,nan,nan,nan,nan,nan,nan,nan,nan,nan,nan,nan,nan,nan,nan,nan,nan,nan,nan,nan,nan,nan,nan,nan,nan,nan,nan,nan,nan,nan,nan,nan,nan,nan,nan,nan,nan,nan,nan,nan,nan,nan,nan,nan,nan,nan,nan,nan,nan,nan,-2.605472564697265625e+00,-1.577724456787109375e+00,-1.036090970039367676e+00,-2.881861209869384766e+00,-4.373764991760253906e+00,-2.150934219360351562e+00,5.019270181655883789e-01,nan,nan,nan,nan,nan,nan,nan,nan,nan,nan,nan,nan,nan,nan,nan,nan
nan,nan,nan,nan,nan,nan,nan,nan,nan,nan,nan,nan,nan,nan,nan,nan,nan,nan,nan,nan,nan,nan,nan,nan,nan,nan,nan,nan,nan,3.449215698242187500e+01,3.049405097961425781e+01,3.602692794799804688e+01,2.560261154174804688e+01,2.148822784423828125e+01,2.143278694152832031e+01,1.506881141662597656e+01,8.891080856323242188e+00,7.113083839416503906e+00,nan,nan,nan,nan,nan,nan,nan,nan,nan,nan,nan,nan,nan,nan,nan,nan,nan,nan,nan,nan,nan,nan,nan,nan,nan,nan,nan,nan,nan,nan,nan,nan,nan,nan,nan,nan,nan,nan,nan,nan,nan,nan,nan,nan,nan,nan,nan,nan,nan,nan,nan,nan,nan,nan,nan,nan,nan,nan,nan,nan,nan,nan,nan,nan,-4.304252147674560547e+00,-3.554732322692871094e+00,-6.498811244964599609e+00,-7.874495029449462891e+00,-5.197567939758300781e+00,-3.548452854156494141e+00,nan,nan,nan,nan,nan,nan,nan,nan,nan,nan,nan,nan,nan,nan,nan,nan,nan
nan,nan,nan,nan,nan,nan,nan,nan,nan,nan,nan,nan,nan,nan,nan,nan,nan,nan,nan,nan,nan,nan,nan,nan,nan,nan,nan,nan,nan,nan,nan,3.196049118041992188e+01,3.948990631103515625e+01,2.971602630615234375e+01,2.896888732910156250e+01,2.674791717529296875e+01,1.827894020080566406e+01,8.771890640258789062e+00,nan,nan,nan,nan,nan,nan,nan,nan,nan,nan,nan,nan,nan,nan,nan,nan,nan,nan,nan,nan,nan,nan,nan,nan,nan,nan,nan,nan,nan,nan,nan,nan,nan,nan,nan,nan,nan,nan,nan,nan,nan,nan,nan,nan,nan,nan,nan,nan,nan,nan,nan,nan,nan,nan,nan,nan,nan,nan,nan,nan,nan,nan,nan,nan,-5.956597328186035156e+00,-2.391119241714477539e+00,-1.510914611816406250e+01,-9.681097030639648438e+00,nan,nan,nan,nan,nan,nan,nan,nan,nan,nan,nan,nan,nan,nan,nan,nan,nan,nan,nan
nan,nan,nan,nan,nan,nan,nan,nan,nan,nan,nan,nan,nan,nan,nan,nan,nan,nan,nan,nan,nan,nan,nan,nan,nan,nan,nan,nan,nan,nan,nan,3.384287643432617188e+01,4.329271316528320312e+01,4.487556457519531250e+01,3.388278579711914062e+01,3.242811584472656250e+01,2.676144027709960938e+01,2.332219505310058594e+01,nan,nan,2.717643356323242188e+01,nan,nan,nan,nan,nan,nan,nan,nan,nan,nan,nan,nan,nan,nan,nan,nan,nan,nan,nan,nan,nan,nan,nan,nan,nan,nan,nan,nan,nan,nan,nan,nan,nan,nan,nan,nan,nan,nan,nan,nan,nan,nan,nan,nan,nan,nan,nan,nan,nan,nan,nan,nan,nan,nan,nan,nan,nan,nan,nan,-7.830848217010498047e+00,-1.395834445953369141e+00,2.671138048171997070e+00,-1.526526737213134766e+01,-1.951175880432128906e+01,nan,nan,nan,nan,nan,nan,nan,nan,nan,nan,nan,nan,nan,nan,nan,nan,nan,nan,nan,nan
nan,nan,nan,nan,nan,nan,nan,nan,nan,nan,nan,nan,nan,nan,nan,nan,nan,nan,nan,nan,nan,nan,nan,nan,nan,nan,nan,nan,nan,nan,nan,nan,4.804503250122070312e+01,4.659066009521484375e+01,3.917717742919921875e+01,3.667486953735351562e+01,3.132090568542480469e+01,2.826945114135742188e+01,2.911857414245605469e+01,2.539939689636230469e+01,1.562551784515380859e+01,2.903708648681640625e+01,nan,nan,nan,nan,nan,nan,nan,nan,nan,nan,nan,nan,nan,nan,nan,nan,nan,nan,nan,nan,nan,nan,nan,nan,nan,nan,nan,nan,nan,nan,nan,nan,nan,nan,nan,nan,nan,nan,nan,nan,nan,nan,nan,nan,nan,nan,nan,nan,nan,nan,nan,nan,nan,nan,nan,nan,nan,nan,-5.379728674888610840e-01,1.056910514831542969e+00,-1.173922181129455566e+00,-1.702841949462890625e+01,-2.105541038513183594e+01,nan,nan,nan,nan,nan,nan,nan,nan,nan,nan,nan,nan,nan,nan,nan,nan,nan,nan,nan,nan
nan,nan,nan,nan,nan,nan,nan,nan,nan,nan,nan,nan,nan,nan,nan,nan,nan,nan,nan,nan,nan,nan,nan,nan,nan,nan,nan,nan,nan,nan,nan,nan,nan,4.477250671386718750e+01,4.609999084472656250e+01,3.980269241333007812e+01,3.780604553222656250e+01,3.892807769775390625e+01,3.438044357299804688e+01,3.396457290649414062e+01,2.623903083801269531e+01,2.050752830505371094e+01,2.959699821472167969e+01,nan,nan,nan,nan,nan,nan,nan,nan,nan,nan,nan,nan,nan,nan,nan,nan,nan,nan,nan,nan,nan,nan,nan,nan,nan,nan,nan,nan,nan,nan,nan,nan,nan,nan,nan,nan,nan,nan,nan,nan,nan,nan,nan,nan,nan,nan,nan,nan,nan,nan,nan,nan,nan,nan,nan,-5.385323047637939453e+00,-3.869993925094604492e+00,-1.438513994216918945e+00,-2.843512296676635742e-01,5.298734307289123535e-01,-2.726776313781738281e+01,-2.241402626037597656e+01,-1.558743381500244141e+01,nan,nan,nan,nan,nan,nan,nan,nan,nan,nan,nan,nan,nan,nan,nan,nan,nan,nan,nan
nan,nan,nan,nan,nan,nan,nan,nan,nan,nan,nan,nan,nan,nan,nan,nan,nan,nan,nan,nan,nan,nan,nan,nan,nan,nan,nan,nan,nan,nan,nan,nan,nan,4.616520690917968750e+01,4.546865463256835938e+01,4.160243225097656250e+01,4.063642120361328125e+01,3.983576965332031250e+01,3.317607879638671875e+01,3.527602005004882812e+01,3.284626007080078125e+01,2.637510299682617188e+01,3.106027221679687500e+01,2.360974884033203125e+01,1.410846138000488281e+01,5.944510936737060547e+00,1.871636390686035156e+01,nan,nan,nan,nan,-8.048677444458007812e+00,-1.229315280914306641e+01,nan,nan,-1.690537834167480469e+01,-1.726015090942382812e+01,-1.616560935974121094e+01,-1.506567668914794922e+01,-1.374935722351074219e+01,-1.222058200836181641e+01,nan,nan,nan,nan,nan,nan,nan,nan,nan,nan,nan,nan,nan,nan,nan,nan,nan,nan,nan,nan,nan,nan,nan,nan,nan,nan,nan,nan,nan,nan,nan,nan,nan,nan,nan,nan,nan,nan,-6.460239887237548828e-01,-2.740724325180053711e+00,-1.020336341857910156e+01,-2.624840354919433594e+01,-3.076594161987304688e+01,-3.212303543090820312e+01,nan,nan,nan,nan,nan,nan,nan,nan,nan,nan,nan,nan,nan,nan,nan,nan,nan,nan,nan,nan
nan,nan,nan,nan,nan,nan,nan,nan,nan,nan,nan,nan,nan,nan,nan,nan,nan,nan,nan,nan,nan,nan,nan,nan,nan,nan,nan,nan,nan,nan,nan,nan,nan,4.035470581054687500e+01,3.703594207763671875e+01,3.367764663696289062e+01,3.629309844970703125e+01,3.707674026489257812e+01,3.415635681152343750e+01,3.825282669067382812e+01,3.701807022094726562e+01,3.494233322143554688e+01,3.287611389160156250e+01,3.192009925842285156e+01,2.540266227722167969e+01,1.102159118652343750e+01,1.558037471771240234e+01,1.232668495178222656e+01,1.769057655334472656e+01,1.040269359946250916e-01,-5.387354373931884766e+00,9.172281026840209961e-01,-1.721675515174865723e+00,-1.179815101623535156e+01,-1.485998344421386719e+01,-1.528877830505371094e+01,-1.760610389709472656e+01,-2.099818229675292969e+01,-1.825362014770507812e+01,-1.053439426422119141e+01,-1.171313381195068359e+01,-9.434324264526367188e+00,-8.670326232910156250e+00,nan,nan,nan,nan,nan,-7.982320785522460938e+00,nan,nan,nan,nan,nan,nan,nan,nan,nan,nan,nan,nan,nan,nan,nan,nan,nan,nan,nan,nan,nan,nan,nan,nan,nan,nan,nan,nan,nan,nan,-3.525930643081665039e-01,-7.319315433502197266e+00,-1.365815544128417969e+01,-2.305994606018066406e+01,-2.854309654235839844e+01,-1.731334877014160156e+01,nan,nan,nan,nan,nan,nan,nan,nan,nan,nan,nan,nan,nan,nan,nan,nan,nan,nan,nan,nan
nan,nan,nan,nan,nan,nan,nan,nan,nan,nan,nan,nan,nan,nan,nan,nan,nan,nan,nan,nan,nan,nan,nan,nan,nan,nan,nan,nan,nan,nan,nan,nan,nan,3.865531921386718750e+01,3.509073638916015625e+01,3.676319122314453125e+01,3.160492324829101562e+01,3.478680419921875000e+01,4.070758438110351562e+01,4.131206130981445312e+01,3.858303833007812500e+01,3.902937698364257812e+01,3.669768142700195312e+01,3.442790603637695312e+01,3.224358367919921875e+01,2.773552894592285156e+01,2.378567695617675781e+01,1.814547157287597656e+01,1.605423927307128906e+01,1.129881572723388672e+01,1.087991833686828613e+00,-9.339728355407714844e+00,-1.478937625885009766e+01,-1.826422691345214844e+01,-1.999868583679199219e+01,-1.978367233276367188e+01,-1.925402259826660156e+01,-1.631528282165527344e+01,-1.313144397735595703e+01,-1.654521942138671875e+01,-1.000354099273681641e+01,-1.215140247344970703e+01,-1.043374156951904297e+01,-8.342136383056640625e+00,-4.940850734710693359e+00,-9.723946571350097656e+00,-6.866916179656982422e+00,-7.183402061462402344e+00,-7.649165153503417969e+00,nan,nan,nan,nan,nan,nan,nan,nan,nan,nan,nan,nan,nan,nan,nan,nan,nan,nan,nan,nan,nan,nan,nan,nan,nan,nan,nan,nan,nan,-5.541769504547119141e+00,-1.518129110336303711e+00,-1.044074153900146484e+01,-1.956632423400878906e+01,-2.768443489074707031e+01,-2.916116905212402344e+01,nan,nan,nan,nan,nan,nan,nan,nan,nan,nan,nan,nan,nan,nan,nan,nan,nan,nan,nan,nan,nan
nan,nan,nan,nan,nan,nan,nan,nan,nan,nan,nan,nan,nan,nan,nan,nan,nan,nan,nan,nan,nan,nan,nan,nan,nan,nan,nan,nan,nan,nan,nan,nan,nan,2.847163391113281250e+01,3.491030502319335938e+01,3.598802185058593750e+01,2.963450431823730469e+01,3.360044479370117188e+01,3.693066024780273438e+01,4.346504974365234375e+01,4.271273803710937500e+01,3.872441864013671875e+01,3.740055465698242188e+01,3.308913803100585938e+01,3.327342987060546875e+01,2.754927825927734375e+01,2.255101013183593750e+01,1.830609130859375000e+01,1.129398250579833984e+01,-6.635622024536132812e+00,-1.619844627380371094e+01,-1.678862190246582031e+01,-2.064293289184570312e+01,-2.267759513854980469e+01,-2.036161231994628906e+01,-2.091739082336425781e+01,-2.169855690002441406e+01,-1.704910278320312500e+01,-1.525605487823486328e+01,-1.066788578033447266e+01,-8.965698242187500000e+00,-1.210454654693603516e+01,-9.994016647338867188e+00,-9.460021018981933594e+00,-5.395560741424560547e+00,-8.216907501220703125e+00,-8.729354858398437500e+00,nan,nan,nan,nan,nan,nan,nan,nan,nan,nan,nan,nan,nan,nan,nan,nan,nan,nan,nan,nan,nan,nan,nan,nan,nan,nan,nan,nan,nan,nan,nan,-2.314547598361968994e-01,-5.604474544525146484e+00,nan,nan,-1.480070590972900391e+01,-1.712261962890625000e+01,nan,nan,nan,nan,nan,nan,nan,nan,nan,nan,nan,nan,nan,nan,nan,nan,nan,nan,nan,nan,nan
nan,nan,nan,nan,nan,nan,nan,nan,nan,nan,nan,nan,nan,nan,nan,nan,nan,nan,nan,nan,nan,nan,nan,nan,nan,nan,nan,nan,nan,nan,nan,nan,nan,3.118492889404296875e+01,2.533034896850585938e+01,3.164821815490722656e+01,3.452133941650390625e+01,3.227005767822265625e+01,3.343128204345703125e+01,3.582983016967773438e+01,3.189133644104003906e+01,3.124737548828125000e+01,3.277541732788085938e+01,2.643517494201660156e+01,2.714458084106445312e+01,2.129447937011718750e+01,1.847877502441406250e+01,8.654074668884277344e+00,-1.440876603126525879e+00,-1.588512802124023438e+01,-1.982247543334960938e+01,-1.950879859924316406e+01,-2.414545822143554688e+01,-2.736636924743652344e+01,-2.204736328125000000e+01,-2.281011962890625000e+01,-2.165022087097167969e+01,-1.837892532348632812e+01,-1.454506301879882812e+01,-6.562953472137451172e+00,-7.947205543518066406e+00,-5.731118202209472656e+00,-7.083848953247070312e+00,-7.525795102119445801e-01,-1.527939081192016602e+00,-7.431821823120117188e+00,-1.142222309112548828e+01,-9.268449783325195312e+00,nan,nan,nan,nan,nan,nan,nan,nan,nan,nan,nan,nan,nan,nan,nan,nan,nan,nan,nan,nan,nan,nan,nan,nan,nan,nan,nan,nan,nan,3.753923475742340088e-01,-3.324065506458282471e-01,nan,nan,nan,nan,nan,nan,nan,nan,nan,nan,nan,nan,nan,nan,nan,nan,nan,nan,nan,nan,nan,nan,nan,nan,nan,nan
nan,nan,nan,nan,nan,nan,nan,nan,nan,nan,nan,nan,nan,nan,nan,nan,nan,nan,nan,nan,nan,nan,nan,nan,nan,nan,nan,nan,nan,nan,nan,nan,nan,nan,1.913557434082031250e+01,2.678876495361328125e+01,2.923582077026367188e+01,3.030821800231933594e+01,2.723609924316406250e+01,2.531591987609863281e+01,2.067833709716796875e+01,1.189070224761962891e+01,9.179712295532226562e+00,8.591091156005859375e+00,1.099596023559570312e+01,1.022329044342041016e+01,3.572439432144165039e+00,-1.571547865867614746e+00,-8.894544601440429688e+00,-1.915209960937500000e+01,-2.108421134948730469e+01,-2.142373085021972656e+01,-2.679832267761230469e+01,-3.000061798095703125e+01,-2.638719558715820312e+01,-1.836722564697265625e+01,-1.754514884948730469e+01,-1.641664886474609375e+01,-1.172757625579833984e+01,-7.987870216369628906e+00,-4.340559482574462891e+00,-1.404013991355895996e+00,2.096056222915649414e+00,-3.252470731735229492e+00,-3.453369379043579102e+00,-6.883756637573242188e+00,-9.425286293029785156e+00,-9.771382331848144531e+00,-6.059822559356689453e+00,nan,nan,nan,nan,nan,nan,nan,nan,nan,nan,nan,nan,nan,nan,nan,nan,nan,nan,nan,nan,nan,nan,nan,nan,nan,nan,-3.681549310684204102e+00,-2.152443885803222656e+00,1.194151490926742554e-01,-5.288478851318359375e+00,nan,nan,nan,nan,nan,nan,nan,nan,nan,nan,nan,nan,nan,nan,nan,nan,nan,nan,nan,nan,nan,nan,nan,nan,nan,nan
nan,nan,nan,nan,nan,nan,nan,nan,nan,nan,nan,nan,nan,nan,nan,nan,nan,nan,nan,nan,nan,nan,nan,nan,nan,nan,nan,nan,nan,nan,nan,nan,nan,nan,1.834771919250488281e+01,2.876267051696777344e+01,2.982687377929687500e+01,3.176334190368652344e+01,2.085145378112792969e+01,1.543808269500732422e+01,1.546632385253906250e+01,7.413331031799316406e+00,6.036966800689697266e+00,3.026231288909912109e+00,1.686099052429199219e+00,-5.574098587036132812e+00,-1.717856597900390625e+01,-1.923536300659179688e+01,-2.256330871582031250e+01,-2.781215286254882812e+01,-3.157729530334472656e+01,-3.337151718139648438e+01,-3.337097549438476562e+01,-2.725980567932128906e+01,-2.265789604187011719e+01,-1.738108634948730469e+01,-1.711507225036621094e+01,-1.492042160034179688e+01,-1.204074668884277344e+01,-7.386554241180419922e+00,-2.619596958160400391e+00,2.286347389221191406e+00,2.141408205032348633e+00,-2.698975086212158203e+00,-3.696602582931518555e+00,-4.741029739379882812e+00,-6.030813217163085938e+00,-7.141140460968017578e+00,nan,nan,nan,nan,nan,nan,nan,nan,nan,nan,nan,nan,nan,nan,nan,nan,nan,nan,nan,nan,nan,nan,nan,nan,nan,nan,nan,nan,-3.389816284179687500e+00,-1.513297200202941895e+00,nan,nan,nan,nan,nan,nan,nan,nan,nan,nan,nan,nan,nan,nan,nan,nan,nan,nan,nan,nan,nan,nan,nan,nan,nan,nan,nan
nan,nan,nan,nan,nan,nan,nan,nan,nan,nan,nan,nan,nan,nan,nan,nan,nan,nan,nan,nan,nan,nan,nan,nan,nan,nan,nan,nan,nan,nan,nan,nan,nan,nan,1.032635498046875000e+01,1.929894447326660156e+01,2.284160041809082031e+01,1.792246437072753906e+01,1.229529666900634766e+01,7.492390155792236328e+00,2.702351093292236328e+00,3.163375854492187500e+00,-5.628463745117187500e+00,-1.004763126373291016e+01,-2.100997352600097656e+01,-2.023995208740234375e+01,-3.084777450561523438e+01,-3.436455917358398438e+01,-3.611814498901367188e+01,-3.279673004150390625e+01,-3.184825515747070312e+01,-3.404920959472656250e+01,-3.045678520202636719e+01,-2.684435653686523438e+01,-2.604289054870605469e+01,-2.282954978942871094e+01,-1.540700626373291016e+01,-1.193339920043945312e+01,-1.105397796630859375e+01,-8.003407478332519531e+00,8.272125720977783203e-01,2.045267820358276367e+00,-4.348158538341522217e-01,8.451619148254394531e-01,2.365394979715347290e-01,-1.629838109016418457e+00,3.842356204986572266e-01,nan,nan,nan,nan,nan,nan,nan,nan,nan,nan,nan,nan,nan,nan,nan,nan,nan,nan,nan,nan,nan,nan,nan,nan,nan,nan,nan,nan,-5.224723815917968750e+00,-3.070890903472900391e+00,-4.452345848083496094e+00,nan,nan,nan,nan,nan,nan,nan,nan,nan,nan,nan,nan,nan,nan,nan,nan,nan,nan,nan,nan,nan,nan,nan,nan,nan,nan,nan
nan,nan,nan,nan,nan,nan,nan,nan,nan,nan,nan,nan,nan,nan,nan,nan,nan,nan,nan,nan,nan,nan,nan,nan,nan,nan,nan,nan,nan,nan,nan,nan,nan,nan,-1.309432387351989746e-01,2.461230158805847168e-01,1.059521865844726562e+01,7.964815616607666016e+00,9.852578639984130859e-01,-8.849178314208984375e+00,-1.026418590545654297e+01,-9.779374122619628906e+00,-1.526915073394775391e+01,-2.138053131103515625e+01,-3.174701499938964844e+01,-3.576655197143554688e+01,-3.449646759033203125e+01,-3.855775451660156250e+01,-3.743820190429687500e+01,-3.350953674316406250e+01,-2.966170501708984375e+01,-3.197765731811523438e+01,-2.850019073486328125e+01,-2.615393447875976562e+01,-2.435052299499511719e+01,-1.938078117370605469e+01,-1.363657569885253906e+01,-1.081114959716796875e+01,-9.969583511352539062e+00,-6.433406829833984375e+00,2.990714907646179199e-01,2.081459522247314453e+00,2.727438807487487793e-01,4.375822246074676514e-01,9.415462613105773926e-02,3.414806723594665527e-02,-2.756824493408203125e+00,nan,nan,nan,nan,nan,nan,nan,nan,nan,nan,nan,nan,nan,nan,nan,nan,nan,nan,nan,nan,nan,nan,nan,nan,nan,nan,nan,-7.641646385192871094e+00,-1.897793769836425781e+01,-1.148103237152099609e+01,nan,nan,nan,nan,nan,nan,nan,nan,nan,nan,nan,nan,nan,nan,nan,nan,nan,nan,nan,nan,nan,nan,nan,nan,nan,nan,nan,nan
nan,nan,nan,nan,nan,nan,nan,nan,nan,nan,nan,nan,nan,nan,nan,nan,nan,nan,nan,nan,nan,nan,nan,nan,nan,nan,nan,nan,nan,nan,nan,nan,nan,-1.172899341583251953e+01,-1.164084148406982422e+01,-7.967660427093505859e+00,-7.535733699798583984e+00,-5.082732677459716797e+00,-8.554895401000976562e+00,-9.955594062805175781e+00,-1.840175056457519531e+01,-1.673417472839355469e+01,-2.012521743774414062e+01,-2.548709678649902344e+01,-3.913858413696289062e+01,-3.709812545776367188e+01,-3.697661590576171875e+01,-4.015938568115234375e+01,-4.018238449096679688e+01,-3.340205383300781250e+01,-3.115604591369628906e+01,-2.681418991088867188e+01,-2.581749534606933594e+01,-2.415717887878417969e+01,-2.384840011596679688e+01,-1.787528228759765625e+01,-1.102144145965576172e+01,-8.579470634460449219e+00,-7.773947238922119141e+00,-4.548538208007812500e+00,-1.430315732955932617e+00,-7.167813777923583984e-01,-9.551596045494079590e-01,-1.242118597030639648e+00,-1.366623401641845703e+00,-4.834301471710205078e+00,nan,nan,nan,nan,nan,nan,nan,nan,nan,nan,nan,nan,nan,nan,nan,nan,nan,nan,nan,nan,nan,nan,nan,nan,nan,nan,nan,nan,-9.402627944946289062e+00,-8.371182441711425781e+00,nan,nan,nan,nan,nan,nan,nan,nan,nan,nan,nan,nan,nan,nan,nan,nan,nan,nan,nan,nan,nan,nan,nan,nan,nan,nan,nan,nan,nan
nan,nan,nan,nan,nan,nan,nan,nan,nan,nan,nan,nan,nan,nan,nan,nan,nan,nan,nan,nan,nan,nan,nan,nan,nan,nan,nan,nan,nan,nan,nan,nan,nan,-1.932649040222167969e+01,-1.815060806274414062e+01,-8.596437454223632812e+00,-1.711578941345214844e+01,-1.998373603820800781e+01,-1.829322624206542969e+01,-1.867066383361816406e+01,-2.490526962280273438e+01,-2.016244125366210938e+01,-2.621045684814453125e+01,-3.125296592712402344e+01,-4.292998123168945312e+01,-4.608451080322265625e+01,-4.237833786010742188e+01,-4.096014022827148438e+01,-4.115084075927734375e+01,-3.535714340209960938e+01,-3.715596008300781250e+01,-3.170747756958007812e+01,-2.711013221740722656e+01,-2.495560836791992188e+01,-1.776716804504394531e+01,-1.518116378784179688e+01,-1.047821807861328125e+01,-4.721361637115478516e+00,-3.136938095092773438e+00,-4.233781814575195312e+00,-4.436381816864013672e+00,1.514497518539428711e+00,-9.200683236122131348e-01,-2.033216476440429688e+00,-1.038190007209777832e+00,-5.595295906066894531e+00,-8.914950489997863770e-01,nan,nan,nan,nan,nan,nan,nan,nan,nan,nan,nan,nan,nan,nan,nan,nan,nan,nan,nan,nan,nan,nan,nan,nan,-1.313310432434082031e+01,nan,nan,-1.153255748748779297e+01,-1.004737758636474609e+01,nan,nan,nan,nan,nan,nan,nan,nan,nan,nan,nan,nan,nan,nan,nan,nan,nan,nan,nan,nan,nan,nan,nan,nan,nan,nan,nan,nan,nan
nan,nan,nan,nan,nan,nan,nan,nan,nan,nan,nan,nan,nan,nan,nan,nan,nan,nan,nan,nan,nan,nan,nan,nan,nan,nan,nan,nan,nan,nan,nan,nan,-3.005687904357910156e+01,-2.697425842285156250e+01,-2.445331573486328125e+01,-2.610380172729492188e+01,-2.625003433227539062e+01,-3.003593826293945312e+01,-3.152642631530761719e+01,-3.184352874755859375e+01,-3.178923797607421875e+01,-2.682481956481933594e+01,-3.229240798950195312e+01,-3.938263702392578125e+01,-4.100152587890625000e+01,-4.652238464355468750e+01,-4.841456222534179688e+01,-4.676955795288085938e+01,-4.413605117797851562e+01,-4.042035675048828125e+01,-4.023214340209960938e+01,-3.479269409179687500e+01,-2.514388084411621094e+01,-2.306571006774902344e+01,-1.944418144226074219e+01,-1.419265079498291016e+01,-9.109275817871093750e+00,-6.791197776794433594e+00,-5.288907527923583984e+00,-8.151051521301269531e+00,-6.600538253784179688e+00,-2.378146409988403320e+00,-2.286356925964355469e+00,-4.238622188568115234e+00,-9.934826493263244629e-01,-1.458513498306274414e+00,-3.976851463317871094e+00,nan,nan,nan,nan,nan,nan,nan,nan,nan,nan,nan,nan,nan,nan,nan,nan,nan,nan,nan,nan,nan,nan,-1.566729736328125000e+01,-1.561801052093505859e+01,-7.335238456726074219e+00,-5.475600719451904297e+00,-1.437556457519531250e+01,-1.404628944396972656e+01,nan,nan,nan,nan,nan,nan,nan,nan,nan,nan,nan,nan,nan,nan,nan,nan,nan,nan,nan,nan,nan,nan,nan,nan,nan,nan,nan,nan,nan,nan
nan,nan,nan,nan,nan,nan,nan,nan,nan,nan,nan,nan,nan,nan,nan,nan,nan,nan,nan,nan,nan,nan,nan,nan,nan,nan,nan,nan,nan,nan,nan,nan,-3.529902267456054688e+01,-3.396908569335937500e+01,-3.629038619995117188e+01,-3.369547653198242188e+01,-2.858506202697753906e+01,-3.172412681579589844e+01,-4.319357681274414062e+01,-4.424111175537109375e+01,-4.480062103271484375e+01,-4.548875808715820312e+01,-4.748786163330078125e+01,-4.691428756713867188e+01,-5.039012527465820312e+01,-4.619172286987304688e+01,-4.782318496704101562e+01,-4.814047622680664062e+01,-4.288355636596679688e+01,-3.879753875732421875e+01,-3.701688003540039062e+01,-2.719502639770507812e+01,-2.354570770263671875e+01,-1.975836181640625000e+01,-1.785652542114257812e+01,-1.142785167694091797e+01,-1.110646820068359375e+01,-8.685324668884277344e+00,-7.263215541839599609e+00,-1.003352355957031250e+01,-8.191679954528808594e+00,-7.322082519531250000e+00,-3.264352798461914062e+00,-1.347094058990478516e+00,-6.395085155963897705e-02,-1.486908078193664551e+00,-1.915591508150100708e-01,3.794288635253906250e+00,4.581122696399688721e-01,nan,nan,nan,nan,nan,nan,nan,nan,nan,nan,nan,nan,nan,nan,nan,nan,nan,nan,-1.647940635681152344e+01,-1.693469238281250000e+01,-4.934662342071533203e+00,-1.219986343383789062e+01,-2.406713485717773438e+01,-1.146498203277587891e+01,-1.595962429046630859e+01,nan,nan,nan,nan,nan,nan,nan,nan,nan,nan,nan,nan,nan,nan,nan,nan,nan,nan,nan,nan,nan,nan,nan,nan,nan,nan,nan,nan,nan,nan,nan
nan,nan,nan,nan,nan,nan,nan,nan,nan,nan,nan,nan,nan,nan,nan,nan,nan,nan,nan,nan,nan,nan,nan,nan,nan,nan,nan,nan,nan,nan,nan,nan,-4.995027923583984375e+01,-4.551109313964843750e+01,-3.785135650634765625e+01,-3.586664199829101562e+01,-3.558559036254882812e+01,-4.627094268798828125e+01,-5.257995223999023438e+01,-4.754804992675781250e+01,-4.682346725463867188e+01,-4.680060958862304688e+01,-5.177339935302734375e+01,-5.104097747802734375e+01,-4.967111587524414062e+01,-4.936375427246093750e+01,-4.424470138549804688e+01,-4.589072036743164062e+01,-4.002536392211914062e+01,-3.633284378051757812e+01,-2.868857002258300781e+01,-2.379847717285156250e+01,-1.875308036804199219e+01,-1.927237319946289062e+01,-1.686471939086914062e+01,-1.038907909393310547e+01,-1.013480472564697266e+01,-8.178908348083496094e+00,-5.912452220916748047e+00,-5.785692214965820312e+00,-6.439430713653564453e+00,-5.567450046539306641e+00,-3.744061708450317383e+00,-2.077928781509399414e+00,-2.666271448135375977e+00,-2.895505428314208984e-01,1.796423792839050293e+00,3.268182516098022461e+00,3.252478361129760742e+00,2.987270355224609375e-01,1.310797482728958130e-01,3.100703716278076172e+00,-8.515293002128601074e-01,-6.807910442352294922e+00,nan,nan,nan,nan,nan,nan,nan,-1.446275901794433594e+01,-3.199275493621826172e+00,-1.411960124969482422e+01,nan,nan,-1.695474052429199219e+01,-9.470921516418457031e+00,-6.732408046722412109e+00,-6.055696487426757812e+00,-1.819115829467773438e+01,nan,nan,nan,nan,nan,nan,nan,nan,nan,nan,nan,nan,nan,nan,nan,nan,nan,nan,nan,nan,nan,nan,nan,nan,nan,nan,nan,nan,nan,nan,nan,nan,nan,nan
nan,nan,nan,nan,nan,nan,nan,nan,nan,nan,nan,nan,nan,nan,nan,nan,nan,nan,nan,nan,nan,nan,nan,nan,nan,nan,nan,nan,nan,nan,nan,nan,-4.373689270019531250e+01,-4.722186279296875000e+01,-4.182723236083984375e+01,-4.228989410400390625e+01,-4.913923263549804688e+01,-5.419960021972656250e+01,-4.795839691162109375e+01,-5.108714294433593750e+01,-4.943883514404296875e+01,-5.186967086791992188e+01,-5.592398071289062500e+01,-5.434811019897460938e+01,-5.103526687622070312e+01,-4.863769912719726562e+01,-4.316041564941406250e+01,-3.963780593872070312e+01,-3.534069442749023438e+01,-3.177372360229492188e+01,-2.626347160339355469e+01,-2.375509643554687500e+01,-1.973235130310058594e+01,-1.920431137084960938e+01,-1.688769721984863281e+01,-1.216015243530273438e+01,-7.251186847686767578e+00,-4.967994689941406250e+00,-3.475823879241943359e+00,-5.371181964874267578e+00,-4.863558292388916016e+00,-3.739094734191894531e+00,-1.976172566413879395e+00,-2.423890113830566406e+00,-2.371637105941772461e+00,-1.382849335670471191e+00,6.070873737335205078e+00,7.082359313964843750e+00,8.687123298645019531e+00,5.181852817535400391e+00,-1.700286746025085449e+00,4.991075038909912109e+00,2.975214004516601562e+00,3.862488746643066406e+00,1.796026825904846191e+00,3.011199831962585449e-01,-3.237571239471435547e+00,-5.385105609893798828e+00,-1.579956245422363281e+01,-1.734984588623046875e+01,-6.634805202484130859e+00,-1.012583637237548828e+01,-9.607546806335449219e+00,-5.731240749359130859e+00,-4.465949058532714844e+00,-1.447286033630371094e+01,-1.164038944244384766e+01,-1.909996414184570312e+01,-1.963622093200683594e+01,-2.340794754028320312e+01,-2.653786468505859375e+01,nan,nan,nan,nan,nan,nan,nan,nan,nan,nan,nan,nan,nan,nan,nan,nan,nan,nan,nan,nan,nan,nan,nan,nan,nan,nan,nan,nan,nan,nan,nan,nan,nan,nan
nan,nan,nan,nan,nan,nan,nan,nan,nan,nan,nan,nan,nan,nan,nan,nan,nan,nan,nan,nan,nan,nan,nan,nan,nan,nan,nan,nan,nan,nan,nan,nan,nan,-5.988347244262695312e+01,-6.003140258789062500e+01,-5.842152786254882812e+01,-5.581997680664062500e+01,-5.504746627807617188e+01,-5.510312271118164062e+01,-5.370625305175781250e+01,-5.314184188842773438e+01,-5.801942825317382812e+01,-5.797121810913085938e+01,-5.279048156738281250e+01,-5.121135330200195312e+01,-4.709437942504882812e+01,-4.299777603149414062e+01,-3.875534439086914062e+01,-3.551272201538085938e+01,-3.243386840820312500e+01,-2.706097602844238281e+01,-2.462661170959472656e+01,-2.129200553894042969e+01,-1.825992584228515625e+01,-1.359172821044921875e+01,-1.096944141387939453e+01,-1.109870529174804688e+01,-6.224413394927978516e+00,-6.060953617095947266e+00,-4.456339359283447266e+00,-1.861744761466979980e+00,-8.834249377250671387e-01,-3.933804750442504883e+00,-3.924131393432617188e+00,-4.198475360870361328e+00,-2.523544311523437500e+00,3.541305363178253174e-01,5.303476810455322266e+00,7.765779972076416016e+00,5.212030410766601562e+00,-6.747068881988525391e+00,-7.543077945709228516e+00,-5.831194400787353516e+00,-6.562540531158447266e+00,-5.605280399322509766e+00,-1.173217773437500000e+01,-9.604537010192871094e+00,-1.364572143554687500e+01,-1.534207916259765625e+01,-1.850518989562988281e+01,-3.989304065704345703e+00,-9.454367637634277344e+00,-8.918987274169921875e+00,-6.573874950408935547e+00,-6.133267402648925781e+00,-1.198227596282958984e+01,-2.044160842895507812e+01,-2.543927001953125000e+01,-2.869243431091308594e+01,-2.866972160339355469e+01,-3.711932754516601562e+01,nan,nan,nan,nan,nan,nan,nan,nan,nan,nan,nan,nan,nan,nan,nan,nan,nan,nan,nan,nan,nan,nan,nan,nan,nan,nan,nan,nan,nan,nan,nan,nan,nan,nan
nan,nan,nan,nan,nan,nan,nan,nan,nan,nan,nan,nan,nan,nan,nan,nan,nan,nan,nan,nan,nan,nan,nan,nan,nan,nan,nan,nan,nan,nan,nan,nan,-4.940155029296875000e+01,-5.860846710205078125e+01,-6.239470291137695312e+01,-6.011035156250000000e+01,-5.807013320922851562e+01,-5.708152770996093750e+01,-6.166318130493164062e+01,-6.345860671997070312e+01,-6.061585235595703125e+01,-5.898637771606445312e+01,-5.498443603515625000e+01,-4.723838043212890625e+01,-4.292440032958984375e+01,-4.171499252319335938e+01,-3.902540588378906250e+01,-3.531077957153320312e+01,-3.287749099731445312e+01,-3.096356010437011719e+01,-2.664643478393554688e+01,-2.303903579711914062e+01,-2.088738059997558594e+01,-1.773446083068847656e+01,-1.468677616119384766e+01,-1.189537525177001953e+01,-1.012206840515136719e+01,-9.050746917724609375e+00,-7.040451526641845703e+00,-2.589500188827514648e+00,-2.155479192733764648e+00,-4.227709293365478516e+00,-3.322557449340820312e+00,-3.712438106536865234e+00,-3.099591493606567383e+00,-2.839079618453979492e+00,2.581213712692260742e-01,4.963670730590820312e+00,6.324957370758056641e+00,-6.477031230926513672e+00,-1.549265766143798828e+01,-9.958057403564453125e+00,-1.422978305816650391e+01,-1.681899070739746094e+01,-1.730655860900878906e+01,-1.839405822753906250e+01,-1.885429763793945312e+01,-1.738496971130371094e+01,-1.862232971191406250e+01,-3.276419067382812500e+01,-2.237675857543945312e+01,-1.394133758544921875e+01,-6.718434810638427734e+00,-1.196059703826904297e+01,-7.484571933746337891e+00,-1.752546119689941406e+01,-2.323797798156738281e+01,-2.462558746337890625e+01,-3.079644775390625000e+01,-2.955022048950195312e+01,-2.331631088256835938e+01,nan,nan,nan,nan,nan,nan,nan,nan,nan,nan,nan,nan,nan,nan,nan,nan,nan,nan,nan,nan,nan,nan,nan,nan,nan,nan,nan,nan,nan,nan,nan,nan,nan,nan
nan,nan,nan,nan,nan,nan,nan,nan,nan,nan,nan,nan,nan,nan,nan,nan,nan,nan,nan,nan,nan,nan,nan,nan,nan,nan,nan,nan,nan,nan,nan,nan,nan,-5.096824264526367188e+01,-5.151898193359375000e+01,-5.731175613403320312e+01,-5.823484039306640625e+01,-6.200016784667968750e+01,-5.821145629882812500e+01,-6.067960739135742188e+01,-5.847659301757812500e+01,-5.632404708862304688e+01,-5.211777496337890625e+01,-4.572579193115234375e+01,-4.192853927612304688e+01,-3.831354522705078125e+01,-3.311970138549804688e+01,-3.249721908569335938e+01,-3.027628517150878906e+01,-2.905838966369628906e+01,-2.653593444824218750e+01,-2.059921073913574219e+01,-2.084937477111816406e+01,-1.805898475646972656e+01,-1.390390396118164062e+01,-1.342743396759033203e+01,-1.383681869506835938e+01,-9.315361022949218750e+00,-1.083852767944335938e+01,-4.033589363098144531e+00,-3.470850229263305664e+00,-3.557343959808349609e+00,-3.477062225341796875e+00,-3.367176532745361328e+00,-6.146542072296142578e+00,-6.643424987792968750e+00,-1.488527208566665649e-01,-3.331269741058349609e+00,-1.614582443237304688e+01,-1.819758605957031250e+01,-2.038875770568847656e+01,-2.038824081420898438e+01,nan,nan,-2.574181556701660156e+01,-2.408932495117187500e+01,-2.429035949707031250e+01,-2.497813034057617188e+01,-3.428023910522460938e+01,-3.922383499145507812e+01,-3.698100662231445312e+01,-3.744086074829101562e+01,-4.115461730957031250e+01,-2.747077560424804688e+01,-2.103618240356445312e+01,-1.831039237976074219e+01,-2.272310447692871094e+01,-3.683316421508789062e+01,-4.090942001342773438e+01,-1.887040710449218750e+01,-2.526938629150390625e+01,nan,nan,nan,nan,nan,nan,nan,nan,nan,nan,nan,nan,nan,nan,nan,nan,nan,nan,nan,nan,nan,nan,nan,nan,nan,nan,nan,nan,nan,nan,nan,nan,nan,nan
nan,nan,nan,nan,nan,nan,nan,nan,nan,nan,nan,nan,nan,nan,nan,nan,nan,nan,nan,nan,nan,nan,nan,nan,nan,nan,nan,nan,nan,nan,nan,nan,nan,-5.101426696777343750e+01,-4.413879776000976562e+01,-5.267119216918945312e+01,-5.050840759277343750e+01,-5.542522811889648438e+01,-5.085196685791015625e+01,-5.490579223632812500e+01,-5.076825714111328125e+01,-4.828637695312500000e+01,-4.867057418823242188e+01,-4.258509063720703125e+01,-4.032937240600585938e+01,-3.622224044799804688e+01,-3.269641876220703125e+01,-3.078204727172851562e+01,-2.507212257385253906e+01,-2.401870918273925781e+01,-2.570189285278320312e+01,-1.816927719116210938e+01,-2.126408386230468750e+01,-1.635320472717285156e+01,-1.155634117126464844e+01,-1.050029468536376953e+01,-9.668038368225097656e+00,-1.165359306335449219e+01,-8.317918777465820312e+00,-3.780183494091033936e-01,4.296478748321533203e+00,2.617966651916503906e+00,-5.268208980560302734e-01,-5.949421405792236328e+00,-8.625646591186523438e+00,-1.224317073822021484e+01,-1.519876289367675781e+01,-1.767832565307617188e+01,-2.392266273498535156e+01,-2.129206848144531250e+01,-2.203177833557128906e+01,-2.303332901000976562e+01,-2.904421806335449219e+01,-2.277849197387695312e+01,nan,-3.599982070922851562e+01,-3.054368019104003906e+01,-2.414597702026367188e+01,-2.484222984313964844e+01,-2.551967239379882812e+01,-3.466991424560546875e+01,-3.545243453979492188e+01,-2.543998718261718750e+01,-2.537378883361816406e+01,-2.394086837768554688e+01,-2.534720039367675781e+01,-2.506959342956542969e+01,-2.477133178710937500e+01,-2.503570175170898438e+01,nan,nan,nan,nan,nan,nan,nan,nan,nan,nan,nan,nan,nan,nan,nan,nan,nan,nan,nan,nan,nan,nan,nan,nan,nan,nan,nan,nan,nan,nan,nan,nan,nan,nan,nan,nan
nan,nan,nan,nan,nan,nan,nan,nan,nan,nan,nan,nan,nan,nan,nan,nan,nan,nan,nan,nan,nan,nan,nan,nan,nan,nan,nan,nan,nan,nan,nan,nan,nan,-4.998289871215820312e+01,-4.821467590332031250e+01,-5.275604248046875000e+01,-5.313155746459960938e+01,-4.890294265747070312e+01,-4.615843963623046875e+01,-4.425428009033203125e+01,-4.060008621215820312e+01,-4.314720916748046875e+01,-3.908017730712890625e+01,-4.090488815307617188e+01,-3.762917327880859375e+01,-3.405074310302734375e+01,-3.230187988281250000e+01,-2.770193290710449219e+01,-2.781895828247070312e+01,-2.401796150207519531e+01,-2.020929336547851562e+01,-1.769906044006347656e+01,-1.921269607543945312e+01,-1.485803699493408203e+01,-1.191957569122314453e+01,-9.817444801330566406e+00,-1.196074199676513672e+01,-8.806013107299804688e+00,-8.326331138610839844e+00,1.441597938537597656e+00,3.971144199371337891e+00,3.903881311416625977e+00,-3.688686609268188477e+00,-6.324032306671142578e+00,-1.042953777313232422e+01,-1.442293357849121094e+01,-1.963951873779296875e+01,-2.183959579467773438e+01,-2.706055068969726562e+01,-2.617784881591796875e+01,-2.938034629821777344e+01,-3.178601074218750000e+01,-3.153952980041503906e+01,-3.071594619750976562e+01,nan,nan,-3.370960998535156250e+01,-2.751424217224121094e+01,3.768944025039672852e+00,-2.850282096862792969e+01,-2.720009803771972656e+00,-2.849882888793945312e+01,-3.645424270629882812e+01,-4.359757614135742188e+01,-3.996306610107421875e+01,-2.870218467712402344e+01,nan,nan,nan,nan,nan,nan,nan,nan,nan,nan,nan,nan,nan,nan,nan,nan,nan,nan,nan,nan,nan,nan,nan,nan,nan,nan,nan,nan,nan,nan,nan,nan,nan,nan,nan,nan,nan,nan,nan
nan,nan,nan,nan,nan,nan,nan,nan,nan,nan,nan,nan,nan,nan,nan,nan,nan,nan,nan,nan,nan,nan,nan,nan,nan,nan,nan,nan,nan,nan,nan,nan,nan,-3.265133666992187500e+01,-3.407849884033203125e+01,-5.351242065429687500e+01,-5.090774154663085938e+01,-4.609017181396484375e+01,-4.420101165771484375e+01,-3.792891311645507812e+01,-4.107381439208984375e+01,-3.942671203613281250e+01,-3.986909484863281250e+01,-3.755062484741210938e+01,-3.482485961914062500e+01,-3.065993690490722656e+01,-2.635276412963867188e+01,-2.263763618469238281e+01,-2.299329185485839844e+01,-1.853745269775390625e+01,-1.631029129028320312e+01,-1.513912677764892578e+01,-1.492537403106689453e+01,-1.170561122894287109e+01,-1.282735729217529297e+01,-1.982543754577636719e+01,-1.964399719238281250e+01,-1.228193569183349609e+01,-1.063307762145996094e+01,-1.260372996330261230e+00,3.742541551589965820e+00,3.415170431137084961e+00,-4.284177780151367188e+00,-5.452428817749023438e+00,-1.156133556365966797e+01,-1.131881237030029297e+01,-1.491752910614013672e+01,-2.218720626831054688e+01,-2.516190528869628906e+01,-2.894018173217773438e+01,-3.743835449218750000e+01,-3.468953323364257812e+01,-3.325428390502929688e+01,-3.370728302001953125e+01,-2.585472488403320312e+01,-3.128382492065429688e+01,-3.767352294921875000e+01,-1.909730148315429688e+01,-1.061443138122558594e+01,-1.061870861053466797e+01,-3.127423095703125000e+01,-3.612798309326171875e+01,-4.284500885009765625e+01,-4.180070114135742188e+01,-3.670738983154296875e+01,-3.229630661010742188e+01,nan,nan,nan,nan,nan,nan,nan,nan,nan,nan,nan,nan,nan,nan,nan,nan,nan,nan,nan,nan,nan,nan,nan,nan,nan,nan,nan,nan,nan,nan,nan,nan,nan,nan,nan,nan,nan,nan,nan
nan,nan,nan,nan,nan,nan,nan,nan,nan,nan,nan,nan,nan,nan,nan,nan,nan,nan,nan,nan,nan,nan,nan,nan,nan,nan,nan,nan,nan,nan,nan,nan,nan,-4.467879104614257812e+01,-4.403585052490234375e+01,-4.203877258300781250e+01,-4.268311691284179688e+01,-4.213744354248046875e+01,-3.991810607910156250e+01,-3.115925788879394531e+01,-3.536345672607421875e+01,-3.869034576416015625e+01,-3.760770797729492188e+01,-3.238479232788085938e+01,-2.951612472534179688e+01,-3.119069671630859375e+01,-2.579216575622558594e+01,-2.287904930114746094e+01,-1.835172271728515625e+01,-1.133408069610595703e+01,-8.455548286437988281e+00,-1.109020137786865234e+01,-1.633650207519531250e+01,-1.325075149536132812e+01,-1.058926486968994141e+01,-6.604389190673828125e+00,-6.772918701171875000e+00,-6.837594985961914062e+00,-8.955189704895019531e+00,-1.098921203613281250e+01,-1.158231449127197266e+01,-1.388436317443847656e+01,-9.438974380493164062e+00,-6.443165302276611328e+00,-1.247463321685791016e+01,-1.169165897369384766e+01,-2.204862976074218750e+01,-2.927473258972167969e+01,-2.623010635375976562e+01,-2.905818176269531250e+01,-3.516373443603515625e+01,-3.161753273010253906e+01,-2.589752578735351562e+01,-3.315520477294921875e+01,-3.620065307617187500e+01,-3.476009368896484375e+01,-4.323880004882812500e+01,-4.386247253417968750e+01,-3.210021591186523438e+01,-3.320190048217773438e+01,-4.345516967773437500e+01,-4.598794555664062500e+01,-5.085979461669921875e+01,-3.964788055419921875e+01,-3.621231079101562500e+01,nan,nan,nan,nan,nan,nan,nan,nan,nan,nan,nan,nan,nan,nan,nan,nan,nan,nan,nan,nan,nan,nan,nan,nan,nan,nan,nan,nan,nan,nan,nan,nan,nan,nan,nan,nan,nan,nan,nan,nan
nan,nan,nan,nan,nan,nan,nan,nan,nan,nan,nan,nan,nan,nan,nan,nan,nan,nan,nan,nan,nan,nan,nan,nan,nan,nan,nan,nan,nan,nan,nan,nan,nan,nan,-4.046607589721679688e+01,-3.989615631103515625e+01,-3.952025604248046875e+01,-8.408574104309082031e+00,-2.994554519653320312e+01,-4.020793533325195312e+01,-3.588924789428710938e+01,-3.259363555908203125e+01,-3.048854446411132812e+01,-2.141799926757812500e+01,-3.214415740966796875e+01,-3.438640213012695312e+01,-2.473547935485839844e+01,-1.590513801574707031e+01,-1.176725196838378906e+01,-7.603823184967041016e+00,-1.040088748931884766e+01,-1.423969364166259766e+01,-1.253305625915527344e+01,-1.294517898559570312e+01,-1.105399703979492188e+01,-5.661779403686523438e+00,-8.287994384765625000e+00,-8.019045829772949219e+00,-5.488934516906738281e+00,-9.813109397888183594e+00,-1.804248428344726562e+01,-1.630297660827636719e+01,-1.903295898437500000e+01,-1.883937454223632812e+01,-1.927215766906738281e+01,-1.884354782104492188e+01,-2.009797096252441406e+01,-3.898022842407226562e+01,-3.121158790588378906e+01,-2.847716140747070312e+01,-3.277122497558593750e+01,-3.549009323120117188e+01,-3.112996292114257812e+01,-3.172173500061035156e+01,-2.798312377929687500e+01,-3.226018905639648438e+01,-3.486861419677734375e+01,-3.646277236938476562e+01,-3.467369461059570312e+01,-3.596757507324218750e+01,-3.576598739624023438e+01,-3.599919128417968750e+01,-3.853810119628906250e+01,-3.653944015502929688e+01,nan,nan,nan,nan,nan,nan,nan,nan,nan,nan,nan,nan,nan,nan,nan,nan,nan,nan,nan,nan,nan,nan,nan,nan,nan,nan,nan,nan,nan,nan,nan,nan,nan,nan,nan,nan,nan,nan,nan,nan,nan
nan,nan,nan,nan,nan,nan,nan,nan,nan,nan,nan,nan,nan,nan,nan,nan,nan,nan,nan,nan,nan,nan,nan,nan,nan,nan,nan,nan,nan,nan,nan,nan,nan,nan,nan,nan,-3.672816848754882812e+01,-2.549235153198242188e+01,-2.889078521728515625e+01,-3.651114273071289062e+01,-4.368124771118164062e+01,-2.877721977233886719e+01,-3.421666717529296875e+01,nan,-3.016323471069335938e+01,-2.681271934509277344e+01,-2.381249809265136719e+01,-2.127743530273437500e+01,-6.449987888336181641e+00,-1.123835372924804688e+01,-1.374424362182617188e+01,nan,-1.680407524108886719e+01,-1.175258731842041016e+01,-1.231293869018554688e+01,-1.284387111663818359e+01,-1.289808273315429688e+01,-9.517040252685546875e+00,-9.474484443664550781e+00,-1.543525028228759766e+01,-1.970175361633300781e+01,-1.581739139556884766e+01,nan,nan,-1.832677841186523438e+01,-2.370582962036132812e+01,-2.734005355834960938e+01,-3.606170272827148438e+01,-3.544982147216796875e+01,-3.623456573486328125e+01,-3.351498031616210938e+01,-3.791403198242187500e+01,-4.157128143310546875e+01,-3.710089874267578125e+01,-3.313077545166015625e+01,-3.638846206665039062e+01,-3.680960083007812500e+01,-3.385419082641601562e+01,-3.390333938598632812e+01,-3.184887313842773438e+01,-3.029001808166503906e+01,-3.434346389770507812e+01,-3.530016708374023438e+01,nan,nan,nan,nan,nan,nan,nan,nan,nan,nan,nan,nan,nan,nan,nan,nan,nan,nan,nan,nan,nan,nan,nan,nan,nan,nan,nan,nan,nan,nan,nan,nan,nan,nan,nan,nan,nan,nan,nan,nan,nan,nan
nan,nan,nan,nan,nan,nan,nan,nan,nan,nan,nan,nan,nan,nan,nan,nan,nan,nan,nan,nan,nan,nan,nan,nan,nan,nan,nan,nan,nan,nan,nan,nan,nan,nan,nan,nan,-3.365863037109375000e+01,-2.169134712219238281e+01,-2.182275581359863281e+01,-3.313481903076171875e+01,nan,nan,nan,nan,nan,nan,nan,nan,nan,nan,nan,-1.261024951934814453e+01,-1.436596965789794922e+01,-2.695811033248901367e+00,nan,-1.148023891448974609e+01,-5.340484619140625000e+00,2.197739839553833008e+00,-1.142991065979003906e+01,-1.043496894836425781e+01,-1.093737411499023438e+01,-1.236793327331542969e+01,nan,nan,-2.111374282836914062e+01,-3.220774078369140625e+01,-3.512887954711914062e+01,-3.305711746215820312e+01,-3.849957656860351562e+01,-4.021228790283203125e+01,-3.180854797363281250e+01,-4.650597000122070312e+01,-4.600270462036132812e+01,-4.030709075927734375e+01,-3.495383834838867188e+01,-3.529312515258789062e+01,-3.755387115478515625e+01,-3.376017761230468750e+01,-3.170665168762207031e+01,-3.472499084472656250e+01,nan,nan,nan,nan,nan,nan,nan,nan,nan,nan,nan,nan,nan,nan,nan,nan,nan,nan,nan,nan,nan,nan,nan,nan,nan,nan,nan,nan,nan,nan,nan,nan,nan,nan,nan,nan,nan,nan,nan,nan,nan,nan,nan,nan,nan
nan,nan,nan,nan,nan,nan,nan,nan,nan,nan,nan,nan,nan,nan,nan,nan,nan,nan,nan,nan,nan,nan,nan,nan,nan,nan,nan,nan,nan,nan,nan,nan,nan,nan,nan,nan,nan,nan,nan,nan,nan,nan,nan,nan,nan,nan,nan,nan,nan,nan,nan,nan,-1.120079231262207031e+01,nan,nan,nan,-9.810999870300292969e+00,-9.855591773986816406e+00,-1.039736652374267578e+01,nan,nan,nan,nan,nan,nan,nan,-2.838617324829101562e+01,-3.193653106689453125e+01,-3.219614028930664062e+01,nan,nan,-3.548097610473632812e+01,-3.581133651733398438e+01,-3.595584487915039062e+01,nan,-3.571316528320312500e+01,-3.532224273681640625e+01,nan,nan,nan,nan,nan,nan,nan,nan,nan,nan,nan,nan,nan,nan,nan,nan,nan,nan,nan,nan,nan,nan,nan,nan,nan,nan,nan,nan,nan,nan,nan,nan,nan,nan,nan,nan,nan,nan,nan,nan,nan,nan,nan,nan,nan,nan,nan,nan
nan,nan,nan,nan,nan,nan,nan,nan,nan,nan,nan,nan,nan,nan,nan,nan,nan,nan,nan,nan,nan,nan,nan,nan,nan,nan,nan,nan,nan,nan,nan,nan,nan,nan,nan,nan,nan,nan,nan,nan,nan,nan,nan,nan,nan,nan,nan,nan,nan,nan,nan,nan,nan,nan,nan,nan,nan,nan,nan,nan,nan,nan,nan,nan,nan,nan,nan,nan,nan,nan,nan,nan,nan,nan,nan,nan,nan,nan,nan,nan,nan,nan,nan,nan,nan,nan,nan,nan,nan,nan,nan,nan,nan,nan,nan,nan,nan,nan,nan,nan,nan,nan,nan,nan,nan,nan,nan,nan,nan,nan,nan,nan,nan,nan,nan,nan,nan,nan,nan,nan,nan,nan,nan,nan,nan
nan,nan,nan,nan,nan,nan,nan,nan,nan,nan,nan,nan,nan,nan,nan,nan,nan,nan,nan,nan,nan,nan,nan,nan,nan,nan,nan,nan,nan,nan,nan,nan,nan,nan,nan,nan,nan,nan,nan,nan,nan,nan,nan,nan,nan,nan,nan,nan,nan,nan,nan,nan,nan,nan,nan,nan,nan,nan,nan,nan,nan,nan,nan,nan,nan,nan,nan,nan,nan,nan,nan,nan,nan,nan,nan,nan,nan,nan,nan,nan,nan,nan,nan,nan,nan,nan,nan,nan,nan,nan,nan,nan,nan,nan,nan,nan,nan,nan,nan,nan,nan,nan,nan,nan,nan,nan,nan,nan,nan,nan,nan,nan,nan,nan,nan,nan,nan,nan,nan,nan,nan,nan,nan,nan,nan
nan,nan,nan,nan,nan,nan,nan,nan,nan,nan,nan,nan,nan,nan,nan,nan,nan,nan,nan,nan,nan,nan,nan,nan,nan,nan,nan,nan,nan,nan,nan,nan,nan,nan,nan,nan,nan,nan,nan,nan,nan,nan,nan,nan,nan,nan,nan,nan,nan,nan,nan,nan,nan,nan,nan,nan,nan,nan,nan,nan,nan,nan,nan,nan,nan,nan,nan,nan,nan,nan,nan,nan,nan,nan,nan,nan,nan,nan,nan,nan,nan,nan,nan,nan,nan,nan,nan,nan,nan,nan,nan,nan,nan,nan,nan,nan,nan,nan,nan,nan,nan,nan,nan,nan,nan,nan,nan,nan,nan,nan,nan,nan,nan,nan,nan,nan,nan,nan,nan,nan,nan,nan,nan,nan,nan
nan,nan,nan,nan,nan,nan,nan,nan,nan,nan,nan,nan,nan,nan,nan,nan,nan,nan,nan,nan,nan,nan,nan,nan,nan,nan,nan,nan,nan,nan,nan,nan,nan,nan,nan,nan,nan,nan,nan,nan,nan,nan,nan,nan,nan,nan,nan,nan,nan,nan,nan,nan,nan,nan,nan,nan,nan,nan,nan,nan,nan,nan,nan,nan,nan,nan,nan,nan,nan,nan,nan,nan,nan,nan,nan,nan,nan,nan,nan,nan,nan,nan,nan,nan,nan,nan,nan,nan,nan,nan,nan,nan,nan,nan,nan,nan,nan,nan,nan,nan,nan,nan,nan,nan,nan,nan,nan,nan,nan,nan,nan,nan,nan,nan,nan,nan,nan,nan,nan,nan,nan,nan,nan,nan,nan
nan,nan,nan,nan,nan,nan,nan,nan,nan,nan,nan,nan,nan,nan,nan,nan,nan,nan,nan,nan,nan,nan,nan,nan,nan,nan,nan,nan,nan,nan,nan,nan,nan,nan,nan,nan,nan,nan,nan,nan,nan,nan,nan,nan,nan,nan,nan,nan,nan,nan,nan,nan,nan,nan,nan,nan,nan,nan,nan,nan,nan,nan,nan,nan,nan,nan,nan,nan,nan,nan,nan,nan,nan,nan,nan,nan,nan,nan,nan,nan,nan,nan,nan,nan,nan,nan,nan,nan,nan,nan,nan,nan,nan,nan,nan,nan,nan,nan,nan,nan,nan,nan,nan,nan,nan,nan,nan,nan,nan,nan,nan,nan,nan,nan,nan,nan,nan,nan,nan,nan,nan,nan,nan,nan,nan
nan,nan,nan,nan,nan,nan,nan,nan,nan,nan,nan,nan,nan,nan,nan,nan,nan,nan,nan,nan,nan,nan,nan,nan,nan,nan,nan,nan,nan,nan,nan,nan,nan,nan,nan,nan,nan,nan,nan,nan,nan,nan,nan,nan,nan,nan,nan,nan,nan,nan,nan,nan,nan,nan,nan,nan,nan,nan,nan,nan,nan,nan,nan,nan,nan,nan,nan,nan,nan,nan,nan,nan,nan,nan,nan,nan,nan,nan,nan,nan,nan,nan,nan,nan,nan,nan,nan,nan,nan,nan,nan,nan,nan,nan,nan,nan,nan,nan,nan,nan,nan,nan,nan,nan,nan,nan,nan,nan,nan,nan,nan,nan,nan,nan,nan,nan,nan,nan,nan,nan,nan,nan,nan,nan,nan
nan,nan,nan,nan,nan,nan,nan,nan,nan,nan,nan,nan,nan,nan,nan,nan,nan,nan,nan,nan,nan,nan,nan,nan,nan,nan,nan,nan,nan,nan,nan,nan,nan,nan,nan,nan,nan,nan,nan,nan,nan,nan,nan,nan,nan,nan,nan,nan,nan,nan,nan,nan,nan,nan,nan,nan,nan,nan,nan,nan,nan,nan,nan,nan,nan,nan,nan,nan,nan,nan,nan,nan,nan,nan,nan,nan,nan,nan,nan,nan,nan,nan,nan,nan,nan,nan,nan,nan,nan,nan,nan,nan,nan,nan,nan,nan,nan,nan,nan,nan,nan,nan,nan,nan,nan,nan,nan,nan,nan,nan,nan,nan,nan,nan,nan,nan,nan,nan,nan,nan,nan,nan,nan,nan,nan
nan,nan,nan,nan,nan,nan,nan,nan,nan,nan,nan,nan,nan,nan,nan,nan,nan,nan,nan,nan,nan,nan,nan,nan,nan,nan,nan,nan,nan,nan,nan,nan,nan,nan,nan,nan,nan,nan,nan,nan,nan,nan,nan,nan,nan,nan,nan,nan,nan,nan,nan,nan,nan,nan,nan,nan,nan,nan,nan,nan,nan,nan,nan,nan,nan,nan,nan,nan,nan,nan,nan,nan,nan,nan,nan,nan,nan,nan,nan,nan,nan,nan,nan,nan,nan,nan,nan,nan,nan,nan,nan,nan,nan,nan,nan,nan,nan,nan,nan,nan,nan,nan,nan,nan,nan,nan,nan,nan,nan,nan,nan,nan,nan,nan,nan,nan,nan,nan,nan,nan,nan,nan,nan,nan,nan
nan,nan,nan,nan,nan,nan,nan,nan,nan,nan,nan,nan,nan,nan,nan,nan,nan,nan,nan,nan,nan,nan,nan,nan,nan,nan,nan,nan,nan,nan,nan,nan,nan,nan,nan,nan,nan,nan,nan,nan,nan,nan,nan,nan,nan,nan,nan,nan,nan,nan,nan,nan,nan,nan,nan,nan,nan,nan,nan,nan,nan,nan,nan,nan,nan,nan,nan,nan,nan,nan,nan,nan,nan,nan,nan,nan,nan,nan,nan,nan,nan,nan,nan,nan,nan,nan,nan,nan,nan,nan,nan,nan,nan,nan,nan,nan,nan,nan,nan,nan,nan,nan,nan,nan,nan,nan,nan,nan,nan,nan,nan,nan,nan,nan,nan,nan,nan,nan,nan,nan,nan,nan,nan,nan,nan
nan,nan,nan,nan,nan,nan,nan,nan,nan,nan,nan,nan,nan,nan,nan,nan,nan,nan,nan,nan,nan,nan,nan,nan,nan,nan,nan,nan,nan,nan,nan,nan,nan,nan,nan,nan,nan,nan,nan,nan,nan,nan,nan,nan,nan,nan,nan,nan,nan,nan,nan,nan,nan,nan,nan,nan,nan,nan,nan,nan,nan,nan,nan,nan,nan,nan,nan,nan,nan,nan,nan,nan,nan,nan,nan,nan,nan,nan,nan,nan,nan,nan,nan,nan,nan,nan,nan,nan,nan,nan,nan,nan,nan,nan,nan,nan,nan,nan,nan,nan,nan,nan,nan,nan,nan,nan,nan,nan,nan,nan,nan,nan,nan,nan,nan,nan,nan,nan,nan,nan,nan,nan,nan,nan,nan
nan,nan,nan,nan,nan,nan,nan,nan,nan,nan,nan,nan,nan,nan,nan,nan,nan,nan,nan,nan,nan,nan,nan,nan,nan,nan,nan,nan,nan,nan,nan,nan,nan,nan,nan,nan,nan,nan,nan,nan,nan,nan,nan,nan,nan,nan,nan,nan,nan,nan,nan,nan,nan,nan,nan,nan,nan,nan,nan,nan,nan,nan,nan,nan,nan,nan,nan,nan,nan,nan,nan,nan,nan,nan,nan,nan,nan,nan,nan,nan,nan,nan,nan,nan,nan,nan,nan,nan,nan,nan,nan,nan,nan,nan,nan,nan,nan,nan,nan,nan,nan,nan,nan,nan,nan,nan,nan,nan,nan,nan,nan,nan,nan,nan,nan,nan,nan,nan,nan,nan,nan,nan,nan,nan,nan
nan,nan,nan,nan,nan,nan,nan,nan,nan,nan,nan,nan,nan,nan,nan,nan,nan,nan,nan,nan,nan,nan,nan,nan,nan,nan,nan,nan,nan,nan,nan,nan,nan,nan,nan,nan,nan,nan,nan,nan,nan,nan,nan,nan,nan,nan,nan,nan,nan,nan,nan,nan,nan,nan,nan,nan,nan,nan,nan,nan,nan,nan,nan,nan,nan,nan,nan,nan,nan,nan,nan,nan,nan,nan,nan,nan,nan,nan,nan,nan,nan,nan,nan,nan,nan,nan,nan,nan,nan,nan,nan,nan,nan,nan,nan,nan,nan,nan,nan,nan,nan,nan,nan,nan,nan,nan,nan,nan,nan,nan,nan,nan,nan,nan,nan,nan,nan,nan,nan,nan,nan,nan,nan,nan,nan
nan,nan,nan,nan,nan,nan,nan,nan,nan,nan,nan,nan,nan,nan,nan,nan,nan,nan,nan,nan,nan,nan,nan,nan,nan,nan,nan,nan,nan,nan,nan,nan,nan,nan,nan,nan,nan,nan,nan,nan,nan,nan,nan,nan,nan,nan,nan,nan,nan,nan,nan,nan,nan,nan,nan,nan,nan,nan,nan,nan,nan,nan,nan,nan,nan,nan,nan,nan,nan,nan,nan,nan,nan,nan,nan,nan,nan,nan,nan,nan,nan,nan,nan,nan,nan,nan,nan,nan,nan,nan,nan,nan,nan,nan,nan,nan,nan,nan,nan,nan,nan,nan,nan,nan,nan,nan,nan,nan,nan,nan,nan,nan,nan,nan,nan,nan,nan,nan,nan,nan,nan,nan,nan,nan,nan
nan,nan,nan,nan,nan,nan,nan,nan,nan,nan,nan,nan,nan,nan,nan,nan,nan,nan,nan,nan,nan,nan,nan,nan,nan,nan,nan,nan,nan,nan,nan,nan,nan,nan,nan,nan,nan,nan,nan,nan,nan,nan,nan,nan,nan,nan,nan,nan,nan,nan,nan,nan,nan,nan,nan,nan,nan,nan,nan,nan,nan,nan,nan,nan,nan,nan,nan,nan,nan,nan,nan,nan,nan,nan,nan,nan,nan,nan,nan,nan,nan,nan,nan,nan,nan,nan,nan,nan,nan,nan,nan,nan,nan,nan,nan,nan,nan,nan,nan,nan,nan,nan,nan,nan,nan,nan,nan,nan,nan,nan,nan,nan,nan,nan,nan,nan,nan,nan,nan,nan,nan,nan,nan,nan,nan
nan,nan,nan,nan,nan,nan,nan,nan,nan,nan,nan,nan,nan,nan,nan,nan,nan,nan,nan,nan,nan,nan,nan,nan,nan,nan,nan,nan,nan,nan,nan,nan,nan,nan,nan,nan,nan,nan,nan,nan,nan,nan,nan,nan,nan,nan,nan,nan,nan,nan,nan,nan,nan,nan,nan,nan,nan,nan,nan,nan,nan,nan,nan,nan,nan,nan,nan,nan,nan,nan,nan,nan,nan,nan,nan,nan,nan,nan,nan,nan,nan,nan,nan,nan,nan,nan,nan,nan,nan,nan,nan,nan,nan,nan,nan,nan,nan,nan,nan,nan,nan,nan,nan,nan,nan,nan,nan,nan,nan,nan,nan,nan,nan,nan,nan,nan,nan,nan,nan,nan,nan,nan,nan,nan,nan
nan,nan,nan,nan,nan,nan,nan,nan,nan,nan,nan,nan,nan,nan,nan,nan,nan,nan,nan,nan,nan,nan,nan,nan,nan,nan,nan,nan,nan,nan,nan,nan,nan,nan,nan,nan,nan,nan,nan,nan,nan,nan,nan,nan,nan,nan,nan,nan,nan,nan,nan,nan,nan,nan,nan,nan,nan,nan,nan,nan,nan,nan,nan,nan,nan,nan,nan,nan,nan,nan,nan,nan,nan,nan,nan,nan,nan,nan,nan,nan,nan,nan,nan,nan,nan,nan,nan,nan,nan,nan,nan,nan,nan,nan,nan,nan,nan,nan,nan,nan,nan,nan,nan,nan,nan,nan,nan,nan,nan,nan,nan,nan,nan,nan,nan,nan,nan,nan,nan,nan,nan,nan,nan,nan,nan
