nan,nan,nan,nan,nan,nan,nan,nan,nan,nan,nan,nan,nan,nan,nan,nan,nan,nan,nan,nan,nan,nan,nan,nan,nan,nan,nan,nan,nan,nan,nan,nan,nan,nan,nan,nan,nan,nan,nan,nan,nan,nan,nan,nan,nan,nan,nan,nan,nan,nan,nan,nan,nan,nan,nan,nan,nan,nan,nan,nan,nan,nan,nan,nan,nan,nan,nan,nan,nan,nan,nan,nan,nan,nan,nan,nan,nan,nan,nan,nan,nan,nan,nan,nan,nan,nan,nan,nan,nan,nan,nan,nan,nan,nan,nan,nan,nan,nan,nan,nan,nan,nan,nan,nan,nan,nan,nan,nan,nan,nan,nan,nan,nan,nan,nan,nan,nan,nan,nan,nan,nan,nan,nan,nan,nan
nan,nan,nan,nan,nan,nan,nan,nan,nan,nan,nan,nan,nan,nan,nan,nan,nan,nan,nan,nan,nan,nan,nan,nan,nan,nan,nan,nan,nan,nan,nan,nan,nan,nan,nan,nan,nan,nan,nan,nan,nan,nan,nan,nan,nan,nan,nan,nan,nan,nan,nan,nan,nan,nan,nan,nan,nan,nan,nan,nan,nan,nan,nan,nan,nan,nan,nan,nan,nan,nan,nan,nan,nan,nan,nan,nan,nan,nan,nan,nan,nan,nan,nan,nan,nan,nan,nan,nan,nan,nan,nan,nan,nan,nan,nan,nan,nan,nan,nan,nan,nan,nan,nan,nan,nan,nan,nan,nan,nan,nan,nan,nan,nan,nan,nan,nan,nan,nan,nan,nan,nan,nan,nan,nan,nan
nan,nan,nan,nan,nan,nan,nan,nan,nan,nan,nan,nan,nan,nan,nan,nan,nan,nan,nan,nan,nan,nan,nan,nan,nan,nan,nan,nan,nan,nan,nan,nan,nan,nan,nan,nan,nan,nan,nan,nan,nan,nan,nan,nan,nan,nan,nan,nan,nan,nan,nan,nan,nan,nan,nan,nan,nan,nan,nan,nan,nan,nan,nan,nan,nan,nan,nan,nan,nan,nan,nan,nan,nan,nan,nan,nan,nan,nan,nan,nan,nan,nan,nan,nan,nan,nan,nan,nan,nan,nan,nan,nan,nan,nan,nan,nan,nan,nan,nan,nan,nan,nan,nan,nan,nan,nan,nan,nan,nan,nan,nan,nan,nan,nan,nan,nan,nan,nan,nan,nan,nan,nan,nan,nan,nan
nan,nan,nan,nan,nan,nan,nan,nan,nan,nan,nan,nan,nan,nan,nan,nan,nan,nan,nan,nan,nan,nan,nan,nan,nan,nan,nan,nan,nan,nan,nan,nan,nan,nan,nan,nan,nan,nan,nan,nan,nan,nan,nan,nan,nan,nan,nan,nan,nan,nan,nan,nan,nan,nan,nan,nan,nan,nan,nan,nan,nan,nan,nan,nan,nan,nan,nan,nan,nan,nan,nan,nan,nan,nan,nan,nan,nan,nan,nan,nan,nan,nan,nan,nan,nan,nan,nan,nan,nan,nan,nan,nan,nan,nan,nan,nan,nan,nan,nan,nan,nan,nan,nan,nan,nan,nan,nan,nan,nan,nan,nan,nan,nan,nan,nan,nan,nan,nan,nan,nan,nan,nan,nan,nan,nan
nan,nan,nan,nan,nan,nan,nan,nan,nan,nan,nan,nan,nan,nan,nan,nan,nan,nan,nan,nan,nan,nan,nan,nan,nan,nan,nan,nan,nan,nan,nan,nan,nan,nan,nan,nan,nan,nan,nan,nan,nan,nan,nan,nan,nan,nan,nan,nan,nan,nan,nan,nan,nan,nan,nan,nan,nan,nan,nan,nan,nan,nan,nan,nan,nan,nan,nan,nan,nan,nan,nan,nan,nan,nan,nan,nan,nan,nan,nan,nan,nan,nan,nan,nan,nan,nan,nan,nan,nan,nan,nan,nan,nan,nan,nan,nan,nan,nan,nan,nan,nan,nan,nan,nan,nan,nan,nan,nan,nan,nan,nan,nan,nan,nan,nan,nan,nan,nan,nan,nan,nan,nan,nan,nan,nan
nan,nan,nan,nan,nan,nan,nan,nan,nan,nan,nan,nan,nan,nan,nan,nan,nan,nan,nan,nan,nan,nan,nan,nan,nan,nan,nan,nan,nan,nan,nan,nan,nan,nan,nan,nan,nan,nan,nan,nan,nan,nan,nan,nan,nan,nan,nan,nan,nan,nan,nan,nan,nan,nan,nan,nan,nan,nan,nan,nan,nan,nan,nan,nan,nan,nan,nan,nan,nan,nan,nan,nan,nan,nan,nan,nan,nan,nan,nan,nan,nan,nan,nan,nan,nan,nan,nan,nan,nan,nan,nan,nan,nan,nan,nan,nan,nan,nan,nan,nan,nan,nan,nan,nan,nan,nan,nan,nan,nan,nan,nan,nan,nan,nan,nan,nan,nan,nan,nan,nan,nan,nan,nan,nan,nan
nan,nan,nan,nan,nan,nan,nan,nan,nan,nan,nan,nan,nan,nan,nan,nan,nan,nan,nan,nan,nan,nan,nan,nan,nan,nan,nan,nan,nan,nan,nan,nan,nan,nan,nan,nan,nan,nan,nan,nan,nan,nan,nan,nan,nan,nan,nan,nan,nan,nan,nan,nan,nan,nan,nan,nan,nan,nan,nan,nan,nan,nan,nan,nan,nan,nan,nan,nan,nan,nan,nan,nan,nan,nan,nan,nan,nan,nan,nan,nan,nan,nan,nan,nan,nan,nan,nan,nan,nan,nan,nan,nan,nan,nan,nan,nan,nan,nan,nan,nan,nan,nan,nan,nan,nan,nan,nan,nan,nan,nan,nan,nan,nan,nan,nan,nan,nan,nan,nan,nan,nan,nan,nan,nan,nan
nan,nan,nan,nan,nan,nan,nan,nan,nan,nan,nan,nan,nan,nan,nan,nan,nan,nan,nan,nan,nan,nan,nan,nan,nan,nan,nan,nan,nan,nan,nan,nan,nan,nan,nan,nan,nan,nan,nan,nan,nan,nan,nan,nan,nan,nan,nan,nan,nan,nan,nan,nan,nan,nan,nan,nan,nan,nan,nan,nan,nan,nan,nan,nan,nan,nan,nan,nan,nan,nan,nan,nan,nan,nan,nan,nan,nan,nan,nan,nan,nan,nan,nan,nan,nan,nan,nan,nan,nan,nan,nan,nan,nan,nan,nan,nan,nan,nan,nan,nan,nan,nan,nan,nan,nan,nan,nan,nan,nan,nan,nan,nan,nan,nan,nan,nan,nan,nan,nan,nan,nan,nan,nan,nan,nan
nan,nan,nan,nan,nan,nan,nan,nan,nan,nan,nan,nan,nan,nan,nan,nan,nan,nan,nan,nan,nan,nan,nan,nan,nan,nan,nan,nan,nan,nan,nan,nan,nan,nan,nan,nan,nan,nan,nan,nan,nan,nan,nan,nan,nan,nan,nan,nan,nan,nan,nan,nan,nan,nan,nan,nan,nan,nan,nan,nan,nan,nan,nan,nan,nan,nan,nan,nan,nan,nan,nan,nan,nan,nan,nan,nan,nan,nan,nan,nan,nan,nan,nan,nan,nan,nan,nan,nan,nan,nan,nan,nan,nan,nan,nan,nan,nan,nan,nan,nan,nan,nan,nan,nan,nan,nan,nan,nan,nan,nan,nan,nan,nan,nan,nan,nan,nan,nan,nan,nan,nan,nan,nan,nan,nan
nan,nan,nan,nan,nan,nan,nan,nan,nan,nan,nan,nan,nan,nan,nan,nan,nan,nan,nan,nan,nan,nan,nan,nan,nan,nan,nan,nan,nan,nan,nan,nan,nan,nan,nan,nan,nan,nan,nan,nan,nan,nan,nan,nan,nan,nan,nan,nan,nan,nan,nan,nan,nan,nan,nan,nan,nan,nan,nan,nan,nan,nan,nan,nan,nan,nan,nan,nan,nan,nan,nan,nan,nan,nan,nan,nan,nan,nan,nan,nan,nan,nan,nan,nan,nan,nan,nan,nan,nan,nan,nan,nan,nan,nan,nan,nan,nan,nan,nan,nan,nan,nan,nan,nan,nan,nan,nan,nan,nan,nan,nan,nan,nan,nan,nan,nan,nan,nan,nan,nan,nan,nan,nan,nan,nan
nan,nan,nan,nan,nan,nan,nan,nan,nan,nan,nan,nan,nan,nan,nan,nan,nan,nan,nan,nan,nan,nan,nan,nan,nan,nan,nan,nan,nan,nan,nan,nan,nan,nan,nan,nan,nan,nan,nan,nan,nan,nan,nan,nan,nan,nan,nan,nan,nan,nan,nan,nan,nan,nan,nan,nan,nan,nan,nan,nan,nan,nan,nan,nan,nan,nan,nan,nan,nan,nan,nan,nan,nan,nan,nan,nan,nan,nan,nan,nan,nan,nan,nan,nan,nan,nan,nan,nan,nan,nan,nan,nan,nan,nan,nan,nan,nan,nan,nan,nan,nan,nan,nan,nan,nan,nan,nan,nan,nan,nan,nan,nan,nan,nan,nan,nan,nan,nan,nan,nan,nan,nan,nan,nan,nan
nan,nan,nan,nan,nan,nan,nan,nan,nan,nan,nan,nan,nan,nan,nan,nan,nan,nan,nan,nan,nan,nan,nan,nan,nan,nan,nan,nan,nan,nan,nan,nan,nan,nan,nan,nan,nan,nan,nan,nan,nan,nan,nan,nan,nan,nan,nan,nan,nan,nan,nan,nan,nan,nan,nan,nan,nan,nan,nan,nan,nan,nan,nan,nan,nan,nan,nan,nan,nan,nan,nan,nan,nan,nan,nan,nan,nan,nan,nan,nan,nan,nan,nan,nan,nan,nan,nan,nan,nan,nan,nan,nan,nan,nan,nan,nan,nan,nan,nan,nan,nan,nan,nan,nan,nan,nan,nan,nan,nan,nan,nan,nan,nan,nan,nan,nan,nan,nan,nan,nan,nan,nan,nan,nan,nan
nan,nan,nan,nan,nan,nan,nan,nan,nan,nan,nan,nan,nan,nan,nan,nan,nan,nan,nan,nan,nan,nan,nan,nan,nan,nan,nan,nan,nan,nan,nan,nan,nan,nan,nan,nan,nan,nan,nan,nan,nan,nan,nan,nan,nan,nan,nan,nan,nan,nan,nan,nan,nan,nan,nan,nan,nan,nan,nan,nan,nan,nan,nan,nan,nan,nan,4.831695175170898438e+01,4.920843887329101562e+01,5.000466156005859375e+01,5.065678405761718750e+01,nan,nan,nan,nan,nan,nan,nan,nan,nan,nan,nan,nan,nan,nan,nan,nan,nan,nan,nan,nan,nan,nan,nan,nan,nan,nan,nan,nan,nan,nan,nan,nan,nan,nan,nan,nan,nan,nan,nan,nan,nan,nan,nan,nan,nan,nan,nan,nan,nan,nan,nan,nan,nan,nan,nan
nan,nan,nan,nan,nan,nan,nan,nan,nan,nan,nan,nan,nan,nan,nan,nan,nan,nan,nan,nan,nan,nan,nan,nan,nan,nan,nan,nan,nan,nan,nan,nan,nan,nan,nan,nan,nan,nan,nan,nan,nan,nan,nan,nan,nan,nan,nan,nan,nan,nan,nan,nan,nan,nan,nan,3.748247528076171875e+01,nan,nan,4.135678482055664062e+01,nan,nan,nan,nan,4.339186859130859375e+01,4.650910568237304688e+01,5.055599212646484375e+01,4.119143676757812500e+01,4.780715942382812500e+01,nan,5.210511016845703125e+01,5.821477508544921875e+01,5.120118713378906250e+01,nan,nan,nan,nan,nan,nan,nan,nan,nan,nan,nan,nan,nan,nan,nan,nan,nan,nan,nan,nan,nan,nan,nan,nan,nan,nan,nan,nan,nan,nan,nan,nan,nan,nan,nan,nan,nan,nan,nan,nan,nan,nan,nan,nan,nan,nan,nan,nan,nan,nan,nan,nan,nan
nan,nan,nan,nan,nan,nan,nan,nan,nan,nan,nan,nan,nan,nan,nan,nan,nan,nan,nan,nan,nan,nan,nan,nan,nan,nan,nan,nan,nan,nan,nan,nan,nan,nan,nan,nan,nan,nan,nan,nan,nan,nan,nan,nan,nan,nan,nan,nan,nan,nan,nan,nan,2.851329421997070312e+01,4.480422592163085938e+01,4.492326354980468750e+01,4.495245361328125000e+01,3.740213775634765625e+01,3.839107513427734375e+01,3.900268554687500000e+01,5.978062820434570312e+01,3.840037155151367188e+01,4.455290985107421875e+01,4.736585235595703125e+01,4.799084854125976562e+01,4.943787002563476562e+01,5.523371887207031250e+01,5.298385620117187500e+01,4.626769256591796875e+01,nan,4.647884368896484375e+01,4.427095794677734375e+01,6.275893020629882812e+01,5.249308395385742188e+01,nan,nan,nan,nan,nan,nan,nan,nan,nan,nan,nan,nan,nan,nan,nan,nan,nan,nan,nan,nan,nan,nan,nan,nan,nan,nan,nan,nan,nan,nan,nan,nan,nan,nan,nan,nan,nan,nan,nan,nan,nan,nan,nan,nan,nan,nan,nan,nan,nan,nan,nan,nan
nan,nan,nan,nan,nan,nan,nan,nan,nan,nan,nan,nan,nan,nan,nan,nan,nan,nan,nan,nan,nan,nan,nan,nan,nan,nan,nan,nan,nan,nan,nan,nan,nan,nan,nan,1.544782066345214844e+01,1.636798858642578125e+01,nan,nan,nan,nan,nan,nan,nan,nan,nan,nan,nan,nan,2.164826202392578125e+01,2.296388053894042969e+01,1.634080314636230469e+01,2.829666709899902344e+01,4.400182342529296875e+01,4.391547393798828125e+01,4.372726440429687500e+01,4.753978347778320312e+01,3.642784881591796875e+01,3.717655563354492188e+01,5.547320938110351562e+01,4.314327621459960938e+01,4.783596801757812500e+01,4.899925613403320312e+01,4.625378036499023438e+01,4.548199462890625000e+01,4.988554382324218750e+01,4.992763519287109375e+01,4.999427795410156250e+01,5.073660278320312500e+01,5.073818969726562500e+01,4.899457550048828125e+01,5.661331558227539062e+01,5.693558502197265625e+01,5.339434814453125000e+01,5.550627899169921875e+01,nan,nan,nan,nan,nan,nan,nan,nan,nan,nan,nan,nan,nan,nan,nan,nan,nan,nan,nan,nan,nan,nan,nan,nan,nan,nan,nan,nan,nan,nan,nan,nan,nan,nan,nan,nan,nan,nan,nan,nan,nan,nan,nan,nan,nan,nan,nan,nan,nan,nan
nan,nan,nan,nan,nan,nan,nan,nan,nan,nan,nan,nan,nan,nan,nan,nan,nan,nan,nan,nan,nan,nan,nan,nan,nan,nan,nan,nan,nan,nan,nan,nan,nan,1.537116050720214844e+01,1.551295661926269531e+01,nan,nan,1.776606750488281250e+01,1.789754104614257812e+01,nan,nan,nan,nan,nan,nan,2.170608901977539062e+01,9.463817596435546875e+00,2.507075691223144531e+01,2.541171646118164062e+01,1.488271236419677734e+01,2.493407964706420898e+00,1.517799568176269531e+01,2.133896064758300781e+01,2.611819648742675781e+01,3.717303848266601562e+01,3.833650970458984375e+01,3.641890716552734375e+01,3.403278350830078125e+01,4.077400970458984375e+01,4.131616973876953125e+01,3.518569946289062500e+01,2.930952453613281250e+01,3.984677124023437500e+01,3.751013183593750000e+01,4.231030273437500000e+01,3.879172897338867188e+01,4.992892456054687500e+01,4.814727020263671875e+01,5.073756790161132812e+01,5.073447418212890625e+01,4.930775070190429688e+01,4.833473205566406250e+01,5.088672256469726562e+01,4.697705459594726562e+01,4.286378860473632812e+01,4.474494552612304688e+01,nan,nan,nan,nan,nan,nan,nan,nan,nan,nan,nan,nan,nan,nan,nan,nan,nan,nan,nan,nan,nan,nan,nan,nan,nan,nan,nan,nan,nan,nan,nan,nan,nan,nan,nan,nan,nan,nan,nan,nan,nan,nan,nan,nan,nan,nan,nan,nan,nan
nan,nan,nan,nan,nan,nan,nan,nan,nan,nan,nan,nan,nan,nan,nan,nan,nan,nan,nan,nan,nan,nan,nan,nan,nan,nan,nan,nan,nan,nan,nan,nan,nan,nan,1.733291053771972656e+01,2.444730186462402344e+01,1.853703117370605469e+01,nan,1.938061714172363281e+01,2.629299354553222656e+01,nan,nan,2.105654716491699219e+01,2.183810234069824219e+01,-3.549596071243286133e+00,8.533013343811035156e+00,1.875495147705078125e+01,2.784165191650390625e+01,2.988130950927734375e+01,2.899737167358398438e+01,1.679076004028320312e+01,1.782005119323730469e+01,1.887844276428222656e+01,2.115427970886230469e+01,2.729841041564941406e+01,3.265901565551757812e+01,4.131222152709960938e+01,4.066493988037109375e+01,3.104374504089355469e+01,2.540962409973144531e+01,3.201465606689453125e+01,1.165921211242675781e+01,2.932257843017578125e+01,1.308578586578369141e+01,2.060343551635742188e+01,2.524610328674316406e+01,4.224119567871093750e+01,3.920601272583007812e+01,5.368527221679687500e+01,4.679774093627929688e+01,4.486308288574218750e+01,4.687435531616210938e+01,4.643056869506835938e+01,5.780174636840820312e+01,4.971628952026367188e+01,5.812002563476562500e+01,6.457819366455078125e+01,nan,nan,nan,nan,nan,nan,nan,nan,nan,nan,nan,nan,nan,nan,nan,nan,nan,nan,nan,nan,nan,nan,nan,nan,nan,nan,nan,nan,nan,nan,nan,nan,nan,nan,nan,nan,nan,nan,nan,nan,nan,nan,nan,nan,nan,nan,nan,nan
nan,nan,nan,nan,nan,nan,nan,nan,nan,nan,nan,nan,nan,nan,nan,nan,nan,nan,nan,nan,nan,nan,nan,nan,nan,nan,nan,nan,nan,nan,nan,nan,nan,nan,9.063124656677246094e+00,1.068100833892822266e+01,1.887754631042480469e+01,nan,1.585113716125488281e+01,1.883428192138671875e+01,1.884462356567382812e+01,8.722196578979492188e+00,6.722874164581298828e+00,2.346170997619628906e+01,1.701056098937988281e+01,2.051887130737304688e+01,2.408141899108886719e+01,3.046601486206054688e+01,3.068750953674316406e+01,2.421117973327636719e+01,1.909562492370605469e+01,1.626579284667968750e+01,1.386847782135009766e+01,1.808860969543457031e+01,2.007637023925781250e+01,2.845689582824707031e+01,3.327923583984375000e+01,4.043249893188476562e+01,3.464024734497070312e+01,3.007829284667968750e+01,2.832959556579589844e+01,1.777441215515136719e+01,2.889512062072753906e+01,7.433469772338867188e+00,9.108264923095703125e+00,5.637232589721679688e+01,3.594139480590820312e+01,3.679985809326171875e+01,3.873411941528320312e+01,3.771444320678710938e+01,4.347981643676757812e+01,4.595257186889648438e+01,5.883572387695312500e+01,6.309157943725585938e+01,6.345562744140625000e+01,6.324909591674804688e+01,7.038046264648437500e+01,7.460311126708984375e+01,5.693217468261718750e+01,nan,nan,nan,nan,nan,nan,nan,nan,nan,nan,nan,nan,nan,nan,nan,nan,nan,nan,nan,nan,nan,nan,nan,nan,nan,nan,nan,nan,nan,nan,nan,nan,nan,nan,nan,nan,nan,nan,nan,nan,nan,nan,nan,nan,nan,nan
nan,nan,nan,nan,nan,nan,nan,nan,nan,nan,nan,nan,nan,nan,nan,nan,nan,nan,nan,nan,nan,nan,nan,nan,nan,nan,nan,nan,nan,nan,nan,nan,nan,nan,6.819022178649902344e+00,8.416776657104492188e+00,1.590392971038818359e+01,1.941522026062011719e+01,nan,1.466567230224609375e+01,2.425637054443359375e+01,1.316316318511962891e+01,1.496194458007812500e+01,2.433435058593750000e+01,2.441780662536621094e+01,3.063613510131835938e+01,3.175046730041503906e+01,3.201742553710937500e+01,2.929180908203125000e+01,1.813069343566894531e+01,1.534363174438476562e+01,1.648033714294433594e+01,1.148470497131347656e+01,1.425549697875976562e+01,1.758980178833007812e+01,2.760452651977539062e+01,2.868432426452636719e+01,3.364429473876953125e+01,3.735808181762695312e+01,3.177058219909667969e+01,2.202366065979003906e+01,3.003862571716308594e+01,3.968153762817382812e+01,4.538409042358398438e+01,5.662294387817382812e+01,4.683670043945312500e+01,4.620281219482421875e+01,3.486583709716796875e+01,1.244528770446777344e+01,2.720378684997558594e+01,2.428513908386230469e+01,4.528184127807617188e+01,4.833924865722656250e+01,6.186941909790039062e+01,5.340592956542968750e+01,5.511967849731445312e+01,6.599803161621093750e+01,7.244474792480468750e+01,7.442851257324218750e+01,nan,nan,nan,nan,nan,nan,nan,nan,nan,nan,nan,nan,nan,nan,nan,nan,nan,nan,nan,nan,nan,nan,nan,nan,nan,nan,nan,nan,nan,nan,nan,nan,nan,nan,nan,nan,nan,nan,nan,nan,nan,nan,nan,nan,nan,nan
nan,nan,nan,nan,nan,nan,nan,nan,nan,nan,nan,nan,nan,nan,nan,nan,nan,nan,nan,nan,nan,nan,nan,nan,nan,nan,nan,nan,nan,nan,nan,nan,1.732884597778320312e+01,2.048491477966308594e+01,1.567261791229248047e+01,2.018515968322753906e+01,2.684364128112792969e+01,nan,1.594263744354248047e+01,2.467888641357421875e+01,2.861808586120605469e+01,2.967848396301269531e+01,2.817644500732421875e+01,3.018460464477539062e+01,3.039515495300292969e+01,3.604920578002929688e+01,3.036226463317871094e+01,2.517628097534179688e+01,1.630729866027832031e+01,1.296654033660888672e+01,1.308339309692382812e+01,1.756793975830078125e+01,9.561339378356933594e+00,9.013343811035156250e+00,1.154554080963134766e+01,1.100982761383056641e+01,1.573351097106933594e+01,1.717722320556640625e+01,2.684871864318847656e+01,2.681977081298828125e+01,3.168768882751464844e+01,3.392718505859375000e+01,4.164651107788085938e+01,2.800744247436523438e+01,2.307968139648437500e+01,3.377288055419921875e+01,1.420293712615966797e+01,5.044019699096679688e+00,1.661494827270507812e+01,1.919847869873046875e+01,2.695299720764160156e+01,4.458946609497070312e+01,4.768084716796875000e+01,5.376724243164062500e+01,4.509677505493164062e+01,4.610154724121093750e+01,6.105481719970703125e+01,6.523105621337890625e+01,5.276893997192382812e+01,4.972243881225585938e+01,nan,nan,nan,nan,nan,nan,nan,nan,nan,nan,nan,nan,nan,nan,nan,nan,nan,nan,nan,nan,nan,nan,nan,nan,nan,nan,nan,nan,nan,nan,nan,nan,nan,nan,nan,nan,nan,nan,nan,nan,nan,nan,nan,nan,nan
nan,nan,nan,nan,nan,nan,nan,nan,nan,nan,nan,nan,nan,nan,nan,nan,nan,nan,nan,nan,nan,nan,nan,nan,nan,nan,nan,nan,nan,nan,nan,1.605010604858398438e+01,1.740841674804687500e+01,2.237802505493164062e+01,2.384597015380859375e+01,1.946756744384765625e+01,2.449209594726562500e+01,2.683660888671875000e+01,1.969999313354492188e+01,2.498768043518066406e+01,2.523526000976562500e+01,3.716158294677734375e+01,3.319869995117187500e+01,2.711670303344726562e+01,2.800955200195312500e+01,3.324522399902343750e+01,2.079018974304199219e+01,1.684082603454589844e+01,1.221879959106445312e+01,8.008913993835449219e+00,1.172259807586669922e+01,5.765792846679687500e+00,4.221963405609130859e+00,1.414139628410339355e+00,1.443738698959350586e+00,7.067633628845214844e+00,9.672606468200683594e+00,1.470279216766357422e+01,2.357354927062988281e+01,2.568608856201171875e+01,3.017273330688476562e+01,3.120331764221191406e+01,3.243161392211914062e+01,2.744334602355957031e+01,2.067092704772949219e+01,3.057045745849609375e+01,1.289678764343261719e+01,1.205331516265869141e+01,3.143237686157226562e+01,3.566788864135742188e+01,3.711925506591796875e+01,4.644775390625000000e+01,5.014225006103515625e+01,5.089736175537109375e+01,5.465596008300781250e+01,4.653707504272460938e+01,4.479819869995117188e+01,5.172631454467773438e+01,4.720465469360351562e+01,5.412825393676757812e+01,5.338785552978515625e+01,nan,nan,nan,nan,nan,nan,nan,nan,nan,nan,nan,nan,nan,nan,nan,nan,nan,nan,nan,nan,nan,nan,nan,nan,nan,nan,nan,nan,nan,nan,nan,nan,nan,nan,nan,nan,nan,nan,nan,nan,nan,nan,nan,nan
nan,nan,nan,nan,nan,nan,nan,nan,nan,nan,nan,nan,nan,nan,nan,nan,nan,nan,nan,nan,nan,nan,nan,nan,nan,nan,nan,nan,nan,1.249675559997558594e+01,1.516549015045166016e+01,1.619467163085937500e+01,1.718184852600097656e+01,1.947839164733886719e+01,2.034090042114257812e+01,1.984439086914062500e+01,1.936289596557617188e+01,1.884386634826660156e+01,1.916396903991699219e+01,2.065676116943359375e+01,2.140013122558593750e+01,2.320316314697265625e+01,2.289873123168945312e+01,2.026711082458496094e+01,1.677774620056152344e+01,1.093737983703613281e+01,8.906429290771484375e+00,6.715604305267333984e+00,-3.730773031711578369e-01,-9.242162341251969337e-04,3.919021844863891602e+00,2.184446811676025391e+00,-2.099942117929458618e-01,-5.624766349792480469e+00,-1.667741060256958008e+00,4.854247093200683594e+00,8.096120834350585938e+00,1.285856056213378906e+01,1.814166831970214844e+01,2.072444725036621094e+01,2.557318305969238281e+01,2.943361663818359375e+01,3.357614517211914062e+01,3.358322143554687500e+01,3.205992889404296875e+01,2.128158760070800781e+01,2.937113952636718750e+01,4.130870437622070312e+01,4.593985748291015625e+01,4.696557617187500000e+01,4.360353851318359375e+01,5.013997268676757812e+01,5.216853713989257812e+01,5.493239974975585938e+01,5.715753173828125000e+01,5.098408508300781250e+01,3.991175842285156250e+01,2.951098442077636719e+01,4.359804153442382812e+01,4.488265991210937500e+01,4.736153411865234375e+01,2.984878158569335938e+01,2.569782447814941406e+01,nan,nan,nan,nan,nan,nan,nan,nan,nan,nan,nan,nan,nan,nan,nan,nan,nan,nan,nan,nan,nan,nan,nan,nan,nan,nan,nan,nan,nan,nan,nan,nan,nan,nan,nan,nan,nan,nan,nan,nan,nan,nan
nan,nan,nan,nan,nan,nan,nan,nan,nan,nan,nan,nan,nan,nan,nan,nan,nan,nan,nan,nan,nan,nan,nan,nan,nan,nan,nan,nan,8.140250205993652344e+00,1.558212661743164062e+01,1.506758975982666016e+01,1.973503494262695312e+01,2.210381889343261719e+01,1.951586723327636719e+01,1.864021873474121094e+01,1.893095397949218750e+01,1.803672599792480469e+01,1.730756378173828125e+01,1.712501525878906250e+01,1.566711330413818359e+01,1.360087490081787109e+01,1.190831661224365234e+01,1.315664291381835938e+01,1.392404079437255859e+01,9.708722114562988281e+00,3.233888387680053711e+00,4.127902984619140625e+00,4.716563224792480469e+00,-5.536356568336486816e-01,-1.319295406341552734e+00,-3.043327331542968750e+00,-3.710934400558471680e+00,-4.774825096130371094e+00,-8.252129554748535156e+00,-6.239850997924804688e+00,-2.206115245819091797e+00,4.168209552764892578e+00,7.110436916351318359e+00,1.890667724609375000e+01,2.516810798645019531e+01,2.188271331787109375e+01,2.339464378356933594e+01,3.807868194580078125e+01,4.137987136840820312e+01,3.611280822753906250e+01,2.888007354736328125e+01,3.232551193237304688e+01,4.650127029418945312e+01,4.597824096679687500e+01,5.510004806518554688e+01,3.947992706298828125e+01,4.019586181640625000e+01,4.897685241699218750e+01,5.596244049072265625e+01,5.496808242797851562e+01,5.429538345336914062e+01,4.704956436157226562e+01,4.066579055786132812e+01,3.728730392456054688e+01,3.256020736694335938e+01,2.944909477233886719e+01,2.601346206665039062e+01,-9.790343284606933594e+00,-1.437076568603515625e+01,2.403994178771972656e+01,nan,nan,nan,nan,nan,nan,nan,nan,nan,nan,nan,nan,nan,nan,nan,nan,nan,nan,nan,nan,nan,nan,nan,nan,nan,nan,nan,nan,nan,nan,nan,nan,nan,nan,nan,nan,nan,nan,nan,nan
nan,nan,nan,nan,nan,nan,nan,nan,nan,nan,nan,nan,nan,nan,nan,nan,nan,nan,nan,nan,nan,nan,nan,nan,nan,nan,nan,nan,1.130583190917968750e+01,1.714125633239746094e+01,1.586837863922119141e+01,1.293905353546142578e+01,1.398618507385253906e+01,1.286787891387939453e+01,1.318474674224853516e+01,1.515511512756347656e+01,1.446537399291992188e+01,1.358006191253662109e+01,1.460260677337646484e+01,1.424365997314453125e+01,6.384872913360595703e+00,6.106778621673583984e+00,6.825048923492431641e+00,3.172829151153564453e+00,1.694883108139038086e+00,5.836006402969360352e-01,-3.202073812484741211e+00,-5.871039390563964844e+00,-5.690542221069335938e+00,-5.796971797943115234e+00,-1.649567794799804688e+01,-1.928507995605468750e+01,-1.608934020996093750e+01,-7.026852607727050781e+00,-1.107657814025878906e+01,-1.015224361419677734e+01,-4.290120601654052734e+00,5.340920925140380859e+00,9.751612663269042969e+00,1.493502140045166016e+01,1.708628082275390625e+01,1.835525703430175781e+01,2.835357856750488281e+01,4.271677017211914062e+01,5.078679656982421875e+01,3.509746170043945312e+01,3.237049865722656250e+01,3.712365341186523438e+01,4.926551055908203125e+01,5.351277923583984375e+01,4.228422927856445312e+01,3.986214065551757812e+01,5.334217071533203125e+01,4.221244430541992188e+01,4.523935699462890625e+01,3.879395294189453125e+01,5.232457351684570312e+01,4.609462356567382812e+01,3.164032745361328125e+01,2.732714080810546875e+01,2.474003982543945312e+01,2.302955818176269531e+01,2.151664352416992188e+01,-9.927384376525878906e+00,2.435699653625488281e+01,2.688072776794433594e+01,nan,nan,nan,nan,nan,nan,nan,nan,nan,nan,nan,nan,nan,nan,nan,nan,nan,nan,nan,nan,nan,nan,nan,nan,nan,nan,nan,nan,nan,nan,nan,nan,nan,nan,nan,nan,nan,nan,nan
nan,nan,nan,nan,nan,nan,nan,nan,nan,nan,nan,nan,nan,nan,nan,nan,nan,nan,nan,nan,nan,nan,nan,nan,nan,nan,nan,1.160331964492797852e+00,6.344400405883789062e+00,1.305097007751464844e+01,1.172548103332519531e+01,1.049076080322265625e+01,1.279907798767089844e+01,1.082375049591064453e+01,1.131450653076171875e+01,1.158834171295166016e+01,8.226624488830566406e+00,7.748915195465087891e+00,6.929700374603271484e+00,5.253510475158691406e+00,1.857023358345031738e+00,-1.477363854646682739e-01,-3.256424665451049805e+00,-5.430504322052001953e+00,-3.670551478862762451e-01,-2.046701669692993164e+00,-1.185355567932128906e+01,-1.454825210571289062e+01,-1.987013244628906250e+01,-1.950979804992675781e+01,-1.918712997436523438e+01,-2.456207656860351562e+01,-2.045975303649902344e+01,-1.862155342102050781e+01,-1.485859680175781250e+01,-1.167652797698974609e+01,-6.659604549407958984e+00,-7.023120403289794922e+00,5.497720241546630859e+00,1.037061595916748047e+01,-1.506344437599182129e+00,2.537511634826660156e+01,2.415295600891113281e+01,6.032220840454101562e+01,5.994644546508789062e+01,1.687708473205566406e+01,3.428372573852539062e+01,3.953245544433593750e+01,4.563914871215820312e+01,4.071443176269531250e+01,5.484249496459960938e+01,4.745106506347656250e+01,4.002878570556640625e+01,3.872202682495117188e+01,4.391812515258789062e+01,3.460740280151367188e+01,3.735729980468750000e+01,4.528715515136718750e+01,2.712229537963867188e+01,2.365138244628906250e+01,1.119215202331542969e+01,1.788113784790039062e+01,2.648014450073242188e+01,4.082447052001953125e+01,4.475576782226562500e+01,2.612305068969726562e+01,nan,nan,nan,nan,nan,nan,nan,nan,nan,nan,nan,nan,nan,nan,nan,nan,nan,nan,nan,nan,nan,nan,nan,nan,nan,nan,nan,nan,nan,nan,nan,nan,nan,nan,nan,nan,nan,nan,nan
nan,nan,nan,nan,nan,nan,nan,nan,nan,nan,nan,nan,nan,nan,nan,nan,nan,nan,nan,nan,nan,nan,nan,nan,nan,nan,-1.656429672241210938e+01,-6.117899894714355469e+00,-1.377968668937683105e+00,-2.073124885559082031e+00,1.973766803741455078e+00,8.376440048217773438e+00,1.050424385070800781e+01,9.821203231811523438e+00,7.990828037261962891e+00,5.892642021179199219e+00,5.857139587402343750e+00,6.127589225769042969e+00,3.679846763610839844e+00,1.549519419670104980e+00,-1.770596265792846680e+00,-2.962706327438354492e+00,-4.145788669586181641e+00,-8.134335517883300781e+00,-1.188625144958496094e+01,-1.707624816894531250e+01,-2.251211166381835938e+01,-2.557759284973144531e+01,-2.576478767395019531e+01,-2.357354736328125000e+01,-2.551367187500000000e+01,-2.153429222106933594e+01,-1.555744552612304688e+01,-1.345835781097412109e+01,-1.792954063415527344e+01,-6.168160915374755859e+00,-1.078926563262939453e+00,4.674508571624755859e+00,1.516109848022460938e+01,5.908679008483886719e+00,2.905340671539306641e+00,6.117500782012939453e+00,7.855855464935302734e+00,1.646160125732421875e+01,2.096033096313476562e+01,1.634340095520019531e+01,2.262473869323730469e+01,3.967159271240234375e+01,3.972689819335937500e+01,4.357624053955078125e+01,3.770734405517578125e+01,3.970379638671875000e+01,3.595462799072265625e+01,3.285488128662109375e+01,2.376775550842285156e+01,2.501893043518066406e+01,2.940085029602050781e+01,2.981060791015625000e+01,9.135366439819335938e+00,5.848335742950439453e+00,1.972995758056640625e+00,1.156238842010498047e+01,3.408904266357421875e+01,2.433777427673339844e+01,4.613031387329101562e+01,4.843223953247070312e+01,2.556825637817382812e+01,nan,nan,nan,nan,nan,nan,nan,nan,nan,nan,nan,nan,nan,nan,nan,nan,nan,nan,nan,nan,nan,nan,nan,nan,nan,nan,nan,nan,nan,nan,nan,nan,nan,nan,nan,nan,nan,nan
nan,nan,nan,nan,nan,nan,nan,nan,nan,nan,nan,nan,nan,nan,nan,nan,nan,nan,nan,nan,nan,nan,nan,nan,nan,-5.489037990570068359e+00,-1.895706176757812500e+01,-9.831195831298828125e+00,-2.547382116317749023e+00,-4.658319473266601562e+00,9.710209369659423828e-01,6.957817077636718750e+00,9.765532493591308594e+00,8.035172462463378906e+00,4.332931041717529297e+00,3.451327323913574219e+00,1.985824227333068848e+00,2.886678695678710938e+00,1.098243236541748047e+00,-1.583228230476379395e+00,-5.561626434326171875e+00,-5.667929649353027344e+00,-6.203685760498046875e+00,-9.518945693969726562e+00,-1.857855033874511719e+01,-2.157507133483886719e+01,-2.289197921752929688e+01,-2.654086494445800781e+01,-2.801589775085449219e+01,-2.644663429260253906e+01,-3.174071121215820312e+01,-2.841853523254394531e+01,-2.082866668701171875e+01,-1.260446453094482422e+01,-1.143431854248046875e+01,-5.148789882659912109e+00,-2.020511865615844727e+00,-3.605084180831909180e+00,1.035418415069580078e+01,4.934690475463867188e+00,5.554614067077636719e+00,8.548530578613281250e+00,1.166082191467285156e+01,2.001227951049804688e+01,2.409583663940429688e+01,2.443505477905273438e+01,2.845824813842773438e+01,3.134037971496582031e+01,5.765929794311523438e+01,4.133799362182617188e+01,3.885728836059570312e+01,3.601503753662109375e+01,3.107968902587890625e+01,2.874551773071289062e+01,3.002443122863769531e+01,2.414785575866699219e+01,2.893095779418945312e+01,2.285645294189453125e+01,1.913738632202148438e+01,1.158904266357421875e+01,1.003882527351379395e+00,1.427143335342407227e+00,1.645004463195800781e+01,2.598692512512207031e+01,3.550751876831054688e+01,4.037356567382812500e+01,4.704322052001953125e+01,5.053705596923828125e+01,5.469230651855468750e+01,2.498367881774902344e+01,nan,nan,nan,nan,nan,nan,nan,nan,nan,nan,nan,nan,nan,nan,nan,nan,nan,nan,nan,nan,nan,nan,nan,nan,nan,nan,nan,nan,nan,nan,nan,nan,nan,nan,nan
nan,nan,nan,nan,nan,nan,nan,nan,nan,nan,nan,nan,nan,nan,nan,nan,nan,nan,nan,nan,nan,nan,nan,nan,nan,nan,-1.952549171447753906e+01,-1.138876724243164062e+01,-1.321632385253906250e+00,-1.340132594108581543e+00,5.143751621246337891e+00,5.288641929626464844e+00,5.733522415161132812e+00,-8.350673317909240723e-01,-1.872892618179321289e+00,-1.870506048202514648e+00,-9.638856053352355957e-01,-2.446903467178344727e+00,-5.099532604217529297e+00,-6.690490722656250000e+00,-8.272802352905273438e+00,-9.633612632751464844e+00,-9.931034088134765625e+00,-1.854491424560546875e+01,-2.113570785522460938e+01,-2.180280876159667969e+01,-2.205025482177734375e+01,-2.531700325012207031e+01,-2.664404106140136719e+01,-2.641366004943847656e+01,-2.817654609680175781e+01,-2.634118652343750000e+01,-2.125141143798828125e+01,-1.697917747497558594e+01,-1.364999961853027344e+01,-4.997027873992919922e+00,-3.348694086074829102e+00,-1.385362339019775391e+01,-3.089634656906127930e+00,-2.436866998672485352e+00,-1.192946624755859375e+01,3.122221946716308594e+00,5.477846145629882812e+00,1.872938728332519531e+01,1.288045883178710938e+01,1.854783058166503906e+01,2.299847030639648438e+01,2.629319000244140625e+01,3.838370895385742188e+01,4.323061370849609375e+01,4.340347671508789062e+01,3.564845275878906250e+01,1.943517112731933594e+01,2.328427696228027344e+01,1.629699897766113281e+01,1.712594413757324219e+01,2.786717224121093750e+01,2.536672973632812500e+01,2.353888320922851562e+01,1.653916740417480469e+01,1.159694290161132812e+01,4.762076377868652344e+00,1.149915027618408203e+01,1.527638339996337891e+01,1.733210182189941406e+01,2.316165161132812500e+01,2.848091506958007812e+01,4.279054260253906250e+01,4.479573440551757812e+01,4.229039764404296875e+01,nan,nan,nan,nan,nan,nan,nan,nan,nan,nan,nan,nan,nan,nan,nan,nan,nan,nan,nan,nan,nan,nan,nan,nan,nan,nan,nan,nan,nan,nan,nan,nan,nan,nan,nan
nan,nan,nan,nan,nan,nan,nan,nan,nan,nan,nan,nan,nan,nan,nan,nan,nan,nan,nan,nan,nan,nan,nan,nan,nan,-7.834737300872802734e+00,-5.360055923461914062e+00,-6.944433212280273438e+00,-5.506277561187744141e+00,-4.682217121124267578e+00,-1.407278895378112793e+00,1.015384078025817871e+00,-3.916782379150390625e+00,-5.431057929992675781e+00,-6.670407772064208984e+00,-7.904171943664550781e+00,-7.823503494262695312e+00,-9.864580154418945312e+00,-1.080220031738281250e+01,-1.035226345062255859e+01,-1.098555564880371094e+01,-1.745327377319335938e+01,-1.962124443054199219e+01,-2.149838829040527344e+01,-2.259521675109863281e+01,-2.166114997863769531e+01,-2.295584487915039062e+01,-2.194922065734863281e+01,-2.172612953186035156e+01,-1.806483078002929688e+01,-2.021633911132812500e+01,-1.896408081054687500e+01,-1.942502784729003906e+01,-1.492654323577880859e+01,-1.158431720733642578e+01,-5.808548927307128906e+00,-4.231744766235351562e+00,-7.868301868438720703e+00,-1.899920463562011719e+01,-8.003931045532226562e+00,-6.833550453186035156e+00,-8.268943786621093750e+00,-2.172723960876464844e+01,-1.739610290527343750e+01,5.927246570587158203e+00,1.185709571838378906e+01,1.698640251159667969e+01,2.096816635131835938e+01,2.861244201660156250e+01,4.166225433349609375e+01,4.362310791015625000e+01,1.923940467834472656e+01,1.674319458007812500e+01,1.157546806335449219e+01,4.754584312438964844e+00,1.351425933837890625e+01,1.145023250579833984e+01,2.209946823120117188e+01,1.721489524841308594e+01,1.549523735046386719e+01,1.313581943511962891e+01,2.169037818908691406e+01,1.158214092254638672e+01,1.170654964447021484e+01,1.572671222686767578e+01,4.468412399291992188e+00,1.941540718078613281e+01,1.825220870971679688e+01,1.892002105712890625e+01,1.681146240234375000e+01,1.856334877014160156e+01,nan,nan,nan,nan,nan,nan,nan,nan,nan,nan,nan,nan,nan,nan,nan,nan,nan,nan,nan,nan,nan,nan,nan,nan,nan,nan,nan,nan,nan,nan,nan,nan,nan,nan
nan,nan,nan,nan,nan,nan,nan,nan,nan,nan,nan,nan,nan,nan,nan,nan,nan,nan,nan,nan,nan,nan,nan,nan,nan,-8.948928833007812500e+00,-3.857477426528930664e+00,-6.047617912292480469e+00,-6.123708724975585938e+00,-5.963325977325439453e+00,-6.344482421875000000e+00,-6.204794406890869141e+00,-8.137187004089355469e+00,-8.330210685729980469e+00,-1.132613086700439453e+01,-1.473978900909423828e+01,-1.474965476989746094e+01,-1.502814388275146484e+01,-1.518793582916259766e+01,-1.188878345489501953e+01,-1.843820381164550781e+01,-1.949370574951171875e+01,-1.970041656494140625e+01,-1.954446029663085938e+01,-2.490519142150878906e+01,-2.214563179016113281e+01,-2.192621612548828125e+01,-2.101056671142578125e+01,-1.447510719299316406e+01,-1.509502983093261719e+01,-1.288998889923095703e+01,-1.461671352386474609e+01,-1.063164043426513672e+01,-1.266813755035400391e+01,-1.218655109405517578e+01,-2.113434314727783203e+00,5.901305079460144043e-01,-4.830348789691925049e-01,-5.970869541168212891e+00,-7.510754585266113281e+00,-8.075969696044921875e+00,-1.849517059326171875e+01,-2.225288009643554688e+01,-4.999915122985839844e+00,-1.829363822937011719e+00,-2.173428535461425781e+01,-2.141924667358398438e+01,-1.689272117614746094e+01,1.725205802917480469e+01,3.171638298034667969e+01,2.027164077758789062e+01,1.825636291503906250e+01,1.328670692443847656e+01,6.655725002288818359e+00,-3.168079257011413574e-01,4.400897502899169922e+00,6.321736812591552734e+00,1.095257186889648438e+01,1.063426208496093750e+01,9.788868904113769531e+00,2.010574913024902344e+01,1.994930267333984375e+01,1.836731338500976562e+01,2.307506084442138672e+00,-4.931794643402099609e+00,-6.472747802734375000e+00,-8.454476483166217804e-03,-5.860876560211181641e+00,1.063191604614257812e+01,8.259900093078613281e+00,1.610856246948242188e+01,3.238711929321289062e+01,1.831969070434570312e+01,nan,nan,nan,nan,nan,nan,nan,nan,nan,nan,nan,nan,nan,nan,nan,nan,nan,nan,nan,nan,nan,nan,nan,nan,nan,nan,nan,nan,nan,nan,nan,nan
nan,nan,nan,nan,nan,nan,nan,nan,nan,nan,nan,nan,nan,nan,nan,nan,nan,nan,nan,nan,nan,nan,nan,nan,nan,-9.958568572998046875e+00,nan,-1.219525623321533203e+01,-1.013039302825927734e+01,-9.681661605834960938e+00,-9.579554557800292969e+00,-9.669950485229492188e+00,-1.005276107788085938e+01,-1.475442218780517578e+01,-1.637113571166992188e+01,-1.813729476928710938e+01,-1.845845413208007812e+01,-1.937881088256835938e+01,-1.970845603942871094e+01,-1.946454429626464844e+01,-1.868209648132324219e+01,-1.994740867614746094e+01,-1.934227561950683594e+01,-1.936047744750976562e+01,-2.373141288757324219e+01,-2.113752937316894531e+01,-1.857956314086914062e+01,-1.608441162109375000e+01,-1.557290840148925781e+01,-1.593814277648925781e+01,-1.430760478973388672e+01,-1.363247680664062500e+01,-1.142410373687744141e+01,-9.958653450012207031e+00,-5.746510982513427734e+00,-5.699046611785888672e+00,-1.967280060052871704e-01,-2.222476482391357422e+00,-8.911558151245117188e+00,-1.041358852386474609e+01,-5.442457675933837891e+00,-4.758879184722900391e+00,-8.810822486877441406e+00,-9.623580932617187500e+00,-7.861569881439208984e+00,-2.557080507278442383e+00,-1.792362022399902344e+01,-7.168428897857666016e+00,-2.781960487365722656e+01,1.355935573577880859e+01,6.827477931976318359e+00,5.520127773284912109e+00,7.533190250396728516e+00,4.128034591674804688e+00,4.940836906433105469e+00,3.577375888824462891e+00,2.988562345504760742e+00,5.901442050933837891e+00,3.022264003753662109e+00,8.329912185668945312e+00,1.489188957214355469e+01,1.619364929199218750e+01,7.791652679443359375e-01,-2.800871734507381916e-04,-7.633499145507812500e+00,-9.373506546020507812e+00,-2.342908382415771484e+00,-4.439903736114501953e+00,4.964564800262451172e+00,1.510360908508300781e+01,2.207261657714843750e+01,3.189411163330078125e+01,2.417486190795898438e+01,nan,nan,nan,nan,nan,nan,nan,nan,nan,nan,nan,nan,nan,nan,nan,nan,nan,nan,nan,nan,nan,nan,nan,nan,nan,nan,nan,nan,nan,nan,nan,nan
nan,nan,nan,nan,nan,nan,nan,nan,nan,nan,nan,nan,nan,nan,nan,nan,nan,nan,nan,nan,nan,nan,nan,nan,-1.124238300323486328e+01,nan,nan,-1.374799633026123047e+01,-1.102023315429687500e+01,-1.070539379119873047e+01,-1.128041934967041016e+01,-1.567641162872314453e+01,-1.696481132507324219e+01,-1.652544784545898438e+01,-1.786160087585449219e+01,-1.797632217407226562e+01,-2.022540855407714844e+01,-1.972398567199707031e+01,-2.178308105468750000e+01,-2.465301895141601562e+01,-2.165455818176269531e+01,-2.007099723815917969e+01,-2.061888313293457031e+01,-2.314038276672363281e+01,-2.155928230285644531e+01,-2.076019096374511719e+01,-1.859267616271972656e+01,-1.615200424194335938e+01,-1.414749145507812500e+01,-1.048229885101318359e+01,-1.409350395202636719e+01,-1.212828540802001953e+01,-1.242165565490722656e+01,-7.589615345001220703e+00,-6.303389072418212891e+00,-5.847566604614257812e+00,-2.883659601211547852e+00,-4.178999900817871094e+00,-7.912363052368164062e+00,-1.417265415191650391e+01,-3.235262155532836914e+00,nan,nan,-1.210247230529785156e+01,-1.179064369201660156e+01,-7.968729972839355469e+00,-1.945997428894042969e+01,3.753259420394897461e+00,7.187294006347656250e+00,9.071080207824707031e+00,-6.037702560424804688e+00,7.867255687713623047e+00,4.634851455688476562e+00,-4.293714046478271484e+00,6.286379337310791016e+00,5.279892921447753906e+00,2.494945526123046875e+00,7.209009647369384766e+00,6.098239421844482422e+00,8.880056142807006836e-01,1.094633102416992188e+00,3.464416503906250000e+00,-5.075651168823242188e+00,-4.294714927673339844e+00,-6.521892547607421875e+00,-9.617918014526367188e+00,-9.097636222839355469e+00,-6.888697743415832520e-01,3.455638170242309570e+00,1.662500000000000000e+01,2.243654441833496094e+01,2.439677810668945312e+01,7.453878402709960938e+00,1.289059162139892578e+01,nan,nan,nan,nan,nan,nan,nan,nan,nan,nan,nan,nan,nan,nan,nan,nan,nan,nan,nan,nan,nan,nan,nan,nan,nan,nan,nan,nan,nan,nan,nan
nan,nan,nan,nan,nan,nan,nan,nan,nan,nan,nan,nan,nan,nan,nan,nan,nan,nan,nan,nan,nan,nan,nan,nan,-7.624086380004882812e+00,-4.512157440185546875e+00,-1.223994445800781250e+01,-1.059304523468017578e+01,-1.096763038635253906e+01,-1.284552955627441406e+01,-1.615200805664062500e+01,-1.690277099609375000e+01,-2.027441406250000000e+01,-2.266210556030273438e+01,-1.945694351196289062e+01,-1.856600761413574219e+01,-1.987459945678710938e+01,-2.052539443969726562e+01,-2.170153427124023438e+01,-2.617601013183593750e+01,-2.351798629760742188e+01,-2.331513595581054688e+01,-2.375139427185058594e+01,-1.948086547851562500e+01,-1.984490013122558594e+01,-1.605042076110839844e+01,-1.704545211791992188e+01,-1.443103122711181641e+01,-1.244822502136230469e+01,-1.025081348419189453e+01,-1.277716732025146484e+01,-9.084543228149414062e+00,-9.573431015014648438e+00,-9.517042160034179688e+00,-7.003519058227539062e+00,-6.854120731353759766e+00,nan,-4.031362757086753845e-02,-6.259537696838378906e+00,-6.748232364654541016e+00,-7.767881393432617188e+00,nan,nan,nan,nan,-1.228796386718750000e+01,nan,-1.695767283439636230e+00,nan,4.361412048339843750e+00,nan,nan,nan,4.636270523071289062e+00,-2.484513044357299805e+00,-7.878776073455810547e+00,-9.327572822570800781e+00,9.839069247245788574e-01,1.059979081153869629e+00,6.245331168174743652e-01,-7.922047615051269531e+00,-8.677214622497558594e+00,-8.660937309265136719e+00,-6.170275211334228516e+00,-8.013473510742187500e+00,-9.938130378723144531e+00,-1.116664409637451172e+01,-9.843394279479980469e+00,2.879396378993988037e-01,2.312222480773925781e+00,4.582263946533203125e+00,1.476595497131347656e+01,9.854446411132812500e+00,7.905317783355712891e+00,1.091496658325195312e+01,1.123821163177490234e+01,nan,nan,nan,nan,nan,nan,nan,nan,nan,nan,nan,nan,nan,nan,nan,nan,nan,nan,nan,nan,nan,nan,nan,nan,nan,nan,nan,nan,nan
nan,nan,nan,nan,nan,nan,nan,nan,nan,nan,nan,nan,nan,nan,nan,nan,nan,nan,nan,nan,nan,nan,nan,-1.503568267822265625e+01,-7.662501335144042969e+00,-1.295349311828613281e+01,-1.173938179016113281e+01,-1.171255683898925781e+01,-1.080828094482421875e+01,-1.482744026184082031e+01,-1.562666130065917969e+01,-1.874661636352539062e+01,-1.967362594604492188e+01,-2.107665252685546875e+01,-1.853442764282226562e+01,-1.847374725341796875e+01,-1.982427024841308594e+01,-2.238276100158691406e+01,-2.239194679260253906e+01,-2.457028961181640625e+01,-2.528159523010253906e+01,-2.299424934387207031e+01,-1.970837211608886719e+01,-1.623641395568847656e+01,-1.617141723632812500e+01,-1.283481121063232422e+01,-1.181671428680419922e+01,-1.105300998687744141e+01,-7.419367313385009766e+00,-9.061371803283691406e+00,-8.977828025817871094e+00,-6.682698726654052734e+00,-1.062479877471923828e+01,-1.178523635864257812e+01,-1.373439311981201172e+01,-5.826124191284179688e+00,2.544840574264526367e+00,-5.688621997833251953e+00,nan,nan,nan,nan,nan,nan,nan,nan,nan,nan,nan,nan,nan,nan,nan,nan,-5.771959781646728516e+00,-4.655361175537109375e+00,-8.538937568664550781e+00,2.871324777603149414e+00,-1.486838936805725098e+00,-1.965307950973510742e+00,-1.252743053436279297e+01,-1.579144096374511719e+01,-1.746930313110351562e+01,-1.370969486236572266e+01,-1.161947822570800781e+01,-1.551587581634521484e+01,-7.209379673004150391e+00,-1.778039360046386719e+01,-1.394063663482666016e+01,-8.662016391754150391e-01,-4.948052883148193359e+00,1.516712665557861328e+01,8.320190429687500000e+00,9.966506958007812500e+00,1.442426204681396484e+01,2.346637535095214844e+01,8.881741523742675781e+00,nan,nan,nan,nan,nan,nan,nan,nan,nan,nan,nan,nan,nan,nan,nan,nan,nan,nan,nan,nan,nan,nan,nan,nan,nan,nan,nan,nan
nan,nan,nan,nan,nan,nan,nan,nan,nan,nan,nan,nan,nan,nan,nan,nan,nan,nan,nan,nan,nan,nan,nan,-1.693420600891113281e+01,-1.987372779846191406e+01,-1.471540546417236328e+01,-1.468285942077636719e+01,-1.461548995971679688e+01,-1.561516666412353516e+01,-1.803998947143554688e+01,-1.920157432556152344e+01,-1.946041297912597656e+01,-2.041573333740234375e+01,-1.962011146545410156e+01,-1.948687744140625000e+01,-1.890219306945800781e+01,-1.931014633178710938e+01,-1.977515029907226562e+01,-2.043397903442382812e+01,-2.233292770385742188e+01,-2.200558280944824219e+01,-1.770574378967285156e+01,-1.708169555664062500e+01,-1.241292285919189453e+01,-1.300965881347656250e+01,-1.046351623535156250e+01,-1.099232673645019531e+01,-9.167935371398925781e+00,-7.053348064422607422e+00,-5.730837821960449219e+00,-7.438119888305664062e+00,-8.704794883728027344e+00,-1.069562339782714844e+01,-1.419068145751953125e+01,-4.166067600250244141e+00,-4.984794941265136003e-05,nan,nan,nan,nan,nan,nan,nan,nan,nan,nan,nan,nan,nan,nan,nan,nan,nan,nan,nan,-1.857782244682312012e+00,-2.824258089065551758e+00,-5.525336265563964844e+00,-1.156828022003173828e+01,-1.220324230194091797e+01,-6.344658374786376953e+00,-1.219526481628417969e+01,-6.384501457214355469e+00,-4.605062007904052734e+00,-6.402278900146484375e+00,-9.030992507934570312e+00,-7.019714355468750000e+00,-5.034401893615722656e+00,-1.510462188720703125e+01,-1.563619804382324219e+01,2.218964338302612305e+00,4.778074741363525391e+00,5.774700641632080078e+00,6.713702678680419922e+00,8.576969146728515625e+00,9.300316810607910156e+00,1.662158966064453125e+01,2.536664199829101562e+01,nan,nan,nan,nan,nan,nan,nan,nan,nan,nan,nan,nan,nan,nan,nan,nan,nan,nan,nan,nan,nan,nan,nan,nan,nan,nan,nan
nan,nan,nan,nan,nan,nan,nan,nan,nan,nan,nan,nan,nan,nan,nan,nan,nan,nan,nan,nan,nan,nan,nan,nan,-1.668215751647949219e+01,-1.749818229675292969e+01,-1.826002120971679688e+01,-1.815231132507324219e+01,-1.865445327758789062e+01,-1.935441780090332031e+01,-2.135893821716308594e+01,-2.138276863098144531e+01,-2.126026725769042969e+01,-1.884416389465332031e+01,-1.909497261047363281e+01,-1.869486427307128906e+01,-1.873798179626464844e+01,-1.751682853698730469e+01,-1.814252281188964844e+01,-2.181470489501953125e+01,-1.859634971618652344e+01,-1.496493339538574219e+01,-1.509869861602783203e+01,-1.533990097045898438e+01,-1.401456832885742188e+01,-1.009033679962158203e+01,-9.024809837341308594e+00,-7.544101715087890625e+00,-3.715381145477294922e+00,-6.063190460205078125e+00,-8.572441101074218750e+00,-1.007369041442871094e+01,-1.368085670471191406e+01,-6.569077014923095703e+00,-3.749707698822021484e+00,-6.880962371826171875e+00,nan,nan,nan,nan,nan,nan,nan,nan,nan,nan,nan,nan,nan,nan,nan,nan,nan,nan,nan,nan,nan,-5.002451419830322266e+00,-5.979775428771972656e+00,-5.273007869720458984e+00,-2.558522224426269531e+00,-5.006235122680664062e+00,-5.121240615844726562e-01,-3.317935228347778320e+00,2.741360664367675781e+00,-4.571845054626464844e+00,-4.904306232929229736e-01,-7.455595970153808594e+00,-1.583948421478271484e+01,-1.818654441833496094e+01,-8.617917060852050781e+00,-5.418172359466552734e+00,2.441519021987915039e+00,3.329697847366333008e+00,nan,nan,6.476838111877441406e+00,1.714177322387695312e+01,5.602807044982910156e+00,nan,nan,nan,nan,nan,nan,nan,nan,nan,nan,nan,nan,nan,nan,nan,nan,nan,nan,nan,nan,nan,nan,nan,nan,nan,nan
nan,nan,nan,nan,nan,nan,nan,nan,nan,nan,nan,nan,nan,nan,nan,nan,nan,nan,nan,nan,nan,nan,nan,nan,-2.017243003845214844e+01,-2.585116004943847656e+01,-1.993422126770019531e+01,-2.193021583557128906e+01,-2.226870346069335938e+01,-2.160570526123046875e+01,-2.173175430297851562e+01,-2.221568679809570312e+01,-2.235701942443847656e+01,-1.839062309265136719e+01,-1.785094070434570312e+01,-1.760216712951660156e+01,-1.704308319091796875e+01,-1.564852809906005859e+01,-1.555137538909912109e+01,-1.532628250122070312e+01,-1.443572044372558594e+01,-1.270516872406005859e+01,-1.283651351928710938e+01,-1.582597255706787109e+01,-8.922306060791015625e+00,-7.741534233093261719e+00,-6.358453273773193359e+00,-3.621794939041137695e+00,-5.778599262237548828e+00,-5.115487575531005859e+00,-8.593512535095214844e+00,-9.930778503417968750e+00,-7.468328475952148438e+00,-2.916808366775512695e+00,-7.085695266723632812e+00,nan,nan,nan,nan,nan,nan,nan,nan,nan,nan,nan,nan,nan,nan,nan,nan,nan,nan,nan,nan,nan,nan,nan,nan,nan,nan,nan,nan,nan,-2.992152869701385498e-01,2.317736625671386719e+00,-7.337929248809814453e+00,-4.545880794525146484e+00,-7.443653106689453125e+00,-2.588187408447265625e+01,-4.867642879486083984e+00,-6.491716384887695312e+00,-5.097542285919189453e+00,-3.870649337768554688e-01,4.233923912048339844e+00,1.445823550224304199e+00,2.850996971130371094e+00,6.164635658264160156e+00,1.631034469604492188e+01,nan,nan,nan,nan,nan,nan,nan,nan,nan,nan,nan,nan,nan,nan,nan,nan,nan,nan,nan,nan,nan,nan,nan,nan,nan,nan
nan,nan,nan,nan,nan,nan,nan,nan,nan,nan,nan,nan,nan,nan,nan,nan,nan,nan,nan,nan,nan,nan,nan,nan,-2.820866775512695312e+01,-2.932842254638671875e+01,-2.239939689636230469e+01,-2.041822814941406250e+01,-2.287177276611328125e+01,-2.291158676147460938e+01,-2.090673065185546875e+01,-2.247934532165527344e+01,-2.121936035156250000e+01,-1.802710342407226562e+01,-1.706286239624023438e+01,-1.639410591125488281e+01,-1.529201602935791016e+01,-1.402558612823486328e+01,-1.203402233123779297e+01,-1.204134178161621094e+01,-1.466346073150634766e+01,-1.349692344665527344e+01,-1.177069282531738281e+01,-1.282215309143066406e+01,-7.614685058593750000e+00,-6.797208786010742188e+00,-6.282996177673339844e+00,-2.709239482879638672e+00,-1.053654193878173828e+00,-2.710755348205566406e+00,-5.818205833435058594e+00,-4.240463256835937500e+00,-6.386758804321289062e+00,-6.554537773132324219e+00,nan,nan,nan,nan,nan,nan,nan,nan,nan,nan,nan,nan,nan,nan,nan,nan,nan,nan,nan,nan,nan,nan,nan,nan,nan,nan,nan,nan,nan,nan,nan,-7.101979851722717285e-01,-5.901872158050537109e+00,-4.503932476043701172e+00,-2.422497367858886719e+01,-1.950792694091796875e+01,-1.577461147308349609e+01,-3.966663837432861328e+00,-9.664622306823730469e+00,-6.557378768920898438e+00,-6.282506585121154785e-01,2.739295005798339844e+00,4.501892089843750000e+00,-2.466827869415283203e+00,4.165288448333740234e+00,nan,nan,nan,nan,nan,nan,nan,nan,nan,nan,nan,nan,nan,nan,nan,nan,nan,nan,nan,nan,nan,nan,nan,nan,nan,nan
nan,nan,nan,nan,nan,nan,nan,nan,nan,nan,nan,nan,nan,nan,nan,nan,nan,nan,nan,nan,nan,nan,nan,-2.009399604797363281e+01,-2.698581314086914062e+01,-2.744107818603515625e+01,-2.139036369323730469e+01,-1.965722274780273438e+01,-1.988561058044433594e+01,-2.071834373474121094e+01,-2.164933776855468750e+01,-2.113487052917480469e+01,-1.961987495422363281e+01,-1.929272079467773438e+01,-1.807388114929199219e+01,-1.589720249176025391e+01,-1.280140209197998047e+01,-1.419758605957031250e+01,-1.336392402648925781e+01,-9.567605018615722656e+00,-9.671416282653808594e+00,-8.348739624023437500e+00,-7.988351821899414062e+00,-8.695851325988769531e+00,-8.329602241516113281e+00,-7.278077602386474609e+00,-7.296248435974121094e+00,-6.998437404632568359e+00,-5.779304027557373047e+00,-5.063026428222656250e+00,-6.906524658203125000e+00,1.483589410781860352e-01,-5.735912799835205078e+00,nan,nan,nan,nan,nan,nan,nan,nan,nan,nan,nan,nan,nan,nan,nan,nan,nan,nan,nan,nan,nan,nan,nan,nan,nan,nan,nan,nan,nan,nan,nan,nan,-6.688341617584228516e+00,-3.043844938278198242e+00,-7.827322483062744141e+00,-7.648205757141113281e+00,-1.534248352050781250e+01,-1.248592376708984375e+00,9.327704086899757385e-03,-3.732905149459838867e+00,-7.726289749145507812e+00,-4.443231821060180664e-01,-3.804387807846069336e+00,-1.015078163146972656e+01,nan,8.053359031677246094e+00,1.110991537570953369e-01,nan,nan,nan,nan,nan,nan,nan,nan,nan,nan,nan,nan,nan,nan,nan,nan,nan,nan,nan,nan,nan,nan,nan,nan,nan
nan,nan,nan,nan,nan,nan,nan,nan,nan,nan,nan,nan,nan,nan,nan,nan,nan,nan,nan,nan,nan,nan,nan,-1.904248237609863281e+01,-1.571451663970947266e+01,-2.319252014160156250e+01,-1.999425697326660156e+01,-1.950748825073242188e+01,-1.881842994689941406e+01,-1.864077377319335938e+01,-2.031910324096679688e+01,-1.922455215454101562e+01,-1.848163604736328125e+01,-2.056713867187500000e+01,-1.825669288635253906e+01,-1.384873485565185547e+01,-1.094254112243652344e+01,-1.085622024536132812e+01,-1.369954967498779297e+01,-1.048323059082031250e+01,-1.019361400604248047e+01,-7.215421199798583984e+00,-7.666889667510986328e+00,-8.184894561767578125e+00,-8.221465110778808594e+00,-8.110635757446289062e+00,-6.045855522155761719e+00,-6.232820034027099609e+00,-5.739929676055908203e+00,-5.645249843597412109e+00,-9.396338462829589844e+00,-5.290598869323730469e-01,nan,nan,nan,nan,nan,nan,nan,nan,nan,nan,nan,nan,nan,nan,nan,nan,nan,nan,nan,nan,nan,nan,nan,nan,nan,nan,nan,nan,nan,nan,nan,nan,nan,nan,nan,nan,nan,-7.268861770629882812e+00,-6.154969215393066406e+00,5.369789600372314453e+00,5.364017009735107422e+00,2.427977323532104492e+00,7.076839447021484375e+00,-1.509555339813232422e+01,-4.040427780151367188e+01,-1.320748996734619141e+01,-3.986620426177978516e+00,9.767342567443847656e+00,nan,nan,nan,nan,nan,nan,nan,nan,nan,nan,nan,nan,nan,nan,nan,nan,nan,nan,nan,nan,nan,nan,nan,nan,nan
nan,nan,nan,nan,nan,nan,nan,nan,nan,nan,nan,nan,nan,nan,nan,nan,nan,nan,nan,nan,nan,nan,-1.805513763427734375e+01,nan,nan,-1.778930282592773438e+01,-2.006371498107910156e+01,-1.926188468933105469e+01,-1.908006668090820312e+01,-1.799983024597167969e+01,-1.727030181884765625e+01,-1.743725204467773438e+01,-1.762768745422363281e+01,-1.927505683898925781e+01,-1.608418846130371094e+01,-1.435099887847900391e+01,-1.192622852325439453e+01,-1.080584716796875000e+01,-1.184729385375976562e+01,-1.026794624328613281e+01,-8.310033798217773438e+00,-6.738326072692871094e+00,-6.807165145874023438e+00,-7.181007385253906250e+00,-7.004934787750244141e+00,-6.654735088348388672e+00,-5.509388446807861328e+00,-4.201225280761718750e+00,-5.430633068084716797e+00,-5.169642925262451172e+00,-8.977833747863769531e+00,-2.881533861160278320e+00,nan,nan,nan,nan,nan,nan,nan,nan,nan,nan,nan,nan,nan,nan,nan,nan,nan,nan,nan,nan,nan,nan,nan,nan,nan,nan,nan,nan,nan,nan,nan,nan,nan,nan,nan,nan,nan,nan,nan,nan,nan,nan,-5.184364795684814453e+00,-5.099350452423095703e+00,-2.698702430725097656e+01,-1.743291091918945312e+01,-1.699806404113769531e+01,1.220065832138061523e+00,7.565904140472412109e+00,1.701425790786743164e+00,nan,nan,nan,nan,nan,nan,nan,nan,nan,nan,nan,nan,nan,nan,nan,nan,nan,nan,nan,nan,nan,nan,nan
nan,nan,nan,nan,nan,nan,nan,nan,nan,nan,nan,nan,nan,nan,nan,nan,nan,nan,nan,nan,nan,nan,nan,nan,nan,-8.084724426269531250e+00,-1.781991958618164062e+01,-1.705607795715332031e+01,-1.628285217285156250e+01,-1.643011093139648438e+01,-1.515741157531738281e+01,-1.523133754730224609e+01,-1.445612812042236328e+01,-1.224682140350341797e+01,-1.489774894714355469e+01,-1.354865932464599609e+01,-1.329287052154541016e+01,-1.153969001770019531e+01,-1.228704357147216797e+01,-1.057447433471679688e+01,-6.902158260345458984e+00,-5.907991886138916016e+00,-4.816359519958496094e+00,-7.208617210388183594e+00,-6.818618297576904297e+00,-6.454174995422363281e+00,-5.834599971771240234e+00,-5.741912841796875000e+00,-6.395324707031250000e+00,-8.703155070543289185e-02,-2.050233125686645508e+00,-3.830308437347412109e+00,nan,nan,nan,nan,nan,nan,nan,nan,nan,nan,nan,nan,nan,nan,nan,nan,nan,nan,nan,nan,nan,nan,nan,nan,nan,nan,nan,nan,nan,nan,nan,nan,nan,nan,nan,nan,nan,nan,nan,nan,nan,nan,nan,nan,-5.759637832641601562e+00,-1.009790229797363281e+01,-1.100577545166015625e+01,1.702962517738342285e+00,7.322607040405273438e+00,1.467658710479736328e+01,2.515276908874511719e+01,nan,nan,nan,nan,nan,nan,nan,nan,nan,nan,nan,nan,nan,nan,nan,nan,nan,nan,nan,nan,nan,nan
nan,nan,nan,nan,nan,nan,nan,nan,nan,nan,nan,nan,nan,nan,nan,nan,nan,nan,nan,nan,nan,nan,nan,nan,nan,-5.270888805389404297e+00,-6.926275253295898438e+00,-1.196354484558105469e+01,-1.241702651977539062e+01,-1.243316555023193359e+01,-1.285515689849853516e+01,-1.245784854888916016e+01,-1.069429874420166016e+01,-1.239000797271728516e+01,-1.354861259460449219e+01,-1.146246242523193359e+01,-1.286607837677001953e+01,-1.303207492828369141e+01,-1.185377979278564453e+01,-9.813249588012695312e+00,-8.077192306518554688e+00,-7.726069927215576172e+00,-5.332147598266601562e+00,-7.412683486938476562e+00,-6.478915214538574219e+00,-6.689214706420898438e+00,-6.789158344268798828e+00,-6.280151844024658203e+00,-6.614012241363525391e+00,3.621886372566223145e-01,nan,nan,nan,nan,nan,nan,nan,nan,nan,nan,nan,nan,nan,nan,nan,nan,nan,nan,nan,nan,nan,nan,nan,nan,nan,nan,nan,nan,nan,nan,nan,nan,nan,nan,nan,nan,nan,nan,nan,nan,nan,nan,nan,nan,nan,nan,nan,-4.517230987548828125e+00,1.123999953269958496e+00,-6.574370861053466797e+00,7.594467639923095703e+00,7.931141853332519531e+00,6.822811603546142578e+00,3.044219493865966797e+00,nan,nan,nan,nan,nan,nan,nan,nan,nan,nan,nan,nan,nan,nan,nan,nan,nan,nan,nan,nan,nan
nan,nan,nan,nan,nan,nan,nan,nan,nan,nan,nan,nan,nan,nan,nan,nan,nan,nan,nan,nan,nan,nan,nan,nan,nan,-3.849853277206420898e+00,-4.591833114624023438e+00,-8.172302246093750000e+00,-9.353575706481933594e+00,-1.068579387664794922e+01,-1.161246490478515625e+01,-1.311006927490234375e+01,-1.291955757141113281e+01,-1.216882228851318359e+01,-1.199506282806396484e+01,-1.186479663848876953e+01,-1.102175331115722656e+01,-1.102470684051513672e+01,-1.205932044982910156e+01,-1.074940204620361328e+01,-7.333263397216796875e+00,-7.563771724700927734e+00,-7.775061130523681641e+00,-9.013013839721679688e+00,-6.815358161926269531e+00,-6.776251316070556641e+00,-7.028492450714111328e+00,-7.364159584045410156e+00,-4.938555240631103516e+00,3.728622794151306152e-01,nan,nan,nan,nan,nan,nan,nan,nan,nan,nan,nan,nan,nan,nan,nan,nan,nan,nan,nan,nan,nan,nan,nan,nan,nan,nan,nan,nan,nan,nan,nan,nan,nan,nan,nan,nan,nan,nan,nan,nan,nan,nan,nan,nan,nan,nan,nan,nan,-1.460479259490966797e+00,-5.936986923217773438e+00,-5.572069168090820312e+00,-9.485197663307189941e-01,3.932687044143676758e+00,1.144189071655273438e+01,nan,nan,nan,nan,nan,nan,nan,nan,nan,nan,nan,nan,nan,nan,nan,nan,nan,nan,nan,nan,nan
nan,nan,nan,nan,nan,nan,nan,nan,nan,nan,nan,nan,nan,nan,nan,nan,nan,nan,nan,nan,nan,nan,nan,nan,nan,-9.317056655883789062e+00,-3.726131916046142578e+00,-5.445439815521240234e+00,-7.342831134796142578e+00,-9.581473350524902344e+00,-1.100555801391601562e+01,-1.370704650878906250e+01,-1.151385974884033203e+01,-1.057639789581298828e+01,-1.161598491668701172e+01,-1.220008468627929688e+01,-1.177500247955322266e+01,-1.182592678070068359e+01,-1.264473438262939453e+01,-1.090341663360595703e+01,-8.805153846740722656e+00,-8.259726524353027344e+00,-9.006087303161621094e+00,-8.166386604309082031e+00,-7.359118461608886719e+00,-6.839557647705078125e+00,-6.992566108703613281e+00,-1.915316820144653320e+00,-6.529161334037780762e-01,1.055126428604125977e+00,-2.811699628829956055e+00,nan,nan,nan,nan,nan,nan,nan,nan,nan,nan,nan,nan,nan,nan,nan,nan,nan,nan,nan,nan,nan,nan,nan,nan,nan,nan,nan,nan,nan,nan,nan,nan,nan,nan,nan,nan,nan,nan,nan,nan,nan,nan,nan,nan,nan,nan,nan,-1.791987776756286621e+00,-5.676096916198730469e+00,-4.443792343139648438e+00,-9.648774147033691406e+00,-8.485272407531738281e+00,-1.713612079620361328e+00,5.679615736007690430e-01,nan,nan,nan,nan,nan,nan,nan,nan,nan,nan,nan,nan,nan,nan,nan,nan,nan,nan,nan,nan
nan,nan,nan,nan,nan,nan,nan,nan,nan,nan,nan,nan,nan,nan,nan,nan,nan,nan,nan,nan,nan,nan,nan,nan,nan,nan,-8.129510879516601562e+00,-4.902322769165039062e+00,-7.524387836456298828e+00,-8.010644912719726562e+00,-9.053791046142578125e+00,-1.126169109344482422e+01,-1.040087699890136719e+01,-9.868243217468261719e+00,-1.095221710205078125e+01,-1.247789287567138672e+01,-1.340953826904296875e+01,-1.281628131866455078e+01,-1.126822662353515625e+01,-1.120035648345947266e+01,-8.850745201110839844e+00,-8.449738502502441406e+00,-6.920212745666503906e+00,-5.492824554443359375e+00,-3.569284200668334961e+00,-2.293493270874023438e+00,-1.584775209426879883e+00,-5.248386263847351074e-01,-5.093769636005163193e-03,1.818568825721740723e+00,nan,nan,nan,nan,nan,nan,nan,nan,nan,nan,nan,nan,nan,nan,nan,nan,nan,nan,nan,nan,nan,nan,nan,nan,nan,nan,nan,nan,nan,nan,nan,nan,nan,nan,nan,nan,nan,nan,nan,nan,nan,nan,nan,nan,nan,nan,nan,nan,-1.996782183647155762e+00,-1.258783698081970215e+00,4.306274414062500000e+00,3.378249406814575195e-01,-3.682387351989746094e+00,-6.071324348449707031e+00,8.684180259704589844e+00,nan,nan,nan,nan,nan,nan,nan,nan,nan,nan,nan,nan,nan,nan,nan,nan,nan,nan,nan,nan
nan,nan,nan,nan,nan,nan,nan,nan,nan,nan,nan,nan,nan,nan,nan,nan,nan,nan,nan,nan,nan,nan,nan,nan,nan,nan,-6.958805561065673828e+00,-7.525674819946289062e+00,-2.819988250732421875e+00,-5.688649177551269531e+00,-7.419702053070068359e+00,-8.372062683105468750e+00,-1.033689403533935547e+01,-1.031386566162109375e+01,-1.111206436157226562e+01,-1.123157501220703125e+01,-1.060175132751464844e+01,-1.005008125305175781e+01,-1.136261272430419922e+01,-1.160840225219726562e+01,-9.221477508544921875e+00,-5.785266876220703125e+00,-4.308701515197753906e+00,-3.571680784225463867e+00,-2.034107685089111328e+00,-3.651444017887115479e-01,-8.617721796035766602e-01,-1.542470216751098633e+00,-1.722895503044128418e+00,-1.523519605398178101e-01,nan,nan,nan,nan,nan,nan,nan,nan,nan,nan,nan,nan,nan,nan,nan,nan,nan,nan,nan,nan,nan,nan,nan,nan,nan,nan,nan,nan,nan,nan,nan,nan,nan,nan,nan,nan,nan,nan,nan,nan,nan,nan,nan,nan,nan,nan,nan,-1.085614442825317383e+00,2.106866121292114258e+00,9.558776855468750000e+00,-1.829489111900329590e+00,-4.256257057189941406e+00,-4.419793605804443359e+00,5.795130729675292969e+00,9.380096435546875000e+00,-4.099081754684448242e-01,nan,nan,nan,nan,nan,nan,nan,nan,nan,nan,nan,nan,nan,nan,nan,nan,nan,nan,nan
nan,nan,nan,nan,nan,nan,nan,nan,nan,nan,nan,nan,nan,nan,nan,nan,nan,nan,nan,nan,nan,nan,nan,nan,nan,nan,nan,nan,-7.368928909301757812e+00,-4.433314800262451172e+00,-2.291946172714233398e+00,-6.290600299835205078e+00,-8.035946846008300781e+00,-1.037301158905029297e+01,-1.268061161041259766e+01,-1.095586490631103516e+01,-1.093458843231201172e+01,-9.689774513244628906e+00,-9.350655555725097656e+00,-8.122097015380859375e+00,-5.869252681732177734e+00,-4.210163593292236328e+00,-2.796445369720458984e+00,-2.708366632461547852e+00,-1.500685214996337891e+00,-1.688535928726196289e+00,-2.798005580902099609e+00,-4.033178806304931641e+00,-2.764438152313232422e+00,-3.751797914505004883e+00,nan,nan,nan,nan,nan,nan,nan,nan,nan,nan,nan,nan,nan,nan,nan,nan,nan,nan,nan,nan,nan,nan,nan,nan,nan,nan,nan,nan,nan,nan,nan,nan,nan,nan,nan,nan,nan,nan,nan,nan,nan,nan,nan,nan,nan,nan,nan,-1.186733841896057129e+00,1.161581277847290039e+00,4.704467773437500000e+00,-7.408667087554931641e+00,-3.118031263351440430e+00,-7.116511344909667969e+00,-7.445413589477539062e+00,-1.006272435188293457e+00,1.389577746391296387e+00,nan,nan,nan,nan,nan,nan,nan,nan,nan,nan,nan,nan,nan,nan,nan,nan,nan,nan,nan
nan,nan,nan,nan,nan,nan,nan,nan,nan,nan,nan,nan,nan,nan,nan,nan,nan,nan,nan,nan,nan,nan,nan,nan,nan,nan,nan,nan,nan,nan,nan,nan,-4.864417076110839844e+00,-7.067540645599365234e+00,-1.011652183532714844e+01,-1.003928661346435547e+01,-1.145126056671142578e+01,-1.249517917633056641e+01,-7.438962936401367188e+00,-6.314836502075195312e+00,-6.340833187103271484e+00,-4.687328338623046875e+00,-4.701556682586669922e+00,-3.247647762298583984e+00,-1.889323353767395020e+00,-2.317797422409057617e+00,-4.964130878448486328e+00,-5.024362087249755859e+00,-4.161386966705322266e+00,-2.086178541183471680e+00,nan,nan,nan,nan,nan,nan,nan,nan,nan,nan,nan,nan,nan,nan,nan,nan,nan,nan,nan,nan,nan,nan,nan,nan,nan,nan,nan,nan,nan,nan,nan,nan,nan,nan,nan,nan,nan,nan,nan,nan,nan,nan,nan,nan,nan,nan,nan,-8.428903222084045410e-01,5.831242203712463379e-01,1.096330642700195312e+00,-5.839184284210205078e+00,-1.013947105407714844e+01,-1.291701602935791016e+01,-5.171094417572021484e+00,-5.980596065521240234e+00,-3.419887781143188477e+00,2.157470226287841797e+00,2.331611871719360352e+00,nan,nan,nan,nan,nan,nan,nan,nan,nan,nan,nan,nan,nan,nan,nan,nan,nan
nan,nan,nan,nan,nan,nan,nan,nan,nan,nan,nan,nan,nan,nan,nan,nan,nan,nan,nan,nan,nan,nan,nan,nan,nan,nan,nan,nan,nan,nan,nan,nan,-8.029074668884277344e+00,-5.854079723358154297e-01,-5.454447269439697266e+00,-6.452546119689941406e+00,-9.388118743896484375e+00,-1.168886852264404297e+01,-1.108994483947753906e+01,-1.051023101806640625e+01,-7.122414588928222656e+00,-6.067075252532958984e+00,-5.496400356292724609e+00,-3.773021936416625977e+00,-4.294466495513916016e+00,-4.177530288696289062e+00,-1.505984306335449219e+00,-4.333117485046386719e+00,-4.500895500183105469e+00,-2.667262792587280273e+00,nan,nan,nan,nan,nan,nan,nan,nan,nan,nan,nan,nan,nan,nan,nan,nan,nan,nan,nan,nan,nan,nan,nan,nan,nan,nan,nan,nan,nan,nan,nan,nan,nan,nan,nan,nan,nan,nan,nan,nan,nan,nan,nan,nan,nan,nan,nan,nan,-1.711341291666030884e-01,1.201192259788513184e+00,-2.154096841812133789e+00,-1.070468997955322266e+01,-5.771148204803466797e+00,-2.927354335784912109e+00,-1.345883131027221680e+00,-1.158532142639160156e+00,2.947373390197753906e+00,8.504888534545898438e+00,1.714070701599121094e+01,2.803864479064941406e+00,nan,nan,nan,nan,nan,nan,nan,nan,nan,nan,nan,nan,nan,nan,nan
nan,nan,nan,nan,nan,nan,nan,nan,nan,nan,nan,nan,nan,nan,nan,nan,nan,nan,nan,nan,nan,nan,nan,nan,nan,nan,nan,nan,nan,nan,nan,nan,nan,-7.964880943298339844e+00,-8.444622993469238281e+00,-2.743332386016845703e+00,-9.714688301086425781e+00,-1.040184020996093750e+01,-1.093123817443847656e+01,-1.302319622039794922e+01,-8.846188545227050781e+00,-6.051699161529541016e+00,-6.453485965728759766e+00,-3.418920278549194336e+00,-1.881846189498901367e+00,-3.499823331832885742e+00,-4.304135799407958984e+00,-6.602296233177185059e-02,-2.874741792678833008e+00,nan,nan,nan,nan,nan,nan,nan,nan,nan,nan,nan,nan,nan,nan,nan,nan,nan,nan,nan,nan,nan,nan,nan,nan,nan,nan,nan,nan,nan,nan,nan,nan,nan,nan,nan,nan,nan,nan,nan,nan,nan,nan,nan,nan,nan,nan,nan,nan,nan,3.057107925415039062e-01,-2.037846326828002930e+00,-1.215240240097045898e+00,-3.310054779052734375e+00,-3.081071138381958008e+00,-6.341518163681030273e-01,9.818583726882934570e-01,6.726441860198974609e+00,1.405093312263488770e+00,-2.734895229339599609e+00,8.995847702026367188e+00,1.816007018089294434e+00,nan,nan,nan,nan,nan,nan,nan,nan,nan,nan,nan,nan,nan,nan,nan
nan,nan,nan,nan,nan,nan,nan,nan,nan,nan,nan,nan,nan,nan,nan,nan,nan,nan,nan,nan,-3.229959011077880859e+00,-3.113426446914672852e+00,-2.867313623428344727e+00,nan,nan,nan,nan,nan,nan,nan,nan,nan,nan,nan,nan,nan,-8.495209693908691406e+00,-2.449094057083129883e+00,-1.545744419097900391e+01,-1.187494945526123047e+01,-1.221659278869628906e+01,-7.586660385131835938e+00,-1.507398366928100586e+00,8.047586083412170410e-01,2.119354009628295898e-01,-4.359134197235107422e+00,-3.687986850738525391e+00,-2.809302806854248047e+00,nan,nan,nan,nan,nan,nan,nan,nan,nan,nan,nan,nan,nan,nan,nan,nan,nan,nan,nan,nan,nan,nan,nan,nan,nan,nan,nan,nan,nan,nan,nan,nan,nan,nan,nan,nan,nan,nan,nan,nan,nan,nan,nan,nan,nan,nan,nan,nan,nan,nan,nan,-1.842689962359145284e-04,5.140973925590515137e-01,-1.428016424179077148e+00,4.437338829040527344e+00,2.205977201461791992e+00,7.895809650421142578e+00,6.413356304168701172e+00,3.968441486358642578e+00,2.830158174037933350e-01,-4.072668075561523438e+00,-4.873318195343017578e+00,nan,nan,nan,nan,nan,nan,nan,nan,nan,nan,nan,nan,nan,nan,nan
nan,nan,nan,nan,nan,nan,nan,nan,nan,nan,nan,nan,nan,nan,nan,nan,nan,nan,nan,nan,-2.195457458496093750e+01,-5.473489761352539062e+00,-2.269274234771728516e+00,-2.143021821975708008e+00,nan,nan,nan,nan,nan,nan,nan,nan,nan,nan,nan,nan,nan,-7.965345382690429688e+00,-1.365606904029846191e+00,-9.498974800109863281e+00,-4.767714500427246094e+00,-1.233388543128967285e+00,4.035591602325439453e+00,2.582835197448730469e+00,-2.684633731842041016e+00,-9.165058135986328125e-01,-2.530145406723022461e+00,nan,nan,nan,nan,nan,nan,nan,nan,nan,nan,nan,nan,nan,nan,nan,nan,nan,nan,nan,nan,nan,nan,nan,nan,nan,nan,nan,nan,nan,nan,nan,nan,nan,nan,nan,nan,nan,nan,nan,nan,nan,nan,nan,nan,nan,nan,nan,nan,nan,nan,nan,nan,6.028906822204589844e+00,4.175409793853759766e+00,4.288179874420166016e+00,7.135414123535156250e+00,1.381064701080322266e+01,3.297967433929443359e+00,1.849134087562561035e+00,6.015721797943115234e+00,6.769180774688720703e+00,-4.339442849159240723e-01,1.442189455032348633e+00,3.995549917221069336e+00,nan,nan,nan,nan,nan,nan,nan,nan,nan,nan,nan,nan,nan,nan
nan,nan,nan,nan,nan,nan,nan,nan,nan,nan,nan,nan,nan,nan,nan,nan,nan,nan,nan,nan,1.862986564636230469e+00,-2.606866182759404182e-03,5.735005855560302734e+00,-1.677859306335449219e+00,nan,nan,nan,nan,nan,nan,nan,nan,nan,nan,nan,nan,nan,nan,nan,-6.332494735717773438e+00,2.933795452117919922e+00,-4.775874137878417969e+00,-4.068153381347656250e+00,nan,nan,nan,nan,nan,nan,nan,nan,nan,nan,nan,nan,nan,nan,nan,nan,nan,nan,nan,nan,nan,nan,nan,nan,nan,nan,nan,nan,nan,nan,nan,nan,nan,nan,nan,nan,nan,nan,nan,nan,nan,nan,nan,nan,nan,nan,nan,nan,nan,nan,nan,nan,nan,nan,nan,nan,1.011241817474365234e+01,4.499005794525146484e+00,1.100911045074462891e+01,1.576591396331787109e+01,1.024160385131835938e+01,2.214941263198852539e+00,2.503882884979248047e+00,4.037983417510986328e+00,-6.129158139228820801e-01,1.725996851921081543e+00,1.366100162267684937e-01,3.916212797164916992e+00,nan,nan,nan,nan,nan,nan,nan,nan,nan,nan,nan,nan,nan,nan
nan,nan,nan,nan,nan,nan,nan,nan,nan,nan,nan,nan,nan,nan,nan,nan,nan,nan,nan,nan,-9.551836848258972168e-01,-1.629358530044555664e+00,1.822686314582824707e+00,-7.484112977981567383e-01,-2.511254787445068359e+00,nan,nan,nan,nan,nan,nan,nan,nan,nan,nan,nan,nan,nan,nan,nan,nan,nan,nan,nan,nan,nan,nan,nan,nan,nan,nan,nan,nan,nan,nan,nan,nan,nan,nan,nan,nan,nan,nan,nan,nan,nan,nan,nan,nan,nan,nan,nan,nan,nan,nan,nan,nan,nan,nan,nan,nan,nan,nan,nan,nan,nan,nan,nan,nan,nan,nan,nan,nan,nan,nan,nan,nan,nan,nan,nan,8.776143074035644531e+00,2.597481346130371094e+01,1.880838012695312500e+01,1.283497619628906250e+01,3.647785186767578125e+00,9.097900390625000000e+00,1.583693122863769531e+01,1.100520515441894531e+01,9.821903228759765625e+00,3.861480474472045898e+00,1.051539802551269531e+01,nan,nan,nan,nan,nan,nan,nan,nan,nan,nan,nan,nan,nan,nan
nan,nan,nan,nan,nan,nan,nan,nan,nan,nan,nan,nan,nan,nan,nan,nan,nan,nan,nan,nan,-6.550744771957397461e-01,-1.413835883140563965e+00,-6.233897209167480469e-01,5.265012383460998535e-01,-3.264530897140502930e+00,-1.189926528930664062e+01,-5.013738632202148438e+00,nan,nan,nan,nan,nan,nan,nan,nan,nan,nan,nan,nan,nan,nan,nan,nan,nan,nan,nan,nan,nan,nan,nan,nan,nan,nan,nan,nan,nan,nan,nan,nan,nan,nan,nan,nan,nan,nan,nan,nan,nan,nan,nan,nan,nan,nan,nan,nan,nan,nan,nan,nan,nan,nan,nan,nan,nan,nan,nan,nan,nan,nan,nan,nan,nan,nan,nan,nan,nan,nan,nan,1.616985702514648438e+01,1.579638576507568359e+01,2.474778366088867188e+01,3.011693763732910156e+01,2.472203254699707031e+01,1.809562683105468750e+01,1.321094894409179688e+01,1.847331619262695312e+01,1.254080772399902344e+01,1.134636878967285156e+01,7.357907295227050781e-01,2.765971660614013672e+00,1.983856201171875000e+00,1.485941886901855469e+01,4.146345615386962891e+00,nan,nan,nan,nan,nan,nan,nan,nan,nan,nan,nan,nan
nan,nan,nan,nan,nan,nan,nan,nan,nan,nan,nan,nan,nan,nan,nan,nan,nan,nan,nan,nan,nan,-1.594611048698425293e+00,-4.407156666275113821e-04,-1.647056895308196545e-03,2.179858922958374023e+00,-5.896191596984863281e+00,-3.276871442794799805e-01,nan,nan,nan,nan,nan,nan,nan,nan,nan,nan,nan,nan,nan,nan,nan,nan,nan,nan,nan,nan,nan,nan,nan,nan,nan,nan,nan,nan,nan,nan,nan,nan,nan,nan,nan,nan,nan,nan,nan,nan,nan,nan,nan,nan,nan,nan,nan,nan,nan,nan,nan,nan,nan,nan,nan,nan,nan,nan,nan,nan,nan,nan,nan,nan,nan,nan,nan,nan,nan,nan,nan,nan,nan,2.599747085571289062e+01,3.369287872314453125e+01,1.918377113342285156e+01,1.648646163940429688e+01,8.438591003417968750e+00,1.108522701263427734e+01,7.714474678039550781e+00,3.849723100662231445e+00,-3.263627767562866211e+00,-1.075101017951965332e+00,-1.200083374977111816e+00,6.296455383300781250e+00,8.912251472473144531e+00,5.603738307952880859e+00,nan,nan,nan,nan,nan,nan,nan,nan,nan,nan,nan
nan,nan,nan,nan,nan,nan,nan,nan,nan,nan,nan,nan,nan,nan,nan,nan,nan,nan,nan,nan,nan,-1.740234613418579102e+00,6.759435176849365234e+00,3.294497251510620117e+00,3.002602338790893555e+00,-3.257541179656982422e+00,-1.508629226684570312e+01,-7.085274696350097656e+00,nan,nan,nan,nan,nan,nan,nan,nan,nan,nan,nan,nan,nan,nan,nan,nan,nan,nan,nan,nan,nan,nan,nan,nan,nan,nan,nan,nan,nan,nan,nan,nan,nan,nan,nan,nan,nan,nan,nan,nan,nan,nan,nan,nan,nan,nan,nan,nan,nan,nan,nan,nan,nan,nan,nan,nan,nan,nan,nan,nan,nan,nan,nan,nan,nan,nan,nan,nan,nan,nan,nan,1.789726448059082031e+01,2.696326828002929688e+01,3.041997337341308594e+01,1.950060272216796875e+01,1.691293525695800781e+01,9.757122993469238281e+00,8.038249969482421875e+00,1.043701457977294922e+01,8.394438743591308594e+00,-1.582839637994766235e-01,-4.415449619293212891e+00,-6.151834011077880859e+00,4.540935039520263672e+00,5.082994461059570312e+00,6.607817173004150391e+00,nan,nan,nan,nan,nan,nan,nan,nan,nan,nan,nan
nan,nan,nan,nan,nan,nan,nan,nan,nan,nan,nan,nan,nan,nan,nan,nan,nan,nan,nan,nan,nan,1.375731468200683594e+01,-1.034808874130249023e+00,-1.516867446899414062e+01,-8.307000160217285156e+00,-9.784507751464843750e+00,-1.782509040832519531e+01,-6.439717769622802734e+00,nan,nan,nan,nan,nan,nan,nan,nan,nan,nan,nan,nan,nan,nan,nan,nan,nan,nan,nan,nan,nan,nan,nan,nan,nan,nan,nan,nan,nan,nan,nan,nan,nan,nan,nan,nan,nan,nan,nan,nan,nan,nan,nan,nan,nan,nan,nan,nan,nan,nan,nan,nan,nan,nan,nan,nan,nan,nan,nan,nan,nan,nan,nan,nan,nan,nan,nan,nan,nan,nan,nan,1.777587127685546875e+01,1.454114437103271484e+01,1.078548908233642578e+01,1.367729091644287109e+01,1.419162559509277344e+01,9.812378883361816406e+00,4.999335289001464844e+00,9.645515441894531250e+00,1.116001796722412109e+01,5.159292697906494141e+00,-4.429974079132080078e+00,-6.183948993682861328e+00,1.024420356750488281e+01,1.341473388671875000e+01,1.758047676086425781e+01,nan,nan,nan,nan,nan,nan,nan,nan,nan,nan,nan
nan,nan,nan,nan,nan,nan,nan,nan,nan,nan,nan,nan,nan,nan,nan,nan,nan,nan,nan,nan,3.716041147708892822e-01,3.649705886840820312e+00,8.851879835128784180e-01,-7.340496063232421875e+00,-1.048754215240478516e+01,-1.513516712188720703e+01,-1.997875785827636719e+01,-1.094536304473876953e+01,nan,nan,nan,nan,nan,nan,nan,nan,nan,nan,nan,nan,nan,nan,nan,nan,nan,nan,nan,nan,nan,nan,nan,nan,nan,nan,nan,nan,nan,nan,nan,nan,nan,nan,nan,nan,nan,nan,nan,nan,nan,nan,nan,nan,nan,nan,nan,nan,nan,nan,nan,nan,nan,nan,nan,nan,nan,nan,nan,nan,nan,nan,nan,nan,nan,nan,nan,nan,nan,nan,1.870874023437500000e+01,1.679977798461914062e+01,1.506306648254394531e+01,8.875178098678588867e-01,2.199770450592041016e+00,4.976128578186035156e+00,7.830095767974853516e+00,6.080157756805419922e+00,6.842521667480468750e+00,1.129415798187255859e+01,8.782980918884277344e+00,6.973333835601806641e+00,-5.591053962707519531e-01,8.660231828689575195e-01,1.912632942199707031e+00,1.565465068817138672e+01,nan,nan,nan,nan,nan,nan,nan,nan,nan,nan,nan
nan,nan,nan,nan,nan,nan,nan,nan,nan,nan,nan,nan,nan,nan,nan,nan,nan,nan,nan,nan,nan,6.666568279266357422e+00,-5.545726299285888672e+00,-7.678622722625732422e+00,-8.431859970092773438e+00,-1.332040882110595703e+01,-1.103470134735107422e+01,-6.308022975921630859e+00,-1.045155644416809082e+00,-9.050390720367431641e-01,-2.531472444534301758e+00,-2.968865871429443359e+00,-1.782706379890441895e+00,nan,nan,nan,nan,nan,nan,nan,nan,nan,nan,nan,nan,nan,nan,nan,nan,nan,nan,nan,nan,nan,nan,nan,nan,nan,nan,nan,nan,nan,nan,nan,nan,nan,nan,nan,nan,nan,nan,nan,nan,nan,nan,nan,nan,nan,nan,nan,nan,nan,nan,nan,nan,nan,nan,nan,nan,nan,nan,nan,nan,nan,nan,nan,nan,nan,nan,nan,nan,1.100495815277099609e+01,9.802426338195800781e+00,-7.316573262214660645e-01,2.914159595966339111e-01,5.548155784606933594e+00,6.454284667968750000e+00,9.008834838867187500e+00,-5.863478183746337891e-01,1.014789009094238281e+01,1.307729911804199219e+01,6.182383537292480469e+00,8.445175170898437500e+00,1.452831172943115234e+01,1.612120056152343750e+01,nan,nan,nan,nan,nan,nan,nan,nan,nan,nan
nan,nan,nan,nan,nan,nan,nan,nan,nan,nan,nan,nan,nan,nan,nan,nan,nan,nan,nan,nan,nan,-2.755836546421051025e-01,-9.560298919677734375e+00,-1.141196060180664062e+01,-1.689714074134826660e+00,-5.577019214630126953e+00,-6.656326770782470703e+00,-7.248094558715820312e+00,-3.531016111373901367e+00,-5.028639316558837891e+00,-1.638553142547607422e+00,6.190761327743530273e-01,nan,nan,nan,nan,nan,nan,nan,nan,nan,nan,nan,nan,nan,nan,nan,nan,nan,nan,nan,nan,nan,nan,nan,nan,nan,nan,nan,nan,nan,nan,nan,nan,nan,nan,nan,nan,nan,nan,nan,nan,nan,nan,nan,nan,nan,nan,nan,nan,nan,nan,nan,nan,nan,nan,nan,nan,nan,nan,nan,nan,nan,nan,nan,nan,nan,nan,nan,nan,nan,8.414609909057617188e+00,nan,nan,nan,8.108254432678222656e+00,5.236220836639404297e+00,1.456080532073974609e+01,1.001089668273925781e+01,8.913659095764160156e+00,1.813829231262207031e+01,2.983751296997070312e+01,2.791946411132812500e+01,2.309497261047363281e+01,1.766158866882324219e+01,nan,nan,nan,nan,nan,nan,nan,nan,nan,nan
nan,nan,nan,nan,nan,nan,nan,nan,nan,nan,nan,nan,nan,nan,nan,nan,nan,nan,nan,nan,nan,nan,2.031207275390625000e+01,2.894721031188964844e+01,-7.158158302307128906e+00,-5.218417644500732422e+00,-9.601061820983886719e+00,-7.188469409942626953e+00,-7.474193572998046875e+00,-1.374502468109130859e+01,-1.079359352588653564e-01,5.893969058990478516e+00,nan,nan,nan,nan,nan,nan,nan,nan,nan,nan,nan,nan,nan,nan,nan,nan,nan,nan,nan,nan,nan,nan,nan,nan,nan,nan,nan,nan,nan,nan,nan,nan,nan,nan,nan,nan,nan,nan,nan,nan,nan,nan,nan,nan,nan,nan,nan,nan,nan,nan,nan,nan,nan,nan,nan,nan,nan,nan,nan,nan,nan,nan,nan,nan,nan,nan,nan,nan,nan,nan,nan,nan,nan,4.702898979187011719e+00,7.304022312164306641e+00,1.915762138366699219e+01,1.610917663574218750e+01,1.623019599914550781e+01,1.871212577819824219e+01,3.369967269897460938e+01,3.711352539062500000e+01,3.224132919311523438e+01,2.601049995422363281e+01,nan,nan,nan,nan,nan,nan,nan,nan,nan,nan
nan,nan,nan,nan,nan,nan,nan,nan,nan,nan,nan,nan,nan,nan,nan,nan,nan,nan,nan,nan,nan,nan,-9.535537362098693848e-01,1.517382621765136719e+01,-1.151067852973937988e+00,-2.611665725708007812e+00,-6.324248313903808594e+00,nan,-4.564163208007812500e+00,-1.261577987670898438e+01,-1.046861529350280762e+00,8.229653358459472656e+00,-1.713442444801330566e+00,nan,nan,nan,nan,nan,nan,nan,nan,nan,nan,nan,nan,nan,nan,nan,nan,nan,nan,nan,nan,nan,nan,nan,nan,nan,nan,nan,nan,nan,nan,nan,nan,nan,nan,nan,nan,nan,nan,nan,nan,nan,nan,nan,nan,nan,nan,nan,nan,nan,nan,nan,nan,nan,nan,nan,nan,nan,nan,nan,nan,nan,nan,nan,nan,nan,nan,nan,nan,nan,nan,nan,5.965577602386474609e+00,-4.368691742420196533e-01,6.621489048004150391e+00,1.259987449645996094e+01,1.396040821075439453e+01,1.220786476135253906e+01,1.931806945800781250e+01,2.190151786804199219e+01,2.916579246520996094e+01,3.193460655212402344e+01,1.904463958740234375e+01,nan,nan,nan,nan,nan,nan,nan,nan,nan,nan
nan,nan,nan,nan,nan,nan,nan,nan,nan,nan,nan,nan,nan,nan,nan,nan,nan,nan,nan,nan,nan,nan,nan,2.939823865890502930e+00,-4.257773876190185547e+00,-3.123226881027221680e+00,-5.480309009552001953e+00,nan,-9.444749832153320312e+00,-8.107652664184570312e+00,1.841116428375244141e+00,3.758538246154785156e+00,-1.275110125541687012e+00,nan,nan,nan,nan,nan,nan,nan,nan,nan,nan,nan,nan,nan,nan,nan,nan,nan,nan,nan,nan,nan,nan,nan,nan,nan,nan,nan,nan,nan,nan,nan,nan,nan,nan,nan,nan,nan,nan,nan,nan,nan,nan,nan,nan,nan,nan,nan,nan,nan,nan,nan,nan,nan,nan,nan,nan,nan,nan,nan,nan,nan,nan,nan,nan,nan,nan,nan,nan,nan,nan,nan,nan,-1.302388668060302734e+00,4.546141147613525391e+00,1.095586490631103516e+01,1.146834278106689453e+01,1.252000141143798828e+01,1.725300979614257812e+01,1.439791107177734375e+01,1.020875835418701172e+01,1.838690376281738281e+01,nan,nan,nan,nan,nan,nan,nan,nan,nan,nan,nan
nan,nan,nan,nan,nan,nan,nan,nan,nan,nan,nan,nan,nan,nan,nan,nan,nan,nan,nan,nan,nan,3.222088813781738281e+00,7.826406002044677734e+00,9.119284629821777344e+00,-2.999172925949096680e+00,-5.377480983734130859e+00,-6.411880970001220703e+00,-6.232495307922363281e+00,-8.801220893859863281e+00,-8.527602195739746094e+00,-4.291429519653320312e+00,6.776252269744873047e+00,nan,nan,nan,nan,nan,nan,nan,nan,nan,nan,nan,nan,nan,nan,nan,nan,nan,nan,nan,nan,nan,nan,nan,nan,nan,nan,nan,nan,nan,nan,nan,nan,nan,nan,nan,nan,nan,nan,nan,nan,nan,nan,nan,nan,nan,nan,nan,nan,nan,nan,nan,nan,nan,nan,nan,nan,nan,nan,nan,nan,nan,nan,nan,nan,nan,nan,nan,nan,nan,nan,nan,nan,nan,-3.444278836250305176e-01,5.536323547363281250e+00,9.217179298400878906e+00,1.051663875579833984e+01,1.061185836791992188e+01,1.433378601074218750e+01,1.112104511260986328e+01,6.460780143737792969e+00,nan,nan,nan,nan,nan,nan,nan,nan,nan,nan,nan,nan
nan,nan,nan,nan,nan,nan,nan,nan,nan,nan,nan,nan,nan,nan,nan,nan,nan,nan,nan,nan,nan,nan,-5.247590541839599609e-01,-3.612109273672103882e-02,-9.123682975769042969e+00,-9.328919410705566406e+00,-1.086634349822998047e+01,-5.153476715087890625e+00,-4.840795040130615234e+00,-4.448172092437744141e+00,-3.979264736175537109e+00,3.973631858825683594e-01,nan,nan,nan,nan,nan,nan,nan,nan,nan,nan,nan,nan,nan,nan,nan,nan,nan,nan,nan,nan,nan,nan,nan,nan,nan,nan,nan,nan,nan,nan,nan,nan,nan,nan,nan,nan,nan,nan,nan,nan,nan,nan,nan,nan,nan,nan,nan,nan,nan,nan,nan,nan,nan,nan,nan,nan,nan,nan,nan,nan,nan,nan,nan,nan,nan,nan,nan,nan,nan,nan,nan,nan,nan,-5.008714199066162109e-01,2.860438585281372070e+00,6.159274578094482422e+00,7.803689479827880859e+00,7.927598476409912109e+00,7.495748043060302734e+00,6.859556674957275391e+00,1.139165592193603516e+01,nan,nan,nan,nan,nan,nan,nan,nan,nan,nan,nan,nan
nan,nan,nan,nan,nan,nan,nan,nan,nan,nan,nan,nan,nan,nan,nan,nan,nan,nan,nan,nan,nan,7.207980155944824219e+00,-2.477640390396118164e+00,5.631219387054443359e+00,1.042299151420593262e+00,nan,-2.399224758148193359e+00,-3.480379819869995117e+00,-2.354023933410644531e+00,3.126817941665649414e+00,7.259009361267089844e+00,nan,nan,nan,nan,nan,nan,nan,nan,nan,nan,nan,nan,nan,nan,nan,nan,nan,nan,nan,nan,nan,nan,nan,nan,nan,nan,nan,nan,nan,nan,nan,nan,nan,nan,nan,nan,nan,nan,nan,nan,nan,nan,nan,nan,nan,nan,nan,nan,nan,nan,nan,nan,nan,nan,nan,nan,nan,nan,nan,nan,nan,nan,nan,nan,nan,nan,nan,nan,nan,nan,nan,nan,nan,2.634331226348876953e+00,3.162241876125335693e-01,-2.422701269388198853e-01,5.959912300109863281e+00,4.529084205627441406e+00,5.033582210540771484e+00,-7.823985815048217773e-01,-4.587193489074707031e+00,7.661055088043212891e+00,nan,nan,nan,nan,nan,nan,nan,nan,nan,nan,nan,nan
nan,nan,nan,nan,nan,nan,nan,nan,nan,nan,nan,nan,nan,nan,nan,nan,nan,nan,nan,nan,nan,nan,4.821591377258300781e+00,1.118153476715087891e+01,1.253696060180664062e+01,nan,4.071326732635498047e+00,1.444017529487609863e+00,4.430419921875000000e+00,6.111463546752929688e+00,5.932904243469238281e+00,nan,nan,nan,nan,nan,nan,nan,nan,nan,nan,nan,nan,nan,nan,nan,nan,nan,nan,nan,nan,nan,nan,nan,nan,nan,nan,nan,nan,nan,nan,nan,nan,nan,nan,nan,nan,nan,nan,nan,nan,nan,nan,nan,nan,nan,nan,nan,nan,nan,nan,nan,nan,nan,nan,nan,nan,nan,nan,nan,nan,nan,nan,nan,nan,nan,nan,nan,nan,nan,nan,nan,nan,nan,1.788065075874328613e+00,1.347962498664855957e+00,-3.148770332336425781e+00,7.494569420814514160e-01,4.570744991302490234e+00,2.746006965637207031e+00,-7.789011478424072266e+00,9.425156116485595703e-01,4.409649848937988281e+00,nan,nan,nan,nan,nan,nan,nan,nan,nan,nan,nan,nan
nan,nan,nan,nan,nan,nan,nan,nan,nan,nan,nan,nan,nan,nan,nan,nan,nan,nan,nan,nan,1.116225624084472656e+01,-1.847104430198669434e+00,1.912762260437011719e+01,1.817080116271972656e+01,1.290954685211181641e+01,6.348447322845458984e+00,5.765113353729248047e+00,1.241808414459228516e+01,8.261857986450195312e+00,1.322739791870117188e+01,7.638008594512939453e+00,5.767484664916992188e+00,nan,nan,nan,nan,nan,nan,nan,nan,nan,nan,nan,nan,nan,nan,nan,nan,nan,nan,nan,nan,nan,nan,nan,nan,nan,nan,nan,nan,nan,nan,nan,nan,nan,nan,nan,nan,nan,nan,nan,nan,nan,nan,nan,nan,nan,nan,nan,nan,nan,nan,nan,nan,nan,nan,nan,nan,nan,nan,nan,nan,nan,nan,nan,nan,nan,nan,nan,nan,nan,nan,nan,nan,1.105477094650268555e+00,nan,-3.190357208251953125e+00,9.707994461059570312e-01,5.647281646728515625e+00,7.459806919097900391e+00,5.757892131805419922e+00,2.455784797668457031e+00,2.343272209167480469e+00,nan,nan,nan,nan,nan,nan,nan,nan,nan,nan,nan,nan
nan,nan,nan,nan,nan,nan,nan,nan,nan,nan,nan,nan,nan,nan,nan,nan,nan,nan,nan,nan,1.327905941009521484e+01,1.130893611907958984e+01,1.230367279052734375e+01,2.047622871398925781e+01,2.558156967163085938e+01,1.838656616210937500e+01,1.084893035888671875e+01,1.078339195251464844e+01,7.505028724670410156e+00,1.343712425231933594e+01,8.794755935668945312e+00,nan,nan,nan,nan,nan,nan,nan,nan,nan,nan,nan,nan,nan,nan,nan,nan,nan,nan,nan,nan,nan,nan,nan,nan,nan,nan,nan,nan,nan,nan,nan,nan,nan,nan,nan,nan,nan,nan,nan,nan,nan,nan,nan,nan,nan,nan,nan,nan,nan,nan,nan,nan,nan,nan,nan,nan,nan,nan,nan,nan,nan,nan,nan,nan,nan,nan,nan,nan,nan,nan,nan,nan,nan,4.668718576431274414e-01,1.270064830780029297e+00,-1.640958666801452637e+00,-4.160252283327281475e-04,4.431247234344482422e+00,8.126686096191406250e+00,1.294758033752441406e+01,-6.565244197845458984e+00,1.270019292831420898e+00,nan,nan,nan,nan,nan,nan,nan,nan,nan,nan,nan,nan
nan,nan,nan,nan,nan,nan,nan,nan,nan,nan,nan,nan,nan,nan,nan,nan,nan,nan,nan,nan,nan,8.233081817626953125e+00,1.545401191711425781e+01,2.745031929016113281e+01,3.202923583984375000e+01,3.063968086242675781e+01,1.831561660766601562e+01,9.707829475402832031e+00,5.380537986755371094e+00,9.104764938354492188e+00,1.187629318237304688e+01,nan,nan,nan,nan,nan,nan,nan,nan,nan,nan,nan,nan,nan,nan,nan,nan,nan,nan,nan,nan,nan,nan,nan,nan,nan,nan,nan,nan,nan,nan,nan,nan,nan,nan,nan,nan,nan,nan,nan,nan,nan,nan,nan,nan,nan,nan,nan,nan,nan,nan,nan,nan,nan,nan,nan,nan,nan,nan,nan,nan,nan,nan,nan,nan,nan,nan,nan,nan,nan,nan,nan,nan,nan,nan,nan,nan,-7.192236423492431641e+00,-4.594829559326171875e+00,8.205456733703613281e+00,8.971780776977539062e+00,-1.578154087066650391e+00,-3.080646038055419922e+00,nan,nan,nan,nan,nan,nan,nan,nan,nan,nan,nan,nan
nan,nan,nan,nan,nan,nan,nan,nan,nan,nan,nan,nan,nan,nan,nan,nan,nan,nan,nan,nan,nan,2.104980278015136719e+01,2.219837760925292969e+01,2.226985168457031250e+01,3.203793716430664062e+01,2.915494346618652344e+01,2.500938224792480469e+01,1.791156387329101562e+01,1.025105285644531250e+01,9.960729598999023438e+00,nan,nan,nan,nan,nan,nan,nan,nan,nan,nan,nan,nan,nan,nan,nan,nan,nan,nan,nan,nan,nan,nan,nan,nan,nan,nan,nan,nan,nan,nan,nan,nan,nan,nan,nan,nan,nan,nan,nan,nan,nan,nan,nan,nan,nan,nan,nan,nan,nan,nan,nan,nan,nan,nan,nan,nan,nan,nan,nan,nan,nan,nan,nan,nan,nan,nan,nan,nan,nan,nan,nan,nan,nan,nan,nan,nan,nan,7.139828205108642578e-01,-3.280668497085571289e+00,-6.464491844177246094e+00,-5.409266948699951172e+00,-8.884552001953125000e+00,5.273207426071166992e-01,nan,nan,nan,nan,nan,nan,nan,nan,nan,nan,nan,nan
nan,nan,nan,nan,nan,nan,nan,nan,nan,nan,nan,nan,nan,nan,nan,nan,nan,nan,nan,nan,nan,nan,nan,2.526613998413085938e+01,3.965545272827148438e+01,3.270766067504882812e+01,3.162193298339843750e+01,2.059244918823242188e+01,1.891470336914062500e+01,1.382798480987548828e+01,1.617574119567871094e+01,nan,nan,nan,nan,nan,nan,nan,nan,nan,nan,nan,nan,nan,nan,nan,nan,nan,nan,nan,nan,nan,nan,nan,nan,nan,nan,nan,nan,nan,nan,nan,nan,nan,nan,nan,nan,nan,nan,nan,nan,nan,nan,nan,nan,nan,nan,nan,nan,nan,nan,nan,nan,nan,nan,nan,nan,nan,nan,nan,nan,nan,nan,nan,nan,nan,nan,nan,nan,nan,nan,nan,nan,nan,nan,nan,nan,nan,3.129109144210815430e+00,5.742719769477844238e-01,-1.648305416107177734e+00,-5.218926429748535156e+00,nan,nan,nan,nan,nan,nan,nan,nan,nan,nan,nan,nan,nan
nan,nan,nan,nan,nan,nan,nan,nan,nan,nan,nan,nan,nan,nan,nan,nan,nan,nan,nan,nan,nan,nan,nan,nan,4.050235748291015625e+01,3.629232406616210938e+01,3.468517684936523438e+01,2.571593475341796875e+01,2.287233734130859375e+01,1.770807075500488281e+01,1.774609756469726562e+01,nan,nan,nan,nan,nan,nan,nan,nan,nan,nan,nan,nan,nan,nan,nan,nan,nan,nan,nan,nan,nan,nan,nan,nan,nan,nan,nan,nan,nan,nan,nan,nan,nan,nan,nan,nan,nan,nan,nan,nan,nan,nan,nan,nan,nan,nan,nan,nan,nan,nan,nan,nan,nan,nan,nan,nan,nan,nan,nan,nan,nan,nan,nan,nan,nan,nan,nan,nan,nan,nan,nan,nan,nan,nan,nan,nan,nan,5.465942382812500000e+00,3.209335803985595703e+00,2.095321416854858398e+00,3.633367538452148438e+00,-2.430878877639770508e-01,nan,nan,nan,nan,nan,nan,nan,nan,nan,nan,nan,nan
nan,nan,nan,nan,nan,nan,nan,nan,nan,nan,nan,nan,nan,nan,nan,nan,nan,nan,nan,nan,nan,nan,nan,nan,2.923450851440429688e+01,3.791966247558593750e+01,3.187298202514648438e+01,2.694635772705078125e+01,2.274358940124511719e+01,2.084683799743652344e+01,8.386721611022949219e+00,4.971353054046630859e+00,4.709306240081787109e+00,1.431647586822509766e+01,nan,nan,nan,nan,nan,nan,nan,nan,nan,nan,nan,nan,nan,nan,nan,nan,nan,nan,nan,nan,nan,nan,nan,nan,nan,nan,nan,nan,nan,nan,nan,nan,nan,nan,nan,nan,nan,nan,nan,nan,nan,nan,nan,nan,nan,nan,nan,nan,nan,nan,nan,nan,nan,nan,nan,nan,nan,nan,nan,nan,nan,nan,nan,nan,nan,nan,nan,nan,nan,nan,nan,1.387249946594238281e+00,-2.160374879837036133e+00,6.198973860591650009e-03,-4.021943360567092896e-02,-2.925794422626495361e-01,5.802368164062500000e+00,-6.132670119404792786e-02,-6.378506422042846680e-01,nan,nan,nan,nan,nan,nan,nan,nan,nan,nan,nan,nan
nan,nan,nan,nan,nan,nan,nan,nan,nan,nan,nan,nan,nan,nan,nan,nan,nan,nan,nan,nan,nan,nan,nan,nan,nan,4.519874191284179688e+01,3.271322631835937500e+01,2.112169265747070312e+01,2.311017227172851562e+01,2.280447769165039062e+01,1.543023872375488281e+01,1.127824306488037109e+01,9.320515632629394531e+00,9.858193397521972656e+00,1.372988510131835938e+01,nan,nan,nan,nan,nan,nan,nan,nan,nan,nan,nan,nan,nan,nan,nan,nan,nan,nan,nan,nan,nan,nan,nan,nan,nan,nan,nan,nan,nan,nan,nan,nan,nan,nan,nan,nan,nan,nan,nan,nan,nan,nan,nan,nan,nan,nan,nan,nan,nan,nan,nan,nan,nan,nan,nan,nan,nan,nan,nan,nan,nan,nan,nan,nan,nan,nan,nan,nan,nan,nan,2.323879957199096680e+00,1.716036796569824219e+00,7.077033042907714844e+00,9.106545448303222656e-01,-5.400502204895019531e+00,nan,nan,nan,nan,nan,nan,nan,nan,nan,nan,nan,nan,nan,nan,nan
nan,nan,nan,nan,nan,nan,nan,nan,nan,nan,nan,nan,nan,nan,nan,nan,nan,nan,nan,nan,nan,nan,nan,nan,nan,4.132619857788085938e+01,3.118255424499511719e+01,2.149413490295410156e+01,2.950294113159179688e+01,2.982460784912109375e+01,2.277177238464355469e+01,1.862240600585937500e+01,1.620336341857910156e+01,9.788822174072265625e+00,6.260028481483459473e-01,nan,nan,nan,nan,nan,nan,nan,nan,nan,nan,nan,nan,nan,nan,nan,nan,nan,nan,nan,nan,nan,nan,nan,nan,nan,nan,nan,nan,nan,nan,nan,nan,nan,nan,nan,nan,nan,nan,nan,nan,nan,nan,nan,nan,nan,nan,nan,nan,nan,nan,nan,nan,nan,nan,nan,nan,nan,nan,nan,nan,nan,nan,nan,nan,nan,nan,nan,nan,nan,nan,1.036289095878601074e+00,3.735855102539062500e+00,5.162647247314453125e+00,-2.165735006332397461e+00,-7.156080722808837891e+00,nan,nan,nan,nan,nan,nan,nan,nan,nan,nan,nan,nan,nan,nan,nan
nan,nan,nan,nan,nan,nan,nan,nan,nan,nan,nan,nan,nan,nan,nan,nan,nan,nan,nan,nan,nan,nan,nan,nan,nan,3.049023628234863281e+01,2.090001487731933594e+01,2.132289695739746094e+01,2.727010917663574219e+01,3.175447845458984375e+01,2.718525314331054688e+01,2.053822898864746094e+01,1.919782066345214844e+01,1.683739089965820312e+01,4.236734390258789062e+00,1.403178691864013672e+01,nan,nan,nan,nan,nan,nan,nan,nan,nan,nan,nan,nan,nan,nan,nan,nan,nan,nan,nan,nan,nan,nan,nan,nan,nan,nan,nan,nan,nan,nan,nan,nan,nan,nan,nan,nan,nan,nan,nan,nan,nan,nan,nan,nan,nan,nan,nan,nan,nan,nan,nan,nan,nan,nan,nan,nan,nan,nan,nan,nan,nan,nan,nan,nan,nan,nan,nan,nan,-1.487198472023010254e+00,1.078789472579956055e+00,9.155701637268066406e+00,8.422330856323242188e+00,-4.911947727203369141e+00,2.929113626480102539e+00,nan,nan,nan,nan,nan,nan,nan,nan,nan,nan,nan,nan,nan,nan,nan
nan,nan,nan,nan,nan,nan,nan,nan,nan,nan,nan,nan,nan,nan,nan,nan,nan,nan,nan,nan,nan,nan,nan,nan,nan,3.114180946350097656e+01,3.233910751342773438e+01,2.952497100830078125e+01,3.198125267028808594e+01,3.314649200439453125e+01,2.715426635742187500e+01,2.112970733642578125e+01,1.985388755798339844e+01,1.915707969665527344e+01,1.272098636627197266e+01,1.122045993804931641e+01,nan,nan,nan,nan,nan,nan,nan,nan,nan,nan,nan,nan,nan,nan,nan,nan,nan,nan,nan,nan,nan,nan,nan,nan,nan,nan,nan,nan,nan,nan,nan,nan,nan,nan,nan,nan,nan,nan,nan,nan,nan,nan,nan,nan,nan,nan,nan,nan,nan,nan,nan,nan,nan,nan,nan,nan,nan,nan,nan,nan,nan,nan,nan,nan,nan,nan,nan,2.666451692581176758e+00,-2.043550729751586914e+00,1.441903471946716309e+00,8.586235046386718750e+00,7.630480766296386719e+00,2.169260263442993164e+00,nan,nan,nan,nan,nan,nan,nan,nan,nan,nan,nan,nan,nan,nan,nan,nan
nan,nan,nan,nan,nan,nan,nan,nan,nan,nan,nan,nan,nan,nan,nan,nan,nan,nan,nan,nan,nan,nan,nan,nan,nan,3.202209854125976562e+01,3.103918838500976562e+01,3.384643173217773438e+01,2.972472190856933594e+01,2.694467163085937500e+01,2.686961174011230469e+01,2.278712844848632812e+01,2.413143730163574219e+01,1.884919357299804688e+01,1.500432968139648438e+01,1.276955318450927734e+01,1.434363937377929688e+01,nan,nan,nan,nan,nan,nan,nan,nan,nan,nan,nan,nan,nan,nan,nan,nan,nan,nan,nan,nan,nan,nan,nan,nan,nan,nan,nan,nan,nan,nan,nan,nan,nan,nan,nan,nan,nan,nan,nan,nan,nan,nan,nan,nan,nan,nan,nan,nan,nan,nan,nan,nan,nan,nan,nan,nan,nan,nan,nan,nan,nan,nan,nan,nan,nan,1.958934783935546875e+00,-4.507408142089843750e+00,3.183022260665893555e+00,9.149949073791503906e+00,4.923489093780517578e+00,2.691873550415039062e+00,nan,nan,nan,nan,nan,nan,nan,nan,nan,nan,nan,nan,nan,nan,nan,nan,nan
nan,nan,nan,nan,nan,nan,nan,nan,nan,nan,nan,nan,nan,nan,nan,nan,nan,nan,nan,nan,nan,nan,nan,nan,nan,nan,nan,4.117734146118164062e+01,3.423318481445312500e+01,3.059210014343261719e+01,2.926817703247070312e+01,2.775289344787597656e+01,2.823745155334472656e+01,2.188409996032714844e+01,1.200455760955810547e+01,8.306716918945312500e+00,6.580918788909912109e+00,nan,nan,nan,nan,nan,nan,nan,nan,nan,nan,nan,nan,nan,nan,nan,nan,nan,nan,nan,nan,nan,nan,nan,nan,nan,nan,nan,nan,nan,nan,nan,nan,nan,nan,nan,nan,nan,nan,nan,nan,nan,nan,nan,nan,nan,nan,nan,nan,nan,nan,nan,nan,nan,nan,nan,nan,nan,nan,nan,nan,nan,nan,nan,nan,nan,-9.364567756652832031e+00,-5.263567447662353516e+00,6.418943881988525391e+00,1.420314311981201172e+01,1.182770061492919922e+01,3.142025470733642578e+00,nan,nan,nan,nan,nan,nan,nan,nan,nan,nan,nan,nan,nan,nan,nan,nan,nan
nan,nan,nan,nan,nan,nan,nan,nan,nan,nan,nan,nan,nan,nan,nan,nan,nan,nan,nan,nan,nan,nan,nan,nan,nan,nan,nan,3.151263809204101562e+01,3.402061843872070312e+01,3.980843353271484375e+01,3.063187408447265625e+01,2.709030914306640625e+01,2.738847160339355469e+01,2.139084625244140625e+01,1.210224342346191406e+01,8.771746635437011719e+00,6.143929958343505859e+00,1.684257125854492188e+01,nan,nan,nan,nan,nan,nan,nan,nan,nan,nan,nan,nan,nan,nan,nan,nan,nan,nan,nan,nan,nan,nan,nan,nan,nan,nan,nan,nan,nan,nan,nan,nan,nan,nan,nan,nan,nan,nan,nan,nan,nan,nan,nan,nan,nan,nan,nan,nan,nan,nan,nan,nan,nan,nan,nan,nan,nan,nan,nan,nan,nan,nan,nan,nan,2.658329010009765625e-01,-1.817862629890441895e+00,7.547055721282958984e+00,1.256467056274414062e+01,1.318717670440673828e+01,7.072690963745117188e+00,5.848737239837646484e+00,nan,nan,nan,nan,nan,nan,nan,nan,nan,nan,nan,nan,nan,nan,nan,nan
nan,nan,nan,nan,nan,nan,nan,nan,nan,nan,nan,nan,nan,nan,nan,nan,nan,nan,nan,nan,nan,nan,nan,nan,nan,nan,nan,3.513581466674804688e+01,4.881134033203125000e+01,5.154216384887695312e+01,4.125663375854492188e+01,3.146795272827148438e+01,2.940940856933593750e+01,2.684717178344726562e+01,1.870068550109863281e+01,1.311573982238769531e+01,7.176024913787841797e+00,8.634540557861328125e+00,nan,nan,nan,nan,nan,nan,nan,nan,nan,nan,nan,nan,nan,nan,nan,nan,nan,nan,nan,nan,nan,nan,nan,nan,nan,nan,nan,nan,nan,nan,nan,nan,nan,nan,nan,nan,nan,nan,nan,nan,nan,nan,nan,nan,nan,nan,nan,nan,nan,nan,nan,nan,nan,nan,nan,nan,nan,nan,nan,nan,nan,nan,nan,nan,-2.686313688755035400e-01,-2.879167318344116211e+00,1.663994550704956055e+00,5.097715377807617188e+00,7.890635490417480469e+00,5.812259674072265625e+00,6.552732467651367188e+00,nan,nan,nan,nan,nan,nan,nan,nan,nan,nan,nan,nan,nan,nan,nan,nan
nan,nan,nan,nan,nan,nan,nan,nan,nan,nan,nan,nan,nan,nan,nan,nan,nan,nan,nan,nan,nan,nan,nan,nan,nan,nan,nan,nan,nan,4.475642395019531250e+01,4.378169250488281250e+01,4.003918838500976562e+01,3.156633567810058594e+01,2.951904106140136719e+01,2.558788681030273438e+01,2.051506996154785156e+01,1.429011058807373047e+01,7.515663146972656250e+00,nan,nan,nan,nan,nan,nan,nan,nan,nan,nan,nan,nan,nan,nan,nan,nan,nan,nan,nan,nan,nan,nan,nan,nan,nan,nan,nan,nan,nan,nan,nan,nan,nan,nan,nan,nan,nan,nan,nan,nan,nan,nan,nan,nan,nan,nan,nan,nan,nan,nan,nan,nan,nan,nan,nan,nan,nan,nan,nan,nan,nan,nan,nan,nan,-5.852602005004882812e+00,-2.201256275177001953e+00,2.956520557403564453e+00,-1.649926066398620605e+00,-4.365302085876464844e+00,7.048779487609863281e+00,nan,nan,nan,nan,nan,nan,nan,nan,nan,nan,nan,nan,nan,nan,nan,nan,nan
nan,nan,nan,nan,nan,nan,nan,nan,nan,nan,nan,nan,nan,nan,nan,nan,nan,nan,nan,nan,nan,nan,nan,nan,nan,nan,nan,nan,nan,nan,3.403001022338867188e+01,3.452211761474609375e+01,3.777747344970703125e+01,3.117776870727539062e+01,3.272497558593750000e+01,2.704885673522949219e+01,2.453990364074707031e+01,1.894035339355468750e+01,nan,nan,2.494368553161621094e+01,nan,nan,nan,nan,nan,nan,nan,nan,nan,nan,nan,nan,nan,nan,nan,nan,nan,nan,nan,nan,nan,nan,nan,nan,nan,nan,nan,nan,nan,nan,nan,nan,nan,nan,nan,nan,nan,nan,nan,nan,nan,nan,nan,nan,nan,nan,nan,nan,nan,nan,nan,nan,nan,nan,nan,nan,nan,nan,nan,6.939787387847900391e+00,3.487023115158081055e-01,-6.973919391632080078e+00,2.361155450344085693e-01,9.111214637756347656e+00,6.741402626037597656e+00,4.106634616851806641e+00,nan,nan,nan,nan,nan,nan,nan,nan,nan,nan,nan,nan,nan,nan,nan,nan,nan,nan
nan,nan,nan,nan,nan,nan,nan,nan,nan,nan,nan,nan,nan,nan,nan,nan,nan,nan,nan,nan,nan,nan,nan,nan,nan,nan,nan,nan,nan,nan,nan,2.983427810668945312e+01,3.330575180053710938e+01,3.391409301757812500e+01,3.132625770568847656e+01,2.902259635925292969e+01,3.256749343872070312e+01,3.185404968261718750e+01,3.087585639953613281e+01,2.330958938598632812e+01,1.763918876647949219e+01,2.565501213073730469e+01,nan,nan,nan,nan,nan,nan,nan,nan,nan,nan,nan,nan,nan,nan,nan,nan,nan,nan,nan,nan,nan,nan,nan,nan,nan,nan,nan,nan,nan,nan,nan,nan,nan,nan,nan,nan,nan,nan,nan,nan,nan,nan,nan,nan,nan,nan,nan,nan,nan,nan,nan,nan,nan,nan,nan,nan,nan,nan,4.999125599861145020e-01,2.413151320070028305e-03,-6.096955537796020508e-01,6.311140537261962891e+00,1.671173858642578125e+01,8.356970787048339844e+00,9.581796646118164062e+00,nan,nan,nan,nan,nan,nan,nan,nan,nan,nan,nan,nan,nan,nan,nan,nan,nan,nan
nan,nan,nan,nan,nan,nan,nan,nan,nan,nan,nan,nan,nan,nan,nan,nan,nan,nan,nan,nan,nan,nan,nan,nan,nan,nan,nan,nan,nan,nan,nan,nan,3.324338912963867188e+01,3.507991027832031250e+01,3.454651641845703125e+01,3.013015937805175781e+01,3.189670181274414062e+01,3.473923492431640625e+01,3.109967422485351562e+01,3.091162109375000000e+01,3.040440750122070312e+01,2.357767486572265625e+01,2.531263923645019531e+01,nan,nan,nan,nan,nan,nan,nan,nan,nan,nan,nan,nan,nan,nan,nan,nan,nan,nan,nan,nan,nan,nan,nan,nan,nan,nan,nan,nan,nan,nan,nan,nan,nan,nan,nan,nan,nan,nan,nan,nan,nan,nan,nan,nan,nan,nan,nan,nan,nan,nan,nan,nan,nan,nan,nan,1.159279823303222656e+01,3.204489231109619141e+00,2.613821268081665039e+00,4.161460697650909424e-01,7.004107475280761719e+00,1.875342178344726562e+01,1.703074264526367188e+01,1.740465736389160156e+01,1.390616512298583984e+01,nan,nan,nan,nan,nan,nan,nan,nan,nan,nan,nan,nan,nan,nan,nan,nan,nan,nan
nan,nan,nan,nan,nan,nan,nan,nan,nan,nan,nan,nan,nan,nan,nan,nan,nan,nan,nan,nan,nan,nan,nan,nan,nan,nan,nan,nan,nan,nan,nan,nan,2.918518447875976562e+01,2.873431587219238281e+01,2.884794807434082031e+01,3.090548324584960938e+01,3.185132408142089844e+01,2.973581123352050781e+01,2.980907440185546875e+01,3.018178176879882812e+01,3.062812042236328125e+01,2.937283134460449219e+01,2.739781379699707031e+01,1.948100280761718750e+01,1.171132278442382812e+01,4.518604278564453125e+00,2.118548583984375000e+01,nan,nan,nan,nan,1.150764656066894531e+01,8.430291175842285156e+00,nan,nan,3.806276559829711914e+00,-5.052696228027343750e+00,3.002482414245605469e+00,2.691897153854370117e+00,2.994093894958496094e+00,3.445256710052490234e+00,nan,nan,nan,nan,nan,nan,nan,nan,nan,nan,nan,nan,nan,nan,nan,nan,nan,nan,nan,nan,nan,nan,nan,nan,nan,nan,nan,nan,nan,nan,nan,nan,nan,nan,nan,nan,nan,1.243496131896972656e+01,5.923928618431091309e-01,1.143969631195068359e+01,2.346640396118164062e+01,2.562230300903320312e+01,3.549499511718750000e+01,2.892701530456542969e+01,1.979763031005859375e+01,nan,nan,nan,nan,nan,nan,nan,nan,nan,nan,nan,nan,nan,nan,nan,nan,nan,nan,nan
nan,nan,nan,nan,nan,nan,nan,nan,nan,nan,nan,nan,nan,nan,nan,nan,nan,nan,nan,nan,nan,nan,nan,nan,nan,nan,nan,nan,nan,nan,nan,nan,2.703102302551269531e+01,2.230571174621582031e+01,2.265019226074218750e+01,1.763296127319335938e+01,2.843493080139160156e+01,2.472318649291992188e+01,2.355451011657714844e+01,3.026512145996093750e+01,3.066116333007812500e+01,2.764319992065429688e+01,2.935602188110351562e+01,3.119169425964355469e+01,2.028522300720214844e+01,1.249704456329345703e+01,1.283003139495849609e+01,2.796627807617187500e+01,1.407837581634521484e+01,1.589713668823242188e+01,1.410341167449951172e+01,-9.432777166366577148e-01,1.825871348381042480e+00,3.727540969848632812e+00,-7.901636958122253418e-01,-2.710830867290496826e-01,4.141874313354492188e-01,2.114368677139282227e+00,1.818227291107177734e+00,1.390612840652465820e+00,4.635978698730468750e+00,2.834044694900512695e+00,4.820327281951904297e+00,nan,nan,nan,nan,nan,2.137832164764404297e+00,nan,nan,nan,nan,nan,nan,nan,nan,nan,nan,nan,nan,nan,nan,nan,nan,nan,nan,nan,nan,nan,nan,nan,nan,nan,nan,nan,nan,nan,nan,6.497487068176269531e+00,2.198324775695800781e+01,3.039674377441406250e+01,3.737130737304687500e+01,4.063737106323242188e+01,3.310025787353515625e+01,2.215653228759765625e+01,nan,nan,nan,nan,nan,nan,nan,nan,nan,nan,nan,nan,nan,nan,nan,nan,nan,nan,nan
nan,nan,nan,nan,nan,nan,nan,nan,nan,nan,nan,nan,nan,nan,nan,nan,nan,nan,nan,nan,nan,nan,nan,nan,nan,nan,nan,nan,nan,nan,nan,nan,nan,2.435277557373046875e+01,2.045843315124511719e+01,1.847235107421875000e+01,2.626800918579101562e+01,2.034711456298828125e+01,2.347657203674316406e+01,3.122866821289062500e+01,3.135668754577636719e+01,2.600374603271484375e+01,2.581509780883789062e+01,2.589969635009765625e+01,2.727168464660644531e+01,2.666874122619628906e+01,2.706967353820800781e+01,2.694887542724609375e+01,2.048701477050781250e+01,1.907155418395996094e+01,1.452165031433105469e+01,9.930827140808105469e+00,1.139465522766113281e+01,8.938021659851074219e+00,4.174361228942871094e+00,-2.260536909103393555e+00,-7.647801637649536133e-01,1.682919025421142578e+00,5.227841854095458984e+00,6.633897781372070312e+00,4.372914314270019531e+00,-4.520732879638671875e+00,-4.428837776184082031e+00,6.895421028137207031e+00,6.474020481109619141e+00,1.982643485069274902e+00,3.559403181076049805e+00,3.113857507705688477e+00,2.084813117980957031e+00,nan,nan,nan,nan,nan,nan,nan,nan,nan,nan,nan,nan,nan,nan,nan,nan,nan,nan,nan,nan,nan,nan,nan,nan,nan,nan,nan,nan,nan,1.260041713714599609e+01,1.757613372802734375e+01,2.734410667419433594e+01,3.689055633544921875e+01,4.110282897949218750e+01,4.134709167480468750e+01,2.573404693603515625e+01,nan,nan,nan,nan,nan,nan,nan,nan,nan,nan,nan,nan,nan,nan,nan,nan,nan,nan,nan,nan
nan,nan,nan,nan,nan,nan,nan,nan,nan,nan,nan,nan,nan,nan,nan,nan,nan,nan,nan,nan,nan,nan,nan,nan,nan,nan,nan,nan,nan,nan,nan,nan,nan,nan,2.386413002014160156e+01,1.694250869750976562e+01,2.681466484069824219e+01,2.625379371643066406e+01,2.887420272827148438e+01,2.714100456237792969e+01,2.518799972534179688e+01,2.353965377807617188e+01,2.495580482482910156e+01,2.677071762084960938e+01,2.700184059143066406e+01,2.484528732299804688e+01,2.359677886962890625e+01,2.464369583129882812e+01,2.055095481872558594e+01,1.717349624633789062e+01,1.922926139831542969e+01,1.293462657928466797e+01,1.238721466064453125e+01,1.505802345275878906e+01,9.084429740905761719e+00,3.132234811782836914e+00,8.245755732059478760e-02,2.773805379867553711e+00,-1.497847318649291992e+00,2.354486227035522461e+00,7.696021556854248047e+00,4.610633373260498047e+00,7.817974686622619629e-01,5.762108325958251953e+00,3.723275899887084961e+00,-1.734804630279541016e+00,1.202679514884948730e+00,nan,nan,nan,nan,nan,nan,nan,nan,nan,nan,nan,nan,nan,nan,nan,nan,nan,nan,nan,nan,nan,nan,nan,nan,nan,nan,nan,nan,nan,nan,nan,4.051048278808593750e+00,1.259061241149902344e+01,2.503177642822265625e+01,nan,4.010267257690429688e+01,4.625170898437500000e+01,3.004893684387207031e+01,nan,nan,nan,nan,nan,nan,nan,nan,nan,nan,nan,nan,nan,nan,nan,nan,nan,nan,nan,nan
nan,nan,nan,nan,nan,nan,nan,nan,nan,nan,nan,nan,nan,nan,nan,nan,nan,nan,nan,nan,nan,nan,nan,nan,nan,nan,nan,nan,nan,nan,nan,nan,nan,nan,2.198810195922851562e+01,1.661018943786621094e+01,2.094496345520019531e+01,2.912150001525878906e+01,2.697510337829589844e+01,2.480654525756835938e+01,2.373381233215332031e+01,2.282961845397949219e+01,2.159196662902832031e+01,2.768412780761718750e+01,2.862185668945312500e+01,2.454803276062011719e+01,1.697820281982421875e+01,1.757119560241699219e+01,1.869613456726074219e+01,1.956663513183593750e+01,1.747722244262695312e+01,1.330851936340332031e+01,1.282411479949951172e+01,1.471582794189453125e+01,9.103771209716796875e+00,6.391514778137207031e+00,5.568421840667724609e+00,7.352515220642089844e+00,6.429169654846191406e+00,6.096706867218017578e+00,1.460699748992919922e+01,1.157631683349609375e+01,9.876989364624023438e+00,9.330630302429199219e+00,4.295041084289550781e+00,1.206184506416320801e+00,-6.076636910438537598e-01,4.014298439025878906e+00,nan,nan,nan,nan,nan,nan,nan,nan,nan,nan,nan,nan,nan,nan,nan,nan,nan,nan,nan,nan,nan,nan,nan,nan,nan,nan,nan,nan,nan,2.314294315874576569e-02,-5.309064388275146484e-01,8.656002998352050781e+00,nan,nan,nan,3.034319686889648438e+01,3.418587875366210938e+01,nan,nan,nan,nan,nan,nan,nan,nan,nan,nan,nan,nan,nan,nan,nan,nan,nan,nan,nan,nan
nan,nan,nan,nan,nan,nan,nan,nan,nan,nan,nan,nan,nan,nan,nan,nan,nan,nan,nan,nan,nan,nan,nan,nan,nan,nan,nan,nan,nan,nan,nan,nan,1.477973079681396484e+01,1.161720657348632812e+01,1.317519569396972656e+01,1.767482948303222656e+01,2.280366706848144531e+01,2.150062561035156250e+01,1.965203094482421875e+01,1.710777473449707031e+01,1.842556571960449219e+01,1.555743122100830078e+01,1.534527873992919922e+01,1.842760467529296875e+01,2.332530975341796875e+01,1.889643669128417969e+01,1.226951789855957031e+01,9.341651916503906250e+00,1.126092720031738281e+01,1.407027816772460938e+01,1.549329757690429688e+01,1.091383075714111328e+01,1.133361816406250000e+01,1.406133174896240234e+01,1.261613464355468750e+01,1.210422229766845703e+01,1.043389701843261719e+01,1.336074638366699219e+01,1.337403488159179688e+01,1.800449752807617188e+01,2.023841285705566406e+01,8.630537033081054688e+00,9.803955078125000000e+00,1.025832843780517578e+01,8.738371849060058594e+00,2.068766117095947266e+00,2.265143871307373047e+00,-1.919789314270019531e-01,1.341907262802124023e+00,nan,nan,nan,nan,nan,nan,nan,nan,nan,nan,nan,nan,nan,nan,nan,nan,nan,nan,nan,nan,nan,nan,nan,nan,nan,nan,3.330133914947509766e+00,-1.609594076871871948e-01,-1.369916200637817383e+00,4.622310161590576172e+00,1.374882602691650391e+01,nan,nan,nan,nan,nan,nan,nan,nan,nan,nan,nan,nan,nan,nan,nan,nan,nan,nan,nan,nan,nan,nan,nan,nan,nan
nan,nan,nan,nan,nan,nan,nan,nan,nan,nan,nan,nan,nan,nan,nan,nan,nan,nan,nan,nan,nan,nan,nan,nan,nan,nan,nan,nan,nan,nan,nan,nan,nan,7.454490184783935547e+00,1.278644943237304688e+01,1.795957756042480469e+01,1.996361732482910156e+01,1.666672515869140625e+01,1.739457130432128906e+01,1.444134140014648438e+01,1.293507766723632812e+01,1.120115280151367188e+01,1.110966300964355469e+01,1.233483409881591797e+01,1.423241424560546875e+01,8.142000198364257812e+00,5.945177078247070312e+00,8.138891220092773438e+00,1.112775230407714844e+01,1.211800765991210938e+01,1.129646968841552734e+01,1.084875106811523438e+01,1.202594470977783203e+01,1.396663570404052734e+01,1.369205284118652344e+01,1.358024978637695312e+01,1.644332695007324219e+01,1.547233104705810547e+01,1.545902919769287109e+01,1.585618400573730469e+01,1.545137882232666016e+01,1.262361717224121094e+01,1.572406673431396484e+01,1.290201663970947266e+01,7.449276447296142578e+00,1.293688535690307617e+00,1.839928030967712402e+00,-3.429959118366241455e-01,nan,nan,nan,nan,nan,nan,nan,nan,nan,nan,nan,nan,nan,nan,nan,nan,nan,nan,nan,nan,nan,nan,nan,nan,nan,nan,nan,nan,8.149736523628234863e-01,6.460663080215454102e-01,1.105574512481689453e+01,nan,nan,nan,nan,nan,nan,nan,nan,nan,nan,nan,nan,nan,nan,nan,nan,nan,nan,nan,nan,nan,nan,nan,nan,nan,nan
nan,nan,nan,nan,nan,nan,nan,nan,nan,nan,nan,nan,nan,nan,nan,nan,nan,nan,nan,nan,nan,nan,nan,nan,nan,nan,nan,nan,nan,nan,nan,nan,nan,8.560949325561523438e+00,1.077538776397705078e+01,1.033328628540039062e+01,1.229894065856933594e+01,2.519973993301391602e+00,8.856648445129394531e+00,1.162917613983154297e+01,8.944180488586425781e+00,8.250667572021484375e+00,5.336647510528564453e+00,6.709189891815185547e+00,2.273208141326904297e+00,-6.362040638923645020e-01,-5.088000774383544922e+00,9.409410953521728516e-01,8.060899734497070312e+00,1.123522853851318359e+01,1.218018531799316406e+01,1.021741199493408203e+01,1.124040126800537109e+01,1.320160675048828125e+01,1.364797019958496094e+01,1.392788982391357422e+01,1.741935729980468750e+01,1.831336021423339844e+01,1.815026473999023438e+01,2.005716133117675781e+01,2.178565216064453125e+01,1.192565822601318359e+01,1.742607688903808594e+01,9.486380577087402344e+00,4.755644798278808594e+00,-4.472060203552246094e+00,-4.222509384155273438e+00,nan,nan,nan,nan,nan,nan,nan,nan,nan,nan,nan,nan,nan,nan,nan,nan,nan,nan,nan,nan,nan,nan,nan,nan,nan,nan,nan,nan,3.000724077224731445e+00,1.621522307395935059e-01,3.805314540863037109e+00,4.905613422393798828e+00,nan,nan,nan,nan,nan,nan,nan,nan,nan,nan,nan,nan,nan,nan,nan,nan,nan,nan,nan,nan,nan,nan,nan,nan,nan,nan
nan,nan,nan,nan,nan,nan,nan,nan,nan,nan,nan,nan,nan,nan,nan,nan,nan,nan,nan,nan,nan,nan,nan,nan,nan,nan,nan,nan,nan,nan,nan,nan,nan,4.447450637817382812e+00,1.622726202011108398e+00,4.088346958160400391e-01,2.165851354598999023e+00,3.378629207611083984e+00,8.628597259521484375e-01,2.536402463912963867e+00,-3.110584974288940430e+00,-4.380517482757568359e+00,-4.464251518249511719e+00,3.731582403182983398e+00,-4.828623831272125244e-01,-5.226379394531250000e+00,-2.836000442504882812e+00,-7.368603944778442383e-01,4.698286056518554688e+00,7.284156799316406250e+00,9.760414123535156250e+00,1.030633068084716797e+01,1.013896751403808594e+01,1.190044784545898438e+01,1.456352043151855469e+01,1.572198104858398438e+01,1.961090087890625000e+01,1.956594276428222656e+01,1.895536041259765625e+01,2.045600891113281250e+01,2.096795845031738281e+01,2.138097572326660156e+01,1.366714000701904297e+01,8.333971023559570312e+00,2.074035882949829102e+00,-3.819893598556518555e+00,6.420370101928710938e+00,nan,nan,nan,nan,nan,nan,nan,nan,nan,nan,nan,nan,nan,nan,nan,nan,nan,nan,nan,nan,nan,nan,nan,nan,nan,nan,nan,3.164143562316894531e+00,4.626022815704345703e+00,2.943977832794189453e+00,2.973538160324096680e+00,nan,nan,nan,nan,nan,nan,nan,nan,nan,nan,nan,nan,nan,nan,nan,nan,nan,nan,nan,nan,nan,nan,nan,nan,nan,nan,nan
nan,nan,nan,nan,nan,nan,nan,nan,nan,nan,nan,nan,nan,nan,nan,nan,nan,nan,nan,nan,nan,nan,nan,nan,nan,nan,nan,nan,nan,nan,nan,nan,nan,8.636973381042480469e+00,4.219500064849853516e+00,1.033063054084777832e+00,1.714711427688598633e+00,5.136361718177795410e-02,-5.323141813278198242e-01,-1.169441461563110352e+00,-3.519037008285522461e+00,-9.522603034973144531e+00,-3.199363231658935547e+00,-1.421676635742187500e+00,-1.072378993034362793e+00,-2.798542737960815430e+00,-9.340741038322448730e-01,1.165905371308326721e-01,5.643512248992919922e+00,7.378659725189208984e+00,8.389540672302246094e+00,1.017969703674316406e+01,1.142831325531005859e+01,1.207774162292480469e+01,1.973265457153320312e+01,1.910380744934082031e+01,1.901465797424316406e+01,1.683480453491210938e+01,1.677602577209472656e+01,1.917755699157714844e+01,1.909521484375000000e+01,-6.045827388763427734e+00,-1.723089933395385742e+00,2.633644342422485352e+00,6.512196063995361328e+00,-2.735220670700073242e+00,nan,nan,nan,nan,nan,nan,nan,nan,nan,nan,nan,nan,nan,nan,nan,nan,nan,nan,nan,nan,nan,nan,nan,nan,nan,nan,nan,nan,5.534399032592773438e+00,5.744920253753662109e+00,3.796050548553466797e+00,nan,nan,nan,nan,nan,nan,nan,nan,nan,nan,nan,nan,nan,nan,nan,nan,nan,nan,nan,nan,nan,nan,nan,nan,nan,nan,nan,nan
nan,nan,nan,nan,nan,nan,nan,nan,nan,nan,nan,nan,nan,nan,nan,nan,nan,nan,nan,nan,nan,nan,nan,nan,nan,nan,nan,nan,nan,nan,nan,nan,nan,9.211198091506958008e-01,3.660792589187622070e+00,-3.898840665817260742e+00,-5.913247585296630859e+00,-9.759477615356445312e+00,-8.426049232482910156e+00,-4.323299407958984375e+00,-7.762557029724121094e+00,-1.375111007690429688e+01,-8.238233566284179688e+00,-3.489540576934814453e+00,-1.819712519645690918e+00,-1.027277469635009766e+00,-1.898797392845153809e+00,-2.296050071716308594e+00,2.877975940704345703e+00,3.579438447952270508e+00,9.909950256347656250e+00,1.234097576141357422e+01,1.230704784393310547e+01,1.256026077270507812e+01,1.330926227569580078e+01,1.370516300201416016e+01,1.764683914184570312e+01,1.670019531250000000e+01,1.644340324401855469e+01,1.987224769592285156e+01,2.050383567810058594e+01,-3.771751880645751953e+00,3.454182863235473633e+00,1.012467956542968750e+01,1.541721057891845703e+01,1.666729736328125000e+01,9.860816001892089844e+00,nan,nan,nan,nan,nan,nan,nan,nan,nan,nan,nan,nan,nan,nan,nan,nan,nan,nan,nan,nan,nan,nan,nan,nan,1.070095157623291016e+01,nan,nan,8.107345581054687500e+00,5.509337643161416054e-04,nan,nan,nan,nan,nan,nan,nan,nan,nan,nan,nan,nan,nan,nan,nan,nan,nan,nan,nan,nan,nan,nan,nan,nan,nan,nan,nan,nan,nan
nan,nan,nan,nan,nan,nan,nan,nan,nan,nan,nan,nan,nan,nan,nan,nan,nan,nan,nan,nan,nan,nan,nan,nan,nan,nan,nan,nan,nan,nan,nan,nan,nan,-5.261125346820274065e-15,-1.179768180847167969e+01,-7.759799480438232422e+00,-1.359439849853515625e+01,-1.494029808044433594e+01,-1.180908203125000000e+01,-1.381621837615966797e+01,-1.565089893341064453e+01,-1.800444412231445312e+01,-1.337301063537597656e+01,-1.211073875427246094e+01,-1.092144489288330078e+01,-2.193870067596435547e+00,-2.492853641510009766e+00,-2.313936471939086914e+00,-3.559855699539184570e+00,6.607747077941894531e+00,1.043928432464599609e+01,1.369143962860107422e+01,1.313298511505126953e+01,1.210387706756591797e+01,1.322543048858642578e+01,1.462195968627929688e+01,1.742091941833496094e+01,1.653899192810058594e+01,1.651429176330566406e+01,1.928754425048828125e+01,1.618466186523437500e+01,2.162329196929931641e+00,1.588642311096191406e+01,1.697056770324707031e+01,1.879949188232421875e+01,2.057347488403320312e+01,1.108190441131591797e+01,nan,nan,nan,nan,nan,nan,nan,nan,nan,nan,nan,nan,nan,nan,nan,nan,nan,nan,nan,nan,nan,nan,1.214167118072509766e+01,1.145114421844482422e+01,1.009477519989013672e+01,9.109667778015136719e+00,8.178927421569824219e+00,6.449644565582275391e+00,nan,nan,nan,nan,nan,nan,nan,nan,nan,nan,nan,nan,nan,nan,nan,nan,nan,nan,nan,nan,nan,nan,nan,nan,nan,nan,nan,nan,nan,nan
nan,nan,nan,nan,nan,nan,nan,nan,nan,nan,nan,nan,nan,nan,nan,nan,nan,nan,nan,nan,nan,nan,nan,nan,nan,nan,nan,nan,nan,nan,nan,nan,nan,-7.907045364379882812e+00,-1.709623336791992188e+01,-1.589189147949218750e+01,-1.568317604064941406e+01,-1.765516281127929688e+01,-1.742283248901367188e+01,-2.012296295166015625e+01,-1.947644424438476562e+01,-1.815070533752441406e+01,-1.284112262725830078e+01,-1.372595882415771484e+01,-1.213916015625000000e+01,-1.264782047271728516e+01,-7.542594432830810547e+00,-1.781451940536499023e+00,6.490348577499389648e-01,8.022247314453125000e+00,1.043292140960693359e+01,1.077896785736083984e+01,1.290387248992919922e+01,9.688242912292480469e+00,1.358258438110351562e+01,1.316913986206054688e+01,1.202610397338867188e+01,1.264831638336181641e+01,1.744309234619140625e+01,1.865611457824707031e+01,1.898995208740234375e+01,1.816048812866210938e+01,1.923756027221679688e+01,2.159967422485351562e+01,2.175543212890625000e+01,1.678006172180175781e+01,1.193710041046142578e+01,5.675412654876708984e+00,9.017405509948730469e+00,nan,nan,nan,nan,nan,nan,nan,nan,nan,nan,nan,nan,nan,nan,nan,nan,nan,nan,1.173601055145263672e+01,1.084796619415283203e+01,7.467409610748291016e+00,1.223456001281738281e+01,9.038929939270019531e+00,nan,7.808365821838378906e+00,6.154416561126708984e+00,nan,nan,nan,nan,nan,nan,nan,nan,nan,nan,nan,nan,nan,nan,nan,nan,nan,nan,nan,nan,nan,nan,nan,nan,nan,nan,nan,nan,nan,nan
nan,nan,nan,nan,nan,nan,nan,nan,nan,nan,nan,nan,nan,nan,nan,nan,nan,nan,nan,nan,nan,nan,nan,nan,nan,nan,nan,nan,nan,nan,nan,nan,-1.008911037445068359e+01,-1.283275699615478516e+01,-1.985117912292480469e+01,-1.787092399597167969e+01,-1.501018428802490234e+01,-1.718666267395019531e+01,-1.951501846313476562e+01,-1.811771011352539062e+01,-1.470085906982421875e+01,-1.443533420562744141e+01,-1.582273864746093750e+01,-1.791289329528808594e+01,-1.968419456481933594e+01,-1.917643165588378906e+01,-1.099734497070312500e+01,-5.432151794433593750e+00,2.444958209991455078e+00,3.871262788772583008e+00,5.991489887237548828e+00,5.407183647155761719e+00,8.777263641357421875e+00,5.537747383117675781e+00,6.489747524261474609e+00,6.309159278869628906e+00,6.729522705078125000e+00,7.222897529602050781e+00,9.183562278747558594e+00,1.459261703491210938e+01,1.705522918701171875e+01,1.741002273559570312e+01,1.711476707458496094e+01,2.443598747253417969e+01,2.183174896240234375e+01,2.062056541442871094e+01,6.959012985229492188e+00,3.429907798767089844e+00,4.116000175476074219e+00,6.286493778228759766e+00,4.643081188201904297e+00,1.951952576637268066e-01,2.400005102157592773e+00,1.044658088684082031e+01,nan,nan,nan,nan,nan,nan,nan,1.519440174102783203e+01,1.374028778076171875e+01,nan,nan,nan,1.018720054626464844e+01,1.043125724792480469e+01,nan,1.786506080627441406e+01,2.463368034362792969e+01,1.570545673370361328e+01,6.638127326965332031e+00,1.546217060089111328e+01,5.792855262756347656e+00,nan,nan,nan,nan,nan,nan,nan,nan,nan,nan,nan,nan,nan,nan,nan,nan,nan,nan,nan,nan,nan,nan,nan,nan,nan,nan,nan,nan,nan,nan
nan,nan,nan,nan,nan,nan,nan,nan,nan,nan,nan,nan,nan,nan,nan,nan,nan,nan,nan,nan,nan,nan,nan,nan,nan,nan,nan,nan,nan,nan,nan,nan,-4.658217430114746094e+00,-9.090122222900390625e+00,-1.341745615005493164e+00,-1.735782814025878906e+01,-1.861316108703613281e+01,-2.062163734436035156e+01,-1.914515495300292969e+01,-1.437493610382080078e+01,-1.577165412902832031e+01,-1.496061897277832031e+01,-1.856562995910644531e+01,-1.839158058166503906e+01,-1.586185264587402344e+01,-1.754125785827636719e+01,-9.165081024169921875e+00,-7.039951801300048828e+00,-4.525906085968017578e+00,-8.858354091644287109e-01,-2.973484992980957031e+00,-3.919963836669921875e-01,1.781633973121643066e+00,2.981679439544677734e-01,4.423181116580963135e-01,2.102157115936279297e+00,5.552335262298583984e+00,5.351210117340087891e+00,7.320580005645751953e+00,1.008922386169433594e+01,1.565145111083984375e+01,1.696347618103027344e+01,1.339290332794189453e+01,2.233448982238769531e+01,2.199109268188476562e+01,1.464364624023437500e+01,5.313014507293701172e+00,5.649186134338378906e+00,1.022364902496337891e+01,9.594708442687988281e+00,7.110969543457031250e+00,7.888028144836425781e+00,8.171470642089843750e+00,6.358876705169677734e+00,1.400720024108886719e+01,1.279672908782958984e+01,2.712666893005371094e+01,1.948232269287109375e+01,2.193191719055175781e+01,2.222466468811035156e+01,3.611706733703613281e+00,5.505816936492919922e+00,-2.544481277465820312e+00,nan,nan,8.535246849060058594e+00,8.851964950561523438e+00,9.145710945129394531e+00,7.602014064788818359e+00,2.126484680175781250e+01,1.721068572998046875e+01,7.864914894104003906e+00,8.858952522277832031e-01,7.646828889846801758e-01,nan,nan,nan,nan,nan,nan,nan,nan,nan,nan,nan,nan,nan,nan,nan,nan,nan,nan,nan,nan,nan,nan,nan,nan,nan,nan,nan,nan,nan,nan,nan
nan,nan,nan,nan,nan,nan,nan,nan,nan,nan,nan,nan,nan,nan,nan,nan,nan,nan,nan,nan,nan,nan,nan,nan,nan,nan,nan,nan,nan,nan,nan,nan,-1.264614391326904297e+01,-1.558946418762207031e+01,-1.189641857147216797e+01,-1.357218933105468750e+01,-2.002289962768554688e+01,-2.123346900939941406e+01,-1.965094375610351562e+01,-1.505547046661376953e+01,-1.456772804260253906e+01,-1.875618743896484375e+01,-1.647460746765136719e+01,-1.397318649291992188e+01,-1.192687511444091797e+01,-1.224211978912353516e+01,-1.020171546936035156e+01,-7.472915172576904297e+00,-8.370574951171875000e+00,-1.076870346069335938e+01,-9.266326904296875000e+00,-6.542215824127197266e+00,-5.086929321289062500e+00,-5.866053104400634766e+00,-2.758489608764648438e+00,4.668863713741302490e-01,2.743751525878906250e+00,1.721933364868164062e+00,2.311278820037841797e+00,4.882739543914794922e+00,6.142991065979003906e+00,1.266393470764160156e+01,1.768741035461425781e+01,1.633535385131835938e+01,1.416763305664062500e+01,8.614866256713867188e+00,1.368096637725830078e+01,6.701787471771240234e+00,9.253723144531250000e+00,2.436027526855468750e+00,7.475553035736083984e+00,7.437428474426269531e+00,9.810997962951660156e+00,8.966799736022949219e+00,1.737746620178222656e+01,1.784984779357910156e+01,1.838244628906250000e+01,1.855761909484863281e+01,2.325530815124511719e+01,2.985312461853027344e+01,2.304529953002929688e+01,7.819489002227783203e+00,2.519901514053344727e+00,6.801575183868408203e+00,5.751214504241943359e+00,1.255816173553466797e+01,1.525772190093994141e+01,7.399805068969726562e+00,1.269713878631591797e+01,2.507266998291015625e+01,1.880055236816406250e+01,-8.796641349792480469e+00,-1.628242301940917969e+01,6.760506629943847656e+00,nan,nan,nan,nan,nan,nan,nan,nan,nan,nan,nan,nan,nan,nan,nan,nan,nan,nan,nan,nan,nan,nan,nan,nan,nan,nan,nan,nan,nan,nan,nan
nan,nan,nan,nan,nan,nan,nan,nan,nan,nan,nan,nan,nan,nan,nan,nan,nan,nan,nan,nan,nan,nan,nan,nan,nan,nan,nan,nan,nan,nan,nan,nan,-1.285312366485595703e+01,-1.615194702148437500e+01,-1.061329364776611328e+01,-1.254916286468505859e+01,-1.577549839019775391e+01,-1.614565277099609375e+01,-1.953245162963867188e+01,-1.374391460418701172e+01,-1.615423202514648438e+01,-1.649812507629394531e+01,-1.588937664031982422e+01,-1.197521305084228516e+01,-1.067569160461425781e+01,-9.056653976440429688e+00,-1.074271678924560547e+01,-8.499341011047363281e+00,-8.401936531066894531e+00,-8.807420730590820312e+00,-9.190756797790527344e+00,-1.456909465789794922e+01,-1.443399524688720703e+01,-1.268672943115234375e+01,-1.124600315093994141e+01,-9.215091705322265625e+00,-7.356771469116210938e+00,-2.570415735244750977e+00,1.832810282707214355e+00,-2.275904417037963867e+00,-3.262169361114501953e+00,4.196522533893585205e-01,1.415714168548583984e+01,1.145258140563964844e+01,1.321723270416259766e+01,1.724023056030273438e+01,1.325452423095703125e+01,nan,nan,3.674006700515747070e+00,-1.885018795728683472e-01,8.180270195007324219e+00,1.001627159118652344e+01,1.090625190734863281e+01,1.524402427673339844e+01,1.764222717285156250e+01,2.061369705200195312e+01,1.819924545288085938e+01,2.220596313476562500e+01,2.895633506774902344e+01,3.389605712890625000e+01,2.153170394897460938e+01,1.980933380126953125e+01,1.287323951721191406e+01,1.200392723083496094e+01,1.540604019165039062e+01,8.461322784423828125e+00,1.345463991165161133e+00,4.399917602539062500e+00,2.634902238845825195e+00,-1.355879020690917969e+01,6.652119159698486328e+00,nan,nan,nan,nan,nan,nan,nan,nan,nan,nan,nan,nan,nan,nan,nan,nan,nan,nan,nan,nan,nan,nan,nan,nan,nan,nan,nan,nan,nan,nan,nan,nan,nan
nan,nan,nan,nan,nan,nan,nan,nan,nan,nan,nan,nan,nan,nan,nan,nan,nan,nan,nan,nan,nan,nan,nan,nan,nan,nan,nan,nan,nan,nan,nan,nan,nan,-9.567224502563476562e+00,-1.589400291442871094e+01,-1.248586654663085938e+01,-1.286208724975585938e+01,-1.158604145050048828e+01,-1.614511299133300781e+01,-1.501941490173339844e+01,-1.358723735809326172e+01,-1.136056137084960938e+01,-1.179986286163330078e+01,-1.070088481903076172e+01,-9.830400466918945312e+00,-1.240950679779052734e+01,-1.154324722290039062e+01,-1.158591842651367188e+01,-1.113997745513916016e+01,-4.403480529785156250e+00,-1.317017841339111328e+01,-2.019602775573730469e+01,-2.127477455139160156e+01,-1.673363494873046875e+01,-1.942534828186035156e+01,-1.483149814605712891e+01,-1.251832199096679688e+01,-1.439242267608642578e+01,-9.306165695190429688e+00,-4.960908412933349609e+00,-2.366064786911010742e+00,-4.718822956085205078e+00,-4.824010133743286133e-01,5.751049995422363281e+00,1.513503074645996094e+01,1.891647529602050781e+01,1.637035751342773438e+01,nan,nan,-4.919014930725097656e+00,2.069454908370971680e+00,9.569252014160156250e+00,nan,nan,8.061057090759277344e+00,1.525034713745117188e+01,1.727216339111328125e+01,1.488259792327880859e+01,2.223682022094726562e+01,2.543184089660644531e+01,2.486110115051269531e+01,1.348260402679443359e+01,1.301309776306152344e+01,8.404085159301757812e+00,6.668166637420654297e+00,1.372547721862792969e+01,4.003741264343261719e+00,-7.813621163368225098e-01,-3.070731401443481445e+00,5.993235111236572266e+00,nan,nan,nan,nan,nan,nan,nan,nan,nan,nan,nan,nan,nan,nan,nan,nan,nan,nan,nan,nan,nan,nan,nan,nan,nan,nan,nan,nan,nan,nan,nan,nan,nan,nan,nan
nan,nan,nan,nan,nan,nan,nan,nan,nan,nan,nan,nan,nan,nan,nan,nan,nan,nan,nan,nan,nan,nan,nan,nan,nan,nan,nan,nan,nan,nan,nan,nan,nan,-1.163807487487792969e+01,-1.295087814331054688e+01,-1.722565841674804688e+01,-1.062093067169189453e+01,-1.099588680267333984e+01,-1.182710361480712891e+01,-1.290465354919433594e+01,-8.625210762023925781e+00,-7.663735389709472656e+00,-7.450897216796875000e+00,-6.215149402618408203e+00,-7.911921501159667969e+00,-1.025635433197021484e+01,-9.964574813842773438e+00,-1.202401256561279297e+01,-1.295772933959960938e+01,-1.402492427825927734e+01,-1.477596759796142578e+01,-2.016393661499023438e+01,-2.331706047058105469e+01,-2.046391105651855469e+01,-1.666367530822753906e+01,-1.607639503479003906e+01,-1.251584529876708984e+01,1.506001222878694534e-03,-1.281044197082519531e+01,-6.442071914672851562e+00,-4.380856513977050781e+00,4.129219353199005127e-01,2.459454298019409180e+00,6.322556972503662109e+00,1.132868099212646484e+01,1.391638278961181641e+01,1.479640293121337891e+01,1.600311660766601562e+01,5.953693866729736328e+00,6.642079353332519531e+00,8.754512786865234375e+00,1.052286624908447266e+01,1.043825149536132812e+01,1.481956863403320312e+01,nan,nan,1.839823532104492188e+01,1.787294197082519531e+01,2.088295173645019531e+01,1.708892822265625000e+01,6.322913646697998047e+00,1.812673187255859375e+01,3.723072528839111328e+00,3.434835672378540039e+00,-5.237365722656250000e+00,-7.523163795471191406e+00,1.538314461708068848e+00,2.174827337265014648e+00,nan,nan,nan,nan,nan,nan,nan,nan,nan,nan,nan,nan,nan,nan,nan,nan,nan,nan,nan,nan,nan,nan,nan,nan,nan,nan,nan,nan,nan,nan,nan,nan,nan,nan,nan,nan,nan
nan,nan,nan,nan,nan,nan,nan,nan,nan,nan,nan,nan,nan,nan,nan,nan,nan,nan,nan,nan,nan,nan,nan,nan,nan,nan,nan,nan,nan,nan,nan,nan,nan,-1.092282295227050781e+01,-1.556409931182861328e+01,-1.217268466949462891e+01,-9.416929244995117188e+00,-1.067026424407958984e+01,-1.104977321624755859e+01,-4.866021156311035156e+00,-4.760179042816162109e+00,-5.436887741088867188e+00,-3.328757286071777344e+00,-3.886291980743408203e+00,-6.701781272888183594e+00,-1.062045478820800781e+01,-1.127742099761962891e+01,-1.126123619079589844e+01,-1.313341522216796875e+01,-1.529966735839843750e+01,-1.486462116241455078e+01,-1.811970329284667969e+01,-3.098514556884765625e+01,-1.845783042907714844e+01,-1.667760276794433594e+01,-1.294242858886718750e+01,-1.344484138488769531e+01,-9.928930282592773438e+00,-1.580357551574707031e+01,-1.167071247100830078e+01,nan,1.216462731361389160e+00,5.402918338775634766e+00,7.768372058868408203e+00,5.202662467956542969e+00,1.469959926605224609e+01,1.506760597229003906e+01,7.334805011749267578e+00,9.187118530273437500e+00,9.961579322814941406e+00,1.471165752410888672e+01,1.475689315795898438e+01,1.485876274108886719e+01,1.736172866821289062e+01,nan,nan,8.340023040771484375e+00,9.233956336975097656e+00,-7.203934192657470703e-01,1.584492588043212891e+01,9.962866783142089844e+00,-6.716463088989257812e+00,-2.879012346267700195e+00,-1.180794143676757812e+01,-2.184925460815429688e+01,-2.130660820007324219e+01,nan,nan,nan,nan,nan,nan,nan,nan,nan,nan,nan,nan,nan,nan,nan,nan,nan,nan,nan,nan,nan,nan,nan,nan,nan,nan,nan,nan,nan,nan,nan,nan,nan,nan,nan,nan,nan,nan,nan
nan,nan,nan,nan,nan,nan,nan,nan,nan,nan,nan,nan,nan,nan,nan,nan,nan,nan,nan,nan,nan,nan,nan,nan,nan,nan,nan,nan,nan,nan,nan,nan,nan,nan,-1.179408359527587891e+01,-6.349727153778076172e+00,-8.619398117065429688e+00,-7.937294960021972656e+00,-4.319168090820312500e+00,-2.431142568588256836e+00,-2.095024347305297852e+00,-8.056938171386718750e+00,-4.680604457855224609e+00,-2.727150201797485352e+00,-6.188906669616699219e+00,-7.705570220947265625e+00,-1.069936180114746094e+01,-1.476568031311035156e+01,-1.257248878479003906e+01,nan,nan,nan,nan,nan,nan,-1.478541469573974609e+01,-2.064518928527832031e+00,-2.445040512084960938e+01,-2.707477760314941406e+01,-7.839028835296630859e+00,-1.490982437133789062e+01,-7.166927337646484375e+00,3.828986167907714844e+00,2.326035022735595703e+00,9.392456054687500000e+00,4.524408817291259766e+00,6.396304607391357422e+00,1.207460689544677734e+01,1.478184127807617188e+01,1.600889778137207031e+01,1.874408912658691406e+01,2.188316345214843750e+01,2.793964576721191406e+01,2.427698326110839844e+01,2.155813980102539062e+01,1.444479465484619141e+01,1.399190807342529297e+01,8.679209709167480469e+00,9.133701324462890625e+00,1.368054962158203125e+01,1.381309413909912109e+01,2.097290802001953125e+01,2.036805915832519531e+01,-2.691659355163574219e+01,-2.777405929565429688e+01,3.186718747019767761e-02,nan,nan,nan,nan,nan,nan,nan,nan,nan,nan,nan,nan,nan,nan,nan,nan,nan,nan,nan,nan,nan,nan,nan,nan,nan,nan,nan,nan,nan,nan,nan,nan,nan,nan,nan,nan,nan,nan,nan
nan,nan,nan,nan,nan,nan,nan,nan,nan,nan,nan,nan,nan,nan,nan,nan,nan,nan,nan,nan,nan,nan,nan,nan,nan,nan,nan,nan,nan,nan,nan,nan,nan,nan,-7.693406581878662109e+00,-4.863762378692626953e+00,-2.311233758926391602e+00,-1.763910502195358276e-01,-3.413350105285644531e+00,-3.815223217010498047e+00,3.325664043426513672e+00,-1.106314945220947266e+01,-6.576639175415039062e+00,-9.871210098266601562e+00,-8.437153816223144531e+00,-9.349115371704101562e+00,-1.071121597290039062e+01,-1.319096660614013672e+01,nan,nan,nan,nan,nan,nan,nan,nan,nan,-1.863644790649414062e+01,-2.215963745117187500e+01,-9.510535240173339844e+00,-1.480242538452148438e+01,-1.176059150695800781e+01,-1.239413547515869141e+01,-5.394535541534423828e+00,3.058103322982788086e+00,5.668632030487060547e+00,1.373809337615966797e+01,1.222547054290771484e+01,1.911307716369628906e+01,1.966986083984375000e+01,2.470011138916015625e+01,2.916828536987304688e+01,2.937213706970214844e+01,2.787578010559082031e+01,2.543495178222656250e+01,1.797043418884277344e+01,1.541383457183837891e+01,1.002787303924560547e+01,9.049405097961425781e+00,6.950269699096679688e+00,5.580785274505615234e+00,1.717756652832031250e+01,1.440339374542236328e+01,1.781553387641906738e+00,-4.273677766323089600e-01,nan,nan,nan,nan,nan,nan,nan,nan,nan,nan,nan,nan,nan,nan,nan,nan,nan,nan,nan,nan,nan,nan,nan,nan,nan,nan,nan,nan,nan,nan,nan,nan,nan,nan,nan,nan,nan,nan,nan,nan
nan,nan,nan,nan,nan,nan,nan,nan,nan,nan,nan,nan,nan,nan,nan,nan,nan,nan,nan,nan,nan,nan,nan,nan,nan,nan,nan,nan,nan,nan,nan,nan,nan,nan,nan,-5.690562248229980469e+00,1.139768719673156738e+00,4.148102760314941406e+00,4.771358013153076172e+00,-6.017776012420654297e+00,nan,nan,nan,nan,nan,nan,-9.909113883972167969e+00,-1.119540214538574219e+01,-1.299060916900634766e+01,nan,nan,nan,nan,nan,nan,nan,nan,-1.385641574859619141e+01,nan,nan,-8.725217819213867188e+00,nan,-3.430406332015991211e+00,-9.606630325317382812e+00,-1.253249073028564453e+01,-3.075964212417602539e+00,6.329982280731201172e+00,6.160550117492675781e+00,6.547951698303222656e+00,1.693228912353515625e+01,1.644115066528320312e+01,2.700501251220703125e+01,2.698388481140136719e+01,2.193909263610839844e+01,1.946567726135253906e+01,1.912329101562500000e+01,1.209505653381347656e+01,6.775825500488281250e+00,2.896123886108398438e+00,4.397054314613342285e-01,-3.550279617309570312e+00,-5.307428359985351562e+00,1.980204224586486816e+00,1.778673976659774780e-01,nan,nan,nan,nan,nan,nan,nan,nan,nan,nan,nan,nan,nan,nan,nan,nan,nan,nan,nan,nan,nan,nan,nan,nan,nan,nan,nan,nan,nan,nan,nan,nan,nan,nan,nan,nan,nan,nan,nan,nan,nan
nan,nan,nan,nan,nan,nan,nan,nan,nan,nan,nan,nan,nan,nan,nan,nan,nan,nan,nan,nan,nan,nan,nan,nan,nan,nan,nan,nan,nan,nan,nan,nan,nan,nan,nan,nan,-3.479096412658691406e+00,6.520945072174072266e+00,-3.487641096115112305e+00,nan,nan,nan,nan,nan,nan,nan,nan,nan,nan,nan,nan,nan,nan,nan,nan,nan,nan,nan,nan,nan,nan,nan,nan,nan,-1.789905548095703125e+01,-7.930971145629882812e+00,3.118600845336914062e-01,6.800535202026367188e+00,8.561311721801757812e+00,6.886574745178222656e+00,2.229262542724609375e+01,1.492491817474365234e+01,8.311399459838867188e+00,1.148054695129394531e+01,1.313508701324462891e+01,1.540575313568115234e+01,9.702849388122558594e+00,6.308734416961669922e+00,3.398699760437011719e+00,-2.108634233474731445e+00,-6.485231399536132812e+00,2.820903539657592773e+00,nan,nan,nan,nan,nan,nan,nan,nan,nan,nan,nan,nan,nan,nan,nan,nan,nan,nan,nan,nan,nan,nan,nan,nan,nan,nan,nan,nan,nan,nan,nan,nan,nan,nan,nan,nan,nan,nan,nan,nan,nan,nan,nan
nan,nan,nan,nan,nan,nan,nan,nan,nan,nan,nan,nan,nan,nan,nan,nan,nan,nan,nan,nan,nan,nan,nan,nan,nan,nan,nan,nan,nan,nan,nan,nan,nan,nan,nan,nan,nan,nan,nan,nan,nan,nan,nan,nan,nan,nan,nan,nan,nan,nan,nan,nan,nan,nan,nan,nan,nan,nan,nan,nan,nan,nan,nan,nan,nan,-9.077285766601562500e+00,-6.591013908386230469e+00,5.610163688659667969e+00,1.233365249633789062e+01,1.125264167785644531e+01,1.322848701477050781e+01,-5.285583972930908203e+00,-7.174023151397705078e+00,-9.251521110534667969e+00,4.530858039855957031e+00,-4.381636083126068115e-01,-2.317693233489990234e+00,4.319941997528076172e+00,-1.259808242321014404e-01,5.759441852569580078e+00,nan,nan,nan,nan,nan,nan,nan,nan,nan,nan,nan,nan,nan,nan,nan,nan,nan,nan,nan,nan,nan,nan,nan,nan,nan,nan,nan,nan,nan,nan,nan,nan,nan,nan,nan,nan,nan,nan,nan,nan,nan,nan,nan,nan,nan
nan,nan,nan,nan,nan,nan,nan,nan,nan,nan,nan,nan,nan,nan,nan,nan,nan,nan,nan,nan,nan,nan,nan,nan,nan,nan,nan,nan,nan,nan,nan,nan,nan,nan,nan,nan,nan,nan,nan,nan,nan,nan,nan,nan,nan,nan,nan,nan,nan,nan,nan,nan,nan,nan,nan,nan,nan,nan,nan,nan,nan,nan,nan,nan,nan,nan,3.017389774322509766e+00,5.482838630676269531e+00,nan,nan,nan,nan,1.230127239227294922e+01,nan,nan,9.073407173156738281e+00,7.627661705017089844e+00,nan,nan,nan,nan,nan,nan,nan,nan,nan,nan,nan,nan,nan,nan,nan,nan,nan,nan,nan,nan,nan,nan,nan,nan,nan,nan,nan,nan,nan,nan,nan,nan,nan,nan,nan,nan,nan,nan,nan,nan,nan,nan,nan,nan,nan,nan,nan,nan
nan,nan,nan,nan,nan,nan,nan,nan,nan,nan,nan,nan,nan,nan,nan,nan,nan,nan,nan,nan,nan,nan,nan,nan,nan,nan,nan,nan,nan,nan,nan,nan,nan,nan,nan,nan,nan,nan,nan,nan,nan,nan,nan,nan,nan,nan,nan,nan,nan,nan,nan,nan,nan,nan,nan,nan,nan,nan,nan,nan,nan,nan,nan,nan,nan,nan,nan,nan,nan,nan,nan,nan,nan,nan,nan,nan,nan,nan,nan,nan,nan,nan,nan,nan,nan,nan,nan,nan,nan,nan,nan,nan,nan,nan,nan,nan,nan,nan,nan,nan,nan,nan,nan,nan,nan,nan,nan,nan,nan,nan,nan,nan,nan,nan,nan,nan,nan,nan,nan,nan,nan,nan,nan,nan,nan
nan,nan,nan,nan,nan,nan,nan,nan,nan,nan,nan,nan,nan,nan,nan,nan,nan,nan,nan,nan,nan,nan,nan,nan,nan,nan,nan,nan,nan,nan,nan,nan,nan,nan,nan,nan,nan,nan,nan,nan,nan,nan,nan,nan,nan,nan,nan,nan,nan,nan,nan,nan,nan,nan,nan,nan,nan,nan,nan,nan,nan,nan,nan,nan,nan,nan,nan,nan,nan,nan,nan,nan,nan,nan,nan,nan,nan,nan,nan,nan,nan,nan,nan,nan,nan,nan,nan,nan,nan,nan,nan,nan,nan,nan,nan,nan,nan,nan,nan,nan,nan,nan,nan,nan,nan,nan,nan,nan,nan,nan,nan,nan,nan,nan,nan,nan,nan,nan,nan,nan,nan,nan,nan,nan,nan
nan,nan,nan,nan,nan,nan,nan,nan,nan,nan,nan,nan,nan,nan,nan,nan,nan,nan,nan,nan,nan,nan,nan,nan,nan,nan,nan,nan,nan,nan,nan,nan,nan,nan,nan,nan,nan,nan,nan,nan,nan,nan,nan,nan,nan,nan,nan,nan,nan,nan,nan,nan,nan,nan,nan,nan,nan,nan,nan,nan,nan,nan,nan,nan,nan,nan,nan,nan,nan,nan,nan,nan,nan,nan,nan,nan,nan,nan,nan,nan,nan,nan,nan,nan,nan,nan,nan,nan,nan,nan,nan,nan,nan,nan,nan,nan,nan,nan,nan,nan,nan,nan,nan,nan,nan,nan,nan,nan,nan,nan,nan,nan,nan,nan,nan,nan,nan,nan,nan,nan,nan,nan,nan,nan,nan
nan,nan,nan,nan,nan,nan,nan,nan,nan,nan,nan,nan,nan,nan,nan,nan,nan,nan,nan,nan,nan,nan,nan,nan,nan,nan,nan,nan,nan,nan,nan,nan,nan,nan,nan,nan,nan,nan,nan,nan,nan,nan,nan,nan,nan,nan,nan,nan,nan,nan,nan,nan,nan,nan,nan,nan,nan,nan,nan,nan,nan,nan,nan,nan,nan,nan,nan,nan,nan,nan,nan,nan,nan,nan,nan,nan,nan,nan,nan,nan,nan,nan,nan,nan,nan,nan,nan,nan,nan,nan,nan,nan,nan,nan,nan,nan,nan,nan,nan,nan,nan,nan,nan,nan,nan,nan,nan,nan,nan,nan,nan,nan,nan,nan,nan,nan,nan,nan,nan,nan,nan,nan,nan,nan,nan
nan,nan,nan,nan,nan,nan,nan,nan,nan,nan,nan,nan,nan,nan,nan,nan,nan,nan,nan,nan,nan,nan,nan,nan,nan,nan,nan,nan,nan,nan,nan,nan,nan,nan,nan,nan,nan,nan,nan,nan,nan,nan,nan,nan,nan,nan,nan,nan,nan,nan,nan,nan,nan,nan,nan,nan,nan,nan,nan,nan,nan,nan,nan,nan,nan,nan,nan,nan,nan,nan,nan,nan,nan,nan,nan,nan,nan,nan,nan,nan,nan,nan,nan,nan,nan,nan,nan,nan,nan,nan,nan,nan,nan,nan,nan,nan,nan,nan,nan,nan,nan,nan,nan,nan,nan,nan,nan,nan,nan,nan,nan,nan,nan,nan,nan,nan,nan,nan,nan,nan,nan,nan,nan,nan,nan
nan,nan,nan,nan,nan,nan,nan,nan,nan,nan,nan,nan,nan,nan,nan,nan,nan,nan,nan,nan,nan,nan,nan,nan,nan,nan,nan,nan,nan,nan,nan,nan,nan,nan,nan,nan,nan,nan,nan,nan,nan,nan,nan,nan,nan,nan,nan,nan,nan,nan,nan,nan,nan,nan,nan,nan,nan,nan,nan,nan,nan,nan,nan,nan,nan,nan,nan,nan,nan,nan,nan,nan,nan,nan,nan,nan,nan,nan,nan,nan,nan,nan,nan,nan,nan,nan,nan,nan,nan,nan,nan,nan,nan,nan,nan,nan,nan,nan,nan,nan,nan,nan,nan,nan,nan,nan,nan,nan,nan,nan,nan,nan,nan,nan,nan,nan,nan,nan,nan,nan,nan,nan,nan,nan,nan
nan,nan,nan,nan,nan,nan,nan,nan,nan,nan,nan,nan,nan,nan,nan,nan,nan,nan,nan,nan,nan,nan,nan,nan,nan,nan,nan,nan,nan,nan,nan,nan,nan,nan,nan,nan,nan,nan,nan,nan,nan,nan,nan,nan,nan,nan,nan,nan,nan,nan,nan,nan,nan,nan,nan,nan,nan,nan,nan,nan,nan,nan,nan,nan,nan,nan,nan,nan,nan,nan,nan,nan,nan,nan,nan,nan,nan,nan,nan,nan,nan,nan,nan,nan,nan,nan,nan,nan,nan,nan,nan,nan,nan,nan,nan,nan,nan,nan,nan,nan,nan,nan,nan,nan,nan,nan,nan,nan,nan,nan,nan,nan,nan,nan,nan,nan,nan,nan,nan,nan,nan,nan,nan,nan,nan
nan,nan,nan,nan,nan,nan,nan,nan,nan,nan,nan,nan,nan,nan,nan,nan,nan,nan,nan,nan,nan,nan,nan,nan,nan,nan,nan,nan,nan,nan,nan,nan,nan,nan,nan,nan,nan,nan,nan,nan,nan,nan,nan,nan,nan,nan,nan,nan,nan,nan,nan,nan,nan,nan,nan,nan,nan,nan,nan,nan,nan,nan,nan,nan,nan,nan,nan,nan,nan,nan,nan,nan,nan,nan,nan,nan,nan,nan,nan,nan,nan,nan,nan,nan,nan,nan,nan,nan,nan,nan,nan,nan,nan,nan,nan,nan,nan,nan,nan,nan,nan,nan,nan,nan,nan,nan,nan,nan,nan,nan,nan,nan,nan,nan,nan,nan,nan,nan,nan,nan,nan,nan,nan,nan,nan
nan,nan,nan,nan,nan,nan,nan,nan,nan,nan,nan,nan,nan,nan,nan,nan,nan,nan,nan,nan,nan,nan,nan,nan,nan,nan,nan,nan,nan,nan,nan,nan,nan,nan,nan,nan,nan,nan,nan,nan,nan,nan,nan,nan,nan,nan,nan,nan,nan,nan,nan,nan,nan,nan,nan,nan,nan,nan,nan,nan,nan,nan,nan,nan,nan,nan,nan,nan,nan,nan,nan,nan,nan,nan,nan,nan,nan,nan,nan,nan,nan,nan,nan,nan,nan,nan,nan,nan,nan,nan,nan,nan,nan,nan,nan,nan,nan,nan,nan,nan,nan,nan,nan,nan,nan,nan,nan,nan,nan,nan,nan,nan,nan,nan,nan,nan,nan,nan,nan,nan,nan,nan,nan,nan,nan
nan,nan,nan,nan,nan,nan,nan,nan,nan,nan,nan,nan,nan,nan,nan,nan,nan,nan,nan,nan,nan,nan,nan,nan,nan,nan,nan,nan,nan,nan,nan,nan,nan,nan,nan,nan,nan,nan,nan,nan,nan,nan,nan,nan,nan,nan,nan,nan,nan,nan,nan,nan,nan,nan,nan,nan,nan,nan,nan,nan,nan,nan,nan,nan,nan,nan,nan,nan,nan,nan,nan,nan,nan,nan,nan,nan,nan,nan,nan,nan,nan,nan,nan,nan,nan,nan,nan,nan,nan,nan,nan,nan,nan,nan,nan,nan,nan,nan,nan,nan,nan,nan,nan,nan,nan,nan,nan,nan,nan,nan,nan,nan,nan,nan,nan,nan,nan,nan,nan,nan,nan,nan,nan,nan,nan
nan,nan,nan,nan,nan,nan,nan,nan,nan,nan,nan,nan,nan,nan,nan,nan,nan,nan,nan,nan,nan,nan,nan,nan,nan,nan,nan,nan,nan,nan,nan,nan,nan,nan,nan,nan,nan,nan,nan,nan,nan,nan,nan,nan,nan,nan,nan,nan,nan,nan,nan,nan,nan,nan,nan,nan,nan,nan,nan,nan,nan,nan,nan,nan,nan,nan,nan,nan,nan,nan,nan,nan,nan,nan,nan,nan,nan,nan,nan,nan,nan,nan,nan,nan,nan,nan,nan,nan,nan,nan,nan,nan,nan,nan,nan,nan,nan,nan,nan,nan,nan,nan,nan,nan,nan,nan,nan,nan,nan,nan,nan,nan,nan,nan,nan,nan,nan,nan,nan,nan,nan,nan,nan,nan,nan
nan,nan,nan,nan,nan,nan,nan,nan,nan,nan,nan,nan,nan,nan,nan,nan,nan,nan,nan,nan,nan,nan,nan,nan,nan,nan,nan,nan,nan,nan,nan,nan,nan,nan,nan,nan,nan,nan,nan,nan,nan,nan,nan,nan,nan,nan,nan,nan,nan,nan,nan,nan,nan,nan,nan,nan,nan,nan,nan,nan,nan,nan,nan,nan,nan,nan,nan,nan,nan,nan,nan,nan,nan,nan,nan,nan,nan,nan,nan,nan,nan,nan,nan,nan,nan,nan,nan,nan,nan,nan,nan,nan,nan,nan,nan,nan,nan,nan,nan,nan,nan,nan,nan,nan,nan,nan,nan,nan,nan,nan,nan,nan,nan,nan,nan,nan,nan,nan,nan,nan,nan,nan,nan,nan,nan
nan,nan,nan,nan,nan,nan,nan,nan,nan,nan,nan,nan,nan,nan,nan,nan,nan,nan,nan,nan,nan,nan,nan,nan,nan,nan,nan,nan,nan,nan,nan,nan,nan,nan,nan,nan,nan,nan,nan,nan,nan,nan,nan,nan,nan,nan,nan,nan,nan,nan,nan,nan,nan,nan,nan,nan,nan,nan,nan,nan,nan,nan,nan,nan,nan,nan,nan,nan,nan,nan,nan,nan,nan,nan,nan,nan,nan,nan,nan,nan,nan,nan,nan,nan,nan,nan,nan,nan,nan,nan,nan,nan,nan,nan,nan,nan,nan,nan,nan,nan,nan,nan,nan,nan,nan,nan,nan,nan,nan,nan,nan,nan,nan,nan,nan,nan,nan,nan,nan,nan,nan,nan,nan,nan,nan
nan,nan,nan,nan,nan,nan,nan,nan,nan,nan,nan,nan,nan,nan,nan,nan,nan,nan,nan,nan,nan,nan,nan,nan,nan,nan,nan,nan,nan,nan,nan,nan,nan,nan,nan,nan,nan,nan,nan,nan,nan,nan,nan,nan,nan,nan,nan,nan,nan,nan,nan,nan,nan,nan,nan,nan,nan,nan,nan,nan,nan,nan,nan,nan,nan,nan,nan,nan,nan,nan,nan,nan,nan,nan,nan,nan,nan,nan,nan,nan,nan,nan,nan,nan,nan,nan,nan,nan,nan,nan,nan,nan,nan,nan,nan,nan,nan,nan,nan,nan,nan,nan,nan,nan,nan,nan,nan,nan,nan,nan,nan,nan,nan,nan,nan,nan,nan,nan,nan,nan,nan,nan,nan,nan,nan
nan,nan,nan,nan,nan,nan,nan,nan,nan,nan,nan,nan,nan,nan,nan,nan,nan,nan,nan,nan,nan,nan,nan,nan,nan,nan,nan,nan,nan,nan,nan,nan,nan,nan,nan,nan,nan,nan,nan,nan,nan,nan,nan,nan,nan,nan,nan,nan,nan,nan,nan,nan,nan,nan,nan,nan,nan,nan,nan,nan,nan,nan,nan,nan,nan,nan,nan,nan,nan,nan,nan,nan,nan,nan,nan,nan,nan,nan,nan,nan,nan,nan,nan,nan,nan,nan,nan,nan,nan,nan,nan,nan,nan,nan,nan,nan,nan,nan,nan,nan,nan,nan,nan,nan,nan,nan,nan,nan,nan,nan,nan,nan,nan,nan,nan,nan,nan,nan,nan,nan,nan,nan,nan,nan,nan
nan,nan,nan,nan,nan,nan,nan,nan,nan,nan,nan,nan,nan,nan,nan,nan,nan,nan,nan,nan,nan,nan,nan,nan,nan,nan,nan,nan,nan,nan,nan,nan,nan,nan,nan,nan,nan,nan,nan,nan,nan,nan,nan,nan,nan,nan,nan,nan,nan,nan,nan,nan,nan,nan,nan,nan,nan,nan,nan,nan,nan,nan,nan,nan,nan,nan,nan,nan,nan,nan,nan,nan,nan,nan,nan,nan,nan,nan,nan,nan,nan,nan,nan,nan,nan,nan,nan,nan,nan,nan,nan,nan,nan,nan,nan,nan,nan,nan,nan,nan,nan,nan,nan,nan,nan,nan,nan,nan,nan,nan,nan,nan,nan,nan,nan,nan,nan,nan,nan,nan,nan,nan,nan,nan,nan
