nan,nan,nan,nan,nan,nan,nan,nan,nan,nan,nan,nan,nan,nan,nan,nan,nan,nan,nan,nan,nan,nan,nan,nan,nan,nan,nan,nan,nan,nan,nan,nan,nan,nan,nan,nan,nan,nan,nan,nan,nan,nan,nan,nan,nan,nan,nan,nan,nan,nan,nan,nan,nan,nan,nan,nan,nan,nan,nan,nan,nan,nan,nan,nan,nan,nan,nan,nan,nan,nan,nan,nan,nan,nan,nan,nan,nan,nan,nan,nan,nan,nan,nan,nan,nan,nan,nan,nan,nan,nan,nan,nan,nan,nan,nan,nan,nan,nan,nan,nan,nan,nan,nan,nan,nan,nan,nan,nan,nan,nan,nan,nan,nan,nan,nan,nan,nan,nan,nan,nan,nan,nan,nan,nan,nan
nan,nan,nan,nan,nan,nan,nan,nan,nan,nan,nan,nan,nan,nan,nan,nan,nan,nan,nan,nan,nan,nan,nan,nan,nan,nan,nan,nan,nan,nan,nan,nan,nan,nan,nan,nan,nan,nan,nan,nan,nan,nan,nan,nan,nan,nan,nan,nan,nan,nan,nan,nan,nan,nan,nan,nan,nan,nan,nan,nan,nan,nan,nan,nan,nan,nan,nan,nan,nan,nan,nan,nan,nan,nan,nan,nan,nan,nan,nan,nan,nan,nan,nan,nan,nan,nan,nan,nan,nan,nan,nan,nan,nan,nan,nan,nan,nan,nan,nan,nan,nan,nan,nan,nan,nan,nan,nan,nan,nan,nan,nan,nan,nan,nan,nan,nan,nan,nan,nan,nan,nan,nan,nan,nan,nan
nan,nan,nan,nan,nan,nan,nan,nan,nan,nan,nan,nan,nan,nan,nan,nan,nan,nan,nan,nan,nan,nan,nan,nan,nan,nan,nan,nan,nan,nan,nan,nan,nan,nan,nan,nan,nan,nan,nan,nan,nan,nan,nan,nan,nan,nan,nan,nan,nan,nan,nan,nan,nan,nan,nan,nan,nan,nan,nan,nan,nan,nan,nan,nan,nan,nan,nan,nan,nan,nan,nan,nan,nan,nan,nan,nan,nan,nan,nan,nan,nan,nan,nan,nan,nan,nan,nan,nan,nan,nan,nan,nan,nan,nan,nan,nan,nan,nan,nan,nan,nan,nan,nan,nan,nan,nan,nan,nan,nan,nan,nan,nan,nan,nan,nan,nan,nan,nan,nan,nan,nan,nan,nan,nan,nan
nan,nan,nan,nan,nan,nan,nan,nan,nan,nan,nan,nan,nan,nan,nan,nan,nan,nan,nan,nan,nan,nan,nan,nan,nan,nan,nan,nan,nan,nan,nan,nan,nan,nan,nan,nan,nan,nan,nan,nan,nan,nan,nan,nan,nan,nan,nan,nan,nan,nan,nan,nan,nan,nan,nan,nan,nan,nan,nan,nan,nan,nan,nan,nan,nan,nan,nan,nan,nan,nan,nan,nan,nan,nan,nan,nan,nan,nan,nan,nan,nan,nan,nan,nan,nan,nan,nan,nan,nan,nan,nan,nan,nan,nan,nan,nan,nan,nan,nan,nan,nan,nan,nan,nan,nan,nan,nan,nan,nan,nan,nan,nan,nan,nan,nan,nan,nan,nan,nan,nan,nan,nan,nan,nan,nan
nan,nan,nan,nan,nan,nan,nan,nan,nan,nan,nan,nan,nan,nan,nan,nan,nan,nan,nan,nan,nan,nan,nan,nan,nan,nan,nan,nan,nan,nan,nan,nan,nan,nan,nan,nan,nan,nan,nan,nan,nan,nan,nan,nan,nan,nan,nan,nan,nan,nan,nan,nan,nan,nan,nan,nan,nan,nan,nan,nan,nan,nan,nan,nan,nan,nan,nan,nan,nan,nan,nan,nan,nan,nan,nan,nan,nan,nan,nan,nan,nan,nan,nan,nan,nan,nan,nan,nan,nan,nan,nan,nan,nan,nan,nan,nan,nan,nan,nan,nan,nan,nan,nan,nan,nan,nan,nan,nan,nan,nan,nan,nan,nan,nan,nan,nan,nan,nan,nan,nan,nan,nan,nan,nan,nan
nan,nan,nan,nan,nan,nan,nan,nan,nan,nan,nan,nan,nan,nan,nan,nan,nan,nan,nan,nan,nan,nan,nan,nan,nan,nan,nan,nan,nan,nan,nan,nan,nan,nan,nan,nan,nan,nan,nan,nan,nan,nan,nan,nan,nan,nan,nan,nan,nan,nan,nan,nan,nan,nan,nan,nan,nan,nan,nan,nan,nan,nan,nan,nan,nan,nan,nan,nan,nan,nan,nan,nan,nan,nan,nan,nan,nan,nan,nan,nan,nan,nan,nan,nan,nan,nan,nan,nan,nan,nan,nan,nan,nan,nan,nan,nan,nan,nan,nan,nan,nan,nan,nan,nan,nan,nan,nan,nan,nan,nan,nan,nan,nan,nan,nan,nan,nan,nan,nan,nan,nan,nan,nan,nan,nan
nan,nan,nan,nan,nan,nan,nan,nan,nan,nan,nan,nan,nan,nan,nan,nan,nan,nan,nan,nan,nan,nan,nan,nan,nan,nan,nan,nan,nan,nan,nan,nan,nan,nan,nan,nan,nan,nan,nan,nan,nan,nan,nan,nan,nan,nan,nan,nan,nan,nan,nan,nan,nan,nan,nan,nan,nan,nan,nan,nan,nan,nan,nan,nan,nan,nan,nan,nan,nan,nan,nan,nan,nan,nan,nan,nan,nan,nan,nan,nan,nan,nan,nan,nan,nan,nan,nan,nan,nan,nan,nan,nan,nan,nan,nan,nan,nan,nan,nan,nan,nan,nan,nan,nan,nan,nan,nan,nan,nan,nan,nan,nan,nan,nan,nan,nan,nan,nan,nan,nan,nan,nan,nan,nan,nan
nan,nan,nan,nan,nan,nan,nan,nan,nan,nan,nan,nan,nan,nan,nan,nan,nan,nan,nan,nan,nan,nan,nan,nan,nan,nan,nan,nan,nan,nan,nan,nan,nan,nan,nan,nan,nan,nan,nan,nan,nan,nan,nan,nan,nan,nan,nan,nan,nan,nan,nan,nan,nan,nan,nan,nan,nan,nan,nan,nan,nan,nan,nan,nan,nan,nan,nan,nan,nan,nan,nan,nan,nan,nan,nan,nan,nan,nan,nan,nan,nan,nan,nan,nan,nan,nan,nan,nan,nan,nan,nan,nan,nan,nan,nan,nan,nan,nan,nan,nan,nan,nan,nan,nan,nan,nan,nan,nan,nan,nan,nan,nan,nan,nan,nan,nan,nan,nan,nan,nan,nan,nan,nan,nan,nan
nan,nan,nan,nan,nan,nan,nan,nan,nan,nan,nan,nan,nan,nan,nan,nan,nan,nan,nan,nan,nan,nan,nan,nan,nan,nan,nan,nan,nan,nan,nan,nan,nan,nan,nan,nan,nan,nan,nan,nan,nan,nan,nan,nan,nan,nan,nan,nan,nan,nan,nan,nan,nan,nan,nan,nan,nan,nan,nan,nan,nan,nan,nan,nan,nan,nan,nan,nan,nan,nan,nan,nan,nan,nan,nan,nan,nan,nan,nan,nan,nan,nan,nan,nan,nan,nan,nan,nan,nan,nan,nan,nan,nan,nan,nan,nan,nan,nan,nan,nan,nan,nan,nan,nan,nan,nan,nan,nan,nan,nan,nan,nan,nan,nan,nan,nan,nan,nan,nan,nan,nan,nan,nan,nan,nan
nan,nan,nan,nan,nan,nan,nan,nan,nan,nan,nan,nan,nan,nan,nan,nan,nan,nan,nan,nan,nan,nan,nan,nan,nan,nan,nan,nan,nan,nan,nan,nan,nan,nan,nan,nan,nan,nan,nan,nan,nan,nan,nan,nan,nan,nan,nan,nan,nan,nan,nan,nan,nan,nan,nan,nan,nan,nan,nan,nan,nan,nan,nan,nan,nan,nan,nan,nan,nan,nan,nan,nan,nan,nan,nan,nan,nan,nan,nan,nan,nan,nan,nan,nan,nan,nan,nan,nan,nan,nan,nan,nan,nan,nan,nan,nan,nan,nan,nan,nan,nan,nan,nan,nan,nan,nan,nan,nan,nan,nan,nan,nan,nan,nan,nan,nan,nan,nan,nan,nan,nan,nan,nan,nan,nan
nan,nan,nan,nan,nan,nan,nan,nan,nan,nan,nan,nan,nan,nan,nan,nan,nan,nan,nan,nan,nan,nan,nan,nan,nan,nan,nan,nan,nan,nan,nan,nan,nan,nan,nan,nan,nan,nan,nan,nan,nan,nan,nan,nan,nan,nan,nan,nan,nan,nan,nan,nan,nan,nan,nan,nan,nan,nan,nan,nan,nan,nan,nan,nan,nan,nan,nan,nan,nan,nan,nan,nan,nan,nan,nan,nan,nan,nan,nan,nan,nan,nan,nan,nan,nan,nan,nan,nan,nan,nan,nan,nan,nan,nan,nan,nan,nan,nan,nan,nan,nan,nan,nan,nan,nan,nan,nan,nan,nan,nan,nan,nan,nan,nan,nan,nan,nan,nan,nan,nan,nan,nan,nan,nan,nan
nan,nan,nan,nan,nan,nan,nan,nan,nan,nan,nan,nan,nan,nan,nan,nan,nan,nan,nan,nan,nan,nan,nan,nan,nan,nan,nan,nan,nan,nan,nan,nan,nan,nan,nan,nan,nan,nan,nan,nan,nan,nan,nan,nan,nan,nan,nan,nan,nan,nan,nan,nan,nan,nan,nan,nan,nan,nan,nan,nan,nan,nan,nan,nan,nan,nan,nan,nan,nan,nan,nan,nan,nan,nan,nan,nan,nan,nan,nan,nan,nan,nan,nan,nan,nan,nan,nan,nan,nan,nan,nan,nan,nan,nan,nan,nan,nan,nan,nan,nan,nan,nan,nan,nan,nan,nan,nan,nan,nan,nan,nan,nan,nan,nan,nan,nan,nan,nan,nan,nan,nan,nan,nan,nan,nan
nan,nan,nan,nan,nan,nan,nan,nan,nan,nan,nan,nan,nan,nan,nan,nan,nan,nan,nan,nan,nan,nan,nan,nan,nan,nan,nan,nan,nan,nan,nan,nan,nan,nan,nan,nan,nan,nan,nan,nan,nan,nan,nan,nan,nan,nan,nan,nan,nan,nan,nan,nan,nan,nan,nan,nan,nan,nan,nan,nan,nan,nan,nan,nan,nan,nan,nan,nan,nan,nan,nan,nan,nan,nan,nan,nan,nan,nan,nan,nan,nan,nan,nan,nan,nan,nan,nan,nan,nan,nan,nan,nan,nan,nan,nan,nan,nan,nan,nan,nan,nan,nan,nan,nan,nan,nan,nan,nan,nan,nan,nan,nan,nan,nan,nan,nan,nan,nan,nan,nan,nan,nan,nan,nan,nan
nan,nan,nan,nan,nan,nan,nan,nan,nan,nan,nan,nan,nan,nan,nan,nan,nan,nan,nan,nan,nan,nan,nan,nan,nan,nan,nan,nan,nan,nan,nan,nan,nan,nan,nan,nan,nan,nan,nan,nan,nan,nan,nan,nan,nan,nan,nan,nan,nan,nan,nan,nan,nan,nan,1.998195457458496094e+01,2.343153762817382812e+01,2.700089645385742188e+01,2.991490936279296875e+01,2.937950515747070312e+01,3.851705551147460938e+01,nan,nan,nan,nan,nan,nan,nan,nan,nan,4.044172668457031250e+01,nan,nan,nan,nan,nan,nan,nan,nan,nan,nan,nan,nan,nan,nan,nan,nan,nan,nan,nan,nan,nan,nan,nan,nan,nan,nan,nan,nan,nan,nan,nan,nan,nan,nan,nan,nan,nan,nan,nan,nan,nan,nan,nan,nan,nan,nan,nan,nan,nan,nan,nan,nan,nan,nan,nan
nan,nan,nan,nan,nan,nan,nan,nan,nan,nan,nan,nan,nan,nan,nan,nan,nan,nan,nan,nan,nan,nan,nan,nan,nan,nan,nan,nan,nan,nan,nan,nan,nan,nan,nan,nan,nan,nan,nan,nan,nan,nan,nan,nan,nan,nan,nan,nan,nan,nan,nan,nan,1.340026473999023438e+01,1.426725769042968750e+01,1.898553276062011719e+01,1.580168533325195312e+01,2.128366470336914062e+01,2.473504638671875000e+01,4.034936141967773438e+01,4.375889205932617188e+01,3.854986190795898438e+01,4.121071624755859375e+01,4.468003463745117188e+01,5.271778488159179688e+01,4.984327697753906250e+01,5.044987487792968750e+01,4.851879501342773438e+01,4.579040145874023438e+01,4.220746994018554688e+01,3.543208694458007812e+01,2.873861885070800781e+01,3.560613250732421875e+01,nan,nan,nan,nan,nan,nan,nan,nan,nan,nan,nan,nan,nan,nan,nan,nan,nan,nan,nan,nan,nan,nan,nan,nan,nan,nan,nan,nan,nan,nan,nan,nan,nan,nan,nan,nan,nan,nan,nan,nan,nan,nan,nan,nan,nan,nan,nan,nan,nan,nan,nan,nan,nan
nan,nan,nan,nan,nan,nan,nan,nan,nan,nan,nan,nan,nan,nan,nan,nan,nan,nan,nan,nan,nan,nan,nan,nan,nan,nan,nan,nan,nan,nan,nan,nan,nan,nan,nan,nan,nan,nan,nan,nan,nan,nan,nan,nan,nan,nan,nan,nan,nan,6.116269588470458984e+00,8.487910270690917969e+00,1.425722980499267578e+01,9.986616134643554688e+00,1.820351600646972656e+01,1.719022750854492188e+01,1.649944114685058594e+01,2.299514579772949219e+01,2.862248420715332031e+01,4.122302627563476562e+01,4.355583572387695312e+01,4.154975128173828125e+01,4.197175598144531250e+01,5.337178421020507812e+01,5.378991317749023438e+01,5.377516555786132812e+01,5.347048187255859375e+01,5.051329803466796875e+01,4.507170486450195312e+01,4.408782958984375000e+01,3.947923660278320312e+01,3.046422958374023438e+01,2.240505218505859375e+01,3.175016403198242188e+01,nan,nan,nan,nan,nan,nan,nan,nan,nan,nan,nan,nan,nan,nan,nan,nan,nan,nan,nan,nan,nan,nan,nan,nan,nan,nan,nan,nan,nan,nan,nan,nan,nan,nan,nan,nan,nan,nan,nan,nan,nan,nan,nan,nan,nan,nan,nan,nan,nan,nan,nan,nan
nan,nan,nan,nan,nan,nan,nan,nan,nan,nan,nan,nan,nan,nan,nan,nan,nan,nan,nan,nan,nan,nan,nan,nan,nan,nan,nan,nan,nan,nan,nan,nan,nan,nan,nan,nan,nan,5.010274887084960938e+00,nan,nan,nan,nan,nan,nan,nan,3.745840191841125488e-01,1.576399683952331543e+00,2.754552364349365234e+00,2.782879590988159180e+00,1.137790393829345703e+01,7.986845493316650391e+00,3.870754241943359375e+00,5.764450073242187500e+00,1.766395759582519531e+01,1.816555404663085938e+01,1.743452644348144531e+01,2.023675918579101562e+01,2.910817909240722656e+01,4.128282546997070312e+01,4.360789108276367188e+01,4.465270996093750000e+01,5.320885086059570312e+01,5.525845336914062500e+01,5.350221633911132812e+01,5.431779479980468750e+01,5.395703887939453125e+01,5.247234344482421875e+01,4.891638565063476562e+01,4.738978576660156250e+01,4.273236846923828125e+01,3.547104644775390625e+01,2.819552040100097656e+01,3.327259445190429688e+01,2.754571914672851562e+01,2.543288993835449219e+01,nan,nan,nan,nan,nan,nan,nan,nan,nan,nan,nan,nan,nan,nan,nan,nan,nan,nan,nan,nan,nan,nan,nan,nan,nan,nan,nan,nan,nan,nan,nan,nan,nan,nan,nan,nan,nan,nan,nan,nan,nan,nan,nan,nan,nan,nan,nan,nan,nan,nan
nan,nan,nan,nan,nan,nan,nan,nan,nan,nan,nan,nan,nan,nan,nan,nan,nan,nan,nan,nan,nan,nan,nan,nan,nan,nan,nan,nan,nan,nan,nan,nan,nan,nan,nan,nan,6.973009586334228516e+00,nan,3.765154600143432617e+00,2.132585287094116211e+00,nan,nan,-1.258130073547363281e+00,nan,-1.854662150144577026e-01,3.530019760131835938e+00,3.856402635574340820e+00,4.592319488525390625e+00,-8.305301666259765625e-01,4.637897968292236328e+00,4.566331386566162109e+00,-2.573247194290161133e+00,6.433325767517089844e+00,1.303453445434570312e+01,1.850029563903808594e+01,2.928589248657226562e+01,3.632512283325195312e+01,3.231921386718750000e+01,3.669023513793945312e+01,4.379649734497070312e+01,4.579179000854492188e+01,5.535614776611328125e+01,6.399286651611328125e+01,5.507688903808593750e+01,5.533358383178710938e+01,4.933649826049804688e+01,5.395043945312500000e+01,5.302440643310546875e+01,5.303126144409179688e+01,4.513583374023437500e+01,3.262891006469726562e+01,3.389248657226562500e+01,3.265561294555664062e+01,2.696551132202148438e+01,2.010946083068847656e+01,2.760077667236328125e+01,nan,nan,nan,nan,nan,nan,nan,nan,nan,nan,nan,nan,nan,nan,nan,nan,nan,nan,nan,nan,nan,nan,nan,nan,nan,nan,nan,nan,nan,nan,nan,nan,nan,nan,nan,nan,nan,nan,nan,nan,nan,nan,nan,nan,nan,nan,nan,nan,nan
nan,nan,nan,nan,nan,nan,nan,nan,nan,nan,nan,nan,nan,nan,nan,nan,nan,nan,nan,nan,nan,nan,nan,nan,nan,nan,nan,nan,nan,nan,nan,nan,nan,nan,nan,7.919012069702148438e+00,1.056133365631103516e+01,nan,3.255390405654907227e+00,1.697166681289672852e+00,nan,nan,-1.071112394332885742e+00,nan,-2.025484085083007812e+00,-5.256803512573242188e+00,-4.541197299957275391e+00,2.902348995208740234e+00,-3.953078389167785645e-01,2.321975946426391602e+00,3.589229583740234375e+00,5.357130527496337891e+00,1.506966400146484375e+01,1.706857490539550781e+01,2.067417144775390625e+01,2.878009986877441406e+01,3.235043334960937500e+01,3.551470184326171875e+01,3.922639465332031250e+01,4.054861831665039062e+01,5.063554382324218750e+01,5.839845657348632812e+01,6.329996109008789062e+01,6.136354827880859375e+01,2.356308364868164062e+01,5.672576141357421875e+01,5.623896408081054688e+01,5.362787246704101562e+01,5.001643371582031250e+01,4.509335327148437500e+01,3.422488784790039062e+01,3.369190216064453125e+01,3.183377456665039062e+01,2.463560295104980469e+01,1.593831634521484375e+01,1.454734420776367188e+01,1.885935020446777344e+01,nan,nan,nan,nan,nan,nan,nan,nan,nan,nan,nan,nan,nan,nan,nan,nan,nan,nan,nan,nan,nan,nan,nan,nan,nan,nan,nan,nan,nan,nan,nan,nan,nan,nan,nan,nan,nan,nan,nan,nan,nan,nan,nan,nan,nan,nan,nan,nan
nan,nan,nan,nan,nan,nan,nan,nan,nan,nan,nan,nan,nan,nan,nan,nan,nan,nan,nan,nan,nan,nan,nan,nan,nan,nan,nan,nan,nan,nan,nan,nan,nan,nan,nan,5.662732601165771484e+00,8.712639808654785156e+00,6.958238124847412109e+00,nan,-1.604566425085067749e-01,-2.699340321123600006e-02,-3.027631044387817383e+00,-4.662431240081787109e+00,-4.904341220855712891e+00,-6.342125892639160156e+00,-5.933008670806884766e+00,-7.741491198539733887e-01,4.184333324432373047e+00,3.287500619888305664e+00,3.093685150146484375e+00,6.177297592163085938e+00,9.802444458007812500e+00,1.623265457153320312e+01,2.145040512084960938e+01,2.434559440612792969e+01,3.124657821655273438e+01,3.698092269897460938e+01,4.062984848022460938e+01,4.041453933715820312e+01,3.873439788818359375e+01,5.247500991821289062e+01,5.301843261718750000e+01,6.198218536376953125e+01,5.579029846191406250e+01,3.929579162597656250e+01,4.171456527709960938e+01,5.742956542968750000e+01,5.703939056396484375e+01,5.302291488647460938e+01,3.232963562011718750e+01,1.925539588928222656e+01,1.786685752868652344e+01,2.080685997009277344e+01,2.975255203247070312e+01,2.985836982727050781e+01,2.009798049926757812e+01,2.124314308166503906e+01,2.499597167968750000e+01,nan,nan,nan,nan,nan,nan,nan,nan,nan,nan,nan,nan,nan,nan,nan,nan,nan,nan,nan,nan,nan,nan,nan,nan,nan,nan,nan,nan,nan,nan,nan,nan,nan,nan,nan,nan,nan,nan,nan,nan,nan,nan,nan,nan,nan,nan,nan
nan,nan,nan,nan,nan,nan,nan,nan,nan,nan,nan,nan,nan,nan,nan,nan,nan,nan,nan,nan,nan,nan,nan,nan,nan,nan,nan,nan,nan,nan,nan,nan,nan,nan,6.760473728179931641e+00,1.021011638641357422e+01,1.301347160339355469e+01,nan,1.635269761085510254e+00,3.385195493698120117e+00,2.472525984048843384e-01,-6.647293567657470703e+00,-6.089389324188232422e+00,-3.649826526641845703e+00,-1.279562618583440781e-02,4.395068645477294922e+00,2.086989164352416992e+00,5.450934410095214844e+00,4.619931697845458984e+00,5.867961406707763672e+00,1.198166847229003906e+01,1.271274471282958984e+01,1.511272525787353516e+01,2.151300239562988281e+01,2.389633941650390625e+01,3.077533149719238281e+01,3.832158279418945312e+01,4.186391830444335938e+01,3.860492324829101562e+01,4.064538955688476562e+01,4.746735382080078125e+01,5.669868850708007812e+01,6.000443649291992188e+01,3.408184051513671875e+01,3.768252182006835938e+01,5.490723037719726562e+01,5.870501708984375000e+01,4.735170364379882812e+01,3.499086761474609375e+01,3.722227096557617188e+01,1.657001686096191406e+01,1.968828392028808594e+01,1.626878547668457031e+01,2.677639770507812500e+01,2.988745307922363281e+01,2.598036193847656250e+01,1.916911506652832031e+01,1.849928283691406250e+01,2.650699996948242188e+01,nan,nan,nan,nan,nan,nan,nan,nan,nan,nan,nan,nan,nan,nan,nan,nan,nan,nan,nan,nan,nan,nan,nan,nan,nan,nan,nan,nan,nan,nan,nan,nan,nan,nan,nan,nan,nan,nan,nan,nan,nan,nan,nan,nan,nan,nan
nan,nan,nan,nan,nan,nan,nan,nan,nan,nan,nan,nan,nan,nan,nan,nan,nan,nan,nan,nan,nan,nan,nan,nan,nan,nan,nan,nan,nan,nan,nan,nan,6.957500934600830078e+00,6.209969997406005859e+00,1.817359733581542969e+01,1.206959152221679688e+01,9.018961906433105469e+00,6.988180637359619141e+00,5.837800502777099609e+00,2.292480707168579102e+00,-2.627268075942993164e+00,-4.636971950531005859e+00,-2.252595126628875732e-01,5.714095592498779297e+00,5.402655601501464844e+00,5.674036026000976562e+00,4.188421249389648438e+00,6.242401123046875000e+00,6.033165931701660156e+00,7.154133319854736328e+00,1.322097873687744141e+01,1.355258941650390625e+01,1.495827293395996094e+01,1.822335243225097656e+01,1.996139526367187500e+01,2.398550796508789062e+01,2.904286003112792969e+01,2.825385475158691406e+01,3.533498764038085938e+01,4.022717285156250000e+01,4.541897583007812500e+01,5.166356658935546875e+01,5.583101654052734375e+01,2.267507171630859375e+01,3.795911026000976562e+01,5.391900634765625000e+01,5.502274322509765625e+01,4.562192535400390625e+01,4.631654357910156250e+01,3.106262969970703125e+01,3.155691909790039062e+01,1.836656379699707031e+01,3.082430839538574219e+01,2.769269371032714844e+01,3.307736587524414062e+01,2.521535110473632812e+01,2.001643943786621094e+01,1.922231292724609375e+01,2.204144287109375000e+01,2.136289978027343750e+01,1.913031768798828125e+01,nan,nan,nan,nan,nan,nan,nan,nan,nan,nan,nan,nan,nan,nan,nan,nan,nan,nan,nan,nan,nan,nan,nan,nan,nan,nan,nan,nan,nan,nan,nan,nan,nan,nan,nan,nan,nan,nan,nan,nan,nan,nan,nan,nan
nan,nan,nan,nan,nan,nan,nan,nan,nan,nan,nan,nan,nan,nan,nan,nan,nan,nan,nan,nan,nan,nan,nan,nan,nan,nan,nan,nan,nan,nan,5.533771514892578125e+00,nan,5.039223194122314453e+00,1.697154045104980469e+01,1.113472366333007812e+01,7.592216491699218750e+00,5.224220752716064453e+00,1.178331017494201660e+00,-2.026658952236175537e-01,-1.816449642181396484e+00,-5.161111831665039062e+00,-2.892941236495971680e+00,-2.459293127059936523e+00,1.040203809738159180e+00,1.781988620758056641e+00,3.828585863113403320e+00,4.873284339904785156e+00,5.951256275177001953e+00,5.619725704193115234e+00,6.958240032196044922e+00,1.193447685241699219e+01,1.285595321655273438e+01,1.433306312561035156e+01,1.693348503112792969e+01,1.683016014099121094e+01,2.354403114318847656e+01,2.629749870300292969e+01,2.620398521423339844e+01,2.130916595458984375e+01,3.127607917785644531e+01,3.466560363769531250e+01,5.815104675292968750e+01,2.639820289611816406e+01,2.447913408279418945e+00,1.869164848327636719e+01,5.112704467773437500e+01,4.776579284667968750e+01,nan,4.686483001708984375e+01,4.678462982177734375e+01,2.989037132263183594e+01,3.454428863525390625e+01,3.455517196655273438e+01,3.136828422546386719e+01,3.686441421508789062e+01,3.453330612182617188e+01,2.525540542602539062e+01,2.828336524963378906e+01,2.490655326843261719e+01,2.060556221008300781e+01,1.665526008605957031e+01,nan,nan,nan,nan,nan,nan,nan,nan,nan,nan,nan,nan,nan,nan,nan,nan,nan,nan,nan,nan,nan,nan,nan,nan,nan,nan,nan,nan,nan,nan,nan,nan,nan,nan,nan,nan,nan,nan,nan,nan,nan,nan,nan,nan
nan,nan,nan,nan,nan,nan,nan,nan,nan,nan,nan,nan,nan,nan,nan,nan,nan,nan,nan,nan,nan,nan,nan,nan,nan,nan,nan,nan,nan,3.453167676925659180e+00,1.250334739685058594e+01,1.101248550415039062e+01,6.724713325500488281e+00,7.767677307128906250e+00,3.501103401184082031e+00,1.100116252899169922e+00,-6.897318363189697266e-01,-2.270961523056030273e+00,-4.208472728729248047e+00,-3.795810222625732422e+00,-5.649305820465087891e+00,-5.212631702423095703e+00,-1.358494281768798828e+00,-1.034472227096557617e+00,2.502698600292205811e-01,3.309730291366577148e+00,4.707786083221435547e+00,5.423170089721679688e+00,5.800288200378417969e+00,7.338753223419189453e+00,7.064658641815185547e+00,1.083495140075683594e+01,1.312108516693115234e+01,1.293658161163330078e+01,1.151820659637451172e+01,1.617521858215332031e+01,1.796876144409179688e+01,2.061072540283203125e+01,2.816013526916503906e+01,3.017625045776367188e+01,3.167603111267089844e+01,5.361185836791992188e+01,3.995309114456176758e+00,-1.429528474807739258e+00,-6.414938449859619141e+00,4.991469955444335938e+01,2.179572296142578125e+01,1.988031578063964844e+01,3.990007781982421875e+01,4.392020034790039062e+01,2.752291297912597656e+01,3.008792304992675781e+01,3.159549140930175781e+01,2.991901206970214844e+01,3.139578628540039062e+01,3.621461868286132812e+01,2.248638153076171875e+01,2.257255172729492188e+01,2.261039733886718750e+01,1.924808692932128906e+01,1.206626987457275391e+01,nan,nan,nan,nan,nan,nan,nan,nan,nan,nan,nan,nan,nan,nan,nan,nan,nan,nan,nan,nan,nan,nan,nan,nan,nan,nan,nan,nan,nan,nan,nan,nan,nan,nan,nan,nan,nan,nan,nan,nan,nan,nan,nan,nan
nan,nan,nan,nan,nan,nan,nan,nan,nan,nan,nan,nan,nan,nan,nan,nan,nan,nan,nan,nan,nan,nan,nan,nan,nan,nan,nan,nan,nan,1.329829597473144531e+01,8.214900016784667969e+00,5.411895751953125000e+00,4.660689353942871094e+00,3.738241672515869141e+00,2.430560588836669922e+00,-7.360309958457946777e-01,-3.039869785308837891e+00,-4.904956817626953125e+00,-7.126210212707519531e+00,-6.836378097534179688e+00,-5.398374557495117188e+00,-5.203912258148193359e+00,-1.385393500328063965e+00,-1.345004081726074219e+00,-5.391175746917724609e-01,2.880381107330322266e+00,3.764051198959350586e+00,3.443243503570556641e+00,6.741183757781982422e+00,8.178894042968750000e+00,7.983894824981689453e+00,9.512399673461914062e+00,1.205617904663085938e+01,1.098128986358642578e+01,1.541099262237548828e+01,9.517716407775878906e+00,6.344171524047851562e+00,1.764623832702636719e+01,2.071864891052246094e+01,2.989675712585449219e+01,2.955616950988769531e+01,2.838995933532714844e+01,3.254621124267578125e+01,4.215156078338623047e+00,1.950764083862304688e+01,1.821068572998046875e+01,1.627266120910644531e+01,1.514518356323242188e+01,2.676625823974609375e+01,2.977288818359375000e+01,2.971324729919433594e+01,2.119607162475585938e+01,2.160376167297363281e+01,1.883312416076660156e+01,2.118463897705078125e+01,3.101805877685546875e+01,2.171079635620117188e+01,2.764878273010253906e+01,2.298682975769042969e+01,1.208205604553222656e+01,9.704044342041015625e+00,nan,nan,nan,nan,nan,nan,nan,nan,nan,nan,nan,nan,nan,nan,nan,nan,nan,nan,nan,nan,nan,nan,nan,nan,nan,nan,nan,nan,nan,nan,nan,nan,nan,nan,nan,nan,nan,nan,nan,nan,nan,nan,nan,nan
nan,nan,nan,nan,nan,nan,nan,nan,nan,nan,nan,nan,nan,nan,nan,nan,nan,nan,nan,nan,nan,nan,nan,nan,nan,nan,nan,nan,1.027550458908081055e+00,5.967053413391113281e+00,5.400920391082763672e+00,4.708146572113037109e+00,-1.943798184394836426e+00,-2.590346932411193848e-01,-2.324764013290405273e+00,-4.398106098175048828e+00,-7.376029014587402344e+00,-8.718712806701660156e+00,-9.097247123718261719e+00,-9.906673431396484375e+00,-6.616485595703125000e+00,-5.029260635375976562e+00,-2.481770753860473633e+00,-2.259127140045166016e+00,-9.660440087318420410e-01,1.615079879760742188e+00,4.628880977630615234e+00,3.024097442626953125e+00,2.783860921859741211e+00,4.366654872894287109e+00,6.683804035186767578e+00,9.987443923950195312e+00,1.089393234252929688e+01,6.439093112945556641e+00,7.902597427368164062e+00,8.855176925659179688e+00,7.771752834320068359e+00,6.222243309020996094e+00,5.935459136962890625e+00,1.561019706726074219e+01,2.215446472167968750e+01,1.787190437316894531e+01,-3.558771371841430664e+00,-3.808082580566406250e+00,1.065424680709838867e+00,1.204909896850585938e+01,-6.170840859413146973e-01,-1.932948708534240723e+00,2.469068050384521484e+00,-2.700958490371704102e+00,1.243152141571044922e+01,2.508133125305175781e+01,1.542411708831787109e+01,1.927268409729003906e+01,1.710333442687988281e+01,2.181087493896484375e+01,1.725474929809570312e+01,1.878543281555175781e+01,1.599218273162841797e+01,1.516996574401855469e+01,7.711236000061035156e+00,6.900134563446044922e+00,4.536300182342529297e+00,1.262790870666503906e+01,8.175967216491699219e+00,nan,nan,nan,nan,nan,nan,nan,nan,nan,nan,nan,nan,nan,nan,nan,nan,nan,nan,nan,nan,nan,nan,nan,nan,nan,nan,nan,nan,nan,nan,nan,nan,nan,nan,nan,nan,nan,nan,nan,nan
nan,nan,nan,nan,nan,nan,nan,nan,nan,nan,nan,nan,nan,nan,nan,nan,nan,nan,nan,nan,nan,nan,nan,nan,nan,nan,nan,8.640681207180023193e-02,-4.298986911773681641e+00,-4.207443714141845703e+00,-3.647294044494628906e+00,-1.329709291458129883e+00,-2.744041204452514648e+00,-3.782489299774169922e+00,-5.375169277191162109e+00,-7.116775035858154297e+00,-7.768162250518798828e+00,-8.371993064880371094e+00,-8.385251045227050781e+00,-8.051869392395019531e+00,-6.683794498443603516e+00,-5.166652202606201172e+00,-4.107883930206298828e+00,-2.239005565643310547e+00,-2.198561191558837891e+00,-1.081610560417175293e+00,1.115426540374755859e+00,7.205164432525634766e-01,1.562730073928833008e+00,3.358959436416625977e+00,3.203115940093994141e+00,5.417914867401123047e+00,8.017016410827636719e+00,6.291103363037109375e+00,4.761847496032714844e+00,8.241679191589355469e+00,5.153669357299804688e+00,-1.303207159042358398e+00,7.893906593322753906e+00,2.711150646209716797e-01,-3.868700742721557617e+00,-7.493968486785888672e+00,-1.126621913909912109e+01,-4.639256477355957031e+00,9.189049720764160156e+00,-4.873198986053466797e+00,-6.413160800933837891e+00,-1.455835914611816406e+01,-7.275835514068603516e+00,9.070522308349609375e+00,9.777204513549804688e+00,1.178973484039306641e+01,1.654645729064941406e+01,2.375288009643554688e+01,1.710171699523925781e+01,1.621823120117187500e+01,1.533643913269042969e+01,1.377633190155029297e+01,1.533421325683593750e+01,1.809739303588867188e+01,1.162997627258300781e+01,2.472362995147705078e+00,4.546715736389160156e+00,7.565408229827880859e+00,8.122329711914062500e+00,9.600893020629882812e+00,5.063580513000488281e+00,nan,nan,nan,nan,nan,nan,nan,nan,nan,nan,nan,nan,nan,nan,nan,nan,nan,nan,nan,nan,nan,nan,nan,nan,nan,nan,nan,nan,nan,nan,nan,nan,nan,nan,nan,nan,nan,nan
nan,nan,nan,nan,nan,nan,nan,nan,nan,nan,nan,nan,nan,nan,nan,nan,nan,nan,nan,nan,nan,nan,nan,nan,nan,nan,-7.668647170066833496e-01,-6.837685108184814453e-01,-3.733598470687866211e+00,-3.675320386886596680e+00,-4.356809139251708984e+00,-2.721789121627807617e+00,-4.418442249298095703e+00,-5.900761127471923828e+00,-8.798577308654785156e+00,-7.768142700195312500e+00,-6.779640197753906250e+00,-7.438266277313232422e+00,-7.530349731445312500e+00,-7.135276317596435547e+00,-5.268997669219970703e+00,-4.636192321777343750e+00,-3.490874767303466797e+00,-1.882842481136322021e-01,-2.041573524475097656e+00,-2.679054737091064453e+00,-2.984516382217407227e+00,-1.695765376091003418e+00,7.725527882575988770e-01,2.980809926986694336e+00,3.884689807891845703e+00,2.076359510421752930e+00,4.235315799713134766e+00,3.591010093688964844e+00,2.027497291564941406e+00,-2.224678754806518555e+00,-5.775080680847167969e+00,-7.967663288116455078e+00,-8.928805351257324219e+00,-5.565875530242919922e+00,-1.170328617095947266e+01,-7.791310310363769531e+00,-4.871313095092773438e+00,-3.004970073699951172e+00,-1.509864091873168945e+00,-1.050889253616333008e+00,-5.017074584960937500e+00,-4.192780017852783203e+00,3.558239459991455078e+00,3.197888612747192383e+00,7.584148883819580078e+00,1.117556476593017578e+01,7.573507308959960938e+00,1.884725761413574219e+01,1.906982803344726562e+01,9.661506652832031250e+00,1.126053428649902344e+01,9.040906906127929688e+00,8.871495246887207031e+00,1.706271171569824219e+01,1.615842056274414062e+01,9.465407371520996094e+00,1.317137432098388672e+01,1.509023094177246094e+01,8.021337509155273438e+00,1.104237270355224609e+01,5.407281398773193359e+00,2.660404205322265625e+00,nan,nan,nan,nan,nan,nan,nan,nan,nan,nan,nan,nan,nan,nan,nan,nan,nan,nan,nan,nan,nan,nan,nan,nan,nan,nan,nan,nan,nan,nan,nan,nan,nan,nan,nan,nan,nan
nan,nan,nan,nan,nan,nan,nan,nan,nan,nan,nan,nan,nan,nan,nan,nan,nan,nan,nan,nan,nan,nan,nan,nan,nan,nan,1.574087142944335938e+00,3.656548506114631891e-04,2.032591998577117920e-01,4.284276008605957031e+00,2.802007794380187988e-01,-4.366647243499755859e+00,-6.768784046173095703e+00,-7.352823734283447266e+00,-7.809587478637695312e+00,-6.779616832733154297e+00,-6.089771747589111328e+00,-5.914197444915771484e+00,-5.821842670440673828e+00,-4.880874633789062500e+00,-4.610613346099853516e+00,-4.728331565856933594e+00,-5.511863231658935547e+00,-3.208819389343261719e+00,-5.231748104095458984e+00,-5.215054035186767578e+00,-4.676917552947998047e+00,-4.453547954559326172e+00,-3.499344825744628906e+00,-5.989309549331665039e-01,-1.820835351943969727e+00,-4.947859764099121094e+00,-4.358568191528320312e-01,-1.539788991212844849e-01,-2.819327592849731445e+00,-8.921459197998046875e+00,-1.739276123046875000e+01,-1.632253837585449219e+01,-1.221546554565429688e+01,-1.679714202880859375e+01,-1.059550857543945312e+01,-1.470211124420166016e+01,-2.541853141784667969e+01,-9.658614158630371094e+00,-7.796213150024414062e+00,-1.152971839904785156e+01,-1.680328941345214844e+01,-3.514434337615966797e+00,4.587568044662475586e-01,3.614318132400512695e+00,3.755440711975097656e+00,3.480672359466552734e+00,9.259901046752929688e+00,8.455442428588867188e+00,1.046097183227539062e+01,7.751028060913085938e+00,2.754869937896728516e+00,-6.704066395759582520e-01,1.118593454360961914e+00,9.616393089294433594e+00,1.010594081878662109e+01,4.627374172210693359e+00,7.519556999206542969e+00,8.433501243591308594e+00,1.121503639221191406e+01,9.924010276794433594e+00,2.057765960693359375e+00,4.461652278900146484e+00,9.332635998725891113e-01,nan,nan,nan,nan,nan,nan,nan,nan,nan,nan,nan,nan,nan,nan,nan,nan,nan,nan,nan,nan,nan,nan,nan,nan,nan,nan,nan,nan,nan,nan,nan,nan,nan,nan,nan,nan
nan,nan,nan,nan,nan,nan,nan,nan,nan,nan,nan,nan,nan,nan,nan,nan,nan,nan,nan,nan,nan,nan,nan,nan,nan,nan,-4.353744983673095703e+00,5.439689159393310547e+00,2.705126523971557617e+00,-3.807747364044189453e+00,-4.191415786743164062e+00,-6.641306400299072266e+00,-9.557711601257324219e+00,-7.373380661010742188e+00,-6.989785671234130859e+00,-6.319981575012207031e+00,-5.400565624237060547e+00,-5.330130100250244141e+00,-5.312032222747802734e+00,-4.858608722686767578e+00,-5.173304080963134766e+00,-6.371025562286376953e+00,-6.519868850708007812e+00,-7.461719036102294922e+00,-7.699747085571289062e+00,-7.629452228546142578e+00,-7.363544940948486328e+00,-5.754618167877197266e+00,-5.261880397796630859e+00,-4.846722602844238281e+00,-5.787633895874023438e+00,-7.116833686828613281e+00,-6.233472824096679688e+00,-6.761600494384765625e+00,-1.036081218719482422e+01,-1.610176467895507812e+01,-1.791561508178710938e+01,-2.182272148132324219e+01,-3.052900123596191406e+01,-3.273031616210937500e+01,-1.999765968322753906e+01,-3.691931915283203125e+01,-4.324088287353515625e+01,-3.290142440795898438e+01,-1.807750129699707031e+01,-2.291629409790039062e+01,-2.648323059082031250e+01,-1.772408485412597656e+01,-7.343237400054931641e+00,3.995067119598388672e+00,1.017138719558715820e+00,2.334874391555786133e+00,6.182450771331787109e+00,2.392075955867767334e-01,1.039572834968566895e+00,2.855665206909179688e+00,-5.855520725250244141e+00,-1.335366129875183105e+00,3.272248983383178711e+00,8.036351203918457031e+00,1.144723224639892578e+01,6.901040077209472656e+00,9.742182731628417969e+00,1.155845737457275391e+01,8.700004577636718750e+00,1.045764827728271484e+01,-8.611083030700683594e+00,-5.449731826782226562e+00,-8.197874069213867188e+00,-6.880937576293945312e+00,nan,nan,nan,nan,nan,nan,nan,nan,nan,nan,nan,nan,nan,nan,nan,nan,nan,nan,nan,nan,nan,nan,nan,nan,nan,nan,nan,nan,nan,nan,nan,nan,nan,nan,nan
nan,nan,nan,nan,nan,nan,nan,nan,nan,nan,nan,nan,nan,nan,nan,nan,nan,nan,nan,nan,nan,nan,nan,nan,nan,-1.032284975051879883e+00,4.836280822753906250e+00,-2.663079500198364258e+00,-7.767374515533447266e+00,-1.010104274749755859e+01,-8.287186622619628906e+00,-8.768239974975585938e+00,-8.212519645690917969e+00,-6.916480541229248047e+00,-7.245991706848144531e+00,-7.807722568511962891e+00,-7.438003063201904297e+00,-6.667855262756347656e+00,-6.118470191955566406e+00,-5.447958946228027344e+00,-5.253748893737792969e+00,-7.837481498718261719e+00,-8.748999595642089844e+00,-9.617367744445800781e+00,-1.044448661804199219e+01,-8.111254692077636719e+00,-8.085703849792480469e+00,-8.803410530090332031e+00,-8.313338279724121094e+00,-5.503182411193847656e+00,-6.973919868469238281e+00,-8.421721458435058594e+00,-1.247217655181884766e+01,-1.128817462921142578e+01,-1.320919609069824219e+01,-1.660840415954589844e+01,-2.229911231994628906e+01,-2.753261375427246094e+01,-3.427136611938476562e+01,-4.032685470581054688e+01,-3.937612152099609375e+01,-5.359084701538085938e+01,-4.615601348876953125e+01,-2.069137954711914062e+01,-1.884847450256347656e+01,-3.386015319824218750e+01,-2.647115707397460938e+01,-1.381833839416503906e+01,4.107855796813964844e+00,5.483199596405029297e+00,3.763004302978515625e+00,-3.257178544998168945e+00,4.697249412536621094e+00,3.069915771484375000e+00,6.136003971099853516e+00,1.385847759246826172e+01,-9.607467651367187500e-01,6.689947128295898438e+00,1.022665214538574219e+01,1.169637680053710938e+01,1.556434154510498047e+01,1.944112181663513184e+00,7.369552612304687500e+00,8.657844543457031250e+00,8.339653968811035156e+00,-9.191368103027343750e+00,-8.977512359619140625e+00,-2.310163497924804688e+00,-3.740234613418579102e+00,-5.635900020599365234e+00,5.242923259735107422e+00,nan,nan,nan,nan,nan,nan,nan,nan,nan,nan,nan,nan,nan,nan,nan,nan,nan,nan,nan,nan,nan,nan,nan,nan,nan,nan,nan,nan,nan,nan,nan,nan,nan,nan
nan,nan,nan,nan,nan,nan,nan,nan,nan,nan,nan,nan,nan,nan,nan,nan,nan,nan,nan,nan,nan,nan,nan,nan,nan,-6.945593953132629395e-01,nan,-4.719163894653320312e+00,-5.338849067687988281e+00,-6.991459369659423828e+00,-6.661769866943359375e+00,-7.055555820465087891e+00,-7.898082256317138672e+00,-8.332836151123046875e+00,-7.506061553955078125e+00,-8.060120582580566406e+00,-8.800778388977050781e+00,-7.869856357574462891e+00,-6.803781509399414062e+00,-7.618089675903320312e+00,-9.070397377014160156e+00,-9.464658737182617188e+00,-9.862033843994140625e+00,-1.077736186981201172e+01,-1.157921314239501953e+01,-1.052985763549804688e+01,-1.048508262634277344e+01,-1.271481704711914062e+01,-1.138174438476562500e+01,-1.044668865203857422e+01,-1.002677536010742188e+01,-1.052441406250000000e+01,-1.210439205169677734e+01,-1.561434364318847656e+01,-1.930787277221679688e+01,-1.675114631652832031e+01,-2.814703941345214844e+01,-2.457565116882324219e+01,-2.761867332458496094e+01,-3.675162506103515625e+01,-4.037020492553710938e+01,-4.747674179077148438e+01,-3.802133941650390625e+01,-4.953034973144531250e+01,-2.946928596496582031e+01,-9.283904075622558594e+00,-1.746977806091308594e+01,-2.079134225845336914e+00,4.319688081741333008e-01,1.573668193817138672e+01,-1.495612907409667969e+01,-8.371487617492675781e+00,1.547735881805419922e+01,1.572823238372802734e+01,1.284784507751464844e+01,5.447748184204101562e+00,3.224467039108276367e+00,8.471598625183105469e+00,7.482089996337890625e+00,4.089773654937744141e+00,-9.231534600257873535e-01,-2.029613971710205078e+00,-1.810131549835205078e+00,4.614439487457275391e+00,4.894602775573730469e+00,-1.152276229858398438e+01,-5.686977386474609375e+00,-1.682156682014465332e+00,-1.563622117042541504e+00,3.897391319274902344e+00,4.097540855407714844e+00,7.053814411163330078e+00,7.991574287414550781e+00,nan,nan,nan,nan,nan,nan,nan,nan,nan,nan,nan,nan,nan,nan,nan,nan,nan,nan,nan,nan,nan,nan,nan,nan,nan,nan,nan,nan,nan,nan,nan,nan
nan,nan,nan,nan,nan,nan,nan,nan,nan,nan,nan,nan,nan,nan,nan,nan,nan,nan,nan,nan,nan,nan,nan,nan,-3.914855718612670898e-01,nan,nan,-5.309643268585205078e+00,-1.135594606399536133e+00,-2.293175697326660156e+00,-5.202826023101806641e+00,-5.707303524017333984e+00,-6.298781871795654297e+00,-8.395317077636718750e+00,-8.883002281188964844e+00,-7.672361373901367188e+00,-8.362579345703125000e+00,-8.126157760620117188e+00,-9.313401222229003906e+00,-8.605596542358398438e+00,-8.546716690063476562e+00,-1.118705368041992188e+01,-1.100430393218994141e+01,-1.148040390014648438e+01,-1.244698333740234375e+01,-1.048098278045654297e+01,-1.391619968414306641e+01,-1.512416934967041016e+01,-1.486956501007080078e+01,-1.369588756561279297e+01,-1.448767757415771484e+01,-1.378376102447509766e+01,-1.442528438568115234e+01,-1.326887607574462891e+01,-1.965535163879394531e+01,-2.630938529968261719e+01,-2.490002250671386719e+01,-1.933536529541015625e+01,-2.322178077697753906e+01,-3.127277374267578125e+01,-2.811039733886718750e+01,nan,nan,-2.720598793029785156e+01,-3.383623504638671875e+01,-1.739520835876464844e+01,6.029460906982421875e+00,-1.727015495300292969e+01,8.244574666023254395e-01,-5.737494468688964844e+00,-1.854743576049804688e+01,7.890947461128234863e-01,1.584757328033447266e+01,2.070089530944824219e+01,2.837572479248046875e+01,1.330212402343750000e+01,8.314875602722167969e+00,4.468005657196044922e+00,2.683543920516967773e+00,3.491492033004760742e+00,-4.973354816436767578e+00,-9.331244468688964844e+00,-3.749120235443115234e+00,-2.572902917861938477e+00,-8.562629699707031250e+00,-4.492547035217285156e+00,3.817724704742431641e+00,1.756512165069580078e+00,3.395839929580688477e+00,7.405293941497802734e+00,5.806222438812255859e+00,2.955558300018310547e+00,1.120605373382568359e+01,7.023986816406250000e+00,nan,nan,nan,nan,nan,nan,nan,nan,nan,nan,nan,nan,nan,nan,nan,nan,nan,nan,nan,nan,nan,nan,nan,nan,nan,nan,nan,nan,nan,nan,nan
nan,nan,nan,nan,nan,nan,nan,nan,nan,nan,nan,nan,nan,nan,nan,nan,nan,nan,nan,nan,nan,nan,nan,nan,-1.398397803306579590e+00,-1.384799003601074219e+00,-2.575036585330963135e-01,-1.281618714332580566e+00,3.930907547473907471e-01,5.793848633766174316e-01,-1.732173562049865723e+00,-4.454749107360839844e+00,-5.816268920898437500e+00,-9.877934455871582031e+00,-8.887063026428222656e+00,-7.213762283325195312e+00,-7.414006233215332031e+00,-8.462920188903808594e+00,-7.377111434936523438e+00,-8.342437744140625000e+00,-7.763165473937988281e+00,-1.083128738403320312e+01,-1.142534828186035156e+01,-1.161568927764892578e+01,-1.096726036071777344e+01,-1.194854545593261719e+01,-1.408489418029785156e+01,-1.561309146881103516e+01,-1.497437667846679688e+01,-1.355281734466552734e+01,-1.381828594207763672e+01,-1.472818374633789062e+01,-1.504359245300292969e+01,-1.641254234313964844e+01,-1.821180915832519531e+01,-1.565712165832519531e+01,nan,-9.227327346801757812e+00,-2.991338968276977539e+00,-1.501133060455322266e+01,-2.938748931884765625e+01,nan,nan,nan,nan,-1.927671623229980469e+01,nan,-1.081845283508300781e+01,nan,-3.092449665069580078e+00,nan,nan,nan,5.307508468627929688e+00,4.580749511718750000e+00,8.593844413757324219e+00,6.500111579895019531e+00,-2.455231189727783203e+00,-5.264083862304687500e+00,-1.937745857238769531e+01,-1.068568038940429688e+01,-1.408702373504638672e+01,-1.261678123474121094e+01,-8.390872955322265625e+00,-4.857178211212158203e+00,7.708808898925781250e+00,1.359289169311523438e+01,7.811454296112060547e+00,4.226572036743164062e+00,7.682488918304443359e+00,8.146604537963867188e+00,1.785579109191894531e+01,1.840306472778320312e+01,1.485081291198730469e+01,nan,nan,nan,nan,nan,nan,nan,nan,nan,nan,nan,nan,nan,nan,nan,nan,nan,nan,nan,nan,nan,nan,nan,nan,nan,nan,nan,nan,nan,nan,nan
nan,nan,nan,nan,nan,nan,nan,nan,nan,nan,nan,nan,nan,nan,nan,nan,nan,nan,nan,nan,nan,nan,nan,nan,-2.885672330856323242e+00,9.368485450744628906e+00,3.191455841064453125e+00,2.980321168899536133e+00,1.663883209228515625e+00,8.975567221641540527e-01,-7.574526965618133545e-02,-2.391899585723876953e+00,-5.041323661804199219e+00,-5.323678970336914062e+00,-7.350033760070800781e+00,-5.929372310638427734e+00,-6.957057952880859375e+00,-7.127873897552490234e+00,-6.962763309478759766e+00,-7.404095172882080078e+00,-7.712180137634277344e+00,-8.937020301818847656e+00,-1.083507061004638672e+01,-1.039550399780273438e+01,-9.919010162353515625e+00,-1.206532573699951172e+01,-1.218436622619628906e+01,-1.747188758850097656e+01,-1.504820251464843750e+01,-1.419433212280273438e+01,-1.305987930297851562e+01,-1.527354812622070312e+01,-1.765295410156250000e+01,-2.018452835083007812e+01,-1.782771682739257812e+01,-1.748731255531311035e+00,6.276804924011230469e+00,-1.873400878906250000e+01,nan,nan,nan,nan,nan,nan,nan,nan,nan,nan,nan,nan,nan,nan,nan,nan,8.458255767822265625e+00,-2.137394189834594727e+00,5.657762527465820312e+00,-5.493750095367431641e+00,-1.549714469909667969e+01,-1.276177597045898438e+01,-2.783678627014160156e+01,-2.605577659606933594e+01,-1.786658668518066406e+01,-1.627319335937500000e+01,-8.751962661743164062e+00,6.179770827293395996e-01,1.062228012084960938e+01,5.249397277832031250e+00,6.059873580932617188e+00,7.012035369873046875e+00,6.864186763763427734e+00,2.308492660522460938e+01,2.339303016662597656e+01,2.582607650756835938e+01,-8.096952438354492188e+00,nan,nan,nan,nan,nan,nan,nan,nan,nan,nan,nan,nan,nan,nan,nan,nan,nan,nan,nan,nan,nan,nan,nan,nan,nan,nan,nan,nan,nan,nan
nan,nan,nan,nan,nan,nan,nan,nan,nan,nan,nan,nan,nan,nan,nan,nan,nan,nan,nan,nan,nan,nan,nan,nan,-1.177628040313720703e+00,-2.542682409286499023e+00,-7.200811505317687988e-01,7.128013372421264648e-01,2.962470054626464844e+00,3.733928442001342773e+00,2.886796951293945312e+00,-8.108492493629455566e-01,-4.096534729003906250e+00,-5.569524288177490234e+00,-5.622706890106201172e+00,-5.714414596557617188e+00,-5.545726299285888672e+00,-6.122108459472656250e+00,-6.405648708343505859e+00,-7.372788429260253906e+00,-7.318408012390136719e+00,-8.830387115478515625e+00,-9.395131111145019531e+00,-9.298232078552246094e+00,-1.108061218261718750e+01,-1.195541667938232422e+01,-9.862579345703125000e+00,-1.243597126007080078e+01,-1.423582839965820312e+01,-1.349924755096435547e+01,-1.438775730133056641e+01,-1.607342910766601562e+01,-1.533852672576904297e+01,-1.695993232727050781e+01,-1.220034599304199219e+01,-4.634910106658935547e+00,nan,nan,nan,nan,nan,nan,nan,nan,nan,nan,nan,nan,nan,nan,nan,nan,nan,nan,nan,2.134409427642822266e+00,-1.991329073905944824e+00,-1.647686386108398438e+01,-1.093550109863281250e+01,-6.719469070434570312e+00,-7.655166625976562500e+00,-1.417535877227783203e+01,-1.789818954467773438e+01,-1.712735366821289062e+01,-2.500937223434448242e+00,5.875537395477294922e+00,4.863747119903564453e+00,5.180479526519775391e+00,7.002007961273193359e+00,5.371541023254394531e+00,6.000594615936279297e+00,1.018981337547302246e+00,2.364147901535034180e+00,2.090567779541015625e+01,-1.531887054443359375e+01,nan,nan,nan,nan,nan,nan,nan,nan,nan,nan,nan,nan,nan,nan,nan,nan,nan,nan,nan,nan,nan,nan,nan,nan,nan,nan,nan,nan,nan,nan
nan,nan,nan,nan,nan,nan,nan,nan,nan,nan,nan,nan,nan,nan,nan,nan,nan,nan,nan,nan,nan,nan,nan,nan,-6.702384471893310547e+00,-9.669270515441894531e+00,-4.326884269714355469e+00,-6.342609524726867676e-01,1.391341328620910645e+00,2.608107089996337891e+00,2.547941923141479492e+00,3.689394891262054443e-01,-4.034078419208526611e-01,-2.723034381866455078e+00,-4.117910385131835938e+00,-4.024004459381103516e+00,-5.017682075500488281e+00,-5.079176425933837891e+00,-5.785608291625976562e+00,-6.513136863708496094e+00,-7.179193973541259766e+00,-7.895492553710937500e+00,-7.262166500091552734e+00,-7.261155605316162109e+00,-9.528471946716308594e+00,-9.300763130187988281e+00,-1.019928646087646484e+01,-1.181897544860839844e+01,-1.379677391052246094e+01,-1.396393585205078125e+01,-1.393875217437744141e+01,-1.428357982635498047e+01,-1.550303745269775391e+01,-1.137023258209228516e+01,-5.200957298278808594e+00,-1.264130687713623047e+01,nan,nan,nan,nan,nan,nan,nan,nan,nan,nan,nan,nan,nan,nan,nan,nan,nan,nan,nan,nan,nan,-4.160504341125488281e+00,-8.079126358032226562e+00,3.670687913894653320e+00,3.421456336975097656e+00,4.884737133979797363e-01,-1.149083733558654785e+00,1.579637527465820312e+00,2.004394054412841797e+00,-3.788860738277435303e-01,2.094727754592895508e+00,6.337626934051513672e+00,1.807516336441040039e+00,1.652710199356079102e+00,7.926986813545227051e-01,3.368514776229858398e+00,-9.446664810180664062e+00,-5.610273838043212891e+00,-3.237120056152343750e+01,-4.189174652099609375e+01,-3.142156219482421875e+01,nan,nan,nan,nan,nan,nan,nan,nan,nan,nan,nan,nan,nan,nan,nan,nan,nan,nan,nan,nan,nan,nan,nan,nan,nan,nan,nan,nan
nan,nan,nan,nan,nan,nan,nan,nan,nan,nan,nan,nan,nan,nan,nan,nan,nan,nan,nan,nan,nan,nan,nan,nan,nan,-1.947954177856445312e+01,-1.198257160186767578e+01,-4.098817825317382812e+00,-2.263073444366455078e+00,-1.480736017227172852e+00,-1.990161299705505371e+00,-2.263451576232910156e+00,-6.976467370986938477e-01,-1.796777963638305664e+00,-3.956302404403686523e+00,-3.862179279327392578e+00,-5.274231910705566406e+00,-5.981510639190673828e+00,-5.101136207580566406e+00,-5.504465579986572266e+00,-6.951220989227294922e+00,-7.048595905303955078e+00,-6.854869842529296875e+00,-7.201655864715576172e+00,-5.640511512756347656e+00,-6.147809505462646484e+00,-1.066123867034912109e+01,-1.180844688415527344e+01,-1.508102607727050781e+01,-1.269301223754882812e+01,-1.174897861480712891e+01,-1.338386249542236328e+01,-1.257326698303222656e+01,-8.070937156677246094e+00,-1.101081180572509766e+01,nan,nan,nan,nan,nan,nan,nan,nan,nan,nan,nan,nan,nan,nan,nan,nan,nan,nan,nan,nan,nan,nan,nan,nan,nan,nan,nan,nan,nan,3.244571208953857422e+00,1.267332434654235840e+00,5.440051555633544922e+00,1.488074660301208496e-03,3.465489625930786133e+00,-2.103002309799194336e+00,-8.763799667358398438e+00,-1.588724994659423828e+01,-1.733842468261718750e+01,-4.025185775756835938e+01,-5.556838226318359375e+01,-3.981972885131835938e+01,-3.537487792968750000e+01,-3.683745574951171875e+01,nan,nan,nan,nan,nan,nan,nan,nan,nan,nan,nan,nan,nan,nan,nan,nan,nan,nan,nan,nan,nan,nan,nan,nan,nan,nan,nan
nan,nan,nan,nan,nan,nan,nan,nan,nan,nan,nan,nan,nan,nan,nan,nan,nan,nan,nan,nan,nan,nan,nan,nan,-9.673943519592285156e+00,-2.323134422302246094e+01,-1.742989158630371094e+01,-6.355201721191406250e+00,-4.512918949127197266e+00,-3.853540658950805664e+00,-2.658159255981445312e+00,-2.539232015609741211e+00,-3.842662811279296875e+00,-3.901767492294311523e+00,-3.043818473815917969e+00,-3.240564823150634766e+00,-4.714886665344238281e+00,-5.567687034606933594e+00,-6.165040969848632812e+00,-3.881755113601684570e+00,-5.056845664978027344e+00,-5.828638553619384766e+00,-6.161296844482421875e+00,-7.225640773773193359e+00,-9.407850265502929688e+00,-6.420346736907958984e+00,-6.735318183898925781e+00,-1.192634296417236328e+01,-1.303512477874755859e+01,-1.012150287628173828e+01,-1.041861438751220703e+01,-8.914454460144042969e+00,-9.947847366333007812e+00,-9.944354057312011719e+00,nan,nan,nan,nan,nan,nan,nan,nan,nan,nan,nan,nan,nan,nan,nan,nan,nan,nan,nan,nan,nan,nan,nan,nan,nan,nan,nan,nan,nan,nan,nan,7.506600022315979004e-01,3.200347661972045898e+00,1.886130571365356445e+00,-7.649787902832031250e+00,-6.808770179748535156e+00,9.226218461990356445e-01,-1.739694023132324219e+01,-2.806736946105957031e+01,-6.190104675292968750e+01,-6.819088745117187500e+01,-6.884420013427734375e+01,-5.058488845825195312e+01,-3.489594268798828125e+01,nan,nan,nan,nan,nan,nan,nan,nan,nan,nan,nan,nan,nan,nan,nan,nan,nan,nan,nan,nan,nan,nan,nan,nan,nan,nan,nan
nan,nan,nan,nan,nan,nan,nan,nan,nan,nan,nan,nan,nan,nan,nan,nan,nan,nan,nan,nan,nan,nan,nan,nan,-2.321152114868164062e+01,-1.951281356811523438e+01,-1.262913417816162109e+01,-7.369585514068603516e+00,-5.653839111328125000e+00,-4.838430881500244141e+00,-2.370655775070190430e+00,-5.413158416748046875e+00,-1.628964066505432129e+00,-3.470545291900634766e+00,-3.619557619094848633e+00,-2.880746126174926758e+00,-4.135154247283935547e+00,-5.075726509094238281e+00,-6.242808818817138672e+00,-4.356228828430175781e+00,-3.702113628387451172e+00,-3.000626087188720703e+00,-3.031298637390136719e+00,-3.307613611221313477e+00,-4.328232765197753906e+00,-3.810856103897094727e+00,-4.021656513214111328e+00,-4.154578208923339844e+00,-5.199130058288574219e+00,-6.383389472961425781e+00,-6.358631610870361328e+00,2.658075988292694092e-01,-8.547087669372558594e+00,nan,nan,nan,nan,nan,nan,nan,nan,nan,nan,nan,nan,nan,nan,nan,nan,nan,nan,nan,nan,nan,nan,nan,nan,nan,nan,nan,nan,nan,nan,nan,nan,7.291972637176513672e-01,2.840490102767944336e+00,3.455558300018310547e+00,-1.122124552726745605e+00,1.328650116920471191e+00,2.237719744443893433e-01,-1.899070620536804199e+00,-2.338000679016113281e+01,-4.118766403198242188e+01,-7.026980590820312500e+01,-6.673256683349609375e+01,-5.229439926147460938e+01,-2.573125076293945312e+01,-2.954417228698730469e+01,nan,nan,nan,nan,nan,nan,nan,nan,nan,nan,nan,nan,nan,nan,nan,nan,nan,nan,nan,nan,nan,nan,nan,nan,nan,nan
nan,nan,nan,nan,nan,nan,nan,nan,nan,nan,nan,nan,nan,nan,nan,nan,nan,nan,nan,nan,nan,nan,nan,-1.258458042144775391e+01,-1.867008399963378906e+01,-1.722185325622558594e+01,-1.248344802856445312e+01,-1.045971679687500000e+01,-8.248837471008300781e+00,-7.829944133758544922e+00,-4.321762561798095703e+00,-5.223243713378906250e+00,-4.469297409057617188e+00,-2.400989770889282227e+00,-2.106932401657104492e+00,-3.450704813003540039e+00,-5.037409305572509766e+00,-5.500349998474121094e+00,-5.325168132781982422e+00,-4.916008949279785156e+00,-3.900568008422851562e+00,-3.127782821655273438e+00,-3.472898006439208984e+00,-2.273827552795410156e+00,-1.536820173263549805e+00,1.732849627733230591e-01,-2.822120428085327148e+00,-3.320007801055908203e+00,-3.648652315139770508e+00,-4.558471679687500000e+00,-5.886850833892822266e+00,5.871151685714721680e-01,nan,nan,nan,nan,nan,nan,nan,nan,nan,nan,nan,nan,nan,nan,nan,nan,nan,nan,nan,nan,nan,nan,nan,nan,nan,nan,nan,nan,nan,nan,nan,nan,nan,nan,nan,nan,nan,-6.577178955078125000e+00,-1.257910537719726562e+01,-1.973953819274902344e+01,-2.642075920104980469e+01,-2.896077156066894531e+01,-3.113171386718750000e+01,-3.124232673645019531e+01,-3.606819915771484375e+01,-2.434930610656738281e+01,-1.627851104736328125e+01,nan,nan,nan,nan,nan,nan,nan,nan,nan,nan,nan,nan,nan,nan,nan,nan,nan,nan,nan,nan,nan,nan,nan,nan,nan,nan
nan,nan,nan,nan,nan,nan,nan,nan,nan,nan,nan,nan,nan,nan,nan,nan,nan,nan,nan,nan,nan,nan,nan,nan,nan,-9.604557037353515625e+00,-1.316131591796875000e+01,-1.244502830505371094e+01,-1.047597789764404297e+01,-8.911620140075683594e+00,-7.444818496704101562e+00,-5.349586963653564453e+00,-5.189819812774658203e+00,-2.338474512100219727e+00,-2.488965749740600586e+00,-3.399013996124267578e+00,-4.840459346771240234e+00,-4.607426643371582031e+00,-3.679047346115112305e+00,-5.182776451110839844e+00,-3.864264965057373047e+00,-1.819850206375122070e+00,-2.500932455062866211e+00,-1.612167119979858398e+00,-2.043319344520568848e-01,9.604155421257019043e-01,-1.392763853073120117e+00,-2.603078365325927734e+00,-3.948594808578491211e+00,-5.418976783752441406e+00,-7.168433666229248047e+00,-1.041716575622558594e+00,nan,nan,nan,nan,nan,nan,nan,nan,nan,nan,nan,nan,nan,nan,nan,nan,nan,nan,nan,nan,nan,nan,nan,nan,nan,nan,nan,nan,nan,nan,nan,nan,nan,nan,nan,nan,nan,nan,nan,nan,nan,nan,-3.037862014770507812e+01,-2.872077560424804688e+01,-1.259672546386718750e+01,-8.348503112792968750e+00,-1.119746780395507812e+01,-2.089758682250976562e+01,-2.022589874267578125e+01,nan,nan,nan,nan,nan,nan,nan,nan,nan,nan,nan,nan,nan,nan,nan,nan,nan,nan,nan,nan,nan,nan,nan,nan
nan,nan,nan,nan,nan,nan,nan,nan,nan,nan,nan,nan,nan,nan,nan,nan,nan,nan,nan,nan,nan,nan,nan,nan,nan,-8.231498718261718750e+00,-8.763986587524414062e+00,-1.030125808715820312e+01,-8.979459762573242188e+00,-8.932682037353515625e+00,-7.045847892761230469e+00,-3.986287355422973633e+00,-5.333192348480224609e+00,-1.385192394256591797e+00,-1.619349241256713867e+00,-2.099828958511352539e+00,-3.332632780075073242e+00,-3.604200124740600586e+00,-2.533207654953002930e+00,-2.929400920867919922e+00,-2.022063255310058594e+00,-2.492677420377731323e-01,4.967069625854492188e-01,-2.355376631021499634e-01,6.012006998062133789e-01,1.226442456245422363e+00,-1.302941679954528809e+00,-3.952892303466796875e+00,-3.371427059173583984e+00,-1.212414860725402832e+00,-4.719405174255371094e+00,-3.160401582717895508e+00,nan,nan,nan,nan,nan,nan,nan,nan,nan,nan,nan,nan,nan,nan,nan,nan,nan,nan,nan,nan,nan,nan,nan,nan,nan,nan,nan,nan,nan,nan,nan,nan,nan,nan,nan,nan,nan,nan,nan,nan,nan,nan,nan,nan,-2.182392692565917969e+01,-9.914155602455139160e-01,-7.056301832199096680e-01,-1.102322769165039062e+01,-2.672145652770996094e+01,-3.146119689941406250e+01,nan,nan,nan,nan,nan,nan,nan,nan,nan,nan,nan,nan,nan,nan,nan,nan,nan,nan,nan,nan,nan,nan,nan
nan,nan,nan,nan,nan,nan,nan,nan,nan,nan,nan,nan,nan,nan,nan,nan,nan,nan,nan,nan,nan,nan,nan,nan,nan,-6.674843788146972656e+00,-5.205787181854248047e+00,-8.130264282226562500e+00,-8.858195304870605469e+00,-8.474755287170410156e+00,-4.881210803985595703e+00,-4.593075752258300781e+00,-6.219139099121093750e+00,-2.403277635574340820e+00,-3.918453454971313477e+00,-2.984911680221557617e+00,-3.515720129013061523e+00,-2.273023605346679688e+00,-1.977675795555114746e+00,-1.447055459022521973e+00,-2.263189077377319336e+00,1.466426849365234375e+00,1.243086829781532288e-01,1.752952218055725098e+00,2.045256376266479492e+00,8.758385777473449707e-01,-1.943950653076171875e+00,-3.026319980621337891e+00,-2.461297988891601562e+00,-1.785860776901245117e+00,nan,nan,nan,nan,nan,nan,nan,nan,nan,nan,nan,nan,nan,nan,nan,nan,nan,nan,nan,nan,nan,nan,nan,nan,nan,nan,nan,nan,nan,nan,nan,nan,nan,nan,nan,nan,nan,nan,nan,nan,nan,nan,nan,nan,nan,nan,nan,9.748336196935269982e-06,2.445708990097045898e+00,-3.596510410308837891e+00,-2.317203330993652344e+01,-3.348844146728515625e+01,-4.152365493774414062e+01,nan,nan,nan,nan,nan,nan,nan,nan,nan,nan,nan,nan,nan,nan,nan,nan,nan,nan,nan,nan,nan,nan
nan,nan,nan,nan,nan,nan,nan,nan,nan,nan,nan,nan,nan,nan,nan,nan,nan,nan,nan,nan,nan,nan,nan,nan,nan,-5.158971309661865234e+00,-3.329792499542236328e+00,-5.298259735107421875e+00,-6.608147621154785156e+00,-7.783562660217285156e+00,-5.754336357116699219e+00,-5.851275920867919922e+00,-5.564774036407470703e+00,-6.907059669494628906e+00,-6.001412868499755859e+00,-4.298130035400390625e+00,-3.800028085708618164e+00,-2.819600582122802734e+00,-2.069483757019042969e+00,-1.640973925590515137e+00,-3.191388845443725586e+00,-1.769063949584960938e+00,1.921236276626586914e+00,1.894703149795532227e+00,1.628702402114868164e+00,-6.478956341743469238e-01,-1.856000542640686035e+00,-1.995193243026733398e+00,3.835135996341705322e-01,2.487525701522827148e+00,nan,nan,nan,nan,nan,nan,nan,nan,nan,nan,nan,nan,nan,nan,nan,nan,nan,nan,nan,nan,nan,nan,nan,nan,nan,nan,nan,nan,nan,nan,nan,nan,nan,nan,nan,nan,nan,nan,nan,nan,nan,nan,nan,nan,nan,nan,nan,nan,8.028808832168579102e-01,-1.622087955474853516e+00,-2.601697731018066406e+01,-3.188231086730957031e+01,-3.755153656005859375e+01,-3.667378616333007812e+01,nan,nan,nan,nan,nan,nan,nan,nan,nan,nan,nan,nan,nan,nan,nan,nan,nan,nan,nan,nan,nan
nan,nan,nan,nan,nan,nan,nan,nan,nan,nan,nan,nan,nan,nan,nan,nan,nan,nan,nan,nan,nan,nan,nan,nan,nan,-5.890593528747558594e+00,-1.850844621658325195e+00,-3.104974031448364258e+00,-4.567758083343505859e+00,-4.870885372161865234e+00,-6.421894550323486328e+00,-7.403805255889892578e+00,-7.544200897216796875e+00,-5.819290161132812500e+00,-5.133937835693359375e+00,-5.756217479705810547e+00,-4.733938217163085938e+00,-3.899208068847656250e+00,-2.707962512969970703e+00,-1.682358026504516602e+00,-2.397309541702270508e+00,-3.686104416847229004e-01,4.480617940425872803e-01,2.486097335815429688e+00,-7.864162921905517578e-01,-2.023860454559326172e+00,7.659476995468139648e-01,3.116049528121948242e+00,1.310063958168029785e+00,1.200053453445434570e+00,1.192282080650329590e+00,nan,nan,nan,nan,nan,nan,nan,nan,nan,nan,nan,nan,nan,nan,nan,nan,nan,nan,nan,nan,nan,nan,nan,nan,nan,nan,nan,nan,nan,nan,nan,nan,nan,nan,nan,nan,nan,nan,nan,nan,nan,nan,nan,nan,nan,nan,nan,-1.772851109504699707e+00,-1.889369964599609375e+01,-2.620489311218261719e+01,-2.938305473327636719e+01,-3.167425918579101562e+01,-3.217045974731445312e+01,-3.395655441284179688e+01,nan,nan,nan,nan,nan,nan,nan,nan,nan,nan,nan,nan,nan,nan,nan,nan,nan,nan,nan,nan
nan,nan,nan,nan,nan,nan,nan,nan,nan,nan,nan,nan,nan,nan,nan,nan,nan,nan,nan,nan,nan,nan,nan,nan,nan,nan,-4.747117519378662109e+00,-2.221153736114501953e+00,-1.491289138793945312e+00,-1.217642068862915039e+00,-4.645288944244384766e+00,-7.630631446838378906e+00,-7.243940830230712891e+00,-5.881562232971191406e+00,-5.804718494415283203e+00,-5.211604118347167969e+00,-5.335465431213378906e+00,-5.671734809875488281e+00,-3.270851135253906250e+00,-1.804844498634338379e+00,-1.383298486471176147e-01,-7.679671645164489746e-01,-1.804805755615234375e+00,-1.124322786927223206e-01,1.329682707786560059e+00,2.836823463439941406e+00,3.567038774490356445e+00,4.434279441833496094e+00,5.319431304931640625e+00,3.235395669937133789e+00,nan,nan,nan,nan,nan,nan,nan,nan,nan,nan,nan,nan,nan,nan,nan,nan,nan,nan,nan,nan,nan,nan,nan,nan,nan,nan,nan,nan,nan,nan,nan,nan,nan,nan,nan,nan,nan,nan,nan,nan,nan,nan,nan,nan,nan,nan,nan,nan,-3.848060607910156250e+00,-1.828543472290039062e+01,-1.779264831542968750e+01,-2.476044273376464844e+01,-2.968902397155761719e+01,-2.413239288330078125e+01,-2.974120330810546875e+01,-1.717762565612792969e+01,nan,nan,nan,nan,nan,nan,nan,nan,nan,nan,nan,nan,nan,nan,nan,nan,nan,nan,nan
nan,nan,nan,nan,nan,nan,nan,nan,nan,nan,nan,nan,nan,nan,nan,nan,nan,nan,nan,nan,nan,nan,nan,nan,nan,nan,-3.910700321197509766e+00,-4.029675006866455078e+00,-1.953449845314025879e+00,-2.544925928115844727e+00,-1.090102910995483398e+00,-5.095895767211914062e+00,-5.762162208557128906e+00,-6.206536293029785156e+00,-7.091799259185791016e+00,-3.389940977096557617e+00,-4.730670452117919922e+00,-5.929296493530273438e+00,-1.649322748184204102e+00,-1.843945860862731934e+00,-2.314795017242431641e+00,1.390647888183593750e+00,3.051911592483520508e+00,4.597648143768310547e+00,5.739162921905517578e+00,4.952351570129394531e+00,8.195355415344238281e+00,6.262086868286132812e+00,7.107954978942871094e+00,4.364918708801269531e+00,nan,nan,nan,nan,nan,nan,nan,nan,nan,nan,nan,nan,nan,nan,nan,nan,nan,nan,nan,nan,nan,nan,nan,nan,nan,nan,nan,nan,nan,nan,nan,nan,nan,nan,nan,nan,nan,nan,nan,nan,nan,nan,nan,nan,nan,nan,nan,-1.067900848388671875e+01,-9.842993617057800293e-01,-1.759850502014160156e+01,-1.788438415527343750e+01,-1.559624481201171875e+01,-1.115898704528808594e+01,3.159127473831176758e+00,-9.862222671508789062e+00,-1.493403530120849609e+01,nan,nan,nan,nan,nan,nan,nan,nan,nan,nan,nan,nan,nan,nan,nan,nan,nan,nan,nan
nan,nan,nan,nan,nan,nan,nan,nan,nan,nan,nan,nan,nan,nan,nan,nan,nan,nan,nan,nan,nan,nan,nan,nan,nan,nan,nan,nan,-3.518939018249511719e+00,-2.269350051879882812e+00,9.996104836463928223e-01,-9.071853160858154297e-01,-2.093387365341186523e+00,-3.375564098358154297e+00,-4.424525260925292969e+00,-4.290625572204589844e+00,-4.715386390686035156e+00,-2.625994682312011719e+00,-1.682410597801208496e+00,-2.747677803039550781e+00,2.385703802108764648e+00,4.536061286926269531e+00,5.398052692413330078e+00,6.564435482025146484e+00,9.476848602294921875e+00,9.013232231140136719e+00,9.488205909729003906e+00,7.678079128265380859e+00,7.843136310577392578e+00,-3.866892337799072266e+00,nan,nan,nan,nan,nan,nan,nan,nan,nan,nan,nan,nan,nan,nan,nan,nan,nan,nan,nan,nan,nan,nan,nan,nan,nan,nan,nan,nan,nan,nan,nan,nan,nan,nan,nan,nan,nan,nan,nan,nan,nan,nan,nan,nan,nan,nan,nan,-1.017301177978515625e+01,-1.783737659454345703e+00,-8.845739364624023438e+00,-1.220444583892822266e+01,-1.332328128814697266e+01,-6.994551658630371094e+00,-8.133137702941894531e+00,-3.893845558166503906e+00,-1.764084243774414062e+01,nan,nan,nan,nan,nan,nan,nan,nan,nan,nan,nan,nan,nan,nan,nan,nan,nan,nan,nan
nan,nan,nan,nan,nan,nan,nan,nan,nan,nan,nan,nan,nan,nan,nan,nan,nan,nan,nan,nan,nan,nan,nan,nan,nan,nan,nan,nan,nan,nan,nan,nan,2.557256221771240234e-01,-1.738851666450500488e+00,-2.085861444473266602e+00,-2.033944845199584961e+00,-5.322813987731933594e+00,-5.938779354095458984e+00,-5.439855098724365234e+00,-3.893467664718627930e+00,1.958337277173995972e-01,2.820961236953735352e+00,3.342819690704345703e+00,7.368196487426757812e+00,9.958807945251464844e+00,1.250626754760742188e+01,1.182642555236816406e+01,9.693310737609863281e+00,6.746394634246826172e+00,2.667351253330707550e-02,nan,nan,nan,nan,nan,nan,nan,nan,nan,nan,nan,nan,nan,nan,nan,nan,nan,nan,nan,nan,nan,nan,nan,nan,nan,nan,nan,nan,nan,nan,nan,nan,nan,nan,nan,nan,nan,nan,nan,nan,nan,nan,nan,nan,nan,nan,nan,-9.364896774291992188e+00,-1.949853658676147461e+00,-6.179140090942382812e+00,-1.392308139801025391e+01,-1.225051403045654297e+01,-8.759521484375000000e+00,-8.940629005432128906e+00,-7.616871356964111328e+00,-2.643794775009155273e+00,-6.610627770423889160e-01,nan,nan,nan,nan,nan,nan,nan,nan,nan,nan,nan,nan,nan,nan,nan,nan,nan,nan
nan,nan,nan,nan,nan,nan,nan,nan,nan,nan,nan,nan,nan,nan,nan,nan,nan,nan,nan,nan,nan,nan,nan,nan,nan,nan,nan,nan,nan,nan,nan,nan,-2.864053726196289062e+00,-1.426320075988769531e+00,4.259628951549530029e-01,-6.228435039520263672e-01,-1.627013444900512695e+00,-6.403826236724853516e+00,-5.643815517425537109e+00,-3.665631771087646484e+00,-4.118968963623046875e+00,-1.954077959060668945e+00,1.086304545402526855e+00,3.501072406768798828e+00,1.522829174995422363e+00,6.137578964233398438e+00,1.065194892883300781e+01,8.993920326232910156e+00,8.188076972961425781e+00,5.484868049621582031e+00,nan,nan,nan,nan,nan,nan,nan,nan,nan,nan,nan,nan,nan,nan,nan,nan,nan,nan,nan,nan,nan,nan,nan,nan,nan,nan,nan,nan,nan,nan,nan,nan,nan,nan,nan,nan,nan,nan,nan,nan,nan,nan,nan,nan,nan,nan,nan,nan,-2.006817817687988281e+00,-5.350015640258789062e+00,-1.342066192626953125e+01,-1.257231426239013672e+01,-1.257667541503906250e+01,-4.949514389038085938e+00,-3.894801139831542969e+00,9.864753723144531250e+00,-3.849308013916015625e+00,-5.540378570556640625e+00,nan,nan,nan,nan,nan,nan,nan,nan,nan,nan,nan,nan,nan,nan,nan,nan,nan
nan,nan,nan,nan,nan,nan,nan,nan,nan,nan,nan,nan,nan,nan,nan,nan,nan,nan,nan,nan,nan,nan,nan,nan,nan,nan,nan,nan,nan,nan,nan,nan,nan,-2.682574748992919922e+00,-3.178255796432495117e+00,-1.517744898796081543e+00,5.963377952575683594e-01,-7.555096626281738281e+00,-7.796360015869140625e+00,-4.178458690643310547e+00,-4.440004348754882812e+00,-4.570314884185791016e+00,-2.329667091369628906e+00,-8.716107010841369629e-01,-2.922658324241638184e-01,1.454297304153442383e+00,6.352071285247802734e+00,1.102073669433593750e+00,5.016059398651123047e+00,nan,nan,nan,nan,nan,nan,nan,nan,nan,nan,nan,nan,nan,nan,nan,nan,nan,nan,nan,nan,nan,nan,nan,nan,nan,nan,nan,nan,nan,nan,nan,nan,nan,nan,nan,nan,nan,nan,nan,nan,nan,nan,nan,nan,nan,nan,nan,nan,nan,-7.250245094299316406e+00,-3.372203588485717773e+00,-9.230517387390136719e+00,-1.130324459075927734e+01,-1.805283355712890625e+01,-3.981315612792968750e+00,5.172555923461914062e+00,-1.557204365730285645e+00,-6.829346179962158203e+00,-8.233650207519531250e+00,nan,nan,nan,nan,nan,nan,nan,nan,nan,nan,nan,nan,nan,nan,nan,nan,nan
nan,nan,nan,nan,nan,nan,nan,nan,nan,nan,nan,nan,nan,nan,nan,nan,nan,nan,nan,nan,nan,nan,nan,nan,nan,nan,nan,nan,nan,nan,nan,nan,nan,nan,nan,nan,-3.508620023727416992e+00,-2.137241601943969727e+00,-1.160813331604003906e+01,-6.926518440246582031e+00,-6.146238803863525391e+00,-1.988097786903381348e+00,1.779341697692871094e-01,-1.146207094192504883e+00,-1.773952245712280273e+00,-4.501856803894042969e+00,2.038747787475585938e+00,4.116233825683593750e+00,nan,nan,nan,nan,nan,nan,nan,nan,nan,nan,nan,nan,nan,nan,nan,nan,nan,nan,nan,nan,nan,nan,nan,nan,nan,nan,nan,nan,nan,nan,nan,nan,nan,nan,nan,nan,nan,nan,nan,nan,nan,nan,nan,nan,nan,nan,nan,nan,nan,nan,nan,-2.734232664108276367e+00,-6.209263801574707031e+00,-8.914602279663085938e+00,-2.197332191467285156e+01,-2.241416358947753906e+01,4.966907978057861328e+00,-4.409134864807128906e+00,-7.684743881225585938e+00,-8.308466911315917969e+00,-5.096585273742675781e+00,-4.817275524139404297e+00,nan,nan,nan,nan,nan,nan,nan,nan,nan,nan,nan,nan,nan,nan,nan
nan,nan,nan,nan,nan,nan,nan,nan,nan,nan,nan,nan,nan,nan,nan,nan,nan,nan,nan,nan,nan,-4.572810173034667969e+00,-4.903443813323974609e+00,-5.244826793670654297e+00,nan,nan,nan,nan,nan,nan,nan,nan,nan,nan,nan,nan,nan,-3.621169328689575195e+00,-1.454825758934020996e+00,-1.036970734596252441e+00,-4.806249737739562988e-01,-2.706877291202545166e-01,6.243978023529052734e+00,9.007147789001464844e+00,-4.961130619049072266e+00,-5.535511016845703125e+00,2.802299022674560547e+00,nan,nan,nan,nan,nan,nan,nan,nan,nan,nan,nan,nan,nan,nan,nan,nan,nan,nan,nan,nan,nan,nan,nan,nan,nan,nan,nan,nan,nan,nan,nan,nan,nan,nan,nan,nan,nan,nan,nan,nan,nan,nan,nan,nan,nan,nan,nan,nan,nan,nan,nan,nan,-2.278830766677856445e+00,-4.380427837371826172e+00,-6.520588397979736328e+00,-7.455502986907958984e+00,-4.929891586303710938e+00,-3.973953723907470703e+00,-5.695302009582519531e+00,-3.386958360671997070e+00,-8.348108291625976562e+00,-8.640235900878906250e+00,-2.177378892898559570e+00,-4.409373760223388672e+00,nan,nan,nan,nan,nan,nan,nan,nan,nan,nan,nan,nan,nan,nan
nan,nan,nan,nan,nan,nan,nan,nan,nan,nan,nan,nan,nan,nan,nan,nan,nan,nan,nan,nan,nan,-4.320987224578857422e+00,-1.391878223419189453e+01,-1.460554504394531250e+01,nan,nan,nan,nan,nan,nan,nan,nan,nan,nan,nan,nan,nan,nan,nan,-2.650073051452636719e+00,-2.107831239700317383e+00,-1.850317835807800293e+00,-1.060718417167663574e+00,nan,nan,nan,nan,nan,nan,nan,nan,nan,nan,nan,nan,nan,nan,nan,nan,nan,nan,nan,nan,nan,nan,nan,nan,nan,nan,nan,nan,nan,nan,nan,nan,nan,nan,nan,nan,nan,nan,nan,nan,nan,nan,nan,nan,nan,nan,nan,nan,nan,nan,nan,nan,nan,nan,nan,nan,1.437196135520935059e+00,-2.865432500839233398e+00,5.685940265655517578e+00,6.698728561401367188e+00,3.271188735961914062e+00,-5.917800426483154297e+00,9.721127152442932129e-01,-4.013077735900878906e+00,-8.783184051513671875e+00,-9.709704399108886719e+00,-5.310202121734619141e+00,-3.992897987365722656e+00,nan,nan,nan,nan,nan,nan,nan,nan,nan,nan,nan,nan,nan,nan
nan,nan,nan,nan,nan,nan,nan,nan,nan,nan,nan,nan,nan,nan,nan,nan,nan,nan,nan,nan,nan,-5.436588764190673828e+00,8.259458094835281372e-02,-6.656176567077636719e+00,-8.450317382812500000e+00,nan,nan,nan,nan,nan,nan,nan,nan,nan,nan,nan,nan,nan,nan,nan,nan,nan,nan,nan,nan,nan,nan,nan,nan,nan,nan,nan,nan,nan,nan,nan,nan,nan,nan,nan,nan,nan,nan,nan,nan,nan,nan,nan,nan,nan,nan,nan,nan,nan,nan,nan,nan,nan,nan,nan,nan,nan,nan,nan,nan,nan,nan,nan,nan,nan,nan,nan,nan,nan,nan,nan,nan,nan,nan,nan,-4.815536439418792725e-01,1.256906414031982422e+01,9.112299919128417969e+00,4.015583515167236328e+00,-5.974551200866699219e+00,2.695739030838012695e+00,2.298272132873535156e+00,-7.948091983795166016e+00,-7.247062683105468750e+00,-1.093563652038574219e+01,-3.380280494689941406e+00,nan,nan,nan,nan,nan,nan,nan,nan,nan,nan,nan,nan,nan,nan
nan,nan,nan,nan,nan,nan,nan,nan,nan,nan,nan,nan,nan,nan,nan,nan,nan,nan,nan,nan,nan,5.540261745452880859e+00,-2.196215242147445679e-01,-7.838314175605773926e-01,-7.103823184967041016e+00,nan,nan,nan,nan,nan,nan,nan,nan,nan,nan,nan,nan,nan,nan,nan,nan,nan,nan,nan,nan,nan,nan,nan,nan,nan,nan,nan,nan,nan,nan,nan,nan,nan,nan,nan,nan,nan,nan,nan,nan,nan,nan,nan,nan,nan,nan,nan,nan,nan,nan,nan,nan,nan,nan,nan,nan,nan,nan,nan,nan,nan,nan,nan,nan,nan,nan,nan,nan,nan,nan,nan,nan,nan,9.311834335327148438e+00,8.459652900695800781e+00,1.535584068298339844e+01,2.819466209411621094e+01,2.913236618041992188e+00,5.369617462158203125e+00,3.027629613876342773e+00,-3.389328241348266602e+00,1.339452624320983887e+00,-5.241185665130615234e+00,-3.622842073440551758e+00,2.944483041763305664e+00,4.902667999267578125e+00,nan,nan,nan,nan,nan,nan,nan,nan,nan,nan,nan,nan,nan,nan
nan,nan,nan,nan,nan,nan,nan,nan,nan,nan,nan,nan,nan,nan,nan,nan,nan,nan,nan,nan,nan,-8.417426109313964844e+00,5.710486412048339844e+00,1.210903882980346680e+00,-2.931388139724731445e+00,-2.056260299682617188e+01,nan,nan,nan,nan,nan,nan,nan,nan,nan,nan,nan,nan,nan,nan,nan,nan,nan,nan,nan,nan,nan,nan,nan,nan,nan,nan,nan,nan,nan,nan,nan,nan,nan,nan,nan,nan,nan,nan,nan,nan,nan,nan,nan,nan,nan,nan,nan,nan,nan,nan,nan,nan,nan,nan,nan,nan,nan,nan,nan,nan,nan,nan,nan,nan,nan,nan,nan,nan,nan,nan,nan,nan,nan,nan,3.293234634399414062e+01,1.734359741210937500e+01,1.098616504669189453e+01,1.103589630126953125e+01,7.256323337554931641e+00,-2.387667417526245117e+00,5.015628337860107422e+00,4.351114273071289062e+00,5.736687660217285156e+00,1.836990714073181152e+00,-5.377673149108886719e+00,-2.756042718887329102e+00,nan,nan,nan,nan,nan,nan,nan,nan,nan,nan,nan,nan,nan
nan,nan,nan,nan,nan,nan,nan,nan,nan,nan,nan,nan,nan,nan,nan,nan,nan,nan,nan,nan,nan,-1.071744728088378906e+01,1.195961380004882812e+01,-3.251666784286499023e+00,-2.088545799255371094e+01,-2.425920104980468750e+01,-1.930252456665039062e+01,-2.000413894653320312e+01,nan,nan,nan,nan,nan,nan,nan,nan,nan,nan,nan,nan,nan,nan,nan,nan,nan,nan,nan,nan,nan,nan,nan,nan,nan,nan,nan,nan,nan,nan,nan,nan,nan,nan,nan,nan,nan,nan,nan,nan,nan,nan,nan,nan,nan,nan,nan,nan,nan,nan,nan,nan,nan,nan,nan,nan,nan,nan,nan,nan,nan,nan,nan,nan,nan,nan,nan,nan,nan,nan,nan,1.286966800689697266e+01,2.230357742309570312e+01,1.976329421997070312e+01,1.684555625915527344e+01,1.541904354095458984e+01,1.224445629119873047e+01,9.143918991088867188e+00,7.573618888854980469e+00,8.509756088256835938e+00,9.227780342102050781e+00,-1.090155696868896484e+01,-1.298715305328369141e+01,-1.267212104797363281e+01,-4.250759124755859375e+00,nan,nan,nan,nan,nan,nan,nan,nan,nan,nan,nan,nan
nan,nan,nan,nan,nan,nan,nan,nan,nan,nan,nan,nan,nan,nan,nan,nan,nan,nan,nan,nan,nan,-1.358759593963623047e+01,1.705502033233642578e+00,-1.965743446350097656e+01,-3.331393814086914062e+01,-2.781322860717773438e+01,-1.859278297424316406e+01,-2.224007225036621094e+01,nan,nan,nan,nan,nan,nan,nan,nan,nan,nan,nan,nan,nan,nan,nan,nan,nan,nan,nan,nan,nan,nan,nan,nan,nan,nan,nan,nan,nan,nan,nan,nan,nan,nan,nan,nan,nan,nan,nan,nan,nan,nan,nan,nan,nan,nan,nan,nan,nan,nan,nan,nan,nan,nan,nan,nan,nan,nan,nan,nan,nan,nan,nan,nan,nan,nan,nan,nan,nan,nan,nan,1.358245182037353516e+01,1.996672248840332031e+01,1.329592609405517578e+01,9.489730834960937500e+00,1.154157733917236328e+01,1.369793033599853516e+01,1.284370040893554688e+01,1.141901588439941406e+01,8.853889465332031250e+00,8.087663650512695312e+00,-4.355047702789306641e+00,-8.976784706115722656e+00,-1.104086399078369141e+01,-6.063486099243164062e+00,-6.148546695709228516e+00,nan,nan,nan,nan,nan,nan,nan,nan,nan,nan,nan
nan,nan,nan,nan,nan,nan,nan,nan,nan,nan,nan,nan,nan,nan,nan,nan,nan,nan,nan,nan,nan,-1.727269554138183594e+01,-1.880005073547363281e+01,-2.009830284118652344e+01,-3.654245376586914062e+01,-3.490056610107421875e+01,-1.647191619873046875e+01,-7.220068931579589844e+00,nan,nan,nan,nan,nan,nan,nan,nan,nan,nan,nan,nan,nan,nan,nan,nan,nan,nan,nan,nan,nan,nan,nan,nan,nan,nan,nan,nan,nan,nan,nan,nan,nan,nan,nan,nan,nan,nan,nan,nan,nan,nan,nan,nan,nan,nan,nan,nan,nan,nan,nan,nan,nan,nan,nan,nan,nan,nan,nan,nan,nan,nan,nan,nan,nan,nan,nan,nan,nan,nan,1.583924484252929688e+01,1.379393291473388672e+01,1.257934856414794922e+01,2.154271841049194336e+00,3.056567192077636719e+00,4.043042182922363281e+00,8.984437942504882812e+00,9.854251861572265625e+00,8.396886825561523438e+00,1.410983848571777344e+01,1.204516696929931641e+01,1.002110767364501953e+01,3.644823551177978516e+00,-4.311874389648437500e+00,-8.452213287353515625e+00,-1.305281448364257812e+01,nan,nan,nan,nan,nan,nan,nan,nan,nan,nan,nan
nan,nan,nan,nan,nan,nan,nan,nan,nan,nan,nan,nan,nan,nan,nan,nan,nan,nan,nan,nan,nan,nan,-2.311699295043945312e+01,-2.394694137573242188e+01,-3.684442901611328125e+01,-3.877435302734375000e+01,-1.980873298645019531e+01,-1.575215435028076172e+01,-2.126908302307128906e+01,-1.214835262298583984e+01,-2.517840766906738281e+01,-2.541618728637695312e+01,-2.532551956176757812e+01,nan,nan,nan,nan,nan,nan,nan,nan,nan,nan,nan,nan,nan,nan,nan,nan,nan,nan,nan,nan,nan,nan,nan,nan,nan,nan,nan,nan,nan,nan,nan,nan,nan,nan,nan,nan,nan,nan,nan,nan,nan,nan,nan,nan,nan,nan,nan,nan,nan,nan,nan,nan,nan,nan,nan,nan,nan,nan,nan,nan,nan,nan,nan,nan,nan,nan,nan,nan,1.152830123901367188e+01,1.171855354309082031e+01,-3.254412114620208740e-01,5.102797985076904297e+00,1.871832275390625000e+01,2.496316528320312500e+01,1.897976112365722656e+01,1.250980567932128906e+01,9.216768264770507812e+00,-3.401149272918701172e+00,-6.088593006134033203e+00,-6.906507968902587891e+00,-1.854917335510253906e+01,nan,nan,nan,nan,nan,nan,nan,nan,nan,nan,nan
nan,nan,nan,nan,nan,nan,nan,nan,nan,nan,nan,nan,nan,nan,nan,nan,nan,nan,nan,nan,nan,nan,-2.637980270385742188e+01,-3.185359191894531250e+01,-3.602669525146484375e+01,nan,nan,-2.432390594482421875e+01,-2.461607742309570312e+01,-2.484803962707519531e+01,-2.404477882385253906e+01,-1.746253013610839844e+01,nan,nan,nan,nan,nan,nan,nan,nan,nan,nan,nan,nan,nan,nan,nan,nan,nan,nan,nan,nan,nan,nan,nan,nan,nan,nan,nan,nan,nan,nan,nan,nan,nan,nan,nan,nan,nan,nan,nan,nan,nan,nan,nan,nan,nan,nan,nan,nan,nan,nan,nan,nan,nan,nan,nan,nan,nan,nan,nan,nan,nan,nan,nan,nan,nan,nan,nan,nan,nan,1.066717147827148438e+01,nan,nan,nan,2.672937774658203125e+01,2.201989364624023438e+01,1.977311897277832031e+01,1.143288803100585938e+01,9.790473937988281250e+00,-3.249842166900634766e+00,-5.464517116546630859e+00,-1.147281551361083984e+01,-1.856963729858398438e+01,nan,nan,nan,nan,nan,nan,nan,nan,nan,nan,nan
nan,nan,nan,nan,nan,nan,nan,nan,nan,nan,nan,nan,nan,nan,nan,nan,nan,nan,nan,nan,nan,nan,nan,-2.988009071350097656e+01,-2.713918113708496094e+01,-3.278484725952148438e+01,nan,-3.923362731933593750e+01,-2.792647361755371094e+01,-3.682019805908203125e+01,-2.633746147155761719e+01,-2.748503684997558594e+01,nan,nan,nan,nan,nan,nan,nan,nan,nan,nan,nan,nan,nan,nan,nan,nan,nan,nan,nan,nan,nan,nan,nan,nan,nan,nan,nan,nan,nan,nan,nan,nan,nan,nan,nan,nan,nan,nan,nan,nan,nan,nan,nan,nan,nan,nan,nan,nan,nan,nan,nan,nan,nan,nan,nan,nan,nan,nan,nan,nan,nan,nan,nan,nan,nan,nan,nan,nan,nan,nan,nan,nan,nan,1.068847274780273438e+01,1.851393699645996094e+01,1.494374847412109375e+01,1.458841037750244141e+01,1.468833541870117188e+01,7.861999034881591797e+00,5.446379661560058594e+00,-8.787689208984375000e+00,-1.553314208984375000e+01,nan,nan,nan,nan,nan,nan,nan,nan,nan,nan,nan
nan,nan,nan,nan,nan,nan,nan,nan,nan,nan,nan,nan,nan,nan,nan,nan,nan,nan,nan,nan,nan,nan,nan,-2.283726119995117188e+01,-2.818712425231933594e+01,-2.794861412048339844e+01,-4.107028579711914062e+01,-4.094442367553710938e+01,-4.362208175659179688e+01,-3.963625335693359375e+01,nan,nan,-2.744392585754394531e+01,nan,nan,nan,nan,nan,nan,nan,nan,nan,nan,nan,nan,nan,nan,nan,nan,nan,nan,nan,nan,nan,nan,nan,nan,nan,nan,nan,nan,nan,nan,nan,nan,nan,nan,nan,nan,nan,nan,nan,nan,nan,nan,nan,nan,nan,nan,nan,nan,nan,nan,nan,nan,nan,nan,nan,nan,nan,nan,nan,nan,nan,nan,nan,nan,nan,nan,nan,nan,nan,nan,nan,1.304563999176025391e+01,5.557835578918457031e+00,9.595664024353027344e+00,1.833682060241699219e+01,1.985083198547363281e+01,2.667796516418457031e+01,2.741723823547363281e+01,1.990202331542968750e+01,8.080901145935058594e+00,4.666471004486083984e+00,nan,nan,nan,nan,nan,nan,nan,nan,nan,nan,nan
nan,nan,nan,nan,nan,nan,nan,nan,nan,nan,nan,nan,nan,nan,nan,nan,nan,nan,nan,nan,nan,nan,-2.847253227233886719e+01,-3.273535537719726562e+01,-2.758240127563476562e+01,-2.886370468139648438e+01,-3.010216903686523438e+01,-3.264579391479492188e+01,nan,-2.886611557006835938e+01,nan,nan,nan,nan,nan,nan,nan,nan,nan,nan,nan,nan,nan,nan,nan,nan,nan,nan,nan,nan,nan,nan,nan,nan,nan,nan,nan,nan,nan,nan,nan,nan,nan,nan,nan,nan,nan,nan,nan,nan,nan,nan,nan,nan,nan,nan,nan,nan,nan,nan,nan,nan,nan,nan,nan,nan,nan,nan,nan,nan,nan,nan,nan,nan,nan,nan,nan,nan,nan,nan,nan,nan,nan,nan,nan,3.306100130081176758e+00,1.717576026916503906e+01,2.134498023986816406e+01,1.937712287902832031e+01,2.746689605712890625e+01,2.891179275512695312e+01,1.929292869567871094e+01,1.107040500640869141e+01,nan,nan,nan,nan,nan,nan,nan,nan,nan,nan,nan,nan
nan,nan,nan,nan,nan,nan,nan,nan,nan,nan,nan,nan,nan,nan,nan,nan,nan,nan,nan,nan,nan,-2.623225212097167969e+01,-1.940622901916503906e+01,-3.298598098754882812e+01,-2.687008285522460938e+01,-2.453289031982421875e+01,-2.834199333190917969e+01,-2.840465354919433594e+01,-2.771196937561035156e+01,-2.858525276184082031e+01,nan,nan,nan,nan,nan,nan,nan,nan,nan,nan,nan,nan,nan,nan,nan,nan,nan,nan,nan,nan,nan,nan,nan,nan,nan,nan,nan,nan,nan,nan,nan,nan,nan,nan,nan,nan,nan,nan,nan,nan,nan,nan,nan,nan,nan,nan,nan,nan,nan,nan,nan,nan,nan,nan,nan,nan,nan,nan,nan,nan,nan,nan,nan,nan,nan,nan,nan,nan,nan,nan,nan,nan,nan,nan,nan,1.372713279724121094e+01,1.483491134643554688e+01,1.436415958404541016e+01,2.249957656860351562e+01,2.418120384216308594e+01,2.344185829162597656e+01,nan,1.087555313110351562e+01,nan,nan,nan,nan,nan,nan,nan,nan,nan,nan,nan,nan
nan,nan,nan,nan,nan,nan,nan,nan,nan,nan,nan,nan,nan,nan,nan,nan,nan,nan,nan,nan,nan,nan,-2.216975593566894531e+01,-2.051010894775390625e+01,-3.274145507812500000e+01,-2.272670364379882812e+01,-2.897090339660644531e+01,-2.586732292175292969e+01,-2.818290328979492188e+01,-3.343851852416992188e+01,-2.798008728027343750e+01,-2.774700355529785156e+01,nan,nan,nan,nan,nan,nan,nan,nan,nan,nan,nan,nan,nan,nan,nan,nan,nan,nan,nan,nan,nan,nan,nan,nan,nan,nan,nan,nan,nan,nan,nan,nan,nan,nan,nan,nan,nan,nan,nan,nan,nan,nan,nan,nan,nan,nan,nan,nan,nan,nan,nan,nan,nan,nan,nan,nan,nan,nan,nan,nan,nan,nan,nan,nan,nan,nan,nan,nan,nan,nan,nan,nan,nan,5.075973987579345703e+00,8.741268157958984375e+00,1.435675430297851562e+01,1.515625953674316406e+01,1.405339145660400391e+01,8.522674560546875000e+00,1.843562507629394531e+01,1.231801414489746094e+01,nan,nan,nan,nan,nan,nan,nan,nan,nan,nan,nan,nan
nan,nan,nan,nan,nan,nan,nan,nan,nan,nan,nan,nan,nan,nan,nan,nan,nan,nan,nan,nan,nan,nan,-3.217904663085937500e+01,-3.130683326721191406e+01,-3.449533843994140625e+01,nan,-2.848295783996582031e+01,-2.683633804321289062e+01,nan,-2.869239997863769531e+01,-1.998556709289550781e+01,nan,nan,nan,nan,nan,nan,nan,nan,nan,nan,nan,nan,nan,nan,nan,nan,nan,nan,nan,nan,nan,nan,nan,nan,nan,nan,nan,nan,nan,nan,nan,nan,nan,nan,nan,nan,nan,nan,nan,nan,nan,nan,nan,nan,nan,nan,nan,nan,nan,nan,nan,nan,nan,nan,nan,nan,nan,nan,nan,nan,nan,nan,nan,nan,nan,nan,nan,nan,nan,nan,nan,nan,nan,9.779830932617187500e+00,4.118740081787109375e+00,5.725326538085937500e+00,1.601749420166015625e+01,1.355798149108886719e+01,8.549457192420959473e-01,5.097328186035156250e+00,3.618044137954711914e+00,nan,nan,nan,nan,nan,nan,nan,nan,nan,nan,nan,nan,nan
nan,nan,nan,nan,nan,nan,nan,nan,nan,nan,nan,nan,nan,nan,nan,nan,nan,nan,nan,nan,nan,nan,-1.681037712097167969e+01,-3.134005355834960938e+01,-3.215122604370117188e+01,nan,-1.788265037536621094e+01,-2.496798896789550781e+01,-2.201332283020019531e+01,-2.002105140686035156e+01,-2.432569694519042969e+01,nan,nan,nan,nan,nan,nan,nan,nan,nan,nan,nan,nan,nan,nan,nan,nan,nan,nan,nan,nan,nan,nan,nan,nan,nan,nan,nan,nan,nan,nan,nan,nan,nan,nan,nan,nan,nan,nan,nan,nan,nan,nan,nan,nan,nan,nan,nan,nan,nan,nan,nan,nan,nan,nan,nan,nan,nan,nan,nan,nan,nan,nan,nan,nan,nan,nan,nan,nan,nan,nan,nan,nan,nan,8.962531089782714844e+00,7.762874960899353027e-01,2.158011913299560547e+00,1.069000339508056641e+01,9.590610504150390625e+00,1.015221118927001953e+01,1.863378643989562988e+00,1.039564990997314453e+01,1.029305934906005859e+01,nan,nan,nan,nan,nan,nan,nan,nan,nan,nan,nan,nan
nan,nan,nan,nan,nan,nan,nan,nan,nan,nan,nan,nan,nan,nan,nan,nan,nan,nan,nan,nan,-2.153705406188964844e+01,-1.044103527069091797e+01,-1.195804977416992188e+01,-1.618727493286132812e+01,-2.075919151306152344e+01,-1.850299644470214844e+01,-2.327264404296875000e+01,-2.964043045043945312e+01,-2.567343521118164062e+01,-1.228850555419921875e+01,-2.294435691833496094e+01,nan,nan,nan,nan,nan,nan,nan,nan,nan,nan,nan,nan,nan,nan,nan,nan,nan,nan,nan,nan,nan,nan,nan,nan,nan,nan,nan,nan,nan,nan,nan,nan,nan,nan,nan,nan,nan,nan,nan,nan,nan,nan,nan,nan,nan,nan,nan,nan,nan,nan,nan,nan,nan,nan,nan,nan,nan,nan,nan,nan,nan,nan,nan,nan,nan,nan,nan,nan,nan,nan,nan,nan,nan,8.040356636047363281e+00,nan,4.199256420135498047e+00,9.663507461547851562e+00,1.428445148468017578e+01,3.201898574829101562e+00,4.525970458984375000e+00,-3.551381232682615519e-04,nan,nan,nan,nan,nan,nan,nan,nan,nan,nan,nan,nan,nan
nan,nan,nan,nan,nan,nan,nan,nan,nan,nan,nan,nan,nan,nan,nan,nan,nan,nan,nan,nan,-2.072560501098632812e+01,-2.537697601318359375e+01,-1.803272247314453125e+01,-1.161087608337402344e+01,-1.959036254882812500e+01,-3.164783096313476562e+01,-2.893366050720214844e+01,-2.721822357177734375e+01,-2.952807426452636719e+01,-1.661524772644042969e+01,nan,nan,nan,nan,nan,nan,nan,nan,nan,nan,nan,nan,nan,nan,nan,nan,nan,nan,nan,nan,nan,nan,nan,nan,nan,nan,nan,nan,nan,nan,nan,nan,nan,nan,nan,nan,nan,nan,nan,nan,nan,nan,nan,nan,nan,nan,nan,nan,nan,nan,nan,nan,nan,nan,nan,nan,nan,nan,nan,nan,nan,nan,nan,nan,nan,nan,nan,nan,nan,nan,nan,nan,nan,nan,7.013022422790527344e+00,7.474434375762939453e+00,7.210470676422119141e+00,7.231816291809082031e+00,7.408838748931884766e+00,1.612210655212402344e+01,7.895706176757812500e+00,8.002647399902343750e+00,nan,nan,nan,nan,nan,nan,nan,nan,nan,nan,nan,nan,nan
nan,nan,nan,nan,nan,nan,nan,nan,nan,nan,nan,nan,nan,nan,nan,nan,nan,nan,nan,nan,nan,-3.164978981018066406e+01,-2.326474761962890625e+01,-1.168368053436279297e+01,-1.714962005615234375e+01,-1.862756729125976562e+01,-2.941754341125488281e+01,-2.604346084594726562e+01,-2.446367454528808594e+01,-1.973248100280761719e+01,-1.946427917480468750e+01,nan,nan,nan,nan,nan,nan,nan,nan,nan,nan,nan,nan,nan,nan,nan,nan,nan,nan,nan,nan,nan,nan,nan,nan,nan,nan,nan,nan,nan,nan,nan,nan,nan,nan,nan,nan,nan,nan,nan,nan,nan,nan,nan,nan,nan,nan,nan,nan,nan,nan,nan,nan,nan,nan,nan,nan,nan,nan,nan,nan,nan,nan,nan,nan,nan,nan,nan,nan,nan,nan,nan,nan,nan,nan,nan,nan,2.565727710723876953e+00,5.865946292877197266e+00,6.463739871978759766e+00,-1.245175838470458984e+00,6.849854469299316406e+00,nan,nan,nan,nan,nan,nan,nan,nan,nan,nan,nan,nan,nan
nan,nan,nan,nan,nan,nan,nan,nan,nan,nan,nan,nan,nan,nan,nan,nan,nan,nan,nan,nan,nan,-1.967288589477539062e+01,-2.036880302429199219e+01,-2.064961433410644531e+01,-1.837697601318359375e+01,-2.017597198486328125e+01,-1.261841201782226562e+01,-2.106576156616210938e+01,-1.700958061218261719e+01,-1.901383781433105469e+01,nan,nan,nan,nan,nan,nan,nan,nan,nan,nan,nan,nan,nan,nan,nan,nan,nan,nan,nan,nan,nan,nan,nan,nan,nan,nan,nan,nan,nan,nan,nan,nan,nan,nan,nan,nan,nan,nan,nan,nan,nan,nan,nan,nan,nan,nan,nan,nan,nan,nan,nan,nan,nan,nan,nan,nan,nan,nan,nan,nan,nan,nan,nan,nan,nan,nan,nan,nan,nan,nan,nan,nan,nan,nan,nan,nan,nan,7.929191589355468750e+00,1.167777895927429199e+00,1.145323371887207031e+01,1.479646492004394531e+01,1.490275764465332031e+01,9.045192718505859375e+00,nan,nan,nan,nan,nan,nan,nan,nan,nan,nan,nan,nan
nan,nan,nan,nan,nan,nan,nan,nan,nan,nan,nan,nan,nan,nan,nan,nan,nan,nan,nan,nan,nan,-1.789886856079101562e+01,-1.916218185424804688e+01,-2.017673683166503906e+01,-1.786482810974121094e+01,-1.406182956695556641e+01,-9.491855621337890625e+00,-1.116136741638183594e+01,-1.474981594085693359e+01,-1.455822658538818359e+01,-1.603847503662109375e+01,nan,nan,nan,nan,nan,nan,nan,nan,nan,nan,nan,nan,nan,nan,nan,nan,nan,nan,nan,nan,nan,nan,nan,nan,nan,nan,nan,nan,nan,nan,nan,nan,nan,nan,nan,nan,nan,nan,nan,nan,nan,nan,nan,nan,nan,nan,nan,nan,nan,nan,nan,nan,nan,nan,nan,nan,nan,nan,nan,nan,nan,nan,nan,nan,nan,nan,nan,nan,nan,nan,nan,nan,nan,nan,nan,nan,nan,7.283541679382324219e+00,1.104711818695068359e+01,5.663349628448486328e+00,7.444454669952392578e+00,nan,nan,nan,nan,nan,nan,nan,nan,nan,nan,nan,nan,nan
nan,nan,nan,nan,nan,nan,nan,nan,nan,nan,nan,nan,nan,nan,nan,nan,nan,nan,nan,nan,nan,nan,-1.663204956054687500e+01,-1.770454025268554688e+01,-1.190700531005859375e+01,-9.596357345581054688e+00,-9.370482444763183594e+00,-1.187126922607421875e+01,-1.566751861572265625e+01,-1.373513317108154297e+01,-1.457427597045898438e+01,nan,nan,nan,nan,nan,nan,nan,nan,nan,nan,nan,nan,nan,nan,nan,nan,nan,nan,nan,nan,nan,nan,nan,nan,nan,nan,nan,nan,nan,nan,nan,nan,nan,nan,nan,nan,nan,nan,nan,nan,nan,nan,nan,nan,nan,nan,nan,nan,nan,nan,nan,nan,nan,nan,nan,nan,nan,nan,nan,nan,nan,nan,nan,nan,nan,nan,nan,nan,nan,nan,nan,nan,nan,nan,nan,nan,nan,8.207693099975585938e+00,6.341090202331542969e+00,1.253424644470214844e+01,1.015850639343261719e+01,nan,nan,nan,nan,nan,nan,nan,nan,nan,nan,nan,nan,nan
nan,nan,nan,nan,nan,nan,nan,nan,nan,nan,nan,nan,nan,nan,nan,nan,nan,nan,nan,nan,nan,nan,nan,nan,-1.146548461914062500e+01,-1.317455387115478516e+01,-1.209778976440429688e+01,-1.513249588012695312e+01,-1.704359054565429688e+01,-1.438648223876953125e+01,-1.393054008483886719e+01,-1.536931991577148438e+01,-1.110749244689941406e+01,-1.188886451721191406e+01,nan,nan,nan,nan,nan,nan,nan,nan,nan,nan,nan,nan,nan,nan,nan,nan,nan,nan,nan,nan,nan,nan,nan,nan,nan,nan,nan,nan,nan,nan,nan,nan,nan,nan,nan,nan,nan,nan,nan,nan,nan,nan,nan,nan,nan,nan,nan,nan,nan,nan,nan,nan,nan,nan,nan,nan,nan,nan,nan,nan,nan,nan,nan,nan,nan,nan,nan,nan,nan,nan,nan,6.984168529510498047e+00,1.080201506614685059e+00,8.334600448608398438e+00,1.147230243682861328e+01,1.555039024353027344e+01,2.406347274780273438e+01,1.036618328094482422e+01,nan,nan,nan,nan,nan,nan,nan,nan,nan,nan,nan,nan,nan
nan,nan,nan,nan,nan,nan,nan,nan,nan,nan,nan,nan,nan,nan,nan,nan,nan,nan,nan,nan,nan,nan,nan,nan,-9.651869773864746094e+00,-1.260022163391113281e+01,-1.694709777832031250e+01,-1.479469203948974609e+01,-1.523450756072998047e+01,-1.411375331878662109e+01,-1.475708675384521484e+01,-1.396711254119873047e+01,-1.137165069580078125e+01,-1.077451038360595703e+01,-1.090800857543945312e+01,nan,nan,nan,nan,nan,nan,nan,nan,nan,nan,nan,nan,nan,nan,nan,nan,nan,nan,nan,nan,nan,nan,nan,nan,nan,nan,nan,nan,nan,nan,nan,nan,nan,nan,nan,nan,nan,nan,nan,nan,nan,nan,nan,nan,nan,nan,nan,nan,nan,nan,nan,nan,nan,nan,nan,nan,nan,nan,nan,nan,nan,nan,nan,nan,nan,nan,nan,nan,nan,nan,9.186983704566955566e-01,6.359215736389160156e+00,8.158248901367187500e+00,1.224074745178222656e+01,1.731745529174804688e+01,nan,nan,nan,nan,nan,nan,nan,nan,nan,nan,nan,nan,nan,nan,nan
nan,nan,nan,nan,nan,nan,nan,nan,nan,nan,nan,nan,nan,nan,nan,nan,nan,nan,nan,nan,nan,nan,nan,nan,-1.775453186035156250e+01,-6.065884590148925781e+00,-1.183413124084472656e+01,-1.143501663208007812e+01,-7.549658298492431641e+00,-1.067259979248046875e+01,-1.577565097808837891e+01,-1.347721099853515625e+01,-1.163727569580078125e+01,-1.126060867309570312e+01,-5.414100646972656250e+00,nan,nan,nan,nan,nan,nan,nan,nan,nan,nan,nan,nan,nan,nan,nan,nan,nan,nan,nan,nan,nan,nan,nan,nan,nan,nan,nan,nan,nan,nan,nan,nan,nan,nan,nan,nan,nan,nan,nan,nan,nan,nan,nan,nan,nan,nan,nan,nan,nan,nan,nan,nan,nan,nan,nan,nan,nan,nan,nan,nan,nan,nan,nan,nan,nan,nan,nan,nan,nan,nan,5.017096991650760174e-04,2.346405029296875000e+00,1.048959922790527344e+01,1.137585449218750000e+01,1.245343399047851562e+01,nan,nan,nan,nan,nan,nan,nan,nan,nan,nan,nan,nan,nan,nan,nan
nan,nan,nan,nan,nan,nan,nan,nan,nan,nan,nan,nan,nan,nan,nan,nan,nan,nan,nan,nan,nan,nan,nan,nan,-9.166440010070800781e+00,-8.272868156433105469e+00,-8.864179611206054688e+00,-9.370712280273437500e+00,-1.052591133117675781e+01,-1.006583499908447266e+01,-1.407534599304199219e+01,-1.211714076995849609e+01,-1.082019996643066406e+01,-1.126356124877929688e+01,-5.792639732360839844e+00,-9.996420860290527344e+00,nan,nan,nan,nan,nan,nan,nan,nan,nan,nan,nan,nan,nan,nan,nan,nan,nan,nan,nan,nan,nan,nan,nan,nan,nan,nan,nan,nan,nan,nan,nan,nan,nan,nan,nan,nan,nan,nan,nan,nan,nan,nan,nan,nan,nan,nan,nan,nan,nan,nan,nan,nan,nan,nan,nan,nan,nan,nan,nan,nan,nan,nan,nan,nan,nan,nan,nan,nan,7.413391470909118652e-01,6.482140064239501953e+00,8.882399559020996094e+00,1.011144065856933594e+01,7.668509960174560547e+00,7.429087638854980469e+00,9.118113517761230469e+00,nan,nan,nan,nan,nan,nan,nan,nan,nan,nan,nan,nan,nan,nan
nan,nan,nan,nan,nan,nan,nan,nan,nan,nan,nan,nan,nan,nan,nan,nan,nan,nan,nan,nan,nan,nan,nan,nan,2.406241655349731445e+00,-3.798942804336547852e+00,-9.350258827209472656e+00,-9.532510757446289062e+00,-1.187961387634277344e+01,-1.142958259582519531e+01,-1.264210510253906250e+01,-8.817275047302246094e+00,-9.365365028381347656e+00,-1.063938713073730469e+01,-9.491561889648437500e+00,-7.078770637512207031e+00,nan,nan,nan,nan,nan,nan,nan,nan,nan,nan,nan,nan,nan,nan,nan,nan,nan,nan,nan,nan,nan,nan,nan,nan,nan,nan,nan,nan,nan,nan,nan,nan,nan,nan,nan,nan,nan,nan,nan,nan,nan,nan,nan,nan,nan,nan,nan,nan,nan,nan,nan,nan,nan,nan,nan,nan,nan,nan,nan,nan,nan,nan,nan,nan,nan,nan,nan,-1.831714957952499390e-01,4.532467365264892578e+00,7.169749259948730469e+00,1.090143680572509766e+01,1.014773941040039062e+01,8.667420387268066406e+00,5.677486419677734375e+00,nan,nan,nan,nan,nan,nan,nan,nan,nan,nan,nan,nan,nan,nan,nan
nan,nan,nan,nan,nan,nan,nan,nan,nan,nan,nan,nan,nan,nan,nan,nan,nan,nan,nan,nan,nan,nan,nan,nan,-6.197756528854370117e-01,-3.687451601028442383e+00,-1.186791133880615234e+01,-1.674174880981445312e+01,-1.551632976531982422e+01,-1.257003593444824219e+01,-1.351642417907714844e+01,-1.185073184967041016e+01,-9.386019706726074219e+00,-1.097049140930175781e+01,-1.034388351440429688e+01,-9.053234100341796875e+00,-9.507102966308593750e+00,nan,nan,nan,nan,nan,nan,nan,nan,nan,nan,nan,nan,nan,nan,nan,nan,nan,nan,nan,nan,nan,nan,nan,nan,nan,nan,nan,nan,nan,nan,nan,nan,nan,nan,nan,nan,nan,nan,nan,nan,nan,nan,nan,nan,nan,nan,nan,nan,nan,nan,nan,nan,nan,nan,nan,nan,nan,nan,nan,nan,nan,nan,nan,nan,nan,3.443037509918212891e+00,2.910453319549560547e+00,8.201246261596679688e+00,8.528020858764648438e+00,9.647633552551269531e+00,7.135044574737548828e+00,1.157878684997558594e+01,nan,nan,nan,nan,nan,nan,nan,nan,nan,nan,nan,nan,nan,nan,nan,nan
nan,nan,nan,nan,nan,nan,nan,nan,nan,nan,nan,nan,nan,nan,nan,nan,nan,nan,nan,nan,nan,nan,nan,nan,-9.136873245239257812e+00,-4.562935233116149902e-01,-1.477815818786621094e+01,-1.552997207641601562e+01,-1.625226783752441406e+01,-1.569154834747314453e+01,-1.289238548278808594e+01,-1.120736694335937500e+01,-1.024921417236328125e+01,-1.215254116058349609e+01,-1.193099594116210938e+01,-9.267540931701660156e+00,-5.812094688415527344e+00,nan,nan,nan,nan,nan,nan,nan,nan,nan,nan,nan,nan,nan,nan,nan,nan,nan,nan,nan,nan,nan,nan,nan,nan,nan,nan,nan,nan,nan,nan,nan,nan,nan,nan,nan,nan,nan,nan,nan,nan,nan,nan,nan,nan,nan,nan,nan,nan,nan,nan,nan,nan,nan,nan,nan,nan,nan,nan,nan,nan,nan,nan,nan,nan,nan,9.071753025054931641e-01,1.112158894538879395e+00,8.502036094665527344e+00,3.543138980865478516e+00,-6.889533400535583496e-01,-1.093078374862670898e+00,5.595617771148681641e+00,nan,nan,nan,nan,nan,nan,nan,nan,nan,nan,nan,nan,nan,nan,nan,nan
nan,nan,nan,nan,nan,nan,nan,nan,nan,nan,nan,nan,nan,nan,nan,nan,nan,nan,nan,nan,nan,nan,nan,nan,nan,-8.122745513916015625e+00,-1.103525447845458984e+01,-1.693247795104980469e+01,-1.441364383697509766e+01,-1.752270698547363281e+01,-1.362981033325195312e+01,-1.288352584838867188e+01,-1.109975719451904297e+01,-1.196195411682128906e+01,-1.250327873229980469e+01,-9.105753898620605469e+00,-6.183458805084228516e+00,-8.507123947143554688e+00,nan,nan,nan,nan,nan,nan,nan,nan,nan,nan,nan,nan,nan,nan,nan,nan,nan,nan,nan,nan,nan,nan,nan,nan,nan,nan,nan,nan,nan,nan,nan,nan,nan,nan,nan,nan,nan,nan,nan,nan,nan,nan,nan,nan,nan,nan,nan,nan,nan,nan,nan,nan,nan,nan,nan,nan,nan,nan,nan,nan,nan,nan,nan,nan,4.398539313115179539e-04,-6.503391265869140625e-01,2.494475841522216797e+00,-1.295502424240112305e+00,-9.825954437255859375e+00,-7.342836380004882812e+00,5.335068225860595703e+00,nan,nan,nan,nan,nan,nan,nan,nan,nan,nan,nan,nan,nan,nan,nan,nan
nan,nan,nan,nan,nan,nan,nan,nan,nan,nan,nan,nan,nan,nan,nan,nan,nan,nan,nan,nan,nan,nan,nan,nan,nan,nan,-1.070994091033935547e+01,-1.349818134307861328e+01,-1.123795127868652344e+01,-1.170147228240966797e+01,-1.064794254302978516e+01,-1.210339355468750000e+01,-1.386299991607666016e+01,-1.081071186065673828e+01,-1.117840099334716797e+01,-9.653923988342285156e+00,-8.274484634399414062e+00,-6.121766090393066406e+00,nan,nan,nan,nan,nan,nan,nan,nan,nan,nan,nan,nan,nan,nan,nan,nan,nan,nan,nan,nan,nan,nan,nan,nan,nan,nan,nan,nan,nan,nan,nan,nan,nan,nan,nan,nan,nan,nan,nan,nan,nan,nan,nan,nan,nan,nan,nan,nan,nan,nan,nan,nan,nan,nan,nan,nan,nan,nan,nan,nan,nan,nan,nan,nan,1.483595132827758789e+00,4.020438671112060547e+00,6.042524814605712891e+00,6.573744297027587891e+00,7.022359371185302734e+00,4.023036956787109375e+00,5.485715389251708984e+00,nan,nan,nan,nan,nan,nan,nan,nan,nan,nan,nan,nan,nan,nan,nan,nan
nan,nan,nan,nan,nan,nan,nan,nan,nan,nan,nan,nan,nan,nan,nan,nan,nan,nan,nan,nan,nan,nan,nan,nan,nan,nan,-9.723127365112304688e+00,-8.503221511840820312e+00,-9.658666610717773438e+00,-8.686161041259765625e+00,-8.625843048095703125e+00,-1.135694313049316406e+01,-1.415754985809326172e+01,-9.396802902221679688e+00,-9.305971145629882812e+00,-1.183773422241210938e+01,-1.050844287872314453e+01,-5.700931072235107422e+00,nan,nan,nan,nan,nan,nan,nan,nan,nan,nan,nan,nan,nan,nan,nan,nan,nan,nan,nan,nan,nan,nan,nan,nan,nan,nan,nan,nan,nan,nan,nan,nan,nan,nan,nan,nan,nan,nan,nan,nan,nan,nan,nan,nan,nan,nan,nan,nan,nan,nan,nan,nan,nan,nan,nan,nan,nan,nan,nan,nan,nan,nan,nan,nan,-3.794933319091796875e+00,6.294156312942504883e-01,6.941935539245605469e+00,8.674453735351562500e+00,1.535869884490966797e+01,2.514116048812866211e+00,5.854379177093505859e+00,nan,nan,nan,nan,nan,nan,nan,nan,nan,nan,nan,nan,nan,nan,nan,nan
nan,nan,nan,nan,nan,nan,nan,nan,nan,nan,nan,nan,nan,nan,nan,nan,nan,nan,nan,nan,nan,nan,nan,nan,nan,nan,nan,1.660204648971557617e+00,-6.350471019744873047e+00,-1.125585937500000000e+01,-1.462056922912597656e+01,-1.175640392303466797e+01,-1.233570480346679688e+01,-4.721199989318847656e+00,-9.084483146667480469e+00,-1.156002616882324219e+01,-1.124169921875000000e+01,-6.898419857025146484e+00,nan,nan,-4.281476974487304688e+00,nan,nan,nan,nan,nan,nan,nan,nan,nan,nan,nan,nan,nan,nan,nan,nan,nan,nan,nan,nan,nan,nan,nan,nan,nan,nan,nan,nan,nan,nan,nan,nan,nan,nan,nan,nan,nan,nan,nan,nan,nan,nan,nan,nan,nan,nan,nan,nan,nan,nan,nan,nan,nan,nan,nan,nan,nan,nan,nan,5.162419795989990234e+00,-2.278878927230834961e+00,-1.871238589286804199e+00,7.304808497428894043e-01,8.916105270385742188e+00,6.001932144165039062e+00,4.863789558410644531e+00,nan,nan,nan,nan,nan,nan,nan,nan,nan,nan,nan,nan,nan,nan,nan,nan,nan,nan
nan,nan,nan,nan,nan,nan,nan,nan,nan,nan,nan,nan,nan,nan,nan,nan,nan,nan,nan,nan,nan,nan,nan,nan,nan,nan,nan,nan,-3.475457895547151566e-03,-5.609943389892578125e+00,-5.972586154937744141e+00,-1.055125617980957031e+01,-3.854249477386474609e+00,-3.623190879821777344e+00,-4.849598407745361328e+00,-7.690426349639892578e+00,-7.034940719604492188e+00,-6.378305435180664062e+00,-4.464917659759521484e+00,1.236099362373352051e+00,-2.121832847595214844e+00,-3.445544958114624023e+00,nan,nan,nan,nan,nan,nan,nan,nan,nan,nan,nan,nan,nan,nan,nan,nan,nan,nan,nan,nan,nan,nan,nan,nan,nan,nan,nan,nan,nan,nan,nan,nan,nan,nan,nan,nan,nan,nan,nan,nan,nan,nan,nan,nan,nan,nan,nan,nan,nan,nan,nan,nan,nan,nan,nan,nan,nan,nan,-1.970309257507324219e+00,-1.519757509231567383e+00,-1.994142383337020874e-01,9.893449783325195312e+00,1.161329269409179688e+01,1.483058071136474609e+01,8.577558517456054688e+00,nan,nan,nan,nan,nan,nan,nan,nan,nan,nan,nan,nan,nan,nan,nan,nan,nan,nan
nan,nan,nan,nan,nan,nan,nan,nan,nan,nan,nan,nan,nan,nan,nan,nan,nan,nan,nan,nan,nan,nan,nan,nan,nan,nan,nan,nan,nan,3.461787462234497070e+00,-6.126552104949951172e+00,-8.771264076232910156e+00,-8.829366683959960938e+00,-2.676857471466064453e+00,-7.084125518798828125e+00,-7.574881076812744141e+00,-4.218726158142089844e+00,-8.362979888916015625e+00,-9.723083496093750000e+00,1.316861659288406372e-01,5.720894336700439453e-01,1.654812812805175781e+00,-3.028355121612548828e+00,nan,nan,nan,nan,nan,nan,nan,nan,nan,nan,nan,nan,nan,nan,nan,nan,nan,nan,nan,nan,nan,nan,nan,nan,nan,nan,nan,nan,nan,nan,nan,nan,nan,nan,nan,nan,nan,nan,nan,nan,nan,nan,nan,nan,nan,nan,nan,nan,nan,nan,nan,nan,nan,nan,nan,6.001371860504150391e+00,1.176719546318054199e+00,1.681813716888427734e+00,1.580416202545166016e+00,8.594612121582031250e+00,2.182032775878906250e+01,2.258856773376464844e+01,1.564562988281250000e+01,1.124307823181152344e+01,nan,nan,nan,nan,nan,nan,nan,nan,nan,nan,nan,nan,nan,nan,nan,nan,nan,nan
nan,nan,nan,nan,nan,nan,nan,nan,nan,nan,nan,nan,nan,nan,nan,nan,nan,nan,nan,nan,nan,nan,nan,nan,nan,nan,nan,nan,nan,-5.755496501922607422e+00,5.115648508071899414e-01,-9.794506072998046875e+00,-9.057937622070312500e+00,-7.871771812438964844e+00,-3.895734310150146484e+00,-3.703108310699462891e+00,-8.803673744201660156e+00,-2.919317245483398438e+00,-2.038459062576293945e+00,-5.820032596588134766e+00,-2.084477424621582031e+00,-2.894782781600952148e+00,-4.446525573730468750e+00,-4.726133823394775391e+00,-2.048471450805664062e+00,-1.166240453720092773e+00,4.304324984550476074e-01,nan,nan,nan,nan,3.869860172271728516e+00,4.358097076416015625e+00,nan,nan,6.540068149566650391e+00,1.656752586364746094e+01,8.944976806640625000e+00,1.022369194030761719e+01,1.114374160766601562e+01,1.156168460845947266e+01,nan,nan,nan,nan,nan,nan,nan,nan,nan,nan,nan,nan,nan,nan,nan,nan,nan,nan,nan,nan,nan,nan,nan,nan,nan,nan,nan,nan,nan,nan,nan,nan,nan,nan,nan,nan,nan,7.039560317993164062e+00,5.737446784973144531e+00,9.464144706726074219e+00,1.317725467681884766e+01,1.519124507904052734e+01,1.803200531005859375e+01,2.460060501098632812e+01,1.250419712066650391e+01,1.306678199768066406e+01,nan,nan,nan,nan,nan,nan,nan,nan,nan,nan,nan,nan,nan,nan,nan,nan,nan,nan
nan,nan,nan,nan,nan,nan,nan,nan,nan,nan,nan,nan,nan,nan,nan,nan,nan,nan,nan,nan,nan,nan,nan,nan,nan,nan,nan,nan,nan,nan,3.365379333496093750e+00,-4.484704494476318359e+00,-1.059202194213867188e+01,-8.367940902709960938e+00,-2.594519138336181641e+00,-5.591405868530273438e+00,-8.600022315979003906e+00,-6.927613258361816406e+00,-2.015122413635253906e+00,-5.017336845397949219e+00,-4.083247661590576172e+00,-3.007272958755493164e+00,-8.464375495910644531e+00,-4.515617847442626953e+00,7.796851396560668945e-01,7.045995444059371948e-02,2.853892445564270020e-01,6.915095329284667969e+00,7.009353160858154297e+00,2.246542215347290039e+00,2.495175600051879883e+00,3.856785535812377930e+00,4.181165218353271484e+00,4.965767860412597656e+00,2.072467088699340820e+00,6.449991703033447266e+00,9.688401222229003906e+00,1.095080280303955078e+01,9.126774787902832031e+00,7.921636581420898438e+00,6.685871124267578125e+00,5.206531047821044922e+00,1.235049819946289062e+01,nan,nan,nan,nan,nan,5.460744857788085938e+00,nan,nan,nan,nan,nan,nan,nan,nan,nan,nan,nan,nan,nan,nan,nan,nan,nan,nan,nan,nan,nan,nan,nan,nan,nan,nan,nan,nan,nan,nan,2.298283100128173828e+00,7.451828002929687500e+00,1.221391010284423828e+01,1.661326026916503906e+01,1.640325355529785156e+01,1.336494827270507812e+01,1.424489879608154297e+01,nan,nan,nan,nan,nan,nan,nan,nan,nan,nan,nan,nan,nan,nan,nan,nan,nan,nan,nan
nan,nan,nan,nan,nan,nan,nan,nan,nan,nan,nan,nan,nan,nan,nan,nan,nan,nan,nan,nan,nan,nan,nan,nan,nan,nan,nan,nan,nan,nan,-5.542065143585205078e+00,-3.378355801105499268e-01,-6.647419929504394531e+00,-4.286098003387451172e+00,-1.109884071350097656e+01,-5.176467895507812500e+00,-9.548174858093261719e+00,-1.122852611541748047e+01,-6.184276103973388672e+00,-4.286252021789550781e+00,-6.173449993133544922e+00,-7.312467098236083984e+00,-7.762279510498046875e+00,-6.255617141723632812e+00,4.123503684997558594e+00,8.747076988220214844e+00,6.402886390686035156e+00,2.952911376953125000e+00,3.601068019866943359e+00,7.502413272857666016e+00,3.477345466613769531e+00,5.328860759735107422e+00,4.384844779968261719e+00,2.414576292037963867e+00,3.653628587722778320e+00,6.737345695495605469e+00,4.044516563415527344e+00,3.980307102203369141e+00,7.978147029876708984e+00,1.260427379608154297e+01,1.383239078521728516e+01,1.284778404235839844e+01,1.216246700286865234e+01,1.942701220512390137e+00,2.366096973419189453e+00,3.576347589492797852e+00,7.844893932342529297e+00,6.234833717346191406e+00,5.096404552459716797e+00,nan,nan,nan,nan,nan,nan,nan,nan,nan,nan,nan,nan,nan,nan,nan,nan,nan,nan,nan,nan,nan,nan,nan,nan,nan,nan,nan,nan,nan,7.181191444396972656e+00,4.110875606536865234e+00,1.090151500701904297e+01,1.251758956909179688e+01,1.799733352661132812e+01,2.503082847595214844e+01,1.501318740844726562e+01,nan,nan,nan,nan,nan,nan,nan,nan,nan,nan,nan,nan,nan,nan,nan,nan,nan,nan,nan,nan
nan,nan,nan,nan,nan,nan,nan,nan,nan,nan,nan,nan,nan,nan,nan,nan,nan,nan,nan,nan,nan,nan,nan,nan,nan,nan,nan,nan,nan,nan,nan,4.085037231445312500e+00,-3.265263319015502930e+00,-8.305214881896972656e+00,-1.611815834045410156e+01,-1.035326385498046875e+01,-1.243138408660888672e+01,-1.011820125579833984e+01,-5.831630706787109375e+00,-3.617840528488159180e+00,-3.194976568222045898e+00,-5.801879882812500000e+00,-7.091262817382812500e+00,-9.325821876525878906e+00,-6.947391033172607422e+00,-3.502878665924072266e+00,4.064689159393310547e+00,5.845481872558593750e+00,8.130663871765136719e+00,8.517592430114746094e+00,2.594837427139282227e+00,4.270116329193115234e+00,3.732007503509521484e+00,2.653415679931640625e+00,7.921161651611328125e-01,4.553057670593261719e+00,7.371098041534423828e+00,8.318972587585449219e+00,1.225558662414550781e+01,1.544347286224365234e+01,1.661598777770996094e+01,2.148737335205078125e+01,1.737435150146484375e+01,9.913206100463867188e+00,8.035526275634765625e+00,4.648045063018798828e+00,1.103060531616210938e+01,nan,nan,nan,nan,nan,nan,nan,nan,nan,nan,nan,nan,nan,nan,nan,nan,nan,nan,nan,nan,nan,nan,nan,nan,nan,nan,nan,nan,nan,nan,nan,2.135485649108886719e+00,7.943396091461181641e+00,1.608129501342773438e+01,1.808393669128417969e+01,2.305381393432617188e+01,1.971798133850097656e+01,nan,nan,nan,nan,nan,nan,nan,nan,nan,nan,nan,nan,nan,nan,nan,nan,nan,nan,nan,nan,nan
nan,nan,nan,nan,nan,nan,nan,nan,nan,nan,nan,nan,nan,nan,nan,nan,nan,nan,nan,nan,nan,nan,nan,nan,nan,nan,nan,nan,nan,nan,nan,-3.001232385635375977e+00,-7.304627418518066406e+00,-1.139736843109130859e+01,-1.511941146850585938e+01,-1.093735980987548828e+01,-1.090948581695556641e+01,-1.083237266540527344e+01,-5.682169914245605469e+00,-5.273333072662353516e+00,-5.333189487457275391e+00,-1.976390123367309570e+00,-1.509212851524353027e+00,-4.131956100463867188e+00,-4.095495223999023438e+00,-8.656982421875000000e+00,-7.133967876434326172e+00,-1.209996223449707031e+00,-5.463675260543823242e-01,-9.212764501571655273e-01,9.110747277736663818e-02,1.316430687904357910e+00,1.705210685729980469e+00,-8.037176728248596191e-01,2.148527145385742188e+00,3.823708772659301758e+00,1.091349792480468750e+01,7.940071105957031250e+00,1.547726249694824219e+01,1.960983848571777344e+01,1.775764083862304688e+01,2.506588172912597656e+01,2.021550941467285156e+01,1.734989738464355469e+01,1.181997013092041016e+01,6.846826553344726562e+00,5.426903247833251953e+00,3.208204984664916992e+00,nan,nan,nan,nan,nan,nan,nan,nan,nan,nan,nan,nan,nan,nan,nan,nan,nan,nan,nan,nan,nan,nan,nan,nan,nan,nan,nan,nan,nan,-1.219390749931335449e+00,3.763196468353271484e+00,8.728619575500488281e+00,1.582694435119628906e+01,1.972130203247070312e+01,9.008851051330566406e+00,1.427351284027099609e+01,nan,nan,nan,nan,nan,nan,nan,nan,nan,nan,nan,nan,nan,nan,nan,nan,nan,nan,nan,nan,nan
nan,nan,nan,nan,nan,nan,nan,nan,nan,nan,nan,nan,nan,nan,nan,nan,nan,nan,nan,nan,nan,nan,nan,nan,nan,nan,nan,nan,nan,nan,nan,-7.543778419494628906e+00,-1.065630149841308594e+01,-1.198498916625976562e+01,-9.723369598388671875e+00,-4.330175817012786865e-01,-1.043529605865478516e+01,-1.335771560668945312e+01,-7.170060157775878906e+00,-7.053628444671630859e+00,-3.738580703735351562e+00,-3.488487005233764648e+00,-4.521660804748535156e+00,-6.395432472229003906e+00,-6.393709659576416016e+00,-6.514090538024902344e+00,-7.989196777343750000e+00,-6.719961166381835938e+00,-4.781754493713378906e+00,-5.529162406921386719e+00,-5.807308673858642578e+00,-5.428791522979736328e+00,-2.539198398590087891e+00,-3.572647571563720703e+00,-2.956867218017578125e+00,2.040829896926879883e+00,2.284416913986206055e+00,1.463286781311035156e+01,2.170184707641601562e+01,2.293747138977050781e+01,2.269645690917968750e+01,2.048829650878906250e+01,2.289158439636230469e+01,1.847792434692382812e+01,1.303739547729492188e+01,4.215931892395019531e-01,1.437505245208740234e+00,2.192919254302978516e+00,5.137429714202880859e+00,nan,nan,nan,nan,nan,nan,nan,nan,nan,nan,nan,nan,nan,nan,nan,nan,nan,nan,nan,nan,nan,nan,nan,nan,nan,nan,2.792982101440429688e+00,-2.289913177490234375e+00,-1.154388189315795898e+00,3.185734272003173828e+00,4.325129985809326172e+00,8.260020256042480469e+00,nan,nan,nan,nan,nan,nan,nan,nan,nan,nan,nan,nan,nan,nan,nan,nan,nan,nan,nan,nan,nan,nan,nan,nan
nan,nan,nan,nan,nan,nan,nan,nan,nan,nan,nan,nan,nan,nan,nan,nan,nan,nan,nan,nan,nan,nan,nan,nan,nan,nan,nan,nan,nan,nan,nan,-3.261754512786865234e+00,-5.599637508392333984e+00,-3.227777004241943359e+00,-5.624678611755371094e+00,-3.696591854095458984e+00,-1.724310111999511719e+01,-1.258572292327880859e+01,-2.778912067413330078e+00,-2.011910974979400635e-01,-8.208340406417846680e-01,-7.189314365386962891e+00,-8.341717720031738281e+00,-1.024558067321777344e+01,-1.334408473968505859e+01,-1.316475677490234375e+01,-7.276641845703125000e+00,-1.061804580688476562e+01,-7.907979965209960938e+00,-9.578418731689453125e+00,-6.071145057678222656e+00,-6.155849933624267578e+00,-4.398825645446777344e+00,-3.878570318222045898e+00,-4.829730510711669922e+00,-8.509585380554199219e+00,3.858731985092163086e+00,1.809491539001464844e+01,2.095086860656738281e+01,1.868335723876953125e+01,1.909932327270507812e+01,2.526210212707519531e+01,1.919383049011230469e+01,1.704622077941894531e+01,1.757874870300292969e+01,4.031008720397949219e+00,1.868288964033126831e-01,-1.126899123191833496e+00,nan,nan,nan,nan,nan,nan,nan,nan,nan,nan,nan,nan,nan,nan,nan,nan,nan,nan,nan,nan,nan,nan,nan,nan,nan,nan,nan,nan,-1.256791114807128906e+00,-3.545861482620239258e+00,7.028872966766357422e+00,2.881394386291503906e+00,7.606474399566650391e+00,nan,nan,nan,nan,nan,nan,nan,nan,nan,nan,nan,nan,nan,nan,nan,nan,nan,nan,nan,nan,nan,nan,nan,nan
nan,nan,nan,nan,nan,nan,nan,nan,nan,nan,nan,nan,nan,nan,nan,nan,nan,nan,nan,nan,nan,nan,nan,nan,nan,nan,nan,nan,nan,nan,nan,-1.823728919029235840e+00,6.214704036712646484e+00,5.448106765747070312e+00,-5.915000915527343750e+00,-5.469349861145019531e+00,-5.350857257843017578e+00,-6.203679561614990234e+00,-4.674591422080993652e-01,4.102676212787628174e-01,-6.510010719299316406e+00,-1.172768211364746094e+01,-1.779409408569335938e+01,-1.425820350646972656e+01,-1.474398231506347656e+01,-1.257154178619384766e+01,-7.934847354888916016e+00,-9.961363792419433594e+00,-1.087945842742919922e+01,-1.372261333465576172e+01,-1.257994651794433594e+01,-1.031461429595947266e+01,-8.802959442138671875e+00,-6.113873004913330078e+00,-1.034702968597412109e+01,-7.903203964233398438e+00,2.482511520385742188e+00,1.369560909271240234e+01,2.109730148315429688e+01,1.661659431457519531e+01,1.146389102935791016e+01,1.972996139526367188e+01,2.358632278442382812e+01,1.538524436950683594e+01,1.598484897613525391e+01,6.976392745971679688e+00,-6.036696434020996094e-01,nan,nan,nan,nan,nan,nan,nan,nan,nan,nan,nan,nan,nan,nan,nan,nan,nan,nan,nan,nan,nan,nan,nan,nan,nan,nan,nan,nan,2.050471067428588867e+00,-8.580287694931030273e-01,5.164647102355957031e+00,6.147707462310791016e+00,6.265430450439453125e+00,6.513727664947509766e+00,nan,nan,nan,nan,nan,nan,nan,nan,nan,nan,nan,nan,nan,nan,nan,nan,nan,nan,nan,nan,nan,nan,nan,nan
nan,nan,nan,nan,nan,nan,nan,nan,nan,nan,nan,nan,nan,nan,nan,nan,nan,nan,nan,nan,nan,nan,nan,nan,nan,nan,nan,nan,nan,nan,nan,nan,9.362989425659179688e+00,6.481425285339355469e+00,-6.404151439666748047e+00,-7.002985954284667969e+00,-6.501989841461181641e+00,-1.512006044387817383e+00,-3.302730083465576172e+00,-3.249484539031982422e+00,-1.149446964263916016e+01,-9.512513160705566406e+00,-1.174577617645263672e+01,-9.765227317810058594e+00,-1.238871097564697266e+01,-1.584021568298339844e+01,-1.353469657897949219e+01,-1.322711181640625000e+01,-1.341124248504638672e+01,-1.583849906921386719e+01,-1.435393524169921875e+01,-1.284532737731933594e+01,-1.184423542022705078e+01,-9.990647315979003906e+00,-1.072327709197998047e+01,-1.364992618560791016e+01,1.696247696876525879e+00,2.381372690200805664e+00,6.266539096832275391e+00,8.328433990478515625e+00,1.590668296813964844e+01,1.038073348999023438e+01,1.923687744140625000e+01,1.947293472290039062e+01,1.568861293792724609e+01,3.187412023544311523e+00,1.010372161865234375e+01,nan,nan,nan,nan,nan,nan,nan,nan,nan,nan,nan,nan,nan,nan,nan,nan,nan,nan,nan,nan,nan,nan,nan,nan,nan,nan,nan,2.592665433883666992e+00,-4.947592258453369141e+00,6.392580032348632812e+00,6.824735641479492188e+00,7.203390598297119141e+00,nan,nan,nan,nan,nan,nan,nan,nan,nan,nan,nan,nan,nan,nan,nan,nan,nan,nan,nan,nan,nan,nan,nan,nan,nan,nan
nan,nan,nan,nan,nan,nan,nan,nan,nan,nan,nan,nan,nan,nan,nan,nan,nan,nan,nan,nan,nan,nan,nan,nan,nan,nan,nan,nan,nan,nan,nan,nan,7.423265933990478516e+00,6.015145778656005859e+00,-7.402161359786987305e-01,-2.639794111251831055e+00,-4.170959949493408203e+00,-9.300385415554046631e-02,2.344983339309692383e+00,-9.932058453559875488e-01,-7.228215694427490234e+00,-7.155015945434570312e+00,-8.026659011840820312e+00,-9.339338302612304688e+00,-1.052278518676757812e+01,-1.636935806274414062e+01,-1.092768192291259766e+01,-4.850346088409423828e+00,-8.070969581604003906e+00,-1.424651718139648438e+01,-2.027196311950683594e+01,-1.625710105895996094e+01,-1.480411529541015625e+01,-1.172654819488525391e+01,-1.406871986389160156e+01,-1.441227054595947266e+01,-2.502415657043457031e+00,-7.619496583938598633e-01,1.647552847862243652e+00,9.338471412658691406e+00,1.590095996856689453e+01,7.530013084411621094e+00,5.498025894165039062e+00,8.164271354675292969e+00,1.249203395843505859e+01,3.487626075744628906e+00,nan,nan,nan,nan,nan,nan,nan,nan,nan,nan,nan,nan,nan,nan,nan,nan,nan,nan,nan,nan,nan,nan,nan,nan,nan,nan,nan,nan,4.249832630157470703e+00,2.012549209594726562e+01,6.007446289062500000e+00,-1.616085886955261230e+00,2.593754053115844727e+00,nan,nan,nan,nan,nan,nan,nan,nan,nan,nan,nan,nan,nan,nan,nan,nan,nan,nan,nan,nan,nan,nan,nan,nan,nan,nan
nan,nan,nan,nan,nan,nan,nan,nan,nan,nan,nan,nan,nan,nan,nan,nan,nan,nan,nan,nan,nan,nan,nan,nan,nan,nan,nan,nan,nan,nan,nan,nan,6.389120101928710938e+00,5.543055057525634766e+00,6.168304920196533203e+00,1.780530214309692383e+00,2.028074741363525391e+00,-3.504408895969390869e-01,-2.711338520050048828e+00,1.431542873382568359e+00,-3.583865404129028320e+00,-5.270720958709716797e+00,-6.156613826751708984e+00,-4.393524169921875000e+00,-1.417041301727294922e+01,-1.285332107543945312e+01,-1.049194717407226562e+01,-5.713444232940673828e+00,-1.113895225524902344e+01,-1.418086528778076172e+01,-2.547989273071289062e+01,-2.797656059265136719e+01,-1.723655319213867188e+01,-9.540314674377441406e+00,-1.664876174926757812e+01,-1.967718315124511719e+01,-1.031805229187011719e+01,-2.852515935897827148e+00,1.212559103965759277e+00,4.417120933532714844e+00,5.738737583160400391e+00,6.151829242706298828e+00,2.454442501068115234e+00,1.156536388397216797e+01,4.832304954528808594e+00,6.437839031219482422e+00,1.328951168060302734e+01,nan,nan,nan,nan,nan,nan,nan,nan,nan,nan,nan,nan,nan,nan,nan,nan,nan,nan,nan,nan,nan,nan,nan,nan,9.741959571838378906e+00,nan,nan,-7.189327716827392578e+00,1.195594549179077148e+00,3.144863128662109375e+00,nan,nan,nan,nan,nan,nan,nan,nan,nan,nan,nan,nan,nan,nan,nan,nan,nan,nan,nan,nan,nan,nan,nan,nan,nan,nan,nan,nan
nan,nan,nan,nan,nan,nan,nan,nan,nan,nan,nan,nan,nan,nan,nan,nan,nan,nan,nan,nan,nan,nan,nan,nan,nan,nan,nan,nan,nan,nan,nan,nan,4.604038715362548828e+00,5.289438247680664062e+00,5.022925853729248047e+00,7.361572742462158203e+00,-2.941377162933349609e+00,-2.267404317855834961e+00,-6.533586978912353516e+00,-2.741932392120361328e+00,-2.314447164535522461e+00,-2.830271959304809570e+00,-5.498401641845703125e+00,-9.614102363586425781e+00,-1.233297252655029297e+01,-1.066586875915527344e+01,-8.691388130187988281e+00,-8.306699752807617188e+00,-1.127938556671142578e+01,-1.601355934143066406e+01,-1.858199501037597656e+01,-2.329498672485351562e+01,-1.009780788421630859e+01,-9.464836120605468750e+00,-8.528764724731445312e+00,-1.111873722076416016e+01,-6.156783580780029297e+00,-5.423486709594726562e+00,-2.372238159179687500e+00,2.072195529937744141e+00,-3.797722816467285156e+00,-5.326288223266601562e+00,4.603785514831542969e+00,1.118868637084960938e+01,2.005414009094238281e+01,1.381458091735839844e+01,2.000140953063964844e+01,nan,nan,nan,nan,nan,nan,nan,nan,nan,nan,nan,nan,nan,nan,nan,nan,nan,nan,nan,nan,nan,nan,nan,-1.629564666748046875e+01,-6.089983463287353516e+00,8.769131660461425781e+00,7.464521884918212891e+00,-9.125550270080566406e+00,-9.505523681640625000e+00,nan,nan,nan,nan,nan,nan,nan,nan,nan,nan,nan,nan,nan,nan,nan,nan,nan,nan,nan,nan,nan,nan,nan,nan,nan,nan,nan,nan,nan
nan,nan,nan,nan,nan,nan,nan,nan,nan,nan,nan,nan,nan,nan,nan,nan,nan,nan,nan,nan,nan,nan,nan,nan,nan,nan,nan,nan,nan,nan,nan,nan,nan,8.611682891845703125e+00,3.892556905746459961e+00,6.873243808746337891e+00,5.082927227020263672e+00,-2.010396718978881836e+00,-3.737260341644287109e+00,-2.310535192489624023e+00,-3.880625963211059570e+00,-7.294756770133972168e-01,-8.067071914672851562e+00,-1.022095489501953125e+01,-8.300571441650390625e+00,-9.242653846740722656e+00,-9.923946380615234375e+00,-1.147877216339111328e+01,-1.529493236541748047e+01,nan,-1.223340511322021484e+01,-9.068825721740722656e+00,-7.989273548126220703e+00,-1.599171638488769531e+01,-1.368156909942626953e+01,-8.189106941223144531e+00,-3.652623653411865234e+00,-5.924184322357177734e+00,-2.366406202316284180e+00,-1.977145910263061523e+00,-5.876133441925048828e+00,-5.867511272430419922e+00,6.906937956809997559e-01,1.027210998535156250e+01,1.386520767211914062e+01,2.188195228576660156e+01,2.686247444152832031e+01,1.224790763854980469e+01,2.138568496704101562e+01,nan,nan,nan,nan,nan,nan,nan,nan,nan,nan,nan,nan,nan,nan,nan,nan,nan,nan,1.312872695922851562e+01,nan,1.439295768737792969e+01,1.226698017120361328e+01,3.636278152465820312e+01,3.916514587402343750e+01,1.191140365600585938e+01,-4.061323165893554688e+00,nan,nan,nan,nan,nan,nan,nan,nan,nan,nan,nan,nan,nan,nan,nan,nan,nan,nan,nan,nan,nan,nan,nan,nan,nan,nan,nan,nan,nan,nan
nan,nan,nan,nan,nan,nan,nan,nan,nan,nan,nan,nan,nan,nan,nan,nan,nan,nan,nan,nan,nan,nan,nan,nan,nan,nan,nan,nan,nan,nan,nan,nan,6.247600555419921875e+00,6.773583889007568359e+00,-1.969448477029800415e-01,5.461809635162353516e+00,7.373038768768310547e+00,2.895721435546875000e+00,2.152202844619750977e+00,1.598467588424682617e+00,2.669062018394470215e-01,7.830026745796203613e-01,-1.970059037208557129e+00,-5.715670108795166016e+00,-4.914146900177001953e+00,-7.321397304534912109e+00,-9.998607635498046875e+00,-7.801774501800537109e+00,-5.098495960235595703e+00,nan,-1.026393699645996094e+01,-1.641263389587402344e+01,-1.046645069122314453e+01,-2.004551315307617188e+01,-2.158321380615234375e+01,-1.551763248443603516e+01,-1.464188098907470703e+01,-1.061074066162109375e+01,-2.864590883255004883e+00,-1.727310895919799805e+00,-3.366719245910644531e+00,-5.932960033416748047e+00,3.028686344623565674e-01,7.137336730957031250e+00,1.217124843597412109e+01,2.325557708740234375e+01,2.383442497253417969e+01,2.140909194946289062e+01,1.838618278503417969e+01,6.532485961914062500e+00,1.565850162506103516e+01,1.718704414367675781e+01,1.313658332824707031e+01,3.357220840454101562e+01,nan,nan,nan,nan,nan,nan,nan,2.704458999633789062e+01,2.322162246704101562e+01,nan,nan,nan,1.244639968872070312e+01,1.379349422454833984e+01,nan,1.446175479888916016e+01,3.006299591064453125e+01,3.473650741577148438e+01,3.329121780395507812e+01,-5.219595432281494141e+00,3.850246430374681950e-04,nan,nan,nan,nan,nan,nan,nan,nan,nan,nan,nan,nan,nan,nan,nan,nan,nan,nan,nan,nan,nan,nan,nan,nan,nan,nan,nan,nan,nan,nan
nan,nan,nan,nan,nan,nan,nan,nan,nan,nan,nan,nan,nan,nan,nan,nan,nan,nan,nan,nan,nan,nan,nan,nan,nan,nan,nan,nan,nan,nan,nan,nan,1.953220939636230469e+01,7.811075210571289062e+00,-1.526368498802185059e+00,3.679411411285400391e+00,4.657409191131591797e+00,1.098774790763854980e+00,3.569032430648803711e+00,-1.831773757934570312e+00,4.762768745422363281e+00,2.044614553451538086e+00,-2.564248442649841309e-01,-2.159756183624267578e+00,-8.518446922302246094e+00,-6.273179531097412109e+00,-8.401727676391601562e+00,-5.279420852661132812e+00,-4.937386989593505859e+00,-1.652169990539550781e+01,-1.873838233947753906e+01,-1.845784568786621094e+01,-1.679797554016113281e+01,-1.564041423797607422e+01,-1.824849700927734375e+01,-2.278124618530273438e+01,-1.746158981323242188e+01,-1.053129577636718750e+01,-7.925643920898437500e+00,-5.117007732391357422e+00,-2.805222988128662109e+00,-3.519405364990234375e+00,4.760767459869384766e+00,1.306895446777343750e+01,2.029875946044921875e+01,2.530360603332519531e+01,1.903457260131835938e+01,1.867474746704101562e+01,3.335527038574218750e+01,2.977109336853027344e+01,2.716336631774902344e+01,2.968031883239746094e+01,2.248172569274902344e+01,3.426953125000000000e+01,3.262427902221679688e+01,3.542941284179687500e+01,4.828649520874023438e+01,4.954892730712890625e+01,4.497339248657226562e+01,4.562016296386718750e+01,2.953216171264648438e+01,1.316648006439208984e+01,-8.515463769435882568e-02,-1.839462637901306152e+00,nan,1.420715427398681641e+01,1.242120170593261719e+01,4.790962696075439453e+00,1.621717071533203125e+01,1.471953201293945312e+01,1.708616828918457031e+01,2.624460411071777344e+01,6.445838451385498047e+00,-9.870894253253936768e-03,8.120415687561035156e+00,nan,nan,nan,nan,nan,nan,nan,nan,nan,nan,nan,nan,nan,nan,nan,nan,nan,nan,nan,nan,nan,nan,nan,nan,nan,nan,nan,nan,nan,nan
nan,nan,nan,nan,nan,nan,nan,nan,nan,nan,nan,nan,nan,nan,nan,nan,nan,nan,nan,nan,nan,nan,nan,nan,nan,nan,nan,nan,nan,nan,nan,nan,2.707434463500976562e+01,8.833161354064941406e+00,4.969458103179931641e+00,5.645090103149414062e+00,3.699329137802124023e+00,-1.333890438079833984e+00,1.526061058044433594e+00,-3.682818889617919922e+00,4.489126205444335938e-01,2.970765829086303711e+00,1.089951753616333008e+00,-1.853290498256683350e-01,-3.450512647628784180e+00,-9.457551002502441406e+00,-8.188012123107910156e+00,-7.859681606292724609e+00,-6.951720237731933594e+00,-1.487827301025390625e+01,-2.103915596008300781e+01,-2.114174842834472656e+01,-1.735358619689941406e+01,-2.467719268798828125e+01,-2.629693031311035156e+01,-1.677241134643554688e+01,-1.383935546875000000e+01,-1.165802764892578125e+01,-1.168916130065917969e+01,-1.028447723388671875e+01,-8.426966667175292969e+00,-4.429156303405761719e+00,5.456169843673706055e-01,1.147194480895996094e+01,1.839867401123046875e+01,1.082933712005615234e+01,nan,3.172158432006835938e+01,3.059389114379882812e+01,3.420911788940429688e+01,3.375536727905273438e+01,3.427032470703125000e+01,3.233903884887695312e+01,4.060464096069335938e+01,4.262186050415039062e+01,4.593515014648437500e+01,4.670091629028320312e+01,4.738439178466796875e+01,4.790322875976562500e+01,4.551739501953125000e+01,3.987330627441406250e+01,3.484890747070312500e+01,6.806200504302978516e+00,6.338742256164550781e+00,5.285959720611572266e+00,1.807184600830078125e+01,1.802178001403808594e+01,1.681922340393066406e+01,4.374932765960693359e+00,1.473798847198486328e+01,nan,7.785841464996337891e+00,1.344715118408203125e+00,-4.229861259460449219e+00,8.915266036987304688e+00,nan,nan,nan,nan,nan,nan,nan,nan,nan,nan,nan,nan,nan,nan,nan,nan,nan,nan,nan,nan,nan,nan,nan,nan,nan,nan,nan,nan,nan,nan
nan,nan,nan,nan,nan,nan,nan,nan,nan,nan,nan,nan,nan,nan,nan,nan,nan,nan,nan,nan,nan,nan,nan,nan,nan,nan,nan,nan,nan,nan,nan,nan,6.533964157104492188e+00,7.556275367736816406e+00,3.602029383182525635e-01,2.329190969467163086e+00,4.448758602142333984e+00,5.921074748039245605e-01,-1.109141945838928223e+00,4.051258087158203125e+00,-2.748983144760131836e+00,1.577825188636779785e+00,-8.836020827293395996e-01,-3.490124225616455078e+00,-2.785494565963745117e+00,-6.047150135040283203e+00,-1.149770164489746094e+01,-1.018414783477783203e+01,-7.959364414215087891e+00,-1.450022792816162109e+01,-1.941167831420898438e+01,-1.470683670043945312e+01,-9.865218162536621094e+00,-1.228527736663818359e+01,-2.759189033508300781e+01,1.001803016662597656e+01,-1.106236362457275391e+01,-2.046830368041992188e+01,-1.597585868835449219e+01,-1.130603885650634766e+01,-8.670945167541503906e+00,-1.652737021446228027e+00,-1.280517339706420898e+00,6.030388832092285156e+00,8.151186943054199219e+00,1.506966781616210938e+01,nan,nan,3.040224266052246094e+01,3.979049301147460938e+01,3.298561096191406250e+01,3.349436569213867188e+01,3.754835891723632812e+01,4.625247573852539062e+01,2.998338317871093750e+01,4.120489120483398438e+01,3.824668884277343750e+01,3.453593826293945312e+01,3.588724899291992188e+01,4.316341781616210938e+01,4.130541992187500000e+01,3.641314315795898438e+01,2.708809089660644531e+01,1.563581466674804688e+01,1.829426956176757812e+01,1.833074378967285156e+01,1.725828933715820312e+01,2.009364700317382812e+01,1.784152603149414062e+01,nan,nan,1.353299045562744141e+01,1.260026454925537109e+01,nan,nan,nan,nan,nan,nan,nan,nan,nan,nan,nan,nan,nan,nan,nan,nan,nan,nan,nan,nan,nan,nan,nan,nan,nan,nan,nan,nan,nan,nan,nan,nan
nan,nan,nan,nan,nan,nan,nan,nan,nan,nan,nan,nan,nan,nan,nan,nan,nan,nan,nan,nan,nan,nan,nan,nan,nan,nan,nan,nan,nan,nan,nan,nan,nan,1.517663002014160156e+01,3.628725767135620117e+00,6.488327980041503906e+00,1.713993430137634277e+00,5.150565877556800842e-02,1.776006683940067887e-04,-4.915661513805389404e-01,-5.867819786071777344e+00,-3.752893686294555664e+00,-2.249295234680175781e+00,-2.672625780105590820e+00,-3.333411931991577148e+00,-7.877374649047851562e+00,-1.074965000152587891e+01,-1.225581455230712891e+01,-1.255165767669677734e+01,-9.350504875183105469e+00,-5.533145904541015625e+00,-1.000685405731201172e+01,-1.251601696014404297e+01,-1.431442451477050781e+01,-2.005000305175781250e+01,-2.050659179687500000e+01,-2.163610839843750000e+01,-1.615762710571289062e+01,-1.864073562622070312e+01,-1.834180259704589844e+01,-8.335550308227539062e+00,-2.184941530227661133e+00,-8.984581232070922852e-01,6.873159885406494141e+00,9.300079345703125000e+00,2.164967346191406250e+01,3.316838455200195312e+01,3.573887634277343750e+01,3.595915985107421875e+01,4.318666839599609375e+01,4.025833892822265625e+01,4.342433166503906250e+01,nan,nan,3.468258666992187500e+01,3.273642730712890625e+01,3.778694915771484375e+01,3.236000823974609375e+01,3.222294998168945312e+01,3.627867889404296875e+01,3.147814559936523438e+01,2.669964790344238281e+01,3.047375488281250000e+01,2.041170883178710938e+01,2.236284446716308594e+01,1.925865554809570312e+01,1.821510124206542969e+01,nan,nan,nan,nan,nan,nan,nan,nan,nan,nan,nan,nan,nan,nan,nan,nan,nan,nan,nan,nan,nan,nan,nan,nan,nan,nan,nan,nan,nan,nan,nan,nan,nan,nan,nan,nan,nan,nan
nan,nan,nan,nan,nan,nan,nan,nan,nan,nan,nan,nan,nan,nan,nan,nan,nan,nan,nan,nan,nan,nan,nan,nan,nan,nan,nan,nan,nan,nan,nan,nan,nan,5.813412189483642578e+00,1.006915092468261719e+00,3.710002422332763672e+00,-4.393857479095458984e+00,-5.987164020538330078e+00,-5.358076572418212891e+00,-5.753737926483154297e+00,-4.460817813873291016e+00,-4.765246868133544922e+00,-4.057441711425781250e+00,-4.542653560638427734e+00,-8.870835304260253906e+00,-1.066678905487060547e+01,-9.407623291015625000e+00,-1.043285179138183594e+01,-1.454395294189453125e+01,-1.319314289093017578e+01,-9.328130722045898438e+00,-9.345157623291015625e+00,-1.945686340332031250e+01,-1.697736549377441406e+01,-1.571946716308593750e+01,-1.926774024963378906e+01,-2.055058097839355469e+01,-1.623278045654296875e+01,-2.860157966613769531e+01,-2.938576316833496094e+01,-1.984461212158203125e+01,-7.885473728179931641e+00,-1.782319545745849609e+00,4.226846218109130859e+00,1.249248504638671875e+01,1.709124183654785156e+01,2.512484169006347656e+01,2.852651214599609375e+01,3.270716476440429688e+01,4.443839263916015625e+01,3.990915679931640625e+01,4.402701568603515625e+01,2.946689414978027344e+01,3.286980438232421875e+01,nan,nan,3.203075027465820312e+01,2.588677406311035156e+01,3.089969444274902344e+01,3.299677658081054688e+01,2.699915122985839844e+01,2.751541328430175781e+01,2.966573715209960938e+01,3.315916824340820312e+01,2.931557846069335938e+01,3.575812149047851562e+01,nan,nan,nan,nan,nan,nan,nan,nan,nan,nan,nan,nan,nan,nan,nan,nan,nan,nan,nan,nan,nan,nan,nan,nan,nan,nan,nan,nan,nan,nan,nan,nan,nan,nan,nan,nan,nan,nan,nan
nan,nan,nan,nan,nan,nan,nan,nan,nan,nan,nan,nan,nan,nan,nan,nan,nan,nan,nan,nan,nan,nan,nan,nan,nan,nan,nan,nan,nan,nan,nan,nan,nan,1.080675983428955078e+01,4.162713050842285156e+00,2.020486354827880859e+00,7.559441924095153809e-01,-1.415009796619415283e-01,-5.061008453369140625e+00,-1.087092781066894531e+01,1.605301618576049805e+00,-3.087891817092895508e+00,-5.770912647247314453e+00,-8.050416946411132812e+00,-5.553874969482421875e+00,-1.292836761474609375e+01,-8.858475685119628906e+00,-1.214467906951904297e+01,-1.216770076751708984e+01,-1.293014526367187500e+01,-1.015117168426513672e+01,-1.645190238952636719e+01,-2.741115188598632812e+01,-2.698045730590820312e+01,-2.109814071655273438e+01,-1.921007156372070312e+01,-2.487591361999511719e+01,-2.143060111999511719e+01,-2.811218261718750000e+01,nan,nan,-1.370456600189208984e+01,-7.778515338897705078e+00,2.484796762466430664e+00,9.529309272766113281e+00,8.488037109375000000e+00,1.032894229888916016e+01,2.437263870239257812e+01,2.436786079406738281e+01,3.266287994384765625e+01,3.841584014892578125e+01,3.548626708984375000e+01,3.568455123901367188e+01,2.781023025512695312e+01,nan,nan,2.964689254760742188e+01,2.479904365539550781e+01,3.439502334594726562e+01,3.969857025146484375e+01,2.771445274353027344e+01,nan,2.247830200195312500e+01,1.858516120910644531e+01,2.220220565795898438e+01,2.193690109252929688e+01,nan,nan,nan,nan,nan,nan,nan,nan,nan,nan,nan,nan,nan,nan,nan,nan,nan,nan,nan,nan,nan,nan,nan,nan,nan,nan,nan,nan,nan,nan,nan,nan,nan,nan,nan,nan,nan,nan,nan
nan,nan,nan,nan,nan,nan,nan,nan,nan,nan,nan,nan,nan,nan,nan,nan,nan,nan,nan,nan,nan,nan,nan,nan,nan,nan,nan,nan,nan,nan,nan,nan,nan,3.337766170501708984e+00,7.961323738098144531e+00,7.424477100372314453e+00,-2.722054719924926758e+00,-3.015460014343261719e+00,-9.881317138671875000e+00,-9.531375885009765625e+00,-4.746655941009521484e+00,-8.948877334594726562e+00,-5.686268329620361328e+00,nan,nan,nan,-9.260535240173339844e+00,nan,nan,nan,-1.390372085571289062e+01,nan,nan,-1.717809295654296875e+01,-1.781579208374023438e+01,-1.930789566040039062e+01,-2.583169174194335938e+01,-1.828062057495117188e+01,-2.696724891662597656e+01,-3.252992630004882812e+01,-2.276799201965332031e+01,-1.065130233764648438e+01,-4.858056545257568359e+00,-4.996638298034667969e+00,6.679984092712402344e+00,6.405296325683593750e+00,9.899724960327148438e+00,1.535738658905029297e+01,1.699267578125000000e+01,2.815604591369628906e+01,2.720832443237304688e+01,3.747937393188476562e+01,3.718569564819335938e+01,3.441600799560546875e+01,3.684239959716796875e+01,2.195613288879394531e+01,2.910089492797851562e+01,2.461639976501464844e+01,3.641060256958007812e+01,2.740129852294921875e+01,nan,1.461572837829589844e+01,1.464180374145507812e+01,1.626003265380859375e+01,nan,nan,nan,nan,nan,nan,nan,nan,nan,nan,nan,nan,nan,nan,nan,nan,nan,nan,nan,nan,nan,nan,nan,nan,nan,nan,nan,nan,nan,nan,nan,nan,nan,nan,nan,nan,nan,nan,nan,nan,nan
nan,nan,nan,nan,nan,nan,nan,nan,nan,nan,nan,nan,nan,nan,nan,nan,nan,nan,nan,nan,nan,nan,nan,nan,nan,nan,nan,nan,nan,nan,nan,nan,nan,nan,1.667302608489990234e+00,7.292328834533691406e+00,4.903863430023193359e+00,-4.843757629394531250e+00,-6.541227340698242188e+00,-6.999803066253662109e+00,-1.604552459716796875e+01,nan,nan,nan,nan,nan,nan,nan,nan,nan,nan,nan,nan,nan,nan,-2.110144042968750000e+01,nan,-1.460381317138671875e+01,-2.687469482421875000e+01,-2.997120857238769531e+01,-2.362925910949707031e+01,-1.925391006469726562e+01,-2.213668823242187500e+00,-1.309933280944824219e+01,-1.239482593536376953e+01,-2.930105447769165039e+00,3.863096237182617188e+00,6.178406238555908203e+00,6.740321636199951172e+00,7.753498554229736328e+00,1.559326171875000000e+01,3.132158088684082031e+01,3.078477287292480469e+01,3.146577644348144531e+01,3.152321624755859375e+01,2.161133956909179688e+01,2.726332092285156250e+01,2.708492851257324219e+01,nan,nan,2.446325302124023438e+01,2.470946693420410156e+01,2.036435508728027344e+01,2.457542800903320312e+01,nan,nan,nan,nan,nan,nan,nan,nan,nan,nan,nan,nan,nan,nan,nan,nan,nan,nan,nan,nan,nan,nan,nan,nan,nan,nan,nan,nan,nan,nan,nan,nan,nan,nan,nan,nan,nan,nan,nan,nan,nan
nan,nan,nan,nan,nan,nan,nan,nan,nan,nan,nan,nan,nan,nan,nan,nan,nan,nan,nan,nan,nan,nan,nan,nan,nan,nan,nan,nan,nan,nan,nan,nan,nan,nan,nan,nan,5.971432328224182129e-01,-5.913801670074462891e+00,-2.768913507461547852e+00,-3.903398990631103516e+00,nan,nan,nan,nan,nan,nan,nan,nan,nan,nan,nan,nan,nan,nan,nan,nan,nan,nan,-2.079849243164062500e+01,-1.900397109985351562e+01,nan,-1.299809455871582031e+01,nan,-6.214278697967529297e+00,-2.534468460083007812e+01,1.378699839115142822e-01,-8.906145095825195312e+00,-2.082417160272598267e-01,3.620694637298583984e+00,7.571938991546630859e+00,1.041375541687011719e+01,1.915443611145019531e+01,1.642945289611816406e+01,1.500795650482177734e+01,1.498269939422607422e+01,2.105284690856933594e+01,2.248727416992187500e+01,2.070371055603027344e+01,6.664878368377685547e+00,nan,nan,nan,nan,nan,nan,nan,nan,nan,nan,nan,nan,nan,nan,nan,nan,nan,nan,nan,nan,nan,nan,nan,nan,nan,nan,nan,nan,nan,nan,nan,nan,nan,nan,nan,nan,nan,nan,nan,nan,nan,nan,nan,nan,nan,nan
nan,nan,nan,nan,nan,nan,nan,nan,nan,nan,nan,nan,nan,nan,nan,nan,nan,nan,nan,nan,nan,nan,nan,nan,nan,nan,nan,nan,nan,nan,nan,nan,nan,nan,nan,nan,nan,-2.530437707901000977e+00,-3.465278148651123047e+00,nan,nan,nan,nan,nan,nan,nan,nan,nan,nan,nan,nan,nan,nan,nan,nan,nan,nan,nan,nan,nan,nan,nan,nan,nan,nan,-2.967929458618164062e+01,-2.287970542907714844e+01,-1.736474800109863281e+01,-1.832815361022949219e+01,-1.600191688537597656e+01,1.269974994659423828e+01,1.589476394653320312e+01,3.313894033432006836e+00,7.423426628112792969e+00,8.223770141601562500e+00,5.046997547149658203e+00,9.773875236511230469e+00,1.126670646667480469e+01,6.895122051239013672e+00,1.936864471435546875e+01,nan,nan,nan,nan,nan,nan,nan,nan,nan,nan,nan,nan,nan,nan,nan,nan,nan,nan,nan,nan,nan,nan,nan,nan,nan,nan,nan,nan,nan,nan,nan,nan,nan,nan,nan,nan,nan,nan,nan,nan,nan,nan,nan,nan,nan
nan,nan,nan,nan,nan,nan,nan,nan,nan,nan,nan,nan,nan,nan,nan,nan,nan,nan,nan,nan,nan,nan,nan,nan,nan,nan,nan,nan,nan,nan,nan,nan,nan,nan,nan,nan,nan,nan,nan,nan,nan,nan,nan,nan,nan,nan,nan,nan,nan,nan,nan,nan,nan,nan,nan,nan,nan,nan,nan,nan,nan,nan,nan,nan,nan,nan,-5.424602508544921875e+00,-3.250393295288085938e+01,5.209506750106811523e-01,nan,nan,nan,1.599518203735351562e+01,1.771649360656738281e+01,1.825901412963867188e+01,1.806930160522460938e+01,-9.929783344268798828e-01,1.714489746093750000e+01,nan,nan,nan,nan,nan,nan,nan,nan,nan,nan,nan,nan,nan,nan,nan,nan,nan,nan,nan,nan,nan,nan,nan,nan,nan,nan,nan,nan,nan,nan,nan,nan,nan,nan,nan,nan,nan,nan,nan,nan,nan,nan,nan,nan,nan,nan,nan
nan,nan,nan,nan,nan,nan,nan,nan,nan,nan,nan,nan,nan,nan,nan,nan,nan,nan,nan,nan,nan,nan,nan,nan,nan,nan,nan,nan,nan,nan,nan,nan,nan,nan,nan,nan,nan,nan,nan,nan,nan,nan,nan,nan,nan,nan,nan,nan,nan,nan,nan,nan,nan,nan,nan,nan,nan,nan,nan,nan,nan,nan,nan,nan,nan,nan,nan,nan,nan,nan,nan,nan,nan,nan,nan,nan,nan,nan,nan,nan,nan,nan,nan,nan,nan,nan,nan,nan,nan,nan,nan,nan,nan,nan,nan,nan,nan,nan,nan,nan,nan,nan,nan,nan,nan,nan,nan,nan,nan,nan,nan,nan,nan,nan,nan,nan,nan,nan,nan,nan,nan,nan,nan,nan,nan
nan,nan,nan,nan,nan,nan,nan,nan,nan,nan,nan,nan,nan,nan,nan,nan,nan,nan,nan,nan,nan,nan,nan,nan,nan,nan,nan,nan,nan,nan,nan,nan,nan,nan,nan,nan,nan,nan,nan,nan,nan,nan,nan,nan,nan,nan,nan,nan,nan,nan,nan,nan,nan,nan,nan,nan,nan,nan,nan,nan,nan,nan,nan,nan,nan,nan,nan,nan,nan,nan,nan,nan,nan,nan,nan,nan,nan,nan,nan,nan,nan,nan,nan,nan,nan,nan,nan,nan,nan,nan,nan,nan,nan,nan,nan,nan,nan,nan,nan,nan,nan,nan,nan,nan,nan,nan,nan,nan,nan,nan,nan,nan,nan,nan,nan,nan,nan,nan,nan,nan,nan,nan,nan,nan,nan
nan,nan,nan,nan,nan,nan,nan,nan,nan,nan,nan,nan,nan,nan,nan,nan,nan,nan,nan,nan,nan,nan,nan,nan,nan,nan,nan,nan,nan,nan,nan,nan,nan,nan,nan,nan,nan,nan,nan,nan,nan,nan,nan,nan,nan,nan,nan,nan,nan,nan,nan,nan,nan,nan,nan,nan,nan,nan,nan,nan,nan,nan,nan,nan,nan,nan,nan,nan,nan,nan,nan,nan,nan,nan,nan,nan,nan,nan,nan,nan,nan,nan,nan,nan,nan,nan,nan,nan,nan,nan,nan,nan,nan,nan,nan,nan,nan,nan,nan,nan,nan,nan,nan,nan,nan,nan,nan,nan,nan,nan,nan,nan,nan,nan,nan,nan,nan,nan,nan,nan,nan,nan,nan,nan,nan
nan,nan,nan,nan,nan,nan,nan,nan,nan,nan,nan,nan,nan,nan,nan,nan,nan,nan,nan,nan,nan,nan,nan,nan,nan,nan,nan,nan,nan,nan,nan,nan,nan,nan,nan,nan,nan,nan,nan,nan,nan,nan,nan,nan,nan,nan,nan,nan,nan,nan,nan,nan,nan,nan,nan,nan,nan,nan,nan,nan,nan,nan,nan,nan,nan,nan,nan,nan,nan,nan,nan,nan,nan,nan,nan,nan,nan,nan,nan,nan,nan,nan,nan,nan,nan,nan,nan,nan,nan,nan,nan,nan,nan,nan,nan,nan,nan,nan,nan,nan,nan,nan,nan,nan,nan,nan,nan,nan,nan,nan,nan,nan,nan,nan,nan,nan,nan,nan,nan,nan,nan,nan,nan,nan,nan
nan,nan,nan,nan,nan,nan,nan,nan,nan,nan,nan,nan,nan,nan,nan,nan,nan,nan,nan,nan,nan,nan,nan,nan,nan,nan,nan,nan,nan,nan,nan,nan,nan,nan,nan,nan,nan,nan,nan,nan,nan,nan,nan,nan,nan,nan,nan,nan,nan,nan,nan,nan,nan,nan,nan,nan,nan,nan,nan,nan,nan,nan,nan,nan,nan,nan,nan,nan,nan,nan,nan,nan,nan,nan,nan,nan,nan,nan,nan,nan,nan,nan,nan,nan,nan,nan,nan,nan,nan,nan,nan,nan,nan,nan,nan,nan,nan,nan,nan,nan,nan,nan,nan,nan,nan,nan,nan,nan,nan,nan,nan,nan,nan,nan,nan,nan,nan,nan,nan,nan,nan,nan,nan,nan,nan
nan,nan,nan,nan,nan,nan,nan,nan,nan,nan,nan,nan,nan,nan,nan,nan,nan,nan,nan,nan,nan,nan,nan,nan,nan,nan,nan,nan,nan,nan,nan,nan,nan,nan,nan,nan,nan,nan,nan,nan,nan,nan,nan,nan,nan,nan,nan,nan,nan,nan,nan,nan,nan,nan,nan,nan,nan,nan,nan,nan,nan,nan,nan,nan,nan,nan,nan,nan,nan,nan,nan,nan,nan,nan,nan,nan,nan,nan,nan,nan,nan,nan,nan,nan,nan,nan,nan,nan,nan,nan,nan,nan,nan,nan,nan,nan,nan,nan,nan,nan,nan,nan,nan,nan,nan,nan,nan,nan,nan,nan,nan,nan,nan,nan,nan,nan,nan,nan,nan,nan,nan,nan,nan,nan,nan
nan,nan,nan,nan,nan,nan,nan,nan,nan,nan,nan,nan,nan,nan,nan,nan,nan,nan,nan,nan,nan,nan,nan,nan,nan,nan,nan,nan,nan,nan,nan,nan,nan,nan,nan,nan,nan,nan,nan,nan,nan,nan,nan,nan,nan,nan,nan,nan,nan,nan,nan,nan,nan,nan,nan,nan,nan,nan,nan,nan,nan,nan,nan,nan,nan,nan,nan,nan,nan,nan,nan,nan,nan,nan,nan,nan,nan,nan,nan,nan,nan,nan,nan,nan,nan,nan,nan,nan,nan,nan,nan,nan,nan,nan,nan,nan,nan,nan,nan,nan,nan,nan,nan,nan,nan,nan,nan,nan,nan,nan,nan,nan,nan,nan,nan,nan,nan,nan,nan,nan,nan,nan,nan,nan,nan
nan,nan,nan,nan,nan,nan,nan,nan,nan,nan,nan,nan,nan,nan,nan,nan,nan,nan,nan,nan,nan,nan,nan,nan,nan,nan,nan,nan,nan,nan,nan,nan,nan,nan,nan,nan,nan,nan,nan,nan,nan,nan,nan,nan,nan,nan,nan,nan,nan,nan,nan,nan,nan,nan,nan,nan,nan,nan,nan,nan,nan,nan,nan,nan,nan,nan,nan,nan,nan,nan,nan,nan,nan,nan,nan,nan,nan,nan,nan,nan,nan,nan,nan,nan,nan,nan,nan,nan,nan,nan,nan,nan,nan,nan,nan,nan,nan,nan,nan,nan,nan,nan,nan,nan,nan,nan,nan,nan,nan,nan,nan,nan,nan,nan,nan,nan,nan,nan,nan,nan,nan,nan,nan,nan,nan
nan,nan,nan,nan,nan,nan,nan,nan,nan,nan,nan,nan,nan,nan,nan,nan,nan,nan,nan,nan,nan,nan,nan,nan,nan,nan,nan,nan,nan,nan,nan,nan,nan,nan,nan,nan,nan,nan,nan,nan,nan,nan,nan,nan,nan,nan,nan,nan,nan,nan,nan,nan,nan,nan,nan,nan,nan,nan,nan,nan,nan,nan,nan,nan,nan,nan,nan,nan,nan,nan,nan,nan,nan,nan,nan,nan,nan,nan,nan,nan,nan,nan,nan,nan,nan,nan,nan,nan,nan,nan,nan,nan,nan,nan,nan,nan,nan,nan,nan,nan,nan,nan,nan,nan,nan,nan,nan,nan,nan,nan,nan,nan,nan,nan,nan,nan,nan,nan,nan,nan,nan,nan,nan,nan,nan
nan,nan,nan,nan,nan,nan,nan,nan,nan,nan,nan,nan,nan,nan,nan,nan,nan,nan,nan,nan,nan,nan,nan,nan,nan,nan,nan,nan,nan,nan,nan,nan,nan,nan,nan,nan,nan,nan,nan,nan,nan,nan,nan,nan,nan,nan,nan,nan,nan,nan,nan,nan,nan,nan,nan,nan,nan,nan,nan,nan,nan,nan,nan,nan,nan,nan,nan,nan,nan,nan,nan,nan,nan,nan,nan,nan,nan,nan,nan,nan,nan,nan,nan,nan,nan,nan,nan,nan,nan,nan,nan,nan,nan,nan,nan,nan,nan,nan,nan,nan,nan,nan,nan,nan,nan,nan,nan,nan,nan,nan,nan,nan,nan,nan,nan,nan,nan,nan,nan,nan,nan,nan,nan,nan,nan
nan,nan,nan,nan,nan,nan,nan,nan,nan,nan,nan,nan,nan,nan,nan,nan,nan,nan,nan,nan,nan,nan,nan,nan,nan,nan,nan,nan,nan,nan,nan,nan,nan,nan,nan,nan,nan,nan,nan,nan,nan,nan,nan,nan,nan,nan,nan,nan,nan,nan,nan,nan,nan,nan,nan,nan,nan,nan,nan,nan,nan,nan,nan,nan,nan,nan,nan,nan,nan,nan,nan,nan,nan,nan,nan,nan,nan,nan,nan,nan,nan,nan,nan,nan,nan,nan,nan,nan,nan,nan,nan,nan,nan,nan,nan,nan,nan,nan,nan,nan,nan,nan,nan,nan,nan,nan,nan,nan,nan,nan,nan,nan,nan,nan,nan,nan,nan,nan,nan,nan,nan,nan,nan,nan,nan
nan,nan,nan,nan,nan,nan,nan,nan,nan,nan,nan,nan,nan,nan,nan,nan,nan,nan,nan,nan,nan,nan,nan,nan,nan,nan,nan,nan,nan,nan,nan,nan,nan,nan,nan,nan,nan,nan,nan,nan,nan,nan,nan,nan,nan,nan,nan,nan,nan,nan,nan,nan,nan,nan,nan,nan,nan,nan,nan,nan,nan,nan,nan,nan,nan,nan,nan,nan,nan,nan,nan,nan,nan,nan,nan,nan,nan,nan,nan,nan,nan,nan,nan,nan,nan,nan,nan,nan,nan,nan,nan,nan,nan,nan,nan,nan,nan,nan,nan,nan,nan,nan,nan,nan,nan,nan,nan,nan,nan,nan,nan,nan,nan,nan,nan,nan,nan,nan,nan,nan,nan,nan,nan,nan,nan
nan,nan,nan,nan,nan,nan,nan,nan,nan,nan,nan,nan,nan,nan,nan,nan,nan,nan,nan,nan,nan,nan,nan,nan,nan,nan,nan,nan,nan,nan,nan,nan,nan,nan,nan,nan,nan,nan,nan,nan,nan,nan,nan,nan,nan,nan,nan,nan,nan,nan,nan,nan,nan,nan,nan,nan,nan,nan,nan,nan,nan,nan,nan,nan,nan,nan,nan,nan,nan,nan,nan,nan,nan,nan,nan,nan,nan,nan,nan,nan,nan,nan,nan,nan,nan,nan,nan,nan,nan,nan,nan,nan,nan,nan,nan,nan,nan,nan,nan,nan,nan,nan,nan,nan,nan,nan,nan,nan,nan,nan,nan,nan,nan,nan,nan,nan,nan,nan,nan,nan,nan,nan,nan,nan,nan
nan,nan,nan,nan,nan,nan,nan,nan,nan,nan,nan,nan,nan,nan,nan,nan,nan,nan,nan,nan,nan,nan,nan,nan,nan,nan,nan,nan,nan,nan,nan,nan,nan,nan,nan,nan,nan,nan,nan,nan,nan,nan,nan,nan,nan,nan,nan,nan,nan,nan,nan,nan,nan,nan,nan,nan,nan,nan,nan,nan,nan,nan,nan,nan,nan,nan,nan,nan,nan,nan,nan,nan,nan,nan,nan,nan,nan,nan,nan,nan,nan,nan,nan,nan,nan,nan,nan,nan,nan,nan,nan,nan,nan,nan,nan,nan,nan,nan,nan,nan,nan,nan,nan,nan,nan,nan,nan,nan,nan,nan,nan,nan,nan,nan,nan,nan,nan,nan,nan,nan,nan,nan,nan,nan,nan
nan,nan,nan,nan,nan,nan,nan,nan,nan,nan,nan,nan,nan,nan,nan,nan,nan,nan,nan,nan,nan,nan,nan,nan,nan,nan,nan,nan,nan,nan,nan,nan,nan,nan,nan,nan,nan,nan,nan,nan,nan,nan,nan,nan,nan,nan,nan,nan,nan,nan,nan,nan,nan,nan,nan,nan,nan,nan,nan,nan,nan,nan,nan,nan,nan,nan,nan,nan,nan,nan,nan,nan,nan,nan,nan,nan,nan,nan,nan,nan,nan,nan,nan,nan,nan,nan,nan,nan,nan,nan,nan,nan,nan,nan,nan,nan,nan,nan,nan,nan,nan,nan,nan,nan,nan,nan,nan,nan,nan,nan,nan,nan,nan,nan,nan,nan,nan,nan,nan,nan,nan,nan,nan,nan,nan
nan,nan,nan,nan,nan,nan,nan,nan,nan,nan,nan,nan,nan,nan,nan,nan,nan,nan,nan,nan,nan,nan,nan,nan,nan,nan,nan,nan,nan,nan,nan,nan,nan,nan,nan,nan,nan,nan,nan,nan,nan,nan,nan,nan,nan,nan,nan,nan,nan,nan,nan,nan,nan,nan,nan,nan,nan,nan,nan,nan,nan,nan,nan,nan,nan,nan,nan,nan,nan,nan,nan,nan,nan,nan,nan,nan,nan,nan,nan,nan,nan,nan,nan,nan,nan,nan,nan,nan,nan,nan,nan,nan,nan,nan,nan,nan,nan,nan,nan,nan,nan,nan,nan,nan,nan,nan,nan,nan,nan,nan,nan,nan,nan,nan,nan,nan,nan,nan,nan,nan,nan,nan,nan,nan,nan
nan,nan,nan,nan,nan,nan,nan,nan,nan,nan,nan,nan,nan,nan,nan,nan,nan,nan,nan,nan,nan,nan,nan,nan,nan,nan,nan,nan,nan,nan,nan,nan,nan,nan,nan,nan,nan,nan,nan,nan,nan,nan,nan,nan,nan,nan,nan,nan,nan,nan,nan,nan,nan,nan,nan,nan,nan,nan,nan,nan,nan,nan,nan,nan,nan,nan,nan,nan,nan,nan,nan,nan,nan,nan,nan,nan,nan,nan,nan,nan,nan,nan,nan,nan,nan,nan,nan,nan,nan,nan,nan,nan,nan,nan,nan,nan,nan,nan,nan,nan,nan,nan,nan,nan,nan,nan,nan,nan,nan,nan,nan,nan,nan,nan,nan,nan,nan,nan,nan,nan,nan,nan,nan,nan,nan
