nan,nan,nan,nan,nan,nan,nan,nan,nan,nan,nan,nan,nan,nan,nan,nan,nan,nan,nan,nan,nan,nan,nan,nan,nan,nan,nan,nan,nan,nan,nan,nan,nan,nan,nan,nan,nan,nan,nan,nan,nan,nan,nan,nan,nan,nan,nan,nan,nan,nan,nan,nan,nan,nan,nan,nan,nan,nan,nan,nan,nan,nan,nan,nan,nan,nan,nan,nan,nan,nan,nan,nan,nan,nan,nan,nan,nan,nan,nan,nan,nan,nan,nan,nan,nan,nan,nan,nan,nan,nan,nan,nan,nan,nan,nan,nan,nan,nan,nan,nan,nan,nan,nan,nan,nan,nan,nan,nan,nan,nan,nan,nan,nan,nan,nan,nan,nan,nan,nan,nan,nan,nan,nan,nan,nan
nan,nan,nan,nan,nan,nan,nan,nan,nan,nan,nan,nan,nan,nan,nan,nan,nan,nan,nan,nan,nan,nan,nan,nan,nan,nan,nan,nan,nan,nan,nan,nan,nan,nan,nan,nan,nan,nan,nan,nan,nan,nan,nan,nan,nan,nan,nan,nan,nan,nan,nan,nan,nan,nan,nan,nan,nan,nan,nan,nan,nan,nan,nan,nan,nan,nan,nan,nan,nan,nan,nan,nan,nan,nan,nan,nan,nan,nan,nan,nan,nan,nan,nan,nan,nan,nan,nan,nan,nan,nan,nan,nan,nan,nan,nan,nan,nan,nan,nan,nan,nan,nan,nan,nan,nan,nan,nan,nan,nan,nan,nan,nan,nan,nan,nan,nan,nan,nan,nan,nan,nan,nan,nan,nan,nan
nan,nan,nan,nan,nan,nan,nan,nan,nan,nan,nan,nan,nan,nan,nan,nan,nan,nan,nan,nan,nan,nan,nan,nan,nan,nan,nan,nan,nan,nan,nan,nan,nan,nan,nan,nan,nan,nan,nan,nan,nan,nan,nan,nan,nan,nan,nan,nan,nan,nan,nan,nan,nan,nan,nan,nan,nan,nan,nan,nan,nan,nan,nan,nan,nan,nan,nan,nan,nan,nan,nan,nan,nan,nan,nan,nan,nan,nan,nan,nan,nan,nan,nan,nan,nan,nan,nan,nan,nan,nan,nan,nan,nan,nan,nan,nan,nan,nan,nan,nan,nan,nan,nan,nan,nan,nan,nan,nan,nan,nan,nan,nan,nan,nan,nan,nan,nan,nan,nan,nan,nan,nan,nan,nan,nan
nan,nan,nan,nan,nan,nan,nan,nan,nan,nan,nan,nan,nan,nan,nan,nan,nan,nan,nan,nan,nan,nan,nan,nan,nan,nan,nan,nan,nan,nan,nan,nan,nan,nan,nan,nan,nan,nan,nan,nan,nan,nan,nan,nan,nan,nan,nan,nan,nan,nan,nan,nan,nan,nan,nan,nan,nan,nan,nan,nan,nan,nan,nan,nan,nan,nan,nan,nan,nan,nan,nan,nan,nan,nan,nan,nan,nan,nan,nan,nan,nan,nan,nan,nan,nan,nan,nan,nan,nan,nan,nan,nan,nan,nan,nan,nan,nan,nan,nan,nan,nan,nan,nan,nan,nan,nan,nan,nan,nan,nan,nan,nan,nan,nan,nan,nan,nan,nan,nan,nan,nan,nan,nan,nan,nan
nan,nan,nan,nan,nan,nan,nan,nan,nan,nan,nan,nan,nan,nan,nan,nan,nan,nan,nan,nan,nan,nan,nan,nan,nan,nan,nan,nan,nan,nan,nan,nan,nan,nan,nan,nan,nan,nan,nan,nan,nan,nan,nan,nan,nan,nan,nan,nan,nan,nan,nan,nan,nan,nan,nan,nan,nan,nan,nan,nan,nan,nan,nan,nan,nan,nan,nan,nan,nan,nan,nan,nan,nan,nan,nan,nan,nan,nan,nan,nan,nan,nan,nan,nan,nan,nan,nan,nan,nan,nan,nan,nan,nan,nan,nan,nan,nan,nan,nan,nan,nan,nan,nan,nan,nan,nan,nan,nan,nan,nan,nan,nan,nan,nan,nan,nan,nan,nan,nan,nan,nan,nan,nan,nan,nan
nan,nan,nan,nan,nan,nan,nan,nan,nan,nan,nan,nan,nan,nan,nan,nan,nan,nan,nan,nan,nan,nan,nan,nan,nan,nan,nan,nan,nan,nan,nan,nan,nan,nan,nan,nan,nan,nan,nan,nan,nan,nan,nan,nan,nan,nan,nan,nan,nan,nan,nan,nan,nan,nan,nan,nan,nan,nan,nan,nan,nan,nan,nan,nan,nan,nan,nan,nan,nan,nan,nan,nan,nan,nan,nan,nan,nan,nan,nan,nan,nan,nan,nan,nan,nan,nan,nan,nan,nan,nan,nan,nan,nan,nan,nan,nan,nan,nan,nan,nan,nan,nan,nan,nan,nan,nan,nan,nan,nan,nan,nan,nan,nan,nan,nan,nan,nan,nan,nan,nan,nan,nan,nan,nan,nan
nan,nan,nan,nan,nan,nan,nan,nan,nan,nan,nan,nan,nan,nan,nan,nan,nan,nan,nan,nan,nan,nan,nan,nan,nan,nan,nan,nan,nan,nan,nan,nan,nan,nan,nan,nan,nan,nan,nan,nan,nan,nan,nan,nan,nan,nan,nan,nan,nan,nan,nan,nan,nan,nan,nan,nan,nan,nan,nan,nan,nan,nan,nan,nan,nan,nan,nan,nan,nan,nan,nan,nan,nan,nan,nan,nan,nan,nan,nan,nan,nan,nan,nan,nan,nan,nan,nan,nan,nan,nan,nan,nan,nan,nan,nan,nan,nan,nan,nan,nan,nan,nan,nan,nan,nan,nan,nan,nan,nan,nan,nan,nan,nan,nan,nan,nan,nan,nan,nan,nan,nan,nan,nan,nan,nan
nan,nan,nan,nan,nan,nan,nan,nan,nan,nan,nan,nan,nan,nan,nan,nan,nan,nan,nan,nan,nan,nan,nan,nan,nan,nan,nan,nan,nan,nan,nan,nan,nan,nan,nan,nan,nan,nan,nan,nan,nan,nan,nan,nan,nan,nan,nan,nan,nan,nan,nan,nan,nan,nan,nan,nan,nan,nan,nan,nan,nan,nan,nan,nan,nan,nan,nan,nan,nan,nan,nan,nan,nan,nan,nan,nan,nan,nan,nan,nan,nan,nan,nan,nan,nan,nan,nan,nan,nan,nan,nan,nan,nan,nan,nan,nan,nan,nan,nan,nan,nan,nan,nan,nan,nan,nan,nan,nan,nan,nan,nan,nan,nan,nan,nan,nan,nan,nan,nan,nan,nan,nan,nan,nan,nan
nan,nan,nan,nan,nan,nan,nan,nan,nan,nan,nan,nan,nan,nan,nan,nan,nan,nan,nan,nan,nan,nan,nan,nan,nan,nan,nan,nan,nan,nan,nan,nan,nan,nan,nan,nan,nan,nan,nan,nan,nan,nan,nan,nan,nan,nan,nan,nan,nan,nan,nan,nan,nan,nan,nan,nan,nan,nan,nan,nan,nan,nan,nan,nan,nan,nan,nan,nan,nan,nan,nan,nan,nan,nan,nan,nan,nan,nan,nan,nan,nan,nan,nan,nan,nan,nan,nan,nan,nan,nan,nan,nan,nan,nan,nan,nan,nan,nan,nan,nan,nan,nan,nan,nan,nan,nan,nan,nan,nan,nan,nan,nan,nan,nan,nan,nan,nan,nan,nan,nan,nan,nan,nan,nan,nan
nan,nan,nan,nan,nan,nan,nan,nan,nan,nan,nan,nan,nan,nan,nan,nan,nan,nan,nan,nan,nan,nan,nan,nan,nan,nan,nan,nan,nan,nan,nan,nan,nan,nan,nan,nan,nan,nan,nan,nan,nan,nan,nan,nan,nan,nan,nan,nan,nan,nan,nan,nan,nan,nan,nan,nan,nan,nan,nan,nan,nan,nan,nan,nan,nan,nan,nan,nan,nan,nan,nan,nan,nan,nan,nan,nan,nan,nan,nan,nan,nan,nan,nan,nan,nan,nan,nan,nan,nan,nan,nan,nan,nan,nan,nan,nan,nan,nan,nan,nan,nan,nan,nan,nan,nan,nan,nan,nan,nan,nan,nan,nan,nan,nan,nan,nan,nan,nan,nan,nan,nan,nan,nan,nan,nan
nan,nan,nan,nan,nan,nan,nan,nan,nan,nan,nan,nan,nan,nan,nan,nan,nan,nan,nan,nan,nan,nan,nan,nan,nan,nan,nan,nan,nan,nan,nan,nan,nan,nan,nan,nan,nan,nan,nan,nan,nan,nan,nan,nan,nan,nan,nan,nan,nan,nan,nan,nan,nan,nan,nan,nan,nan,nan,nan,nan,nan,nan,nan,nan,nan,nan,nan,nan,nan,nan,nan,nan,nan,nan,nan,nan,nan,nan,nan,nan,nan,nan,nan,nan,nan,nan,nan,nan,nan,nan,nan,nan,nan,nan,nan,nan,nan,nan,nan,nan,nan,nan,nan,nan,nan,nan,nan,nan,nan,nan,nan,nan,nan,nan,nan,nan,nan,nan,nan,nan,nan,nan,nan,nan,nan
nan,nan,nan,nan,nan,nan,nan,nan,nan,nan,nan,nan,nan,nan,nan,nan,nan,nan,nan,nan,nan,nan,nan,nan,nan,nan,nan,nan,nan,nan,nan,nan,nan,nan,nan,nan,nan,nan,nan,nan,nan,nan,nan,nan,nan,nan,nan,nan,nan,nan,nan,nan,nan,nan,nan,nan,nan,nan,nan,3.985435485839843750e+01,4.096522521972656250e+01,4.245712661743164062e+01,nan,nan,nan,nan,nan,4.244366836547851562e+01,4.325600433349609375e+01,4.644816589355468750e+01,4.105516052246093750e+01,nan,nan,nan,nan,nan,nan,nan,nan,nan,nan,nan,nan,nan,nan,nan,nan,nan,nan,nan,nan,nan,nan,nan,nan,nan,nan,nan,nan,nan,nan,nan,nan,nan,nan,nan,nan,nan,nan,nan,nan,nan,nan,nan,nan,nan,nan,nan,nan,nan,nan,nan,nan,nan,nan
nan,nan,nan,nan,nan,nan,nan,nan,nan,nan,nan,nan,nan,nan,nan,nan,nan,nan,nan,nan,nan,nan,nan,nan,nan,nan,nan,nan,nan,nan,nan,nan,nan,nan,nan,nan,nan,nan,nan,nan,nan,nan,nan,nan,nan,nan,nan,nan,nan,nan,nan,nan,nan,4.183174133300781250e+01,4.075663757324218750e+01,4.022942733764648438e+01,3.292463684082031250e+01,3.371200561523437500e+01,1.668006706237792969e+01,4.038391876220703125e+01,4.101895904541015625e+01,4.191736984252929688e+01,4.247058486938476562e+01,4.311183547973632812e+01,4.284668350219726562e+01,4.224269866943359375e+01,4.158653640747070312e+01,4.126695251464843750e+01,4.385958099365234375e+01,4.193679809570312500e+01,4.168527603149414062e+01,3.986585235595703125e+01,nan,nan,nan,nan,nan,nan,nan,nan,nan,nan,nan,nan,nan,nan,nan,nan,nan,nan,nan,nan,nan,nan,nan,nan,nan,nan,nan,nan,nan,nan,nan,nan,nan,nan,nan,nan,nan,nan,nan,nan,nan,nan,nan,nan,nan,nan,nan,nan,nan,nan,nan,nan,nan
nan,nan,nan,nan,nan,nan,nan,nan,nan,nan,nan,nan,nan,nan,nan,nan,nan,nan,nan,nan,nan,nan,nan,nan,nan,nan,nan,nan,nan,nan,nan,nan,nan,nan,nan,nan,nan,nan,nan,nan,nan,nan,nan,nan,nan,nan,nan,nan,nan,nan,3.914756774902343750e+01,4.365475463867187500e+01,4.273112106323242188e+01,4.192728805541992188e+01,4.123849105834960938e+01,3.871200942993164062e+01,4.013420104980468750e+01,3.997521591186523438e+01,3.415221405029296875e+01,3.868732833862304688e+01,4.093154525756835938e+01,4.216443252563476562e+01,4.439427566528320312e+01,5.023313903808593750e+01,4.545672988891601562e+01,4.361730957031250000e+01,4.795456695556640625e+01,4.634185028076171875e+01,3.826659011840820312e+01,4.008380889892578125e+01,3.582076263427734375e+01,4.091298675537109375e+01,4.541447448730468750e+01,nan,nan,nan,nan,nan,nan,nan,nan,nan,nan,nan,nan,nan,nan,nan,nan,nan,nan,nan,nan,nan,nan,nan,nan,nan,nan,nan,nan,nan,nan,nan,nan,nan,nan,nan,nan,nan,nan,nan,nan,nan,nan,nan,nan,nan,nan,nan,nan,nan,nan,nan,nan
nan,nan,nan,nan,nan,nan,nan,nan,nan,nan,nan,nan,nan,nan,nan,nan,nan,nan,nan,nan,nan,nan,nan,nan,nan,nan,nan,nan,nan,nan,nan,nan,nan,1.037133693695068359e+00,nan,nan,nan,nan,nan,nan,nan,nan,nan,nan,2.370604324340820312e+01,2.612224769592285156e+01,2.871276473999023438e+01,2.869207572937011719e+01,3.800311660766601562e+01,3.920617675781250000e+01,4.082001113891601562e+01,4.697567749023437500e+01,4.503726959228515625e+01,3.692921829223632812e+01,4.096782302856445312e+01,3.942703628540039062e+01,3.916930007934570312e+01,4.319631576538085938e+01,3.727458953857421875e+01,4.482033157348632812e+01,4.884273910522460938e+01,4.362381744384765625e+01,4.066570663452148438e+01,4.862703323364257812e+01,5.607718658447265625e+01,5.404005050659179688e+01,4.802531814575195312e+01,4.020942306518554688e+01,4.595560073852539062e+01,3.608449935913085938e+01,3.570560455322265625e+01,3.901707839965820312e+01,4.659855270385742188e+01,4.022906112670898438e+01,3.906584930419921875e+01,nan,nan,nan,nan,nan,nan,nan,nan,nan,nan,nan,nan,nan,nan,nan,nan,nan,nan,nan,nan,nan,nan,nan,nan,nan,nan,nan,nan,nan,nan,nan,nan,nan,nan,nan,nan,nan,nan,nan,nan,nan,nan,nan,nan,nan,nan,nan,nan,nan,nan
nan,nan,nan,nan,nan,nan,nan,nan,nan,nan,nan,nan,nan,nan,nan,nan,nan,nan,nan,nan,nan,nan,nan,nan,nan,nan,nan,nan,nan,nan,nan,nan,3.403344392776489258e+00,-9.116172790527343750e+00,nan,6.719437599182128906e+00,9.076214790344238281e+00,nan,nan,nan,nan,nan,nan,2.127108001708984375e+01,2.047622299194335938e+01,3.123011016845703125e+01,2.542891502380371094e+01,2.976223373413085938e+01,3.287444686889648438e+01,4.213655090332031250e+01,4.451784133911132812e+01,4.932441329956054688e+01,4.412995147705078125e+01,4.171064758300781250e+01,4.379842758178710938e+01,4.685465621948242188e+01,4.218908309936523438e+01,4.647258758544921875e+01,3.938070678710937500e+01,3.898771667480468750e+01,4.701396560668945312e+01,4.884327316284179688e+01,4.631493377685546875e+01,4.025577545166015625e+01,3.927458572387695312e+01,3.913796615600585938e+01,2.970169639587402344e+01,2.834708976745605469e+01,4.295920944213867188e+01,4.593711471557617188e+01,3.395164489746093750e+01,3.784143829345703125e+01,4.344651031494140625e+01,3.940202331542968750e+01,3.155848121643066406e+01,3.741290283203125000e+01,nan,nan,nan,nan,nan,nan,nan,nan,nan,nan,nan,nan,nan,nan,nan,nan,nan,nan,nan,nan,nan,nan,nan,nan,nan,nan,nan,nan,nan,nan,nan,nan,nan,nan,nan,nan,nan,nan,nan,nan,nan,nan,nan,nan,nan,nan,nan,nan,nan
nan,nan,nan,nan,nan,nan,nan,nan,nan,nan,nan,nan,nan,nan,nan,nan,nan,nan,nan,nan,nan,nan,nan,nan,nan,nan,nan,nan,nan,nan,nan,nan,-4.701248645782470703e+00,-9.534251213073730469e+00,-1.266397595405578613e+00,nan,nan,1.310519790649414062e+01,1.525952148437500000e+01,1.731786918640136719e+01,nan,nan,1.102873086929321289e+00,1.351504707336425781e+01,2.108337783813476562e+01,1.973894500732421875e+01,2.744939804077148438e+01,3.030160903930664062e+01,3.112537956237792969e+01,3.806172561645507812e+01,3.469082641601562500e+01,3.919599533081054688e+01,4.053305053710937500e+01,4.514001464843750000e+01,4.461540603637695312e+01,4.744487380981445312e+01,4.734771347045898438e+01,4.319567108154296875e+01,3.815137481689453125e+01,3.736406707763671875e+01,4.400276184082031250e+01,3.992943954467773438e+01,3.440947723388671875e+01,3.906806945800781250e+01,2.818537330627441406e+01,2.997810554504394531e+01,2.722744178771972656e+01,2.596718406677246094e+01,3.341024017333984375e+01,3.771193313598632812e+01,4.675857925415039062e+01,4.308268356323242188e+01,3.941820907592773438e+01,3.983692169189453125e+01,3.248867034912109375e+01,3.966773986816406250e+01,3.522846984863281250e+01,nan,nan,nan,nan,nan,nan,nan,nan,nan,nan,nan,nan,nan,nan,nan,nan,nan,nan,nan,nan,nan,nan,nan,nan,nan,nan,nan,nan,nan,nan,nan,nan,nan,nan,nan,nan,nan,nan,nan,nan,nan,nan,nan,nan,nan,nan,nan,nan
nan,nan,nan,nan,nan,nan,nan,nan,nan,nan,nan,nan,nan,nan,nan,nan,nan,nan,nan,nan,nan,nan,nan,nan,nan,nan,nan,nan,nan,nan,nan,nan,-3.068768262863159180e+00,-7.481680512428283691e-01,-2.353922843933105469e+00,1.776330947875976562e+01,1.314711570739746094e+01,nan,1.213051700592041016e+01,2.026695442199707031e+01,2.964955139160156250e+01,1.248357486724853516e+01,1.328113937377929688e+01,1.989889335632324219e+01,2.103329658508300781e+01,2.329825973510742188e+01,2.822248840332031250e+01,3.127163887023925781e+01,3.435183715820312500e+01,3.443484497070312500e+01,3.647064971923828125e+01,3.710231399536132812e+01,3.964286041259765625e+01,4.470404434204101562e+01,4.408735275268554688e+01,4.601308059692382812e+01,4.389705276489257812e+01,4.222656631469726562e+01,3.992413330078125000e+01,3.826004791259765625e+01,3.601215744018554688e+01,4.026121902465820312e+01,3.626325225830078125e+01,3.776487731933593750e+01,3.174542045593261719e+01,3.198946571350097656e+01,4.083674240112304688e+01,2.285411071777343750e+01,2.407914543151855469e+01,2.828728485107421875e+01,4.126126861572265625e+01,4.383862304687500000e+01,4.744791412353515625e+01,3.686352539062500000e+01,2.909298706054687500e+01,4.004280090332031250e+01,3.885342025756835938e+01,nan,nan,nan,nan,nan,nan,nan,nan,nan,nan,nan,nan,nan,nan,nan,nan,nan,nan,nan,nan,nan,nan,nan,nan,nan,nan,nan,nan,nan,nan,nan,nan,nan,nan,nan,nan,nan,nan,nan,nan,nan,nan,nan,nan,nan,nan,nan,nan
nan,nan,nan,nan,nan,nan,nan,nan,nan,nan,nan,nan,nan,nan,nan,nan,nan,nan,nan,nan,nan,nan,nan,nan,nan,nan,nan,nan,nan,nan,nan,nan,2.014054489135742188e+01,4.794001579284667969e+00,3.188872098922729492e+00,1.279978275299072266e+01,1.513709259033203125e+01,nan,1.267669582366943359e+01,1.750283241271972656e+01,2.301917648315429688e+01,1.844255256652832031e+01,1.729769897460937500e+01,3.015666961669921875e+01,1.893720817565917969e+01,1.977283477783203125e+01,2.489416503906250000e+01,3.230644226074218750e+01,3.485752487182617188e+01,3.968163681030273438e+01,3.318976593017578125e+01,3.360050582885742188e+01,3.626931762695312500e+01,4.418064498901367188e+01,4.339520645141601562e+01,4.440938568115234375e+01,4.120308303833007812e+01,3.838956069946289062e+01,3.894694900512695312e+01,3.779720306396484375e+01,3.583520889282226562e+01,4.602445602416992188e+01,4.827057266235351562e+01,4.183555221557617188e+01,3.647589111328125000e+01,3.817268371582031250e+01,4.186352539062500000e+01,3.906856536865234375e+01,2.920808029174804688e+01,2.541039657592773438e+01,3.292851257324218750e+01,3.980855941772460938e+01,2.772175025939941406e+01,3.288208389282226562e+01,3.079688453674316406e+01,4.178608322143554688e+01,4.378716659545898438e+01,3.221784591674804688e+01,3.281834030151367188e+01,nan,nan,nan,nan,nan,nan,nan,nan,nan,nan,nan,nan,nan,nan,nan,nan,nan,nan,nan,nan,nan,nan,nan,nan,nan,nan,nan,nan,nan,nan,nan,nan,nan,nan,nan,nan,nan,nan,nan,nan,nan,nan,nan,nan,nan,nan
nan,nan,nan,nan,nan,nan,nan,nan,nan,nan,nan,nan,nan,nan,nan,nan,nan,nan,nan,nan,nan,nan,nan,nan,nan,nan,nan,nan,nan,nan,nan,1.340221405029296875e+01,1.612308883666992188e+01,1.502400875091552734e+01,7.277089118957519531e+00,1.292567920684814453e+01,1.606591606140136719e+01,2.152502632141113281e+01,nan,1.592271804809570312e+01,1.833226203918457031e+01,1.421703910827636719e+01,1.511705017089843750e+01,2.641012001037597656e+01,1.918503570556640625e+01,1.727325439453125000e+01,2.733252716064453125e+01,3.432004547119140625e+01,3.765978240966796875e+01,4.168347930908203125e+01,4.156000518798828125e+01,3.835775756835937500e+01,3.444683074951171875e+01,4.221833419799804688e+01,4.516619873046875000e+01,4.511604309082031250e+01,4.179289627075195312e+01,3.893857955932617188e+01,3.715337371826171875e+01,3.776570510864257812e+01,3.993203353881835938e+01,4.204481124877929688e+01,3.810778808593750000e+01,3.429832458496093750e+01,3.136116790771484375e+01,3.057786941528320312e+01,3.236286926269531250e+01,3.244760513305664062e+01,2.686849021911621094e+01,2.058374023437500000e+01,1.901153373718261719e+01,2.878730583190917969e+01,2.510535049438476562e+01,2.307513046264648438e+01,2.843342781066894531e+01,2.456154251098632812e+01,3.210270690917968750e+01,4.100935745239257812e+01,3.131791496276855469e+01,3.189789581298828125e+01,nan,nan,nan,nan,nan,nan,nan,nan,nan,nan,nan,nan,nan,nan,nan,nan,nan,nan,nan,nan,nan,nan,nan,nan,nan,nan,nan,nan,nan,nan,nan,nan,nan,nan,nan,nan,nan,nan,nan,nan,nan,nan,nan,nan,nan
nan,nan,nan,nan,nan,nan,nan,nan,nan,nan,nan,nan,nan,nan,nan,nan,nan,nan,nan,nan,nan,nan,nan,nan,nan,nan,nan,nan,nan,nan,nan,1.007649993896484375e+01,1.572885608673095703e+01,2.088040733337402344e+01,2.014500617980957031e+01,2.338751602172851562e+01,2.146713829040527344e+01,nan,1.571684551239013672e+01,1.482499313354492188e+01,1.846291732788085938e+01,1.495798587799072266e+01,1.626313972473144531e+01,3.446220016479492188e+01,3.318955993652343750e+01,2.749293518066406250e+01,3.391019058227539062e+01,3.585234832763671875e+01,3.699153518676757812e+01,4.064242553710937500e+01,4.209162521362304688e+01,3.448518371582031250e+01,3.570154953002929688e+01,4.072169113159179688e+01,4.247189712524414062e+01,4.087966156005859375e+01,4.210163497924804688e+01,4.261545944213867188e+01,3.931456375122070312e+01,3.975824356079101562e+01,4.122381591796875000e+01,3.652296447753906250e+01,3.795128250122070312e+01,3.833760070800781250e+01,2.351038742065429688e+01,2.453809738159179688e+01,2.283299446105957031e+01,2.530664253234863281e+01,3.566667556762695312e+01,2.425667762756347656e+01,3.326388168334960938e+01,2.987047195434570312e+01,1.612770271301269531e+01,1.702855110168457031e+01,3.046768951416015625e+01,2.247092247009277344e+01,3.087161064147949219e+01,3.340925598144531250e+01,3.849013137817382812e+01,3.063420677185058594e+01,nan,nan,nan,nan,nan,nan,nan,nan,nan,nan,nan,nan,nan,nan,nan,nan,nan,nan,nan,nan,nan,nan,nan,nan,nan,nan,nan,nan,nan,nan,nan,nan,nan,nan,nan,nan,nan,nan,nan,nan,nan,nan,nan,nan,nan
nan,nan,nan,nan,nan,nan,nan,nan,nan,nan,nan,nan,nan,nan,nan,nan,nan,nan,nan,nan,nan,nan,nan,nan,nan,nan,nan,nan,nan,nan,nan,1.662704277038574219e+01,1.708798980712890625e+01,2.239499473571777344e+01,2.500537872314453125e+01,2.421586418151855469e+01,2.061960983276367188e+01,1.892751693725585938e+01,2.057389068603515625e+01,1.674698066711425781e+01,2.449392700195312500e+01,3.373540115356445312e+01,3.332394409179687500e+01,3.317564773559570312e+01,3.396310806274414062e+01,3.266238021850585938e+01,3.459859848022460938e+01,3.427848052978515625e+01,3.635383224487304688e+01,3.527677917480468750e+01,3.914128494262695312e+01,3.336913681030273438e+01,3.228222274780273438e+01,3.742584609985351562e+01,3.844128417968750000e+01,4.140813064575195312e+01,3.888531494140625000e+01,3.804353332519531250e+01,2.961517524719238281e+01,3.258301162719726562e+01,3.526620483398437500e+01,3.342737579345703125e+01,3.758580017089843750e+01,3.388094329833984375e+01,1.973466110229492188e+01,1.847801780700683594e+01,2.272214889526367188e+01,4.805398559570312500e+01,4.735238647460937500e+01,5.361767959594726562e+01,5.225099182128906250e+01,3.002021026611328125e+01,1.597782230377197266e+01,1.963894653320312500e+01,2.697371482849121094e+01,2.441235542297363281e+01,2.950260353088378906e+01,3.099823570251464844e+01,2.902709388732910156e+01,2.969919395446777344e+01,3.058677673339843750e+01,nan,nan,nan,nan,nan,nan,nan,nan,nan,nan,nan,nan,nan,nan,nan,nan,nan,nan,nan,nan,nan,nan,nan,nan,nan,nan,nan,nan,nan,nan,nan,nan,nan,nan,nan,nan,nan,nan,nan,nan,nan,nan,nan,nan
nan,nan,nan,nan,nan,nan,nan,nan,nan,nan,nan,nan,nan,nan,nan,nan,nan,nan,nan,nan,nan,nan,nan,nan,nan,nan,nan,nan,1.529143524169921875e+01,1.667820358276367188e+01,2.141658401489257812e+01,2.014461708068847656e+01,2.209878730773925781e+01,2.386583137512207031e+01,2.477643585205078125e+01,2.175359725952148438e+01,2.020427322387695312e+01,1.910139083862304688e+01,1.892727088928222656e+01,1.746718597412109375e+01,2.651753234863281250e+01,3.045359420776367188e+01,2.554080963134765625e+01,3.218049621582031250e+01,2.759098434448242188e+01,2.958589363098144531e+01,3.148124313354492188e+01,3.243473815917968750e+01,3.399378204345703125e+01,3.486203002929687500e+01,3.402987289428710938e+01,3.550463485717773438e+01,3.541044998168945312e+01,3.294686126708984375e+01,3.472800827026367188e+01,4.028629684448242188e+01,3.977546310424804688e+01,3.937153625488281250e+01,2.483822631835937500e+01,2.493347930908203125e+01,2.853108406066894531e+01,3.113076972961425781e+01,2.861729812622070312e+01,3.147966766357421875e+01,2.854839324951171875e+01,2.117136955261230469e+01,2.922709655761718750e+01,4.418261337280273438e+01,3.572263717651367188e+01,5.700810623168945312e+01,4.598389053344726562e+01,4.629067611694335938e+01,1.654929542541503906e+01,2.219246482849121094e+01,2.782342529296875000e+01,2.627409362792968750e+01,2.177004432678222656e+01,2.000155448913574219e+01,2.735707092285156250e+01,2.824835777282714844e+01,3.340714645385742188e+01,3.085135650634765625e+01,nan,nan,nan,nan,nan,nan,nan,nan,nan,nan,nan,nan,nan,nan,nan,nan,nan,nan,nan,nan,nan,nan,nan,nan,nan,nan,nan,nan,nan,nan,nan,nan,nan,nan,nan,nan,nan,nan,nan,nan,nan,nan,nan
nan,nan,nan,nan,nan,nan,nan,nan,nan,nan,nan,nan,nan,nan,nan,nan,nan,nan,nan,nan,nan,nan,nan,nan,nan,nan,nan,nan,4.176227092742919922e+00,1.293210411071777344e+01,1.537030887603759766e+01,2.136632347106933594e+01,2.096017646789550781e+01,2.034449577331542969e+01,1.912501525878906250e+01,1.952389717102050781e+01,1.893635559082031250e+01,1.827737426757812500e+01,1.878506088256835938e+01,2.052955436706542969e+01,2.636581802368164062e+01,2.437611198425292969e+01,2.648542213439941406e+01,2.903605842590332031e+01,2.799065208435058594e+01,2.802344131469726562e+01,2.911714744567871094e+01,3.176470565795898438e+01,3.323921585083007812e+01,3.486024475097656250e+01,3.483471679687500000e+01,3.553020858764648438e+01,3.336036300659179688e+01,3.344644165039062500e+01,3.098660659790039062e+01,3.489345550537109375e+01,3.596120452880859375e+01,3.673054504394531250e+01,2.922072410583496094e+01,1.387558841705322266e+01,2.007678413391113281e+01,2.357580947875976562e+01,2.327046966552734375e+01,3.022585105895996094e+01,3.023321723937988281e+01,2.869334793090820312e+01,4.231702804565429688e+01,4.518665695190429688e+01,3.673498916625976562e+01,3.862216186523437500e+01,4.169959640502929688e+01,2.703054428100585938e+01,2.542465591430664062e+01,2.445067977905273438e+01,2.528736114501953125e+01,2.950914382934570312e+01,2.314899444580078125e+01,1.589026546478271484e+01,1.830982017517089844e+01,2.605477333068847656e+01,3.892019271850585938e+01,4.215994644165039062e+01,3.037998962402343750e+01,nan,nan,nan,nan,nan,nan,nan,nan,nan,nan,nan,nan,nan,nan,nan,nan,nan,nan,nan,nan,nan,nan,nan,nan,nan,nan,nan,nan,nan,nan,nan,nan,nan,nan,nan,nan,nan,nan,nan,nan,nan,nan
nan,nan,nan,nan,nan,nan,nan,nan,nan,nan,nan,nan,nan,nan,nan,nan,nan,nan,nan,nan,nan,nan,nan,nan,nan,nan,nan,1.377926540374755859e+01,1.618049812316894531e+01,1.635447883605957031e+01,1.699922180175781250e+01,1.656465148925781250e+01,1.860864067077636719e+01,1.797440528869628906e+01,1.791806793212890625e+01,1.784064292907714844e+01,1.746923255920410156e+01,1.723398780822753906e+01,1.748266410827636719e+01,1.952513504028320312e+01,2.515657424926757812e+01,2.541462135314941406e+01,2.627071189880371094e+01,2.878932762145996094e+01,2.833663940429687500e+01,2.661647033691406250e+01,2.707517433166503906e+01,2.904981803894042969e+01,3.257365036010742188e+01,3.263103485107421875e+01,3.144326400756835938e+01,3.472586441040039062e+01,3.302387237548828125e+01,3.308028030395507812e+01,2.859460830688476562e+01,2.741400527954101562e+01,2.805079269409179688e+01,2.635499954223632812e+01,2.316313934326171875e+01,1.791038513183593750e+01,1.786735916137695312e+01,1.804202079772949219e+01,2.332554054260253906e+01,1.869233322143554688e+01,2.631712532043457031e+01,3.236909866333007812e+01,4.276082992553710938e+01,3.857178497314453125e+01,2.758243560791015625e+01,3.060162544250488281e+01,3.559769821166992188e+01,3.602904510498046875e+01,2.214168930053710938e+01,2.557495880126953125e+01,2.618699455261230469e+01,2.398913574218750000e+01,1.243016338348388672e+01,2.697863769531250000e+01,3.218334960937500000e+01,2.987446594238281250e+01,3.192332458496093750e+01,3.688056945800781250e+01,2.534481239318847656e+01,2.860053443908691406e+01,nan,nan,nan,nan,nan,nan,nan,nan,nan,nan,nan,nan,nan,nan,nan,nan,nan,nan,nan,nan,nan,nan,nan,nan,nan,nan,nan,nan,nan,nan,nan,nan,nan,nan,nan,nan,nan,nan,nan,nan,nan
nan,nan,nan,nan,nan,nan,nan,nan,nan,nan,nan,nan,nan,nan,nan,nan,nan,nan,nan,nan,nan,nan,nan,nan,nan,nan,1.358048343658447266e+01,1.471941089630126953e+01,1.213864040374755859e+01,1.520660400390625000e+01,1.629353904724121094e+01,1.487417507171630859e+01,1.595056915283203125e+01,1.628175735473632812e+01,1.689863395690917969e+01,1.609331512451171875e+01,1.578239727020263672e+01,1.600946426391601562e+01,1.613256072998046875e+01,1.851515960693359375e+01,2.360528945922851562e+01,2.199206161499023438e+01,2.358398056030273438e+01,2.716568756103515625e+01,2.736517333984375000e+01,2.728137588500976562e+01,2.594651794433593750e+01,2.954230499267578125e+01,2.979276657104492188e+01,3.116668701171875000e+01,3.130738258361816406e+01,3.110602951049804688e+01,2.796991920471191406e+01,2.262668037414550781e+01,2.440358161926269531e+01,2.612817955017089844e+01,2.647523498535156250e+01,2.365932083129882812e+01,2.648999786376953125e+01,1.580134391784667969e+01,1.687644577026367188e+01,1.728149604797363281e+01,1.846428680419921875e+01,1.813901138305664062e+01,1.555249977111816406e+01,2.958313751220703125e+01,3.033378410339355469e+01,2.769095993041992188e+01,1.746703338623046875e+01,1.969174385070800781e+01,1.989377593994140625e+01,2.151922798156738281e+01,2.244992065429687500e+01,2.385223197937011719e+01,2.200626754760742188e+01,1.495273971557617188e+01,1.430644512176513672e+01,2.483009719848632812e+01,3.210757827758789062e+01,3.176752471923828125e+01,3.354148864746093750e+01,3.507946777343750000e+01,2.879550361633300781e+01,3.400342178344726562e+01,2.597864723205566406e+01,nan,nan,nan,nan,nan,nan,nan,nan,nan,nan,nan,nan,nan,nan,nan,nan,nan,nan,nan,nan,nan,nan,nan,nan,nan,nan,nan,nan,nan,nan,nan,nan,nan,nan,nan,nan,nan,nan,nan,nan
nan,nan,nan,nan,nan,nan,nan,nan,nan,nan,nan,nan,nan,nan,nan,nan,nan,nan,nan,nan,nan,nan,nan,nan,nan,nan,9.127943992614746094e+00,8.986811637878417969e+00,9.121638298034667969e+00,1.144301414489746094e+01,1.714048957824707031e+01,1.404363441467285156e+01,1.428793811798095703e+01,1.506550693511962891e+01,1.532723999023437500e+01,1.570753860473632812e+01,1.461898517608642578e+01,1.426473236083984375e+01,1.497893333435058594e+01,1.654400825500488281e+01,1.874121093750000000e+01,1.920535087585449219e+01,2.372881317138671875e+01,2.485199165344238281e+01,2.660170364379882812e+01,2.995508766174316406e+01,3.094196319580078125e+01,3.021698760986328125e+01,2.831831359863281250e+01,2.860453414916992188e+01,3.006348228454589844e+01,3.110813713073730469e+01,2.171163177490234375e+01,2.212428283691406250e+01,2.947760391235351562e+01,2.674297904968261719e+01,2.336651039123535156e+01,2.369619560241699219e+01,2.672796630859375000e+01,1.839988136291503906e+01,1.656838607788085938e+01,1.748601341247558594e+01,1.682071876525878906e+01,4.914900302886962891e+00,7.221194267272949219e+00,2.559811973571777344e+01,2.078997421264648438e+01,1.484715843200683594e+01,1.308601474761962891e+01,1.132664394378662109e+01,1.228650760650634766e+01,1.339223480224609375e+01,1.445644569396972656e+01,1.459832763671875000e+01,1.369485855102539062e+01,1.117601966857910156e+01,2.020317077636718750e+01,1.315751171112060547e+01,1.800786781311035156e+01,1.993123817443847656e+01,1.665019226074218750e+01,3.239379882812500000e+01,3.277205657958984375e+01,4.165897369384765625e+01,4.186702728271484375e+01,1.982647514343261719e+01,nan,nan,nan,nan,nan,nan,nan,nan,nan,nan,nan,nan,nan,nan,nan,nan,nan,nan,nan,nan,nan,nan,nan,nan,nan,nan,nan,nan,nan,nan,nan,nan,nan,nan,nan,nan,nan,nan,nan
nan,nan,nan,nan,nan,nan,nan,nan,nan,nan,nan,nan,nan,nan,nan,nan,nan,nan,nan,nan,nan,nan,nan,nan,nan,1.391256237030029297e+01,1.041193771362304688e+01,8.923099517822265625e+00,9.091966629028320312e+00,1.275316619873046875e+01,1.472431755065917969e+01,1.490431499481201172e+01,1.511713314056396484e+01,1.600078392028808594e+01,1.138794231414794922e+01,1.206643009185791016e+01,1.119890308380126953e+01,1.141992855072021484e+01,1.357588863372802734e+01,1.566428661346435547e+01,1.668688011169433594e+01,1.689459800720214844e+01,2.305407714843750000e+01,2.312455749511718750e+01,2.600089454650878906e+01,2.897919082641601562e+01,2.688819503784179688e+01,2.524493980407714844e+01,2.447469139099121094e+01,2.519217872619628906e+01,3.021307563781738281e+01,2.537715339660644531e+01,2.940163803100585938e+01,2.850287437438964844e+01,2.949916267395019531e+01,2.250844764709472656e+01,1.584573554992675781e+01,2.117202186584472656e+01,2.649188041687011719e+01,2.410221481323242188e+01,1.850964927673339844e+01,1.494935989379882812e+01,1.389521121978759766e+01,1.304252338409423828e+01,4.096429824829101562e+00,6.631615638732910156e+00,1.098637962341308594e+01,6.408889293670654297e+00,7.694112300872802734e+00,-1.621998906135559082e+00,1.219143581390380859e+01,1.243406486511230469e+01,-2.427951097488403320e+00,4.940570831298828125e+00,1.250861835479736328e+01,1.362983608245849609e+01,1.393813991546630859e+01,1.038734078407287598e+00,3.647548675537109375e+00,-3.265354931354522705e-01,1.374096584320068359e+01,1.716980743408203125e+01,3.093329620361328125e+01,3.005009078979492188e+01,3.390655136108398438e+01,3.029944229125976562e+01,nan,nan,nan,nan,nan,nan,nan,nan,nan,nan,nan,nan,nan,nan,nan,nan,nan,nan,nan,nan,nan,nan,nan,nan,nan,nan,nan,nan,nan,nan,nan,nan,nan,nan,nan,nan,nan,nan,nan
nan,nan,nan,nan,nan,nan,nan,nan,nan,nan,nan,nan,nan,nan,nan,nan,nan,nan,nan,nan,nan,nan,nan,nan,nan,1.406896591186523438e+01,1.941800308227539062e+01,1.481240272521972656e+01,1.346739006042480469e+01,1.524548530578613281e+01,1.514267253875732422e+01,1.587744426727294922e+01,1.405425643920898438e+01,1.544488239288330078e+01,9.885200500488281250e+00,9.874277114868164062e+00,1.123659992218017578e+01,1.076336288452148438e+01,1.291415500640869141e+01,1.430389213562011719e+01,1.504571151733398438e+01,1.947772598266601562e+01,2.397438049316406250e+01,2.614465713500976562e+01,2.537388038635253906e+01,2.641475105285644531e+01,2.385648155212402344e+01,2.420460319519042969e+01,2.584244537353515625e+01,3.036254882812500000e+01,3.016106605529785156e+01,2.004896163940429688e+01,2.468638420104980469e+01,2.428115653991699219e+01,2.111906433105468750e+01,1.573648834228515625e+01,1.287219238281250000e+01,1.323127269744873047e+01,1.881242561340332031e+01,1.578781795501708984e+01,1.491498565673828125e+01,1.317821025848388672e+01,1.502057647705078125e+01,1.152788925170898438e+01,-2.071986675262451172e+00,-5.730566501617431641e+00,-3.293312549591064453e+00,-3.889083862304687500e+00,-2.339854478836059570e+00,-8.834059715270996094e+00,-7.872995853424072266e+00,-6.325911998748779297e+00,-2.871039211750030518e-01,-6.696074008941650391e-01,5.096933245658874512e-01,3.764954453799873590e-04,-2.225757092237472534e-01,-1.167930603027343750e+00,1.027185249328613281e+01,1.124345779418945312e+01,1.618715286254882812e+01,7.403248786926269531e+00,9.635829925537109375e+00,1.702682113647460938e+01,1.712704467773437500e+01,1.745701408386230469e+01,2.005719184875488281e+01,1.063201332092285156e+01,nan,nan,nan,nan,nan,nan,nan,nan,nan,nan,nan,nan,nan,nan,nan,nan,nan,nan,nan,nan,nan,nan,nan,nan,nan,nan,nan,nan,nan,nan,nan,nan,nan,nan,nan,nan,nan
nan,nan,nan,nan,nan,nan,nan,nan,nan,nan,nan,nan,nan,nan,nan,nan,nan,nan,nan,nan,nan,nan,nan,nan,nan,nan,2.909289360046386719e+01,1.765052413940429688e+01,1.617515945434570312e+01,1.261478424072265625e+01,1.183002948760986328e+01,1.428507614135742188e+01,1.422629642486572266e+01,1.046594429016113281e+01,8.503954887390136719e+00,9.880132675170898438e+00,1.032883739471435547e+01,1.284534549713134766e+01,1.247254180908203125e+01,1.372327709197998047e+01,1.720757865905761719e+01,1.979924201965332031e+01,2.260867691040039062e+01,2.802989768981933594e+01,2.702983474731445312e+01,2.806397628784179688e+01,2.567408370971679688e+01,2.415573883056640625e+01,2.389942359924316406e+01,2.311168670654296875e+01,2.213660049438476562e+01,1.955041122436523438e+01,2.264733695983886719e+01,2.081901359558105469e+01,1.723099327087402344e+01,1.166843128204345703e+01,9.106800079345703125e+00,1.323188686370849609e+01,1.163952636718750000e+01,9.183857917785644531e+00,2.866995811462402344e+00,4.436935901641845703e+00,8.640305519104003906e+00,7.941994667053222656e+00,-5.209773063659667969e+00,-3.686408758163452148e+00,-1.517430782318115234e+00,-7.010053634643554688e+00,-1.671158599853515625e+01,-1.757495689392089844e+01,-1.457798767089843750e+01,-1.370418548583984375e+01,-8.108044624328613281e+00,-2.851650476455688477e+00,-6.115893721580505371e-01,-1.054802179336547852e+00,-9.002319335937500000e+00,-1.240729713439941406e+01,-9.379731178283691406e+00,4.882085323333740234e+00,9.929740428924560547e-01,1.731895208358764648e+00,2.170931339263916016e+00,8.972497940063476562e+00,7.769617080688476562e+00,1.874252510070800781e+01,1.638324737548828125e+01,6.190927505493164062e+00,7.168009281158447266e+00,nan,nan,nan,nan,nan,nan,nan,nan,nan,nan,nan,nan,nan,nan,nan,nan,nan,nan,nan,nan,nan,nan,nan,nan,nan,nan,nan,nan,nan,nan,nan,nan,nan,nan,nan,nan
nan,nan,nan,nan,nan,nan,nan,nan,nan,nan,nan,nan,nan,nan,nan,nan,nan,nan,nan,nan,nan,nan,nan,nan,nan,nan,2.045697593688964844e+01,1.682328224182128906e+01,1.486941909790039062e+01,1.085434532165527344e+01,1.063265132904052734e+01,1.183379936218261719e+01,1.265279293060302734e+01,9.313032150268554688e+00,9.164512634277343750e+00,9.783271789550781250e+00,9.152702331542968750e+00,1.224736118316650391e+01,1.268141460418701172e+01,1.315904903411865234e+01,1.576073932647705078e+01,1.869196319580078125e+01,2.166593170166015625e+01,2.614787864685058594e+01,2.684121131896972656e+01,2.709314727783203125e+01,2.636711692810058594e+01,2.302480697631835938e+01,2.401924133300781250e+01,2.059506416320800781e+01,2.245182037353515625e+01,1.664472770690917969e+01,1.636296653747558594e+01,8.872589111328125000e+00,6.068273067474365234e+00,3.056312799453735352e+00,4.213534355163574219e+00,1.291349768638610840e+00,4.480536460876464844e+00,1.656368374824523926e+00,-4.640052795410156250e+00,-6.120324611663818359e+00,-1.500689315795898438e+01,-1.683301544189453125e+01,-1.883271598815917969e+01,-7.953415393829345703e+00,-1.500313663482666016e+01,-2.087391853332519531e+01,-2.803440666198730469e+01,-2.757562255859375000e+01,-1.918733787536621094e+01,-1.879930114746093750e+01,-1.968448066711425781e+01,-1.101340961456298828e+01,-1.056815719604492188e+01,-1.458045578002929688e+01,-1.139477443695068359e+01,-2.092454528808593750e+01,-1.677686119079589844e+01,-7.551539897918701172e+00,-6.375551700592041016e+00,-3.975762128829956055e+00,-3.154078674316406250e+01,-5.225063323974609375e+01,-2.734216690063476562e+00,4.158078670501708984e+00,2.098337411880493164e-01,7.494253635406494141e+00,1.379705238342285156e+01,nan,nan,nan,nan,nan,nan,nan,nan,nan,nan,nan,nan,nan,nan,nan,nan,nan,nan,nan,nan,nan,nan,nan,nan,nan,nan,nan,nan,nan,nan,nan,nan,nan,nan,nan,nan
nan,nan,nan,nan,nan,nan,nan,nan,nan,nan,nan,nan,nan,nan,nan,nan,nan,nan,nan,nan,nan,nan,nan,nan,nan,1.614575195312500000e+01,nan,1.316234874725341797e+01,1.218311405181884766e+01,1.156382656097412109e+01,1.045384502410888672e+01,1.068430137634277344e+01,1.034868144989013672e+01,9.127104759216308594e+00,9.244167327880859375e+00,9.531499862670898438e+00,8.649049758911132812e+00,9.737034797668457031e+00,1.415520286560058594e+01,1.421997451782226562e+01,1.469502258300781250e+01,1.725999259948730469e+01,1.905873107910156250e+01,2.040239906311035156e+01,2.435597038269042969e+01,2.655318260192871094e+01,2.140316390991210938e+01,2.281037902832031250e+01,2.023429679870605469e+01,1.947624206542968750e+01,2.160713195800781250e+01,2.034046554565429688e+01,8.288261413574218750e+00,8.626773834228515625e+00,4.891677856445312500e+00,3.532567620277404785e-01,2.462953090667724609e+00,1.864291429519653320e+00,7.840545654296875000e+00,-2.281429171562194824e-01,-6.912534236907958984e+00,-1.232135772705078125e+01,-2.186318588256835938e+01,-1.947808647155761719e+01,-2.927524757385253906e+01,-3.174714660644531250e+01,-2.951488685607910156e+01,-3.003656005859375000e+01,-3.031071472167968750e+01,-3.020889663696289062e+01,-2.572717857360839844e+01,-1.963322257995605469e+01,-8.626529693603515625e+00,-2.291854858398437500e+01,-2.997782707214355469e+01,-3.799454879760742188e+01,-3.688343048095703125e+01,-4.003644561767578125e+01,-1.582421112060546875e+01,-7.574972629547119141e+00,-1.048010444641113281e+01,-9.431170463562011719e+00,-6.790810585021972656e+00,-4.349281311035156250e+00,-7.277523040771484375e+00,-6.424673080444335938e+00,-3.969032049179077148e+00,2.394567966461181641e+00,1.132920265197753906e+01,3.575829267501831055e+00,nan,nan,nan,nan,nan,nan,nan,nan,nan,nan,nan,nan,nan,nan,nan,nan,nan,nan,nan,nan,nan,nan,nan,nan,nan,nan,nan,nan,nan,nan,nan,nan,nan,nan,nan
nan,nan,nan,nan,nan,nan,nan,nan,nan,nan,nan,nan,nan,nan,nan,nan,nan,nan,nan,nan,nan,nan,nan,nan,nan,nan,nan,3.668365955352783203e+00,1.146622467041015625e+01,1.135430526733398438e+01,1.048356151580810547e+01,9.998884201049804688e+00,9.205738067626953125e+00,9.344245910644531250e+00,8.011114120483398438e+00,8.155283927917480469e+00,8.587659835815429688e+00,1.011411952972412109e+01,1.156193923950195312e+01,1.424874877929687500e+01,1.544791030883789062e+01,1.541343212127685547e+01,1.737855529785156250e+01,1.655739402770996094e+01,1.844442749023437500e+01,1.855359077453613281e+01,2.078285408020019531e+01,1.995927810668945312e+01,1.914604949951171875e+01,1.604347229003906250e+01,1.129113197326660156e+01,1.142473220825195312e+01,1.286046409606933594e+01,1.111503410339355469e+01,7.405210018157958984e+00,-1.123669528961181641e+01,-4.283117771148681641e+00,1.465934634208679199e+00,5.654006481170654297e+00,-3.255776464939117432e-01,-5.466223955154418945e-01,nan,nan,-9.938032150268554688e+00,-1.202567100524902344e+01,-1.710165214538574219e+01,-2.332740783691406250e+01,-4.072327423095703125e+01,-3.822761154174804688e+01,-1.915160560607910156e+01,-6.352322101593017578e+00,3.568181514739990234e+00,1.808027648925781250e+01,-1.743866348266601562e+01,-1.839794349670410156e+01,-3.521327972412109375e+01,-3.993823623657226562e+01,-3.650013732910156250e+01,-2.122972488403320312e+01,-1.183843803405761719e+01,-1.567542648315429688e+01,-1.353956985473632812e+01,-1.765384864807128906e+01,-6.154036998748779297e+00,-5.887308120727539062e+00,-6.185789108276367188e+00,-3.713735818862915039e+00,2.746889591217041016e+00,9.178480148315429688e+00,9.577283859252929688e+00,nan,nan,nan,nan,nan,nan,nan,nan,nan,nan,nan,nan,nan,nan,nan,nan,nan,nan,nan,nan,nan,nan,nan,nan,nan,nan,nan,nan,nan,nan,nan,nan,nan,nan,nan
nan,nan,nan,nan,nan,nan,nan,nan,nan,nan,nan,nan,nan,nan,nan,nan,nan,nan,nan,nan,nan,nan,nan,nan,1.791396331787109375e+01,1.684621238708496094e+01,1.762874031066894531e+01,1.163702297210693359e+01,1.293744754791259766e+01,1.279827594757080078e+01,1.114952182769775391e+01,9.554301261901855469e+00,1.085614490509033203e+01,1.084599304199218750e+01,6.654348373413085938e+00,6.436224937438964844e+00,6.279182910919189453e+00,1.017833232879638672e+01,1.043965625762939453e+01,1.138184547424316406e+01,1.284140205383300781e+01,1.446269035339355469e+01,1.531382846832275391e+01,1.586451435089111328e+01,1.665259552001953125e+01,1.729614448547363281e+01,1.727302932739257812e+01,1.823753166198730469e+01,2.040113449096679688e+01,1.322548294067382812e+01,6.462764739990234375e+00,7.828991413116455078e+00,1.038812637329101562e+01,7.233380794525146484e+00,1.838248372077941895e+00,-1.312276458740234375e+01,nan,-8.979854583740234375e+00,-1.188437938690185547e+00,-2.089329004287719727e+00,-3.318307638168334961e+00,nan,nan,nan,nan,-1.954286003112792969e+01,nan,-2.108746910095214844e+01,nan,-1.908690261840820312e+01,nan,nan,nan,-1.992413330078125000e+01,-1.813398551940917969e+01,-4.075953292846679688e+01,-2.913540840148925781e+01,-3.042341232299804688e+01,-3.353282928466796875e+01,-2.939331817626953125e+01,-2.810157394409179688e+01,-1.961352920532226562e+01,-1.672702217102050781e+01,-1.261714363098144531e+01,-1.401486587524414062e+01,-1.779351615905761719e+01,-7.369054317474365234e+00,1.084567308425903320e-01,3.874506473541259766e+00,2.074601888656616211e+00,3.354847285663709044e-05,nan,nan,nan,nan,nan,nan,nan,nan,nan,nan,nan,nan,nan,nan,nan,nan,nan,nan,nan,nan,nan,nan,nan,nan,nan,nan,nan,nan,nan,nan,nan,nan,nan,nan
nan,nan,nan,nan,nan,nan,nan,nan,nan,nan,nan,nan,nan,nan,nan,nan,nan,nan,nan,nan,nan,nan,nan,nan,1.723974227905273438e+01,2.525366973876953125e+01,2.168553924560546875e+01,2.050323104858398438e+01,1.932426452636718750e+01,1.673495864868164062e+01,1.473199844360351562e+01,1.115776443481445312e+01,8.710276603698730469e+00,9.222759246826171875e+00,7.235618591308593750e+00,6.447689533233642578e+00,6.463130474090576172e+00,6.869421958923339844e+00,7.583677768707275391e+00,1.054957294464111328e+01,9.988786697387695312e+00,1.213652706146240234e+01,1.444647407531738281e+01,1.520428943634033203e+01,1.668585968017578125e+01,1.710565567016601562e+01,1.549702644348144531e+01,1.261063385009765625e+01,1.131340503692626953e+01,6.770617485046386719e+00,4.261249065399169922e+00,6.710255622863769531e+00,5.980647087097167969e+00,-1.605066061019897461e+00,-8.287071228027343750e+00,-1.108970737457275391e+01,-1.753123664855957031e+01,-2.303214311599731445e+00,nan,nan,nan,nan,nan,nan,nan,nan,nan,nan,nan,nan,nan,nan,nan,nan,-1.532414913177490234e+01,-3.713409805297851562e+01,-2.787610626220703125e+01,-2.036136817932128906e+01,-2.237915802001953125e+01,-3.395841598510742188e+01,-3.636526870727539062e+01,-2.863368034362792969e+01,-2.611112213134765625e+01,-1.457087326049804688e+01,-2.014894485473632812e+01,-1.052122497558593750e+01,-6.955883979797363281e+00,3.907345962524414062e+01,-4.822936356067657471e-01,-1.301833343505859375e+01,-6.463458061218261719e+00,-2.433484792709350586e+00,nan,nan,nan,nan,nan,nan,nan,nan,nan,nan,nan,nan,nan,nan,nan,nan,nan,nan,nan,nan,nan,nan,nan,nan,nan,nan,nan,nan,nan,nan,nan,nan,nan
nan,nan,nan,nan,nan,nan,nan,nan,nan,nan,nan,nan,nan,nan,nan,nan,nan,nan,nan,nan,nan,nan,nan,nan,1.600878334045410156e+01,2.577778625488281250e+01,2.392190361022949219e+01,2.188670349121093750e+01,1.895922660827636719e+01,1.690337181091308594e+01,1.453472518920898438e+01,8.091956138610839844e+00,4.633091926574707031e+00,3.793133020401000977e+00,3.252163410186767578e+00,2.900095462799072266e+00,5.883100032806396484e+00,5.907405853271484375e+00,5.941038131713867188e+00,8.095776557922363281e+00,1.057279872894287109e+01,1.091578388214111328e+01,1.332101726531982422e+01,1.431052589416503906e+01,1.359815692901611328e+01,1.356601810455322266e+01,1.143694972991943359e+01,7.778673171997070312e+00,5.127072334289550781e+00,6.703969478607177734e+00,6.925140380859375000e+00,3.615856647491455078e+00,1.035182118415832520e+00,-7.498846530914306641e+00,-9.714499473571777344e+00,-1.043221378326416016e+01,nan,nan,nan,nan,nan,nan,nan,nan,nan,nan,nan,nan,nan,nan,nan,nan,nan,nan,nan,-2.460885047912597656e+01,-2.765139579772949219e+01,-1.711909866333007812e+01,-1.387563800811767578e+01,-1.309882450103759766e+01,-1.292961978912353516e+01,-1.943602943420410156e+01,-1.337848854064941406e+01,-9.976365089416503906e+00,2.429175853729248047e+00,4.067936897277832031e+00,-8.761160850524902344e+00,-2.122131347656250000e+00,2.208516502380371094e+01,-1.675222015380859375e+01,-7.251295566558837891e+00,6.569798588752746582e-01,nan,nan,nan,nan,nan,nan,nan,nan,nan,nan,nan,nan,nan,nan,nan,nan,nan,nan,nan,nan,nan,nan,nan,nan,nan,nan,nan,nan,nan,nan,nan,nan,nan
nan,nan,nan,nan,nan,nan,nan,nan,nan,nan,nan,nan,nan,nan,nan,nan,nan,nan,nan,nan,nan,nan,nan,nan,2.373492240905761719e+01,2.110221099853515625e+01,2.184335708618164062e+01,1.460123920440673828e+01,1.200604534149169922e+01,1.298711585998535156e+01,9.497972488403320312e+00,4.281999111175537109e+00,2.550615310668945312e+00,2.193207979202270508e+00,-8.450455069541931152e-01,6.250362396240234375e-01,1.795663475990295410e+00,3.986418724060058594e+00,7.365051746368408203e+00,1.083851623535156250e+01,1.042197227478027344e+01,1.049262809753417969e+01,1.052306461334228516e+01,1.133191776275634766e+01,8.412864685058593750e+00,9.297952651977539062e+00,8.340865135192871094e+00,5.502872943878173828e+00,3.830400228500366211e+00,5.072731971740722656e-01,8.860763907432556152e-01,1.336950540542602539e+00,1.032689571380615234e+00,-3.095638036727905273e+00,-6.231079623103141785e-02,-2.008115768432617188e+00,nan,nan,nan,nan,nan,nan,nan,nan,nan,nan,nan,nan,nan,nan,nan,nan,nan,nan,nan,nan,nan,-2.331343650817871094e+01,-2.065184783935546875e+01,-5.568330287933349609e+00,-4.728988647460937500e+00,-1.606135940551757812e+01,-1.287453079223632812e+01,-9.362276077270507812e+00,-6.804420948028564453e+00,-3.656788766384124756e-01,-2.712512731552124023e+00,-1.836620903015136719e+01,-1.682152366638183594e+01,-1.992168807983398438e+01,-9.685851097106933594e+00,-3.204810380935668945e+00,-1.065604114532470703e+01,nan,nan,nan,nan,nan,nan,nan,nan,nan,nan,nan,nan,nan,nan,nan,nan,nan,nan,nan,nan,nan,nan,nan,nan,nan,nan,nan,nan,nan,nan,nan,nan
nan,nan,nan,nan,nan,nan,nan,nan,nan,nan,nan,nan,nan,nan,nan,nan,nan,nan,nan,nan,nan,nan,nan,nan,1.819480705261230469e+01,1.606709861755371094e+01,9.338509559631347656e+00,7.573790550231933594e+00,6.848738670349121094e+00,4.651130199432373047e+00,1.808077096939086914e+00,-1.319773554801940918e+00,-1.962870478630065918e+00,-1.498069286346435547e+00,1.236131601035594940e-02,5.716866850852966309e-01,1.200358033180236816e+00,2.701231479644775391e+00,5.874996185302734375e+00,7.165112018585205078e+00,7.727741718292236328e+00,7.219974517822265625e+00,5.535177230834960938e+00,5.231264114379882812e+00,3.136799335479736328e+00,4.545024394989013672e+00,4.200192451477050781e+00,5.275160074234008789e-01,-2.276123762130737305e+00,-1.630128502845764160e+00,-2.242761850357055664e-01,-2.865879535675048828e-01,7.922844290733337402e-01,1.782225251197814941e+00,-1.413153290748596191e+00,nan,nan,nan,nan,nan,nan,nan,nan,nan,nan,nan,nan,nan,nan,nan,nan,nan,nan,nan,nan,nan,nan,nan,nan,nan,nan,nan,nan,nan,-6.722411632537841797e+00,-1.722258925437927246e+00,9.843097686767578125e+00,-1.703446388244628906e+00,-1.300964927673339844e+01,-1.224223041534423828e+01,-3.611330986022949219e-01,-1.046073246002197266e+01,-1.948800277709960938e+01,-7.177833557128906250e+00,nan,nan,nan,nan,nan,nan,nan,nan,nan,nan,nan,nan,nan,nan,nan,nan,nan,nan,nan,nan,nan,nan,nan,nan,nan,nan,nan,nan,nan,nan,nan
nan,nan,nan,nan,nan,nan,nan,nan,nan,nan,nan,nan,nan,nan,nan,nan,nan,nan,nan,nan,nan,nan,nan,nan,2.075931549072265625e+01,1.619055557250976562e+01,6.153904914855957031e+00,6.300769329071044922e+00,4.269263267517089844e+00,9.976146221160888672e-01,-3.500653803348541260e-01,-1.788523912429809570e+00,-1.830827832221984863e+00,-8.827326893806457520e-01,-7.452221959829330444e-02,7.165048122406005859e-01,8.197486996650695801e-01,2.304901123046875000e+00,4.448741912841796875e+00,4.983034610748291016e+00,5.951840877532958984e+00,5.570295333862304688e+00,3.392528533935546875e+00,2.451048791408538818e-02,-9.993670582771301270e-01,1.548998951911926270e+00,-2.373461723327636719e+00,2.392881363630294800e-01,-1.038748979568481445e+00,1.467085838317871094e+00,2.492015838623046875e+00,1.456455141305923462e-01,-8.177402615547180176e-01,-1.087198972702026367e+00,nan,nan,nan,nan,nan,nan,nan,nan,nan,nan,nan,nan,nan,nan,nan,nan,nan,nan,nan,nan,nan,nan,nan,nan,nan,nan,nan,nan,nan,nan,nan,1.933891296386718750e+00,8.281373023986816406e+00,8.505193710327148438e+00,9.862822532653808594e+00,1.005411720275878906e+01,7.430429935455322266e+00,5.691098213195800781e+00,-2.241805648803710938e+01,-7.337892055511474609e+00,nan,nan,nan,nan,nan,-3.567049980163574219e+00,nan,nan,nan,nan,nan,nan,nan,nan,nan,nan,nan,nan,nan,nan,nan,nan,nan,nan,nan,nan,nan,nan,nan,nan,nan
nan,nan,nan,nan,nan,nan,nan,nan,nan,nan,nan,nan,nan,nan,nan,nan,nan,nan,nan,nan,nan,nan,nan,8.523315429687500000e+00,1.163480377197265625e+01,4.520431518554687500e+00,1.354812026023864746e+00,2.959730148315429688e+00,3.577375173568725586e+00,2.022712230682373047e+00,9.754380583763122559e-02,-2.249958276748657227e+00,-1.726066708564758301e+00,-2.091472864151000977e+00,-2.975687570869922638e-02,1.505668282508850098e+00,1.655137419700622559e+00,2.448667526245117188e+00,3.785937070846557617e+00,3.285273790359497070e+00,4.744154930114746094e+00,2.668054342269897461e+00,3.444078922271728516e+00,-2.227540731430053711e+00,-4.464877128601074219e+00,-7.887539863586425781e-01,-2.401338815689086914e+00,-2.718922138214111328e+00,-3.020488023757934570e+00,-4.304389059543609619e-01,3.128595352172851562e+00,2.431419372558593750e+00,-1.486803054809570312e+00,nan,nan,nan,nan,nan,nan,nan,nan,nan,nan,nan,nan,nan,nan,nan,nan,nan,nan,nan,nan,nan,nan,nan,nan,nan,nan,nan,nan,nan,nan,nan,nan,-2.218434363603591919e-01,2.691989898681640625e+00,8.617684841156005859e-01,7.163127422332763672e+00,5.132467269897460938e+00,3.919861316680908203e+00,-3.815283060073852539e+00,-9.753950119018554688e+00,-1.323823070526123047e+01,-8.252699851989746094e+00,-9.149493217468261719e+00,nan,nan,nan,nan,nan,nan,nan,nan,nan,nan,nan,nan,nan,nan,nan,nan,nan,nan,nan,nan,nan,nan,nan,nan,nan,nan,nan,nan,nan
nan,nan,nan,nan,nan,nan,nan,nan,nan,nan,nan,nan,nan,nan,nan,nan,nan,nan,nan,nan,nan,nan,nan,5.934954166412353516e+00,6.688342988491058350e-02,4.070777416229248047e+00,7.561045289039611816e-01,1.330721229314804077e-01,7.139911651611328125e-01,-1.854736566543579102e+00,-3.818828105926513672e+00,-3.558855772018432617e+00,-3.138513565063476562e+00,-1.895145297050476074e+00,1.651603102684020996e+00,1.804308295249938965e+00,3.736290931701660156e+00,4.411031723022460938e+00,4.240373611450195312e+00,4.828524112701416016e+00,4.547842979431152344e+00,2.324869871139526367e+00,3.300436019897460938e+00,-4.166887283325195312e+00,-4.992134571075439453e+00,-4.546541213989257812e+00,-5.334862232208251953e+00,-6.278284072875976562e+00,-5.359921932220458984e+00,-5.767724514007568359e+00,-3.452983379364013672e+00,-1.294800043106079102e+00,nan,nan,nan,nan,nan,nan,nan,nan,nan,nan,nan,nan,nan,nan,nan,nan,nan,nan,nan,nan,nan,nan,nan,nan,nan,nan,nan,nan,nan,nan,nan,nan,nan,nan,nan,nan,nan,-1.740299463272094727e+00,-2.997813701629638672e+00,-4.663372516632080078e+00,-5.797959327697753906e+00,2.148221254348754883e+00,-1.745055580139160156e+01,-1.368620395660400391e+01,-6.977143287658691406e+00,nan,nan,4.991610944271087646e-01,nan,nan,nan,nan,nan,nan,nan,nan,nan,nan,nan,nan,nan,nan,nan,nan,nan,nan,nan,nan,nan,nan,nan,nan,nan
nan,nan,nan,nan,nan,nan,nan,nan,nan,nan,nan,nan,nan,nan,nan,nan,nan,nan,nan,nan,nan,nan,nan,nan,nan,-4.398905148264020681e-04,-1.640619397163391113e+00,-3.089619159698486328e+00,-3.516846418380737305e+00,-4.541496276855468750e+00,-4.397801876068115234e+00,-3.749552726745605469e+00,-6.346735954284667969e+00,-5.606723785400390625e+00,-4.444119036197662354e-01,4.839653670787811279e-01,2.519421339035034180e+00,3.438993930816650391e+00,4.278951168060302734e+00,4.034366607666015625e+00,3.737857341766357422e+00,8.712806105613708496e-01,-3.055874347686767578e+00,-4.252943515777587891e+00,-6.312273979187011719e+00,-6.895477294921875000e+00,-7.553597927093505859e+00,-8.971774101257324219e+00,-8.006311416625976562e+00,-7.901203632354736328e+00,-9.353146553039550781e+00,-2.207057714462280273e+00,nan,nan,nan,nan,nan,nan,nan,nan,nan,nan,nan,nan,nan,nan,nan,nan,nan,nan,nan,nan,nan,nan,nan,nan,nan,nan,nan,nan,nan,nan,nan,nan,nan,nan,nan,nan,nan,nan,nan,nan,nan,nan,-8.281381607055664062e+00,-7.483506679534912109e+00,-5.197107315063476562e+00,-2.318635225296020508e+00,1.592209041118621826e-01,2.623572111129760742e+00,4.517388343811035156e+00,nan,nan,nan,nan,nan,nan,nan,nan,nan,nan,nan,nan,nan,nan,nan,nan,nan,nan,nan,nan,nan,nan,nan,nan
nan,nan,nan,nan,nan,nan,nan,nan,nan,nan,nan,nan,nan,nan,nan,nan,nan,nan,nan,nan,nan,nan,nan,nan,nan,-1.064718002453446388e-03,-4.645912170410156250e+00,-3.520392656326293945e+00,-4.693458080291748047e+00,-5.812266349792480469e+00,-4.210371971130371094e+00,-2.030481100082397461e+00,-5.555067062377929688e+00,-1.951195240020751953e+00,-3.973642289638519287e-01,8.466768860816955566e-01,2.931263446807861328e+00,2.803548574447631836e+00,2.605680465698242188e+00,1.637828469276428223e+00,-1.666668295860290527e+00,-3.247339129447937012e-01,-4.221828937530517578e+00,-6.172631263732910156e+00,-9.002121925354003906e+00,-9.856514930725097656e+00,-1.032291507720947266e+01,-1.164094734191894531e+01,-1.219486904144287109e+01,-8.229768753051757812e+00,-5.379893779754638672e+00,-5.503396034240722656e+00,nan,nan,nan,nan,nan,nan,nan,nan,nan,nan,nan,nan,nan,nan,nan,nan,nan,nan,nan,nan,nan,nan,nan,nan,nan,nan,nan,nan,nan,nan,nan,nan,nan,nan,nan,nan,nan,nan,nan,nan,nan,nan,nan,nan,-3.580264329910278320e+00,-9.170878410339355469e+00,-9.245036125183105469e+00,4.539196491241455078e+00,7.204552173614501953e+00,7.516692638397216797e+00,nan,nan,nan,nan,nan,nan,nan,nan,nan,nan,nan,nan,nan,nan,nan,nan,nan,nan,nan,nan,nan,nan,nan
nan,nan,nan,nan,nan,nan,nan,nan,nan,nan,nan,nan,nan,nan,nan,nan,nan,nan,nan,nan,nan,nan,nan,nan,nan,-4.840324446558952332e-02,-1.600056529045104980e+00,-2.512395381927490234e+00,-3.219553470611572266e+00,-2.535666465759277344e+00,-3.308984518051147461e+00,-2.670432090759277344e+00,-4.191524028778076172e+00,-2.639685869216918945e+00,4.572839140892028809e-01,1.961832404136657715e+00,2.206829786300659180e+00,1.389222145080566406e+00,6.881645321846008301e-01,1.299595236778259277e+00,1.085466623306274414e+00,-1.899698615074157715e+00,-5.842555046081542969e+00,-1.080303096771240234e+01,-1.275931644439697266e+01,-1.156871604919433594e+01,-1.167406463623046875e+01,-1.198492240905761719e+01,-1.271583080291748047e+01,-5.221305370330810547e+00,nan,nan,nan,nan,nan,nan,nan,nan,nan,nan,nan,nan,nan,nan,nan,nan,nan,nan,nan,nan,nan,nan,nan,nan,nan,nan,nan,nan,nan,nan,nan,nan,nan,nan,nan,nan,nan,nan,nan,nan,nan,nan,nan,nan,nan,nan,nan,-8.537129402160644531e+00,-6.757271766662597656e+00,6.113234996795654297e+00,3.863847017288208008e+00,7.052882194519042969e+00,9.218625068664550781e+00,nan,nan,nan,nan,nan,nan,nan,nan,nan,nan,nan,nan,nan,nan,nan,nan,nan,nan,nan,nan,nan,nan
nan,nan,nan,nan,nan,nan,nan,nan,nan,nan,nan,nan,nan,nan,nan,nan,nan,nan,nan,nan,nan,nan,nan,nan,nan,1.024024784564971924e-01,-5.494788289070129395e-01,-1.013382315635681152e+00,-1.124797239899635315e-01,-1.476932525634765625e+00,-1.342953443527221680e+00,-1.102402210235595703e+00,-3.775391876697540283e-01,3.488481938838958740e-01,-5.665870755910873413e-02,-6.934875845909118652e-01,6.697443723678588867e-01,-3.062029123306274414e+00,-3.403439998626708984e+00,-1.372329235076904297e+00,6.787959933280944824e-01,-3.906279325485229492e+00,-9.375033378601074219e+00,-1.244190120697021484e+01,-1.234842872619628906e+01,-1.347442340850830078e+01,-1.312803459167480469e+01,-1.068910408020019531e+01,-1.029769802093505859e+01,-9.508108139038085938e+00,nan,nan,nan,nan,nan,nan,nan,nan,nan,nan,nan,nan,nan,nan,nan,nan,nan,nan,nan,nan,nan,nan,nan,nan,nan,nan,nan,nan,nan,nan,nan,nan,nan,nan,nan,nan,nan,nan,nan,nan,nan,nan,nan,nan,nan,nan,nan,nan,-2.799094438552856445e+00,4.767014503479003906e+00,6.361395835876464844e+00,1.493505287170410156e+01,2.334577941894531250e+01,1.030702781677246094e+01,nan,nan,nan,nan,nan,nan,nan,nan,nan,nan,nan,nan,nan,nan,nan,nan,nan,nan,nan,nan,nan
nan,nan,nan,nan,nan,nan,nan,nan,nan,nan,nan,nan,nan,nan,nan,nan,nan,nan,nan,nan,nan,nan,nan,nan,nan,-1.323476672172546387e+00,-4.665858671069145203e-02,6.102902293205261230e-01,6.895539909601211548e-02,-3.642671108245849609e+00,-3.199414730072021484e+00,-5.290354415774345398e-02,-3.598209023475646973e-01,-3.011259317398071289e+00,-3.562305450439453125e+00,-2.492756366729736328e+00,-1.451148867607116699e+00,-3.820038557052612305e+00,-5.092221736907958984e+00,-5.352315425872802734e+00,-4.894525527954101562e+00,-5.954715251922607422e+00,-1.099704742431640625e+01,-9.274361610412597656e+00,-1.451909732818603516e+01,-1.147771930694580078e+01,-1.023703575134277344e+01,-9.519383430480957031e+00,-5.848682403564453125e+00,-6.926631927490234375e+00,-7.212965488433837891e+00,nan,nan,nan,nan,nan,nan,nan,nan,nan,nan,nan,nan,nan,nan,nan,nan,nan,nan,nan,nan,nan,nan,nan,nan,nan,nan,nan,nan,nan,nan,nan,nan,nan,nan,nan,nan,nan,nan,nan,nan,nan,nan,nan,nan,nan,nan,nan,-3.942789316177368164e+00,5.898715496063232422e+00,1.036725711822509766e+01,8.979170799255371094e+00,1.984421348571777344e+01,3.189744949340820312e+01,1.094206714630126953e+01,1.295338821411132812e+01,nan,nan,nan,nan,nan,nan,nan,nan,nan,nan,nan,nan,nan,nan,nan,nan,nan,nan,nan
nan,nan,nan,nan,nan,nan,nan,nan,nan,nan,nan,nan,nan,nan,nan,nan,nan,nan,nan,nan,nan,nan,nan,nan,nan,nan,-1.305833935737609863e+00,6.502033472061157227e-01,-1.217142492532730103e-01,-2.083561897277832031e+00,-4.138884544372558594e+00,-1.158123090863227844e-01,-1.067190170288085938e+00,-8.142653703689575195e-01,-4.040527820587158203e+00,-4.220164775848388672e+00,-1.008738994598388672e+00,-5.652954101562500000e+00,-5.505995750427246094e+00,-5.215629100799560547e+00,-4.396701335906982422e+00,-6.669198036193847656e+00,-7.925842761993408203e+00,-7.688072681427001953e+00,-1.591060352325439453e+01,-6.796462535858154297e+00,-6.136380672454833984e+00,-6.450419902801513672e+00,-3.632387638092041016e+00,-6.587253570556640625e+00,nan,nan,nan,nan,nan,nan,nan,nan,nan,nan,nan,nan,nan,nan,nan,nan,nan,nan,nan,nan,nan,nan,nan,nan,nan,nan,nan,nan,nan,nan,nan,nan,nan,nan,nan,nan,nan,nan,nan,nan,nan,nan,nan,nan,nan,nan,nan,nan,-3.659048318862915039e+00,3.116431474685668945e+00,8.216691970825195312e+00,6.570676326751708984e+00,1.496383571624755859e+01,2.670048332214355469e+01,3.398865509033203125e+01,1.139462375640869141e+01,nan,nan,nan,nan,nan,nan,nan,nan,nan,nan,nan,nan,nan,nan,nan,nan,nan,nan,nan
nan,nan,nan,nan,nan,nan,nan,nan,nan,nan,nan,nan,nan,nan,nan,nan,nan,nan,nan,nan,nan,nan,nan,nan,nan,nan,-9.422037601470947266e-01,-1.013529300689697266e+00,-8.741375803947448730e-01,9.929944276809692383e-01,-2.326680123805999756e-01,-3.779407024383544922e+00,-4.258913993835449219e+00,-3.584338903427124023e+00,-3.803803682327270508e+00,-3.794337272644042969e+00,-2.659604787826538086e+00,-3.782917976379394531e+00,-4.408827304840087891e+00,-5.450422286987304688e+00,-5.552712440490722656e+00,-4.411201000213623047e+00,-4.313564300537109375e+00,-4.817149162292480469e+00,-4.339275836944580078e+00,-1.352105379104614258e+00,-6.666255950927734375e+00,-6.105793476104736328e+00,-1.088025569915771484e+00,-2.974187374114990234e+00,nan,nan,nan,nan,nan,nan,nan,nan,nan,nan,nan,nan,nan,nan,nan,nan,nan,nan,nan,nan,nan,nan,nan,nan,nan,nan,nan,nan,nan,nan,nan,nan,nan,nan,nan,nan,nan,nan,nan,nan,nan,nan,nan,nan,nan,nan,nan,-2.718217849731445312e+00,-6.001405715942382812e+00,-1.161431312561035156e+01,-8.315356254577636719e+00,4.177404880523681641e+00,3.802310943603515625e+00,1.015639019012451172e+01,8.335857391357421875e+00,1.040727424621582031e+01,1.226232814788818359e+01,nan,nan,nan,nan,nan,nan,nan,nan,nan,nan,nan,nan,nan,nan,nan,nan,nan,nan
nan,nan,nan,nan,nan,nan,nan,nan,nan,nan,nan,nan,nan,nan,nan,nan,nan,nan,nan,nan,nan,nan,nan,nan,nan,nan,nan,nan,-8.682234287261962891e-01,-2.723030328750610352e+00,6.559057831764221191e-01,1.527389407157897949e+00,-9.641140699386596680e-01,-3.218338966369628906e+00,-3.702153444290161133e+00,-2.894232749938964844e+00,-3.032855749130249023e+00,-1.511024832725524902e+00,-8.677765727043151855e-01,-2.935686349868774414e+00,-1.202749133110046387e+00,-1.293937683105468750e+00,-3.030639886856079102e+00,-4.042938232421875000e+00,2.465546429157257080e-01,1.641125559806823730e+00,-6.246088981628417969e+00,-1.106805324554443359e+01,-2.094679117202758789e+00,2.994532287120819092e-01,nan,nan,nan,nan,nan,nan,nan,nan,nan,nan,nan,nan,nan,nan,nan,nan,nan,nan,nan,nan,nan,nan,nan,nan,nan,nan,nan,nan,nan,nan,nan,nan,nan,nan,nan,nan,nan,nan,nan,nan,nan,nan,nan,nan,nan,nan,nan,-3.556415319442749023e+00,-7.403381824493408203e+00,-1.682758140563964844e+01,-9.078091621398925781e+00,-9.936060905456542969e+00,-1.045438170433044434e+00,4.122289121150970459e-01,1.307669758796691895e+00,8.982954025268554688e+00,1.121503353118896484e+01,nan,nan,nan,nan,nan,nan,nan,nan,nan,nan,nan,nan,nan,nan,nan,nan,nan,nan
nan,nan,nan,nan,nan,nan,nan,nan,nan,nan,nan,nan,nan,nan,nan,nan,nan,nan,nan,nan,nan,nan,nan,nan,nan,nan,nan,nan,nan,nan,nan,nan,2.254468679428100586e+00,-1.404498100280761719e+00,-3.068578481674194336e+00,-3.085572481155395508e+00,-3.735811710357666016e+00,-1.034920096397399902e+00,1.880742788314819336e+00,6.177942454814910889e-02,-2.073511600494384766e+00,-1.777332186698913574e+00,-2.917700767517089844e+00,-2.984319210052490234e+00,4.523885548114776611e-01,2.296176195144653320e+00,-4.765897750854492188e+00,-5.820736408233642578e+00,-4.906024932861328125e+00,-3.715697050094604492e+00,nan,nan,nan,nan,nan,nan,nan,nan,nan,nan,nan,nan,nan,nan,nan,nan,nan,nan,nan,nan,nan,nan,nan,nan,nan,nan,nan,nan,nan,nan,nan,nan,nan,nan,nan,nan,nan,nan,nan,nan,nan,nan,nan,nan,nan,nan,nan,-4.554732799530029297e+00,-5.679158687591552734e+00,-6.554927349090576172e+00,-6.582695841789245605e-01,-8.727000236511230469e+00,-2.195282578468322754e-01,2.853810071945190430e+00,1.090136432647705078e+01,1.718172454833984375e+01,8.846820831298828125e+00,nan,nan,nan,nan,nan,nan,nan,nan,nan,nan,nan,nan,nan,nan,nan,nan,nan,nan
nan,nan,nan,nan,nan,nan,nan,nan,nan,nan,nan,nan,nan,nan,nan,nan,nan,nan,nan,nan,nan,nan,nan,nan,nan,nan,nan,nan,nan,nan,nan,nan,-1.395777583122253418e+00,2.713485717773437500e+00,1.010789990425109863e+00,1.942525863647460938e+00,9.674009680747985840e-01,-3.033836841583251953e+00,1.142013072967529297e+00,-4.893536269664764404e-01,-2.997915506362915039e+00,-3.430242776870727539e+00,-3.907624244689941406e+00,-1.580109121277928352e-03,6.744688034057617188e+00,2.475080966949462891e+00,-2.731396198272705078e+00,-4.458331108093261719e+00,-3.361915826797485352e+00,-3.238123178482055664e+00,nan,nan,nan,nan,nan,nan,nan,nan,nan,nan,nan,nan,nan,nan,nan,nan,nan,nan,nan,nan,nan,nan,nan,nan,nan,nan,nan,nan,nan,nan,nan,nan,nan,nan,nan,nan,nan,nan,nan,nan,nan,nan,nan,nan,nan,nan,nan,nan,-1.483525085449218750e+01,-1.176402330398559570e+00,-1.084904670715332031e+01,-5.906244516372680664e-01,1.003393173217773438e+00,6.010382175445556641e+00,2.842682123184204102e+00,1.409646129608154297e+01,1.380160045623779297e+01,1.089583587646484375e+01,nan,nan,nan,nan,nan,nan,nan,nan,nan,nan,nan,nan,nan,nan,nan,nan,nan
nan,nan,nan,nan,nan,nan,nan,nan,nan,nan,nan,nan,nan,nan,nan,nan,nan,nan,nan,nan,-3.356007337570190430e+00,-3.536485910415649414e+00,nan,nan,nan,nan,nan,nan,nan,nan,nan,nan,nan,-1.426394343376159668e+00,-1.464110136032104492e+00,-3.627875804901123047e+00,-1.558741480112075806e-01,-2.183679103851318359e+00,5.799404382705688477e-01,-2.567556858062744141e+00,-5.993154644966125488e-02,-1.394152522087097168e+00,-1.425527453422546387e+00,-1.329120993614196777e+00,1.402758836746215820e+00,4.168731868267059326e-01,-2.030105113983154297e+00,1.508945941925048828e+00,-2.111811161041259766e+00,nan,nan,nan,nan,nan,nan,nan,nan,nan,nan,nan,nan,nan,nan,nan,nan,nan,nan,nan,nan,nan,nan,nan,nan,nan,nan,nan,nan,nan,nan,nan,nan,nan,nan,nan,nan,nan,nan,nan,nan,nan,nan,nan,nan,nan,nan,nan,nan,nan,-4.527976512908935547e+00,2.294022083282470703e+00,6.051725864410400391e+00,-4.287738800048828125e+00,-1.388943493366241455e-01,-2.282207250595092773e+00,2.330851107835769653e-01,5.510924339294433594e+00,5.162609100341796875e+00,1.550650310516357422e+01,3.242232513427734375e+01,4.728104400634765625e+01,1.798976516723632812e+01,nan,nan,nan,nan,nan,nan,nan,nan,nan,nan,nan,nan,nan,nan
nan,nan,nan,nan,nan,nan,nan,nan,nan,nan,nan,nan,nan,nan,nan,nan,nan,nan,nan,nan,3.516587972640991211e+00,-8.058223724365234375e+00,-3.733442306518554688e+00,-3.833971738815307617e+00,nan,nan,nan,nan,nan,nan,nan,nan,nan,nan,nan,nan,-1.616753935813903809e+00,-3.493474483489990234e+00,-2.925408840179443359e+00,-3.573123216629028320e+00,-1.578513860702514648e+00,-1.720895409584045410e+00,-9.626338481903076172e-01,-3.296240866184234619e-01,3.629643619060516357e-01,-1.886488080024719238e+00,-2.728657722473144531e-01,-1.470010161399841309e+00,nan,nan,nan,nan,nan,nan,nan,nan,nan,nan,nan,nan,nan,nan,nan,nan,nan,nan,nan,nan,nan,nan,nan,nan,nan,nan,nan,nan,nan,nan,nan,nan,nan,nan,nan,nan,nan,nan,nan,nan,nan,nan,nan,nan,nan,nan,nan,nan,nan,nan,nan,-3.168220520019531250e+00,-7.222374916076660156e+00,-7.069654941558837891e+00,-6.043617129325866699e-01,-8.287777900695800781e+00,2.736992597579956055e+00,-3.446211338043212891e+00,-3.816754579544067383e+00,1.095280361175537109e+01,2.782113075256347656e+01,4.754195022583007812e+01,1.618964004516601562e+01,nan,nan,nan,nan,nan,nan,nan,nan,nan,nan,nan,nan,nan,nan
nan,nan,nan,nan,nan,nan,nan,nan,nan,nan,nan,nan,nan,nan,nan,nan,nan,nan,nan,nan,3.179658889770507812e+00,-8.330089569091796875e+00,-6.146793365478515625e+00,-5.536892414093017578e+00,nan,nan,nan,nan,nan,nan,nan,nan,nan,nan,nan,nan,nan,-1.773064851760864258e+00,-3.204991817474365234e+00,-4.467116355895996094e+00,-2.956681966781616211e+00,1.056055784225463867e+00,-1.214837908744812012e+00,-1.092075943946838379e+00,3.997656106948852539e+00,-5.835628509521484375e+00,-9.569979310035705566e-01,nan,nan,nan,nan,nan,nan,nan,nan,nan,nan,nan,nan,nan,nan,nan,nan,nan,nan,nan,nan,nan,nan,nan,nan,nan,nan,nan,nan,nan,nan,nan,nan,nan,nan,nan,nan,nan,nan,nan,nan,nan,nan,nan,nan,nan,nan,nan,nan,nan,nan,nan,nan,-2.158149957656860352e+00,1.419057846069335938e+00,-9.361686706542968750e+00,-9.140383601188659668e-01,-1.051710891723632812e+01,2.036085844039916992e+00,3.497168719768524170e-01,2.493993520736694336e+00,6.982058048248291016e+00,3.050074005126953125e+01,1.217950725555419922e+01,nan,nan,nan,nan,nan,nan,nan,nan,nan,nan,nan,nan,nan,nan,nan
nan,nan,nan,nan,nan,nan,nan,nan,nan,nan,nan,nan,nan,nan,nan,nan,nan,nan,nan,-2.153856515884399414e+00,-3.824236392974853516e+00,-3.890364646911621094e+00,-4.352123260498046875e+00,-3.878126144409179688e+00,nan,nan,nan,nan,nan,nan,nan,nan,nan,nan,nan,nan,nan,nan,nan,-2.100023269653320312e+00,-6.139116287231445312e+00,-1.574316263198852539e+00,-1.290106058120727539e+00,nan,nan,nan,nan,nan,nan,nan,nan,nan,nan,nan,nan,nan,nan,nan,nan,nan,nan,nan,nan,nan,nan,nan,nan,nan,nan,nan,nan,nan,nan,nan,nan,nan,nan,nan,nan,nan,nan,nan,nan,nan,nan,nan,nan,nan,nan,nan,nan,nan,nan,nan,nan,nan,nan,nan,nan,-1.904288530349731445e+00,nan,2.736804485321044922e+00,-4.630379974842071533e-01,4.079370498657226562e+00,5.533967971801757812e+00,7.383536815643310547e+00,6.537581443786621094e+00,-2.698650360107421875e+00,-3.108788490295410156e+00,6.017727375030517578e+00,1.191824436187744141e+01,nan,nan,nan,nan,nan,nan,nan,nan,nan,nan,nan,nan,nan,nan
nan,nan,nan,nan,nan,nan,nan,nan,nan,nan,nan,nan,nan,nan,nan,nan,nan,nan,nan,nan,nan,-4.478725790977478027e-01,-2.236083984375000000e+00,-5.515162944793701172e+00,-3.537618875503540039e+00,-3.340047597885131836e+00,nan,nan,nan,nan,nan,nan,nan,nan,nan,nan,nan,nan,nan,nan,nan,nan,nan,nan,nan,nan,nan,nan,nan,nan,nan,nan,nan,nan,nan,nan,nan,nan,nan,nan,nan,nan,nan,nan,nan,nan,nan,nan,nan,nan,nan,nan,nan,nan,nan,nan,nan,nan,nan,nan,nan,nan,nan,nan,nan,nan,nan,nan,nan,nan,nan,nan,nan,nan,nan,nan,nan,nan,nan,nan,nan,4.320567131042480469e+00,-2.352578639984130859e+00,4.401420593261718750e+00,6.490463256835937500e+00,1.084852695465087891e+01,6.069382667541503906e+00,6.362699031829833984e+00,1.193483066558837891e+01,8.453433990478515625e+00,1.394500350952148438e+01,1.131154537200927734e+01,1.215183353424072266e+01,nan,nan,nan,nan,nan,nan,nan,nan,nan,nan,nan,nan
nan,nan,nan,nan,nan,nan,nan,nan,nan,nan,nan,nan,nan,nan,nan,nan,nan,nan,nan,nan,-2.655638456344604492e+00,4.093883037567138672e+00,-4.708607196807861328e+00,-5.571807861328125000e+00,-8.827952384948730469e+00,-2.813859701156616211e+00,-3.709100484848022461e+00,nan,nan,nan,nan,nan,nan,nan,nan,nan,nan,nan,nan,nan,nan,nan,nan,nan,nan,nan,nan,nan,nan,nan,nan,nan,nan,nan,nan,nan,nan,nan,nan,nan,nan,nan,nan,nan,nan,nan,nan,nan,nan,nan,nan,nan,nan,nan,nan,nan,nan,nan,nan,nan,nan,nan,nan,nan,nan,nan,nan,nan,nan,nan,nan,nan,nan,nan,nan,nan,nan,nan,-3.753620624542236328e+00,-3.356622219085693359e+00,-1.595897197723388672e+00,6.697519421577453613e-01,-1.010840944945812225e-02,2.028920650482177734e+00,2.085778951644897461e+00,7.973608374595642090e-01,2.271440029144287109e+00,4.676804065704345703e+00,-1.249212265014648438e+00,1.577377891540527344e+01,1.535430908203125000e+01,8.869894981384277344e+00,9.846565246582031250e+00,1.090243339538574219e+01,nan,nan,nan,nan,nan,nan,nan,nan,nan,nan,nan
nan,nan,nan,nan,nan,nan,nan,nan,nan,nan,nan,nan,nan,nan,nan,nan,nan,nan,nan,nan,-3.349834203720092773e+00,6.603676319122314453e+00,2.337159872055053711e+00,-3.525460004806518555e+00,-1.136682406067848206e-01,-1.313576936721801758e+00,-3.116157531738281250e+00,nan,nan,nan,nan,nan,nan,nan,nan,nan,nan,nan,nan,nan,nan,nan,nan,nan,nan,nan,nan,nan,nan,nan,nan,nan,nan,nan,nan,nan,nan,nan,nan,nan,nan,nan,nan,nan,nan,nan,nan,nan,nan,nan,nan,nan,nan,nan,nan,nan,nan,nan,nan,nan,nan,nan,nan,nan,nan,nan,nan,nan,nan,nan,nan,nan,nan,nan,nan,nan,nan,nan,nan,nan,-3.524764299392700195e+00,-2.422557830810546875e+00,3.579563379287719727e+00,-1.411955952644348145e+00,-7.539367675781250000e-01,-1.939083218574523926e+00,1.956056475639343262e+00,3.095522165298461914e+00,-5.150264263153076172e+00,7.065305709838867188e+00,8.753507614135742188e+00,7.069339275360107422e+00,8.264229774475097656e+00,9.725460052490234375e+00,nan,nan,nan,nan,nan,nan,nan,nan,nan,nan,nan
nan,nan,nan,nan,nan,nan,nan,nan,nan,nan,nan,nan,nan,nan,nan,nan,nan,nan,nan,-4.520864009857177734e+00,-4.370647907257080078e+00,8.317348361015319824e-01,1.829537034034729004e+00,-3.306387662887573242e+00,-2.034789800643920898e+00,-9.312886595726013184e-01,-5.424980163574218750e+00,-2.558031082153320312e+00,nan,nan,nan,nan,nan,nan,nan,nan,nan,nan,nan,nan,nan,nan,nan,nan,nan,nan,nan,nan,nan,nan,nan,nan,nan,nan,nan,nan,nan,nan,nan,nan,nan,nan,nan,nan,nan,nan,nan,nan,nan,nan,nan,nan,nan,nan,nan,nan,nan,nan,nan,nan,nan,nan,nan,nan,nan,nan,nan,nan,nan,nan,nan,nan,nan,nan,nan,nan,nan,nan,nan,-4.666226863861083984e+00,-1.210428142547607422e+01,-5.735466957092285156e+00,2.956410169601440430e+00,-2.611938238143920898e+00,2.227544546127319336e+00,6.607618808746337891e+00,3.242779970169067383e+00,1.035645842552185059e+00,1.357817769050598145e+00,3.046658515930175781e+00,5.804035663604736328e+00,1.647348403930664062e+01,7.929433345794677734e+00,9.543631553649902344e+00,1.145385932922363281e+01,nan,nan,nan,nan,nan,nan,nan,nan,nan,nan
nan,nan,nan,nan,nan,nan,nan,nan,nan,nan,nan,nan,nan,nan,nan,nan,nan,nan,nan,nan,nan,-5.586711883544921875e+00,-6.793090343475341797e+00,-7.711395740509033203e+00,-2.940085411071777344e+00,-4.015594005584716797e+00,-6.908470153808593750e+00,-1.379219889640808105e+00,nan,nan,nan,nan,nan,nan,nan,nan,nan,nan,nan,nan,nan,nan,nan,nan,nan,nan,nan,nan,nan,nan,nan,nan,nan,nan,nan,nan,nan,nan,nan,nan,nan,nan,nan,nan,nan,nan,nan,nan,nan,nan,nan,nan,nan,nan,nan,nan,nan,nan,nan,nan,nan,nan,nan,nan,nan,nan,nan,nan,nan,nan,nan,nan,nan,nan,nan,nan,nan,nan,nan,-5.831217765808105469e+00,-1.707884597778320312e+01,-1.494318485260009766e+01,-1.390909194946289062e+01,-9.759105682373046875e+00,9.637020111083984375e+00,3.844839096069335938e+00,1.482415318489074707e+00,-1.354574203491210938e+00,7.579344749450683594e+00,1.135933589935302734e+01,7.410837173461914062e+00,4.069580078125000000e+00,9.163473129272460938e+00,4.629622459411621094e+00,1.284141540527343750e+01,nan,nan,nan,nan,nan,nan,nan,nan,nan,nan
nan,nan,nan,nan,nan,nan,nan,nan,nan,nan,nan,nan,nan,nan,nan,nan,nan,nan,nan,nan,nan,-3.791078567504882812e+00,-1.416833877563476562e+01,-5.592017650604248047e+00,-2.733829736709594727e+00,-3.815845489501953125e+00,-5.949828147888183594e+00,-9.786962270736694336e-01,nan,nan,nan,nan,nan,nan,nan,nan,nan,nan,nan,nan,nan,nan,nan,nan,nan,nan,nan,nan,nan,nan,nan,nan,nan,nan,nan,nan,nan,nan,nan,nan,nan,nan,nan,nan,nan,nan,nan,nan,nan,nan,nan,nan,nan,nan,nan,nan,nan,nan,nan,nan,nan,nan,nan,nan,nan,nan,nan,nan,nan,nan,nan,nan,nan,nan,nan,nan,nan,nan,-7.613657951354980469e+00,-7.031784057617187500e+00,-5.827556133270263672e+00,nan,-1.078555393218994141e+01,-8.473866462707519531e+00,-7.701250553131103516e+00,-5.328112125396728516e+00,-4.458162784576416016e+00,-3.243904352188110352e+00,3.227881193161010742e+00,8.760511991567909718e-05,7.861193656921386719e+00,9.325828552246093750e+00,1.097701168060302734e+01,1.232204341888427734e+01,2.375342369079589844e+01,1.652271652221679688e+01,nan,nan,nan,nan,nan,nan,nan,nan,nan
nan,nan,nan,nan,nan,nan,nan,nan,nan,nan,nan,nan,nan,nan,nan,nan,nan,nan,nan,nan,-7.624296188354492188e+00,-1.732904243469238281e+01,-1.492549896240234375e+01,-1.022071933746337891e+01,-3.719690740108489990e-01,-3.245379209518432617e+00,-3.612092256546020508e+00,-5.392214655876159668e-01,-1.510981678962707520e+00,1.912041425704956055e+00,5.104825973510742188e+00,4.456996917724609375e+00,5.242852687835693359e+00,nan,nan,nan,nan,nan,nan,nan,nan,nan,nan,nan,nan,nan,nan,nan,nan,nan,nan,nan,nan,nan,nan,nan,nan,nan,nan,nan,nan,nan,nan,nan,nan,nan,nan,nan,nan,nan,nan,nan,nan,nan,nan,nan,nan,nan,nan,nan,nan,nan,nan,nan,nan,nan,nan,nan,nan,nan,nan,nan,nan,nan,nan,nan,nan,nan,nan,nan,nan,-5.977718353271484375e+00,-5.209970474243164062e+00,-7.844543457031250000e+00,-6.314187526702880859e+00,-6.101922512054443359e+00,-5.695711135864257812e+00,-2.851283550262451172e+00,-3.615680217742919922e+00,-1.756843566894531250e+01,-4.054221212863922119e-01,1.122932052612304688e+01,1.147128772735595703e+01,1.014501571655273438e+01,2.324708747863769531e+01,1.741554260253906250e+01,nan,nan,nan,nan,nan,nan,nan,nan,nan
nan,nan,nan,nan,nan,nan,nan,nan,nan,nan,nan,nan,nan,nan,nan,nan,nan,nan,nan,nan,nan,-1.467755413055419922e+01,-1.739294624328613281e+01,-1.289605808258056641e+01,-2.463856458663940430e+00,-8.637123703956604004e-01,-1.061476945877075195e+00,2.450001001358032227e+00,4.435344696044921875e+00,4.295883655548095703e+00,4.477630615234375000e+00,5.922784328460693359e+00,nan,nan,nan,nan,nan,nan,nan,nan,nan,nan,nan,nan,nan,nan,nan,nan,nan,nan,nan,nan,nan,nan,nan,nan,nan,nan,nan,nan,nan,nan,nan,nan,nan,nan,nan,nan,nan,nan,nan,nan,nan,nan,nan,nan,nan,nan,nan,nan,nan,nan,nan,nan,nan,nan,nan,nan,nan,nan,nan,nan,nan,nan,nan,nan,nan,nan,nan,nan,nan,-6.605642795562744141e+00,nan,nan,nan,-7.231697559356689453e+00,-4.374863147735595703e+00,6.411502361297607422e+00,1.136254215240478516e+01,-7.787588596343994141e+00,-4.388532638549804688e+00,8.371907234191894531e+00,1.000628185272216797e+01,1.212106323242187500e+01,2.285755157470703125e+01,nan,nan,nan,nan,nan,nan,nan,nan,nan,nan
nan,nan,nan,nan,nan,nan,nan,nan,nan,nan,nan,nan,nan,nan,nan,nan,nan,nan,nan,nan,nan,-7.763100624084472656e+00,-1.668679809570312500e+01,-1.198169326782226562e+01,-6.321264266967773438e+00,2.832469642162322998e-01,2.337005853652954102e+00,3.149598121643066406e+00,5.070178985595703125e+00,3.672441244125366211e+00,1.335810303688049316e+00,8.005940437316894531e+00,nan,nan,nan,nan,nan,nan,nan,nan,nan,nan,nan,nan,nan,nan,nan,nan,nan,nan,nan,nan,nan,nan,nan,nan,nan,nan,nan,nan,nan,nan,nan,nan,nan,nan,nan,nan,nan,nan,nan,nan,nan,nan,nan,nan,nan,nan,nan,nan,nan,nan,nan,nan,nan,nan,nan,nan,nan,nan,nan,nan,nan,nan,nan,nan,nan,nan,nan,nan,nan,nan,nan,nan,nan,-8.535857200622558594e+00,-5.183960914611816406e+00,9.958410263061523438e+00,1.883062362670898438e+01,7.946808815002441406e+00,1.205344772338867188e+01,1.959485816955566406e+01,2.980479240417480469e+01,2.045804023742675781e+01,2.208914756774902344e+01,1.703582382202148438e+01,nan,nan,nan,nan,nan,nan,nan,nan,nan
nan,nan,nan,nan,nan,nan,nan,nan,nan,nan,nan,nan,nan,nan,nan,nan,nan,nan,nan,nan,nan,nan,-7.332650661468505859e+00,-4.981270790100097656e+00,-5.357574224472045898e-01,4.470801830291748047e+00,5.968182086944580078e+00,4.660500049591064453e+00,5.343066692352294922e+00,3.890970945358276367e+00,8.683853149414062500e+00,7.192971229553222656e+00,6.605615615844726562e+00,nan,nan,nan,nan,nan,nan,nan,nan,nan,nan,nan,nan,nan,nan,nan,nan,nan,nan,nan,nan,nan,nan,nan,nan,nan,nan,nan,nan,nan,nan,nan,nan,nan,nan,nan,nan,nan,nan,nan,nan,nan,nan,nan,nan,nan,nan,nan,nan,nan,nan,nan,nan,nan,nan,nan,nan,nan,nan,nan,nan,nan,nan,nan,nan,nan,nan,nan,nan,nan,nan,nan,-1.960847735404968262e+00,-5.644792556762695312e+00,-8.892199516296386719e+00,6.245613574981689453e+00,1.566161155700683594e+01,1.987425994873046875e+01,2.146169662475585938e+01,2.762243080139160156e+01,2.747282600402832031e+01,2.827197456359863281e+01,1.983829116821289062e+01,1.611540412902832031e+01,nan,nan,nan,nan,nan,nan,nan,nan,nan
nan,nan,nan,nan,nan,nan,nan,nan,nan,nan,nan,nan,nan,nan,nan,nan,nan,nan,nan,nan,nan,nan,-9.002363204956054688e+00,-5.857127666473388672e+00,-5.397010803222656250e+00,5.375585556030273438e+00,6.112711429595947266e+00,4.090365409851074219e+00,5.738299369812011719e+00,1.357573032379150391e+01,1.446645355224609375e+01,3.256609916687011719e+00,6.911616802215576172e+00,nan,nan,nan,nan,nan,nan,nan,nan,nan,nan,nan,nan,nan,nan,nan,nan,nan,nan,nan,nan,nan,nan,nan,nan,nan,nan,nan,nan,nan,nan,nan,nan,nan,nan,nan,nan,nan,nan,nan,nan,nan,nan,nan,nan,nan,nan,nan,nan,nan,nan,nan,nan,nan,nan,nan,nan,nan,nan,nan,nan,nan,nan,nan,nan,nan,nan,nan,nan,nan,nan,nan,nan,-2.382601976394653320e+00,-6.958293914794921875e+00,-5.607626438140869141e+00,6.876380920410156250e+00,8.176606178283691406e+00,1.382441425323486328e+01,2.042716217041015625e+01,2.399369621276855469e+01,1.861689376831054688e+01,nan,nan,nan,nan,nan,nan,nan,nan,nan,nan,nan
nan,nan,nan,nan,nan,nan,nan,nan,nan,nan,nan,nan,nan,nan,nan,nan,nan,nan,nan,nan,nan,-6.650473117828369141e+00,-1.127701473236083984e+01,-7.496723175048828125e+00,-3.044893741607666016e+00,-6.514119505882263184e-01,4.328075885772705078e+00,-1.141360163688659668e+00,2.685135364532470703e+00,1.114537906646728516e+01,1.012884426116943359e+01,1.233607959747314453e+01,nan,nan,nan,nan,nan,nan,nan,nan,nan,nan,nan,nan,nan,nan,nan,nan,nan,nan,nan,nan,nan,nan,nan,nan,nan,nan,nan,nan,nan,nan,nan,nan,nan,nan,nan,nan,nan,nan,nan,nan,nan,nan,nan,nan,nan,nan,nan,nan,nan,nan,nan,nan,nan,nan,nan,nan,nan,nan,nan,nan,nan,nan,nan,nan,nan,nan,nan,nan,nan,nan,nan,nan,nan,8.875555992126464844e+00,-5.180617809295654297e+00,-7.962392330169677734e+00,-5.478994250297546387e-01,1.590802788734436035e+00,7.248998165130615234e+00,7.435788631439208984e+00,2.225586891174316406e+00,nan,nan,nan,nan,nan,nan,nan,nan,nan,nan,nan,nan
nan,nan,nan,nan,nan,nan,nan,nan,nan,nan,nan,nan,nan,nan,nan,nan,nan,nan,nan,nan,nan,nan,-8.127050399780273438e+00,-1.106462192535400391e+01,3.262054622173309326e-01,-4.382615566253662109e+00,-2.044213533401489258e+00,-1.624571681022644043e-01,2.591648817062377930e+00,7.961626529693603516e+00,8.622171401977539062e+00,6.613873958587646484e+00,nan,nan,nan,nan,nan,nan,nan,nan,nan,nan,nan,nan,nan,nan,nan,nan,nan,nan,nan,nan,nan,nan,nan,nan,nan,nan,nan,nan,nan,nan,nan,nan,nan,nan,nan,nan,nan,nan,nan,nan,nan,nan,nan,nan,nan,nan,nan,nan,nan,nan,nan,nan,nan,nan,nan,nan,nan,nan,nan,nan,nan,nan,nan,nan,nan,nan,nan,nan,nan,nan,nan,nan,nan,7.565331935882568359e+00,1.476676940917968750e+00,-5.237678050994873047e+00,-1.738155245780944824e+00,1.291021347045898438e+00,-1.053237056732177734e+01,-1.038911247253417969e+01,-1.217644405364990234e+01,nan,nan,nan,nan,nan,nan,nan,nan,nan,nan,nan,nan
nan,nan,nan,nan,nan,nan,nan,nan,nan,nan,nan,nan,nan,nan,nan,nan,nan,nan,nan,nan,nan,nan,-4.364796638488769531e+00,-1.697998237609863281e+01,-5.313966751098632812e+00,nan,-8.349403381347656250e+00,5.114424228668212891e+00,6.807254314422607422e+00,5.585169792175292969e+00,5.352820873260498047e+00,nan,nan,nan,nan,nan,nan,nan,nan,nan,nan,nan,nan,nan,nan,nan,nan,nan,nan,nan,nan,nan,nan,nan,nan,nan,nan,nan,nan,nan,nan,nan,nan,nan,nan,nan,nan,nan,nan,nan,nan,nan,nan,nan,nan,nan,nan,nan,nan,nan,nan,nan,nan,nan,nan,nan,nan,nan,nan,nan,nan,nan,nan,nan,nan,nan,nan,nan,nan,nan,nan,nan,nan,nan,-3.486854791641235352e+00,-4.637426376342773438e+00,-4.746104240417480469e+00,1.885169982910156250e+00,-3.191584587097167969e+00,2.760436296463012695e+00,-1.468292903900146484e+01,-1.682775688171386719e+01,-1.207379627227783203e+01,nan,nan,nan,nan,nan,nan,nan,nan,nan,nan,nan,nan
nan,nan,nan,nan,nan,nan,nan,nan,nan,nan,nan,nan,nan,nan,nan,nan,nan,nan,nan,nan,nan,nan,nan,-8.872486114501953125e+00,1.546802520751953125e+00,nan,-3.780979394912719727e+00,3.364308357238769531e+00,7.213777065277099609e+00,8.301091194152832031e+00,4.363887310028076172e+00,nan,nan,nan,nan,nan,nan,nan,nan,nan,nan,nan,nan,nan,nan,nan,nan,nan,nan,nan,nan,nan,nan,nan,nan,nan,nan,nan,nan,nan,nan,nan,nan,nan,nan,nan,nan,nan,nan,nan,nan,nan,nan,nan,nan,nan,nan,nan,nan,nan,nan,nan,nan,nan,nan,nan,nan,nan,nan,nan,nan,nan,nan,nan,nan,nan,nan,nan,nan,nan,nan,nan,nan,nan,-4.396262168884277344e+00,-3.895528078079223633e+00,-7.366714477539062500e+00,-7.042818546295166016e+00,-8.098892211914062500e+00,-5.481717109680175781e+00,-4.006519317626953125e+00,-6.493619441986083984e+00,-3.757887840270996094e+00,-1.184279322624206543e+00,nan,nan,nan,nan,nan,nan,nan,nan,nan,nan,nan
nan,nan,nan,nan,nan,nan,nan,nan,nan,nan,nan,nan,nan,nan,nan,nan,nan,nan,nan,nan,nan,nan,nan,3.116162061691284180e+00,-1.731143236160278320e+00,-2.903912067413330078e+00,-5.100933074951171875e+00,2.163640975952148438e+00,7.356451034545898438e+00,1.081037235260009766e+01,nan,4.372289180755615234e+00,nan,nan,nan,nan,nan,nan,nan,nan,nan,nan,nan,nan,nan,nan,nan,nan,nan,nan,nan,nan,nan,nan,nan,nan,nan,nan,nan,nan,nan,nan,nan,nan,nan,nan,nan,nan,nan,nan,nan,nan,nan,nan,nan,nan,nan,nan,nan,nan,nan,nan,nan,nan,nan,nan,nan,nan,nan,nan,nan,nan,nan,nan,nan,nan,nan,nan,nan,nan,nan,nan,nan,nan,-5.208300590515136719e+00,nan,-7.081037521362304688e+00,-6.178434848785400391e+00,-1.127065563201904297e+01,-5.943918228149414062e+00,-5.719499588012695312e+00,-5.074813842773437500e+00,5.249333381652832031e+00,nan,nan,nan,nan,nan,nan,nan,nan,nan,nan,nan,nan
nan,nan,nan,nan,nan,nan,nan,nan,nan,nan,nan,nan,nan,nan,nan,nan,nan,nan,nan,nan,nan,nan,nan,-6.563900470733642578e+00,-1.786182284355163574e+00,-1.457264304161071777e+00,-4.490809917449951172e+00,-8.777970671653747559e-01,3.321841478347778320e+00,1.390389919281005859e+00,2.445852518081665039e+00,nan,nan,nan,nan,nan,nan,nan,nan,nan,nan,nan,nan,nan,nan,nan,nan,nan,nan,nan,nan,nan,nan,nan,nan,nan,nan,nan,nan,nan,nan,nan,nan,nan,nan,nan,nan,nan,nan,nan,nan,nan,nan,nan,nan,nan,nan,nan,nan,nan,nan,nan,nan,nan,nan,nan,nan,nan,nan,nan,nan,nan,nan,nan,nan,nan,nan,nan,nan,nan,nan,nan,nan,nan,-6.313865661621093750e+00,-5.801671504974365234e+00,-9.564655303955078125e+00,-1.708024787902832031e+01,-8.733440399169921875e+00,-1.010092830657958984e+01,-1.011947441101074219e+01,2.573705911636352539e+00,-3.230785131454467773e+00,nan,nan,nan,nan,nan,nan,nan,nan,nan,nan,nan,nan
nan,nan,nan,nan,nan,nan,nan,nan,nan,nan,nan,nan,nan,nan,nan,nan,nan,nan,nan,nan,nan,nan,nan,6.425411105155944824e-01,-4.938076496124267578e+00,6.354190349578857422e+00,-3.483265936374664307e-01,-3.508957147598266602e+00,-2.825341224670410156e-01,3.861127138137817383e+00,1.106807231903076172e+00,nan,nan,nan,nan,nan,nan,nan,nan,nan,nan,nan,nan,nan,nan,nan,nan,nan,nan,nan,nan,nan,nan,nan,nan,nan,nan,nan,nan,nan,nan,nan,nan,nan,nan,nan,nan,nan,nan,nan,nan,nan,nan,nan,nan,nan,nan,nan,nan,nan,nan,nan,nan,nan,nan,nan,nan,nan,nan,nan,nan,nan,nan,nan,nan,nan,nan,nan,nan,nan,nan,nan,nan,nan,nan,nan,nan,-7.941198825836181641e+00,-7.854388236999511719e+00,-5.553249359130859375e+00,8.292891502380371094e+00,1.367755889892578125e+01,-1.987243533134460449e+00,nan,nan,nan,nan,nan,nan,nan,nan,nan,nan,nan,nan
nan,nan,nan,nan,nan,nan,nan,nan,nan,nan,nan,nan,nan,nan,nan,nan,nan,nan,nan,nan,nan,nan,nan,nan,nan,9.312004089355468750e+00,1.146872520446777344e+01,-4.942584991455078125e+00,-3.987167596817016602e+00,1.887211322784423828e+00,nan,nan,nan,nan,nan,nan,nan,nan,nan,nan,nan,nan,nan,nan,nan,nan,nan,nan,nan,nan,nan,nan,nan,nan,nan,nan,nan,nan,nan,nan,nan,nan,nan,nan,nan,nan,nan,nan,nan,nan,nan,nan,nan,nan,nan,nan,nan,nan,nan,nan,nan,nan,nan,nan,nan,nan,nan,nan,nan,nan,nan,nan,nan,nan,nan,nan,nan,nan,nan,nan,nan,nan,nan,nan,nan,nan,nan,-3.980692863464355469e+00,-9.236591339111328125e+00,6.294165611267089844e+00,8.639982223510742188e+00,1.082033824920654297e+01,nan,nan,nan,nan,nan,nan,nan,nan,nan,nan,nan,nan,nan
nan,nan,nan,nan,nan,nan,nan,nan,nan,nan,nan,nan,nan,nan,nan,nan,nan,nan,nan,nan,nan,nan,nan,nan,nan,1.558072090148925781e+01,1.638935661315917969e+01,8.611337661743164062e+00,-4.329262256622314453e+00,-3.406291723251342773e+00,-2.229758501052856445e+00,nan,nan,nan,nan,nan,nan,nan,nan,nan,nan,nan,nan,nan,nan,nan,nan,nan,nan,nan,nan,nan,nan,nan,nan,nan,nan,nan,nan,nan,nan,nan,nan,nan,nan,nan,nan,nan,nan,nan,nan,nan,nan,nan,nan,nan,nan,nan,nan,nan,nan,nan,nan,nan,nan,nan,nan,nan,nan,nan,nan,nan,nan,nan,nan,nan,nan,nan,nan,nan,nan,nan,nan,nan,nan,nan,nan,nan,-6.859317302703857422e+00,2.134091854095458984e+00,3.730704069137573242e+00,4.924373149871826172e+00,nan,nan,nan,nan,nan,nan,nan,nan,nan,nan,nan,nan,nan
nan,nan,nan,nan,nan,nan,nan,nan,nan,nan,nan,nan,nan,nan,nan,nan,nan,nan,nan,nan,nan,nan,nan,nan,nan,1.195926570892333984e+01,1.021682167053222656e+01,1.128758549690246582e+00,-2.476259708404541016e+00,-6.151396751403808594e+00,-3.886854887008666992e+00,nan,nan,nan,nan,nan,nan,nan,nan,nan,nan,nan,nan,nan,nan,nan,nan,nan,nan,nan,nan,nan,nan,nan,nan,nan,nan,nan,nan,nan,nan,nan,nan,nan,nan,nan,nan,nan,nan,nan,nan,nan,nan,nan,nan,nan,nan,nan,nan,nan,nan,nan,nan,nan,nan,nan,nan,nan,nan,nan,nan,nan,nan,nan,nan,nan,nan,nan,nan,nan,nan,nan,nan,nan,nan,nan,nan,nan,-8.286411285400390625e+00,-5.054716110229492188e+00,-6.669374942779541016e+00,3.750834226608276367e+00,4.391868039965629578e-02,nan,nan,nan,nan,nan,nan,nan,nan,nan,nan,nan,nan
nan,nan,nan,nan,nan,nan,nan,nan,nan,nan,nan,nan,nan,nan,nan,nan,nan,nan,nan,nan,nan,nan,nan,nan,nan,-8.001383543014526367e-01,-2.173980474472045898e+00,-1.077017307281494141e+00,-4.475123405456542969e+00,-7.281097888946533203e+00,-5.084141731262207031e+00,-4.594628334045410156e+00,-5.806988239288330078e+00,-5.819453716278076172e+00,nan,nan,nan,nan,nan,nan,nan,nan,nan,nan,nan,nan,nan,nan,nan,nan,nan,nan,nan,nan,nan,nan,nan,nan,nan,nan,nan,nan,nan,nan,nan,nan,nan,nan,nan,nan,nan,nan,nan,nan,nan,nan,nan,nan,nan,nan,nan,nan,nan,nan,nan,nan,nan,nan,nan,nan,nan,nan,nan,nan,nan,nan,nan,nan,nan,nan,nan,nan,nan,nan,nan,9.276427328586578369e-02,-6.422096252441406250e+00,-7.750449003651738167e-05,-2.595981836318969727e+00,-1.109305858612060547e+01,-1.236099147796630859e+01,5.483175516128540039e-01,5.736992359161376953e-01,nan,nan,nan,nan,nan,nan,nan,nan,nan,nan,nan,nan
nan,nan,nan,nan,nan,nan,nan,nan,nan,nan,nan,nan,nan,nan,nan,nan,nan,nan,nan,nan,nan,nan,nan,nan,nan,nan,nan,-1.139968776702880859e+01,-5.879166603088378906e+00,-8.308830261230468750e+00,-7.258939743041992188e+00,-6.696145534515380859e+00,-5.997989177703857422e+00,-3.920033454895019531e+00,-5.626123428344726562e+00,nan,nan,nan,nan,nan,nan,nan,nan,nan,nan,nan,nan,nan,nan,nan,nan,nan,nan,nan,nan,nan,nan,nan,nan,nan,nan,nan,nan,nan,nan,nan,nan,nan,nan,nan,nan,nan,nan,nan,nan,nan,nan,nan,nan,nan,nan,nan,nan,nan,nan,nan,nan,nan,nan,nan,nan,nan,nan,nan,nan,nan,nan,nan,nan,nan,nan,nan,nan,nan,nan,-3.601294279098510742e+00,-1.169991016387939453e+00,6.250483036041259766e+00,6.077279567718505859e+00,-4.822052955627441406e+00,-2.176022768020629883e+00,6.366735100746154785e-01,nan,nan,nan,nan,nan,nan,nan,nan,nan,nan,nan,nan,nan
nan,nan,nan,nan,nan,nan,nan,nan,nan,nan,nan,nan,nan,nan,nan,nan,nan,nan,nan,nan,nan,nan,nan,nan,nan,nan,nan,-1.090556812286376953e+01,-7.733466625213623047e+00,-9.120280265808105469e+00,-5.935375213623046875e+00,-7.853800773620605469e+00,-6.928065776824951172e+00,-4.527002811431884766e+00,-4.379327774047851562e+00,nan,nan,nan,nan,nan,nan,nan,nan,nan,nan,nan,nan,nan,nan,nan,nan,nan,nan,nan,nan,nan,nan,nan,nan,nan,nan,nan,nan,nan,nan,nan,nan,nan,nan,nan,nan,nan,nan,nan,nan,nan,nan,nan,nan,nan,nan,nan,nan,nan,nan,nan,nan,nan,nan,nan,nan,nan,nan,nan,nan,nan,nan,nan,nan,nan,nan,nan,nan,nan,nan,2.169568061828613281e+00,1.359172224998474121e+00,5.495998859405517578e+00,8.628878593444824219e+00,1.115036201477050781e+01,6.686369776725769043e-01,nan,nan,nan,nan,nan,nan,nan,nan,nan,nan,nan,nan,nan,nan
nan,nan,nan,nan,nan,nan,nan,nan,nan,nan,nan,nan,nan,nan,nan,nan,nan,nan,nan,nan,nan,nan,nan,nan,nan,nan,nan,-1.320284748077392578e+01,-1.767486572265625000e+01,-1.090497303009033203e+01,-7.280576229095458984e+00,-6.562478065490722656e+00,-6.101401329040527344e+00,-3.505356073379516602e+00,-7.347884178161621094e+00,-4.652556419372558594e+00,nan,nan,nan,nan,nan,nan,nan,nan,nan,nan,nan,nan,nan,nan,nan,nan,nan,nan,nan,nan,nan,nan,nan,nan,nan,nan,nan,nan,nan,nan,nan,nan,nan,nan,nan,nan,nan,nan,nan,nan,nan,nan,nan,nan,nan,nan,nan,nan,nan,nan,nan,nan,nan,nan,nan,nan,nan,nan,nan,nan,nan,nan,nan,nan,nan,nan,nan,nan,-2.368512153625488281e+00,5.570150375366210938e+00,4.070749282836914062e+00,3.082205057144165039e+00,7.564664363861083984e+00,4.170529365539550781e+00,1.138319373130798340e+00,nan,nan,nan,nan,nan,nan,nan,nan,nan,nan,nan,nan,nan,nan
nan,nan,nan,nan,nan,nan,nan,nan,nan,nan,nan,nan,nan,nan,nan,nan,nan,nan,nan,nan,nan,nan,nan,nan,nan,nan,-1.091025733947753906e+01,-1.467555713653564453e+01,-1.476235389709472656e+01,-1.189178848266601562e+01,-7.842494487762451172e+00,-6.318833827972412109e+00,-5.955416202545166016e+00,-4.429540157318115234e+00,-5.535366058349609375e+00,-5.918484210968017578e+00,nan,nan,nan,nan,nan,nan,nan,nan,nan,nan,nan,nan,nan,nan,nan,nan,nan,nan,nan,nan,nan,nan,nan,nan,nan,nan,nan,nan,nan,nan,nan,nan,nan,nan,nan,nan,nan,nan,nan,nan,nan,nan,nan,nan,nan,nan,nan,nan,nan,nan,nan,nan,nan,nan,nan,nan,nan,nan,nan,nan,nan,nan,nan,nan,nan,nan,nan,-4.566248893737792969e+00,2.583504199981689453e+00,4.194693088531494141e+00,3.429486751556396484e+00,3.261786478105932474e-04,7.503010272979736328e+00,2.760237157344818115e-01,nan,nan,nan,nan,nan,nan,nan,nan,nan,nan,nan,nan,nan,nan,nan
nan,nan,nan,nan,nan,nan,nan,nan,nan,nan,nan,nan,nan,nan,nan,nan,nan,nan,nan,nan,nan,nan,nan,nan,nan,nan,-1.214113044738769531e+01,-1.255478477478027344e+01,-1.152103996276855469e+01,-1.382366371154785156e+01,-1.591467571258544922e+01,-5.790115356445312500e+00,-3.629958391189575195e+00,-3.698446989059448242e+00,-3.091331958770751953e+00,-3.613703966140747070e+00,-4.096354484558105469e+00,nan,nan,nan,nan,nan,nan,nan,nan,nan,nan,nan,nan,nan,nan,nan,nan,nan,nan,nan,nan,nan,nan,nan,nan,nan,nan,nan,nan,nan,nan,nan,nan,nan,nan,nan,nan,nan,nan,nan,nan,nan,nan,nan,nan,nan,nan,nan,nan,nan,nan,nan,nan,nan,nan,nan,nan,nan,nan,nan,nan,nan,nan,nan,nan,nan,2.941478252410888672e+00,3.178618431091308594e+00,5.151472091674804688e+00,7.877602577209472656e+00,1.327242255210876465e+00,4.821792602539062500e+00,3.075299739837646484e+00,2.951067924499511719e+00,2.738656520843505859e+00,nan,nan,nan,nan,nan,nan,nan,nan,nan,nan,nan,nan,nan,nan
nan,nan,nan,nan,nan,nan,nan,nan,nan,nan,nan,nan,nan,nan,nan,nan,nan,nan,nan,nan,nan,nan,nan,nan,nan,nan,nan,nan,nan,-1.457476997375488281e+01,-1.798523521423339844e+01,-6.673622608184814453e+00,-3.916265964508056641e+00,-2.239700078964233398e+00,-3.749672174453735352e+00,-2.841080665588378906e+00,-2.149878740310668945e+00,nan,nan,nan,nan,nan,nan,nan,nan,nan,nan,nan,nan,nan,nan,nan,nan,nan,nan,nan,nan,nan,nan,nan,nan,nan,nan,nan,nan,nan,nan,nan,nan,nan,nan,nan,nan,nan,nan,nan,nan,nan,nan,nan,nan,nan,nan,nan,nan,nan,nan,nan,nan,nan,nan,nan,nan,nan,nan,nan,nan,nan,nan,nan,nan,nan,4.477980136871337891e+00,2.116622924804687500e+00,6.109492301940917969e+00,7.259071826934814453e+00,7.491969585418701172e+00,2.021241188049316406e+00,nan,nan,nan,nan,nan,nan,nan,nan,nan,nan,nan,nan,nan,nan,nan,nan,nan
nan,nan,nan,nan,nan,nan,nan,nan,nan,nan,nan,nan,nan,nan,nan,nan,nan,nan,nan,nan,nan,nan,nan,nan,nan,nan,nan,nan,nan,-9.278403282165527344e+00,-1.198040580749511719e+01,-1.459651708602905273e+00,-4.536881923675537109e+00,-2.641300201416015625e+00,-3.426811218261718750e+00,-2.813616037368774414e+00,-2.872411966323852539e+00,-4.486891269683837891e+00,nan,nan,nan,nan,nan,nan,nan,nan,nan,nan,nan,nan,nan,nan,nan,nan,nan,nan,nan,nan,nan,nan,nan,nan,nan,nan,nan,nan,nan,nan,nan,nan,nan,nan,nan,nan,nan,nan,nan,nan,nan,nan,nan,nan,nan,nan,nan,nan,nan,nan,nan,nan,nan,nan,nan,nan,nan,nan,nan,nan,nan,nan,nan,nan,-3.332080268592108041e-06,3.698118209838867188e+00,6.005134582519531250e+00,3.751963675022125244e-01,-3.679380178451538086e+00,-9.803997993469238281e+00,nan,nan,nan,nan,nan,nan,nan,nan,nan,nan,nan,nan,nan,nan,nan,nan,nan
nan,nan,nan,nan,nan,nan,nan,nan,nan,nan,nan,nan,nan,nan,nan,nan,nan,nan,nan,nan,nan,nan,nan,nan,nan,nan,nan,nan,nan,nan,nan,-7.329802036285400391e+00,-4.288430690765380859e+00,-7.379621863365173340e-01,-4.632686138153076172e+00,-4.401426792144775391e+00,-4.777654170989990234e+00,-1.907550215721130371e+00,nan,nan,nan,nan,nan,nan,nan,nan,nan,nan,nan,nan,nan,nan,nan,nan,nan,nan,nan,nan,nan,nan,nan,nan,nan,nan,nan,nan,nan,nan,nan,nan,nan,nan,nan,nan,nan,nan,nan,nan,nan,nan,nan,nan,nan,nan,nan,nan,nan,nan,nan,nan,nan,nan,nan,nan,nan,nan,nan,nan,nan,nan,nan,nan,2.140448331832885742e+00,5.041195869445800781e+00,7.126718521118164062e+00,1.222931265830993652e+00,-3.433753967285156250e+00,3.154443740844726562e+00,nan,nan,nan,nan,nan,nan,nan,nan,nan,nan,nan,nan,nan,nan,nan,nan,nan
nan,nan,nan,nan,nan,nan,nan,nan,nan,nan,nan,nan,nan,nan,nan,nan,nan,nan,nan,nan,nan,nan,nan,nan,nan,nan,nan,nan,nan,nan,nan,nan,-6.775282859802246094e+00,-1.024182319641113281e+01,-6.549138545989990234e+00,-4.713138103485107422e+00,-5.797773361206054688e+00,-2.652210712432861328e+00,nan,nan,nan,nan,nan,nan,nan,nan,nan,nan,nan,nan,nan,nan,nan,nan,nan,nan,nan,nan,nan,nan,nan,nan,nan,nan,nan,nan,nan,nan,nan,nan,nan,nan,nan,nan,nan,nan,nan,nan,nan,nan,nan,nan,nan,nan,nan,nan,nan,nan,nan,nan,nan,nan,nan,nan,nan,nan,nan,nan,nan,nan,nan,nan,2.007421493530273438e+00,4.064697265625000000e+00,4.148682594299316406e+00,9.355333328247070312e+00,nan,3.667897701263427734e+00,nan,nan,nan,nan,nan,nan,nan,nan,nan,nan,nan,nan,nan,nan,nan,nan,nan
nan,nan,nan,nan,nan,nan,nan,nan,nan,nan,nan,nan,nan,nan,nan,nan,nan,nan,nan,nan,nan,nan,nan,nan,nan,nan,nan,nan,nan,nan,nan,nan,nan,-1.295874309539794922e+01,-1.023359107971191406e+01,-7.658908367156982422e+00,-7.904017925262451172e+00,-3.947107553482055664e+00,nan,nan,-1.460703372955322266e+00,nan,nan,nan,nan,nan,nan,nan,nan,nan,nan,nan,nan,nan,nan,nan,nan,nan,nan,nan,nan,nan,nan,nan,nan,nan,nan,nan,nan,nan,nan,nan,nan,nan,nan,nan,nan,nan,nan,nan,nan,nan,nan,nan,nan,nan,nan,nan,nan,nan,nan,nan,nan,nan,nan,nan,nan,nan,nan,nan,5.383782386779785156e+00,-1.261549830436706543e+00,2.984723806381225586e+00,5.826947212219238281e+00,5.117860317230224609e+00,nan,nan,nan,nan,nan,nan,nan,nan,nan,nan,nan,nan,nan,nan,nan,nan,nan,nan,nan,nan
nan,nan,nan,nan,nan,nan,nan,nan,nan,nan,nan,nan,nan,nan,nan,nan,nan,nan,nan,nan,nan,nan,nan,nan,nan,nan,nan,nan,nan,nan,nan,nan,nan,-1.293338489532470703e+01,-1.059118843078613281e+01,-8.404154777526855469e+00,-5.966525554656982422e+00,-1.002774000167846680e+00,-1.339129567146301270e+00,-5.647365093231201172e+00,5.494071245193481445e-01,8.904926776885986328e-01,nan,nan,nan,nan,nan,nan,nan,nan,nan,nan,nan,nan,nan,nan,nan,nan,nan,nan,nan,nan,nan,nan,nan,nan,nan,nan,nan,nan,nan,nan,nan,nan,nan,nan,nan,nan,nan,nan,nan,nan,nan,nan,nan,nan,nan,nan,nan,nan,nan,nan,nan,nan,nan,nan,nan,nan,nan,nan,-3.325803041458129883e+00,-7.509511196985840797e-04,4.260765552520751953e+00,9.109401702880859375e+00,6.207513809204101562e+00,nan,nan,nan,nan,nan,nan,nan,nan,nan,nan,nan,nan,nan,nan,nan,nan,nan,nan,nan,nan
nan,nan,nan,nan,nan,nan,nan,nan,nan,nan,nan,nan,nan,nan,nan,nan,nan,nan,nan,nan,nan,nan,nan,nan,nan,nan,nan,nan,nan,nan,nan,nan,nan,-1.039426612854003906e+01,-1.202414608001708984e+01,-8.147089004516601562e+00,-1.597514390945434570e+00,5.702620744705200195e-01,-5.611604690551757812e+00,-1.506756782531738281e+00,1.085661649703979492e+00,5.827554702758789062e+00,3.333364725112915039e+00,nan,nan,nan,nan,nan,nan,nan,nan,nan,nan,nan,nan,nan,nan,nan,nan,nan,nan,nan,nan,nan,nan,nan,nan,nan,nan,nan,nan,nan,nan,nan,nan,nan,nan,nan,nan,nan,nan,nan,nan,nan,nan,nan,nan,nan,nan,nan,nan,nan,nan,nan,nan,nan,nan,nan,5.673665046691894531e+00,-4.053503870964050293e-01,2.096844911575317383e+00,5.560739994049072266e+00,1.186965465545654297e+01,1.138189411163330078e+01,9.805371284484863281e+00,nan,nan,nan,nan,nan,nan,nan,nan,nan,nan,nan,nan,nan,nan,nan,nan,nan,nan,nan,nan
nan,nan,nan,nan,nan,nan,nan,nan,nan,nan,nan,nan,nan,nan,nan,nan,nan,nan,nan,nan,nan,nan,nan,nan,nan,nan,nan,nan,nan,nan,nan,nan,nan,-6.497807025909423828e+00,-7.930220127105712891e+00,-6.304200649261474609e+00,-4.467862606048583984e+00,-3.442517757415771484e+00,-3.846757650375366211e+00,-4.455501556396484375e+00,-3.089558839797973633e+00,1.031661987304687500e+00,2.459391355514526367e+00,-1.022248387336730957e+00,-1.400337934494018555e+00,-8.760367035865783691e-01,7.472253799438476562e+00,nan,nan,nan,nan,4.869143009185791016e+00,3.996189117431640625e+00,nan,nan,2.893521547317504883e+00,3.895137548446655273e+00,2.565727233886718750e+00,2.214135408401489258e+00,1.760223269462585449e+00,7.371414303779602051e-01,nan,nan,nan,nan,nan,nan,nan,nan,nan,nan,nan,nan,nan,nan,nan,nan,nan,nan,nan,nan,nan,nan,nan,nan,nan,nan,nan,nan,nan,nan,nan,nan,nan,nan,nan,nan,nan,6.320634841918945312e+00,5.265616774559020996e-01,2.711548089981079102e+00,1.740862846374511719e+01,1.733973121643066406e+01,1.462009334564208984e+01,9.133895874023437500e+00,nan,nan,nan,nan,nan,nan,nan,nan,nan,nan,nan,nan,nan,nan,nan,nan,nan,nan,nan,nan
nan,nan,nan,nan,nan,nan,nan,nan,nan,nan,nan,nan,nan,nan,nan,nan,nan,nan,nan,nan,nan,nan,nan,nan,nan,nan,nan,nan,nan,nan,nan,nan,nan,2.621661663055419922e+00,-1.274285674095153809e+00,-4.553695201873779297e+00,-2.865816593170166016e+00,-1.340947508811950684e+00,2.737773895263671875e+00,-2.494646459817886353e-01,-1.587180376052856445e+00,2.382561683654785156e+00,3.726132631301879883e+00,4.707492828369140625e+00,5.955993175506591797e+00,4.051526546478271484e+00,-1.780503988265991211e+00,-2.462663173675537109e+00,4.927344799041748047e+00,7.627019882202148438e+00,6.750254154205322266e+00,-6.015956401824951172e-01,1.800091862678527832e-01,1.031502723693847656e+00,2.892607927322387695e+00,1.376534223556518555e+00,5.072958946228027344e+00,9.240321159362792969e+00,6.693078517913818359e+00,5.399546623229980469e+00,1.718549489974975586e+00,8.397394180297851562e+00,-3.634213685989379883e+00,nan,nan,nan,nan,nan,-8.694747924804687500e+00,nan,nan,nan,nan,nan,nan,nan,nan,nan,nan,nan,nan,nan,nan,nan,nan,nan,nan,nan,nan,nan,nan,nan,nan,nan,nan,nan,nan,nan,nan,2.372254610061645508e+00,1.405173778533935547e+01,1.785064315795898438e+01,1.741755867004394531e+01,1.003758430480957031e+01,nan,nan,nan,nan,nan,nan,nan,nan,nan,nan,nan,nan,nan,nan,nan,nan,nan,nan,nan,nan,nan
nan,nan,nan,nan,nan,nan,nan,nan,nan,nan,nan,nan,nan,nan,nan,nan,nan,nan,nan,nan,nan,nan,nan,nan,nan,nan,nan,nan,nan,nan,nan,nan,nan,3.175797224044799805e+00,-2.924392461776733398e+00,-4.077995419502258301e-01,3.244367361068725586e+00,1.072587013244628906e+01,6.644927024841308594e+00,7.355068683624267578e+00,5.107059478759765625e+00,6.416176795959472656e+00,7.352375030517578125e+00,1.117005157470703125e+01,7.953948020935058594e+00,6.260425567626953125e+00,9.855562210083007812e+00,1.116744518280029297e+01,7.950758934020996094e+00,8.511821746826171875e+00,6.922248840332031250e+00,4.708621501922607422e+00,3.699452638626098633e+00,3.932268857955932617e+00,2.735527515411376953e+00,1.755017876625061035e+00,2.011634588241577148e+00,3.235961437225341797e+00,1.431845784187316895e+00,6.802349537611007690e-02,1.636444091796875000e+00,6.921894550323486328e-01,5.334194183349609375e+00,7.435243129730224609e+00,-1.179498004913330078e+01,-1.000315284729003906e+01,-8.104393005371093750e+00,-8.048831939697265625e+00,-8.134335517883300781e+00,nan,nan,nan,nan,nan,nan,nan,nan,nan,nan,nan,nan,nan,nan,nan,nan,nan,nan,nan,nan,nan,nan,nan,nan,nan,nan,nan,nan,nan,7.417062282562255859e+00,8.411116600036621094e+00,nan,9.720186233520507812e+00,1.874230575561523438e+01,1.057404899597167969e+01,nan,nan,nan,nan,nan,nan,nan,nan,nan,nan,nan,nan,nan,nan,nan,nan,nan,nan,nan,nan,nan
nan,nan,nan,nan,nan,nan,nan,nan,nan,nan,nan,nan,nan,nan,nan,nan,nan,nan,nan,nan,nan,nan,nan,nan,nan,nan,nan,nan,nan,nan,nan,nan,nan,1.544647455215454102e+00,-2.226828187704086304e-01,1.653932929039001465e+00,6.584784030914306641e+00,1.545688915252685547e+01,2.035084533691406250e+01,1.146021842956542969e+01,1.021177196502685547e+01,9.317816734313964844e+00,1.273795986175537109e+01,1.368025302886962891e+01,1.375665187835693359e+01,1.277171993255615234e+01,1.337137126922607422e+01,1.365710830688476562e+01,9.363532066345214844e+00,9.082565307617187500e+00,5.311472892761230469e+00,5.133467674255371094e+00,2.543099164962768555e+00,3.246606349945068359e+00,2.688948631286621094e+00,1.445634841918945312e+00,8.753102421760559082e-01,2.399055100977420807e-02,9.471032023429870605e-02,1.155341863632202148e+00,-2.531500101089477539e+00,-1.487240076065063477e+00,-2.181430339813232422e+00,-6.634980678558349609e+00,-1.158242988586425781e+01,-9.628287315368652344e+00,-5.723020076751708984e+00,nan,nan,nan,nan,nan,nan,nan,nan,nan,nan,nan,nan,nan,nan,nan,nan,nan,nan,nan,nan,nan,nan,nan,nan,nan,nan,nan,nan,nan,nan,nan,8.178054809570312500e+00,9.256774902343750000e+00,nan,nan,nan,1.209688091278076172e+01,nan,nan,nan,nan,nan,nan,nan,nan,nan,nan,nan,nan,nan,nan,nan,nan,nan,nan,nan,nan,nan
nan,nan,nan,nan,nan,nan,nan,nan,nan,nan,nan,nan,nan,nan,nan,nan,nan,nan,nan,nan,nan,nan,nan,nan,nan,nan,nan,nan,nan,nan,nan,nan,nan,1.215000343322753906e+01,3.563338994979858398e+00,1.040096664428710938e+01,1.425185585021972656e+01,1.603224563598632812e+01,1.685833740234375000e+01,1.842373847961425781e+01,1.871475219726562500e+01,1.549290657043457031e+01,1.553304576873779297e+01,1.565675926208496094e+01,1.649159240722656250e+01,1.633652305603027344e+01,1.520079040527343750e+01,1.640582466125488281e+01,1.715672111511230469e+01,1.293286132812500000e+01,1.036572933197021484e+01,6.713397979736328125e+00,6.092772960662841797e+00,5.215723037719726562e+00,2.632112503051757812e+00,1.100133776664733887e+00,-1.364909410476684570e+00,3.874276161193847656e+00,6.937075138092041016e+00,1.474280834197998047e+00,-5.371393203735351562e+00,-9.993511199951171875e+00,-1.651673698425292969e+01,-1.262404537200927734e+01,-1.576569461822509766e+01,-1.024625396728515625e+01,-7.597168445587158203e+00,-4.616842746734619141e+00,nan,nan,nan,nan,nan,nan,nan,nan,nan,nan,nan,nan,nan,nan,nan,nan,nan,nan,nan,nan,nan,nan,nan,nan,nan,nan,nan,nan,nan,6.439223766326904297e+00,8.658152580261230469e+00,nan,nan,nan,nan,nan,nan,nan,nan,nan,nan,nan,nan,nan,nan,nan,nan,nan,nan,nan,nan,nan,nan,nan,nan,nan,nan
nan,nan,nan,nan,nan,nan,nan,nan,nan,nan,nan,nan,nan,nan,nan,nan,nan,nan,nan,nan,nan,nan,nan,nan,nan,nan,nan,nan,nan,nan,nan,nan,nan,nan,1.730522155761718750e+01,1.657656669616699219e+01,2.404980278015136719e+01,1.977008438110351562e+01,1.874441146850585938e+01,2.274081420898437500e+01,1.966008377075195312e+01,1.940221405029296875e+01,1.854344940185546875e+01,2.095466232299804688e+01,1.768551635742187500e+01,1.679846000671386719e+01,1.557401275634765625e+01,1.583652782440185547e+01,1.608675956726074219e+01,1.386927700042724609e+01,1.278165340423583984e+01,8.710688591003417969e+00,7.371150016784667969e+00,5.179455280303955078e+00,9.959353804588317871e-01,-2.357733726501464844e+00,-2.091057300567626953e+00,-1.836044549942016602e+00,-2.596847057342529297e+00,-8.696241974830627441e-01,-4.913287639617919922e+00,-1.294358921051025391e+01,-1.745300102233886719e+01,-1.276294994354248047e+01,-1.266937732696533203e+01,-9.571127891540527344e+00,-7.705308914184570312e+00,-4.085797309875488281e+00,-7.279905319213867188e+00,nan,nan,nan,nan,nan,nan,nan,nan,nan,nan,nan,nan,nan,nan,nan,nan,nan,nan,nan,nan,nan,nan,nan,nan,nan,nan,4.679286479949951172e+00,4.510972023010253906e+00,7.466074466705322266e+00,nan,nan,nan,nan,nan,nan,nan,nan,nan,nan,nan,nan,nan,nan,nan,nan,nan,nan,nan,nan,nan,nan,nan,nan,nan,nan,nan
nan,nan,nan,nan,nan,nan,nan,nan,nan,nan,nan,nan,nan,nan,nan,nan,nan,nan,nan,nan,nan,nan,nan,nan,nan,nan,nan,nan,nan,nan,nan,nan,nan,nan,2.140636253356933594e+01,3.143263435363769531e+01,2.306856918334960938e+01,2.699028968811035156e+01,2.863101577758789062e+01,2.517222023010253906e+01,2.672130584716796875e+01,2.550634193420410156e+01,2.219166946411132812e+01,2.152219581604003906e+01,2.053500366210937500e+01,2.027189064025878906e+01,1.606748771667480469e+01,1.576252555847167969e+01,1.746621513366699219e+01,1.441654777526855469e+01,1.200292491912841797e+01,7.805006980895996094e+00,6.757820606231689453e+00,4.803675651550292969e+00,1.014169096946716309e+00,-1.421205639839172363e+00,-3.107312202453613281e+00,-3.942881107330322266e+00,-5.786094188690185547e+00,-5.978326320648193359e+00,-5.283504486083984375e+00,-6.616256713867187500e+00,-1.446896743774414062e+01,-1.057891368865966797e+01,-8.313637733459472656e+00,-7.278104782104492188e+00,-5.719162940979003906e+00,-2.879678010940551758e+00,nan,nan,nan,nan,nan,nan,nan,nan,nan,nan,nan,nan,nan,nan,nan,nan,nan,nan,nan,nan,nan,nan,nan,nan,nan,nan,nan,nan,2.880819797515869141e+00,4.959540843963623047e+00,nan,nan,nan,nan,nan,nan,nan,nan,nan,nan,nan,nan,nan,nan,nan,nan,nan,nan,nan,nan,nan,nan,nan,nan,nan,nan,nan
nan,nan,nan,nan,nan,nan,nan,nan,nan,nan,nan,nan,nan,nan,nan,nan,nan,nan,nan,nan,nan,nan,nan,nan,nan,nan,nan,nan,nan,nan,nan,nan,nan,nan,2.878375434875488281e+01,3.714922332763671875e+01,3.854593658447265625e+01,3.245309066772460938e+01,3.091986083984375000e+01,2.915680313110351562e+01,2.553635597229003906e+01,2.649552154541015625e+01,2.459807395935058594e+01,1.582828235626220703e+01,1.688715553283691406e+01,1.619684791564941406e+01,1.655159950256347656e+01,1.609724807739257812e+01,1.309224987030029297e+01,1.501849555969238281e+01,1.261823844909667969e+01,8.434823036193847656e+00,4.435418605804443359e+00,2.517841100692749023e+00,1.311896443367004395e+00,7.728101611137390137e-01,-1.889828324317932129e+00,-4.760985851287841797e+00,-6.157515048980712891e+00,-9.096451759338378906e+00,-8.976000785827636719e+00,-8.579911231994628906e+00,-1.244572734832763672e+01,-8.504573822021484375e+00,-7.072244644165039062e+00,-5.039607048034667969e+00,-3.746851921081542969e+00,nan,nan,nan,nan,nan,nan,nan,nan,nan,nan,nan,nan,nan,nan,nan,nan,nan,nan,nan,nan,nan,nan,nan,nan,nan,nan,nan,nan,4.739727973937988281e+00,4.815004825592041016e+00,nan,nan,nan,nan,nan,nan,nan,nan,nan,nan,nan,nan,nan,nan,nan,nan,nan,nan,nan,nan,nan,nan,nan,nan,nan,nan,nan,nan
nan,nan,nan,nan,nan,nan,nan,nan,nan,nan,nan,nan,nan,nan,nan,nan,nan,nan,nan,nan,nan,nan,nan,nan,nan,nan,nan,nan,nan,nan,nan,nan,3.497983551025390625e+01,2.849664306640625000e+01,4.111117553710937500e+01,3.863351440429687500e+01,4.181703948974609375e+01,4.039218521118164062e+01,3.634943008422851562e+01,3.097124671936035156e+01,2.297110748291015625e+01,2.988347816467285156e+01,3.017557144165039062e+01,2.396505737304687500e+01,1.959923362731933594e+01,1.761862373352050781e+01,1.752765846252441406e+01,1.449328422546386719e+01,1.238809394836425781e+01,1.390196609497070312e+01,1.226402759552001953e+01,5.992557525634765625e+00,5.162660598754882812e+00,2.156774044036865234e+00,4.066334366798400879e-01,-9.255858063697814941e-01,-3.051999568939208984e+00,-6.655316829681396484e+00,-1.517243576049804688e+01,-1.013282012939453125e+01,-1.227758216857910156e+01,-8.661434173583984375e+00,-8.000943183898925781e+00,-9.048470497131347656e+00,-7.594643592834472656e+00,-4.171531200408935547e+00,-9.212156295776367188e+00,nan,nan,nan,nan,nan,nan,nan,nan,nan,nan,nan,nan,nan,nan,nan,nan,nan,nan,nan,nan,nan,nan,nan,nan,nan,nan,nan,4.540302753448486328e+00,4.672986030578613281e+00,nan,nan,nan,nan,nan,nan,nan,nan,nan,nan,nan,nan,nan,nan,nan,nan,nan,nan,nan,nan,nan,nan,nan,nan,nan,nan,nan,nan,nan
nan,nan,nan,nan,nan,nan,nan,nan,nan,nan,nan,nan,nan,nan,nan,nan,nan,nan,nan,nan,nan,nan,nan,nan,nan,nan,nan,nan,nan,nan,nan,nan,2.449515342712402344e+01,3.340556716918945312e+01,3.975289154052734375e+01,3.990909957885742188e+01,3.804455947875976562e+01,4.029475021362304688e+01,3.268871307373046875e+01,3.510556793212890625e+01,3.217478561401367188e+01,3.379170608520507812e+01,3.041402053833007812e+01,2.934978294372558594e+01,2.523193931579589844e+01,2.196981811523437500e+01,1.631490516662597656e+01,1.720994186401367188e+01,1.530380344390869141e+01,1.584939670562744141e+01,1.007964706420898438e+01,5.806478977203369141e+00,4.900004863739013672e+00,4.538824081420898438e+00,-1.166381597518920898e+00,-3.531496763229370117e+00,-3.750357151031494141e+00,-7.518981933593750000e+00,-1.380314731597900391e+01,-1.244147968292236328e+01,-1.067426490783691406e+01,-8.492038726806640625e+00,-9.774161338806152344e+00,-8.144392013549804688e+00,-1.307719039916992188e+01,-6.302136898040771484e+00,nan,nan,nan,nan,nan,nan,nan,nan,nan,nan,nan,nan,nan,nan,nan,nan,nan,nan,nan,nan,nan,nan,nan,nan,nan,nan,nan,nan,4.445053100585937500e+00,4.605216026306152344e+00,nan,nan,nan,nan,nan,nan,nan,nan,nan,nan,nan,nan,nan,nan,nan,nan,nan,nan,nan,nan,nan,nan,nan,nan,nan,nan,nan,nan,nan
nan,nan,nan,nan,nan,nan,nan,nan,nan,nan,nan,nan,nan,nan,nan,nan,nan,nan,nan,nan,nan,nan,nan,nan,nan,nan,nan,nan,nan,nan,nan,nan,3.600616836547851562e+01,3.983030319213867188e+01,4.262815093994140625e+01,3.816655731201171875e+01,3.559418869018554688e+01,3.690355682373046875e+01,3.283852386474609375e+01,3.515736770629882812e+01,3.427713012695312500e+01,3.359288787841796875e+01,3.044012260437011719e+01,3.184881782531738281e+01,3.099553680419921875e+01,2.304984664916992188e+01,2.088612747192382812e+01,1.936951065063476562e+01,1.806085205078125000e+01,1.649165534973144531e+01,1.042024612426757812e+01,7.671926975250244141e+00,6.096445083618164062e+00,5.444415092468261719e+00,2.960560798645019531e+00,-3.209018945693969727e+00,-4.566030502319335938e+00,-6.104213237762451172e+00,-1.073881530761718750e+01,-1.105295276641845703e+01,-1.322649955749511719e+01,-1.382213115692138672e+01,-1.247279453277587891e+01,-1.432338523864746094e+01,-1.879789352416992188e+01,-9.445096969604492188e+00,-8.490290641784667969e+00,nan,nan,nan,nan,nan,nan,nan,nan,nan,nan,nan,nan,nan,nan,nan,nan,nan,nan,nan,nan,nan,nan,nan,nan,-1.325685977935791016e+00,nan,nan,3.482734918594360352e+00,nan,nan,nan,nan,nan,nan,nan,nan,nan,nan,nan,nan,nan,nan,nan,nan,nan,nan,nan,nan,nan,nan,nan,nan,nan,nan,nan,nan,nan,nan
nan,nan,nan,nan,nan,nan,nan,nan,nan,nan,nan,nan,nan,nan,nan,nan,nan,nan,nan,nan,nan,nan,nan,nan,nan,nan,nan,nan,nan,nan,nan,nan,3.526016616821289062e+01,4.524919128417968750e+01,4.828104019165039062e+01,4.123191452026367188e+01,4.469373703002929688e+01,4.258877944946289062e+01,3.296617507934570312e+01,3.781929397583007812e+01,3.618819427490234375e+01,3.727784729003906250e+01,3.214444732666015625e+01,2.994055747985839844e+01,3.129578018188476562e+01,2.762838935852050781e+01,2.310115814208984375e+01,2.107968521118164062e+01,1.610774040222167969e+01,1.385131263732910156e+01,1.385982894897460938e+01,8.974608421325683594e+00,7.823347568511962891e+00,7.521788597106933594e+00,5.790139675140380859e+00,3.782602787017822266e+00,-1.320938825607299805e+00,-6.415046215057373047e+00,-9.915626525878906250e+00,-9.338091850280761719e+00,-1.147557640075683594e+01,-1.322824764251708984e+01,-1.242555522918701172e+01,-1.211582660675048828e+01,-1.349163532257080078e+01,-1.253137969970703125e+01,-1.121028995513916016e+01,nan,nan,nan,nan,nan,nan,nan,nan,nan,nan,nan,nan,nan,nan,nan,nan,nan,nan,nan,nan,nan,nan,-5.167253494262695312e+00,-4.294249057769775391e+00,-2.893423557281494141e+00,-1.822929859161376953e+00,4.314608573913574219e-01,nan,nan,nan,nan,nan,nan,nan,nan,nan,nan,nan,nan,nan,nan,nan,nan,nan,nan,nan,nan,nan,nan,nan,nan,nan,nan,nan,nan,nan,nan,nan
nan,nan,nan,nan,nan,nan,nan,nan,nan,nan,nan,nan,nan,nan,nan,nan,nan,nan,nan,nan,nan,nan,nan,nan,nan,nan,nan,nan,nan,nan,nan,nan,3.794945526123046875e+01,5.474827194213867188e+01,5.939895629882812500e+01,5.481354522705078125e+01,5.264445495605468750e+01,4.769371032714843750e+01,3.548840332031250000e+01,3.608791732788085938e+01,3.639366531372070312e+01,3.578662490844726562e+01,3.112832641601562500e+01,2.802142524719238281e+01,2.886102104187011719e+01,2.937434005737304688e+01,2.289626502990722656e+01,1.916688156127929688e+01,1.446686935424804688e+01,1.310348796844482422e+01,1.187634372711181641e+01,1.068940353393554688e+01,8.134751319885253906e+00,6.989037513732910156e+00,5.314411640167236328e+00,4.229807853698730469e+00,-1.902343511581420898e+00,-5.305946350097656250e+00,-6.686061382293701172e+00,-6.566560268402099609e+00,-6.920540332794189453e+00,-1.019257831573486328e+01,-8.764749526977539062e+00,-7.405030250549316406e+00,-1.207118606567382812e+01,-1.217076396942138672e+01,-9.608338356018066406e+00,-7.196388244628906250e+00,-2.756629467010498047e+00,nan,nan,nan,nan,nan,nan,nan,nan,nan,nan,nan,nan,nan,nan,nan,nan,nan,nan,-7.796557426452636719e+00,-7.777204513549804688e+00,-2.216074466705322266e+00,4.084831714630126953e+00,-4.019993305206298828e+00,nan,nan,nan,nan,nan,nan,nan,nan,nan,nan,nan,nan,nan,nan,nan,nan,nan,nan,nan,nan,nan,nan,nan,nan,nan,nan,nan,nan,nan,nan,nan,nan,nan
nan,nan,nan,nan,nan,nan,nan,nan,nan,nan,nan,nan,nan,nan,nan,nan,nan,nan,nan,nan,nan,nan,nan,nan,nan,nan,nan,nan,nan,nan,nan,nan,4.467137527465820312e+01,4.965074539184570312e+01,5.702856445312500000e+01,5.628759384155273438e+01,4.146353149414062500e+01,4.554130935668945312e+01,3.548574447631835938e+01,3.639424133300781250e+01,3.823936080932617188e+01,3.669763565063476562e+01,3.224841690063476562e+01,2.916109657287597656e+01,2.833036994934082031e+01,3.268193435668945312e+01,2.152154350280761719e+01,1.559092903137207031e+01,8.865180015563964844e+00,8.314603805541992188e+00,9.858745574951171875e+00,9.198869705200195312e+00,7.933551788330078125e+00,3.661887168884277344e+00,3.663153886795043945e+00,3.768229722976684570e+00,-3.149487972259521484e-01,-1.109143853187561035e+00,-5.910226345062255859e+00,-5.227185249328613281e+00,-3.863572359085083008e+00,-5.786478042602539062e+00,-8.545291900634765625e+00,-7.748167991638183594e+00,-8.776609420776367188e+00,-1.126160049438476562e+01,-1.031377601623535156e+01,-5.909147262573242188e+00,-3.408618450164794922e+00,2.487251520156860352e+00,2.023935079574584961e+00,4.686462402343750000e+00,3.469571828842163086e+00,1.302051258087158203e+01,nan,nan,nan,nan,nan,nan,nan,4.617238521575927734e+00,8.410836219787597656e+00,-3.008688688278198242e+00,nan,nan,-8.327284812927246094e+00,-3.016947746276855469e+00,-1.669096827507019043e+00,-2.359846115112304688e+00,-7.156754493713378906e+00,nan,nan,nan,nan,nan,nan,nan,nan,nan,nan,nan,nan,nan,nan,nan,nan,nan,nan,nan,nan,nan,nan,nan,nan,nan,nan,nan,nan,nan,nan,nan,nan,nan,nan
nan,nan,nan,nan,nan,nan,nan,nan,nan,nan,nan,nan,nan,nan,nan,nan,nan,nan,nan,nan,nan,nan,nan,nan,nan,nan,nan,nan,nan,nan,nan,nan,nan,6.200447082519531250e+01,4.387462615966796875e+01,4.272534179687500000e+01,2.353692436218261719e+01,4.224304962158203125e+01,4.311981201171875000e+01,3.861046600341796875e+01,3.738673782348632812e+01,3.730004501342773438e+01,3.150537490844726562e+01,3.019256210327148438e+01,2.962394332885742188e+01,2.397744560241699219e+01,1.646589851379394531e+01,1.504479217529296875e+01,8.264454841613769531e+00,8.148587226867675781e+00,9.145669937133789062e+00,1.141352844238281250e+01,1.085166835784912109e+01,7.776317119598388672e+00,6.646797657012939453e+00,3.536869525909423828e+00,8.670735955238342285e-01,-1.363668560981750488e+00,2.263100385665893555e+00,-3.673362016677856445e+00,-1.191515803337097168e+00,-2.952057600021362305e+00,-5.541556358337402344e+00,-5.600446224212646484e+00,-7.063694477081298828e+00,-7.005054473876953125e+00,-1.637967348098754883e+00,-3.914389371871948242e+00,-2.693618774414062500e+00,6.283189654350280762e-01,4.868707656860351562e+00,9.476372718811035156e+00,1.038216304779052734e+01,1.080716991424560547e+01,1.506052207946777344e+01,2.118923568725585938e+01,2.452073860168457031e+01,2.782448005676269531e+01,2.455873298645019531e+01,1.574069023132324219e+01,7.598800182342529297e+00,9.045083045959472656e+00,5.823976039886474609e+00,4.768868923187255859e+00,-9.722772598266601562e+00,-7.070074558258056641e+00,-1.717672920227050781e+01,-6.596597194671630859e+00,-5.430363178253173828e+00,nan,-8.113042831420898438e+00,nan,nan,nan,nan,nan,nan,nan,nan,nan,nan,nan,nan,nan,nan,nan,nan,nan,nan,nan,nan,nan,nan,nan,nan,nan,nan,nan,nan,nan,nan,nan,nan,nan,nan
nan,nan,nan,nan,nan,nan,nan,nan,nan,nan,nan,nan,nan,nan,nan,nan,nan,nan,nan,nan,nan,nan,nan,nan,nan,nan,nan,nan,nan,nan,nan,nan,nan,4.545446014404296875e+01,4.399403381347656250e+01,3.293949127197265625e+01,3.129829978942871094e+01,4.181338119506835938e+01,4.184756088256835938e+01,3.844188690185546875e+01,3.666090774536132812e+01,3.397316741943359375e+01,3.545137405395507812e+01,3.541043472290039062e+01,3.086727523803710938e+01,2.036124038696289062e+01,1.744650840759277344e+01,1.414101409912109375e+01,9.454547882080078125e+00,6.881754875183105469e+00,8.374224662780761719e+00,9.121677398681640625e+00,1.130203151702880859e+01,9.660542488098144531e+00,7.143073558807373047e+00,4.579439640045166016e+00,-3.458859026432037354e-01,2.231591701507568359e+00,4.358898162841796875e+00,3.053165435791015625e+00,-9.058576822280883789e-01,-1.932230114936828613e+00,-1.752366781234741211e+00,-2.709298610687255859e+00,-4.237493038177490234e+00,-2.060205936431884766e+00,-1.963159255683422089e-02,-2.563992500305175781e+00,-3.808845996856689453e+00,1.043713092803955078e+00,9.289557456970214844e+00,1.010302925109863281e+01,1.346839809417724609e+01,1.285002231597900391e+01,1.796567535400390625e+01,2.304739379882812500e+01,2.494078063964843750e+01,2.398138809204101562e+01,1.971515655517578125e+01,1.797618484497070312e+01,6.492286205291748047e+00,9.796382904052734375e+00,5.608775138854980469e+00,-2.024584770202636719e+00,-6.608059883117675781e+00,-1.358330821990966797e+01,-1.325932788848876953e+01,-1.054777622222900391e+01,-1.557535171508789062e+01,nan,nan,nan,nan,nan,nan,nan,nan,nan,nan,nan,nan,nan,nan,nan,nan,nan,nan,nan,nan,nan,nan,nan,nan,nan,nan,nan,nan,nan,nan,nan,nan,nan,nan,nan,nan
nan,nan,nan,nan,nan,nan,nan,nan,nan,nan,nan,nan,nan,nan,nan,nan,nan,nan,nan,nan,nan,nan,nan,nan,nan,nan,nan,nan,nan,nan,nan,nan,nan,4.460967636108398438e+01,5.569977569580078125e+01,3.536217498779296875e+01,3.814763641357421875e+01,3.603633880615234375e+01,4.293143081665039062e+01,4.172561645507812500e+01,3.682699203491210938e+01,3.261031341552734375e+01,3.185165214538574219e+01,3.185615158081054688e+01,2.309888839721679688e+01,1.749055480957031250e+01,1.412137889862060547e+01,1.071077442169189453e+01,6.659277439117431641e+00,9.748573303222656250e+00,7.491432666778564453e+00,7.072443962097167969e+00,6.323949813842773438e+00,9.829771995544433594e+00,8.860846519470214844e+00,6.598529815673828125e+00,4.930771887302398682e-02,-1.180090188980102539e+00,3.831806421279907227e+00,4.182310104370117188e+00,3.713423252105712891e+00,-3.495868444442749023e+00,-2.711080074310302734e+00,2.762252807617187500e+00,-7.133919596672058105e-01,2.363762140274047852e+00,-3.411298274993896484e+00,-2.590289354324340820e+00,-3.584056854248046875e+00,4.315135955810546875e+00,1.152482700347900391e+01,1.427879333496093750e+01,1.792495536804199219e+01,1.574076461791992188e+01,1.670439910888671875e+01,1.873936843872070312e+01,2.284330558776855469e+01,2.363905143737792969e+01,1.346519184112548828e+01,6.430163383483886719e+00,2.359052181243896484e+00,7.468538284301757812e+00,1.615710377693176270e+00,-3.131022214889526367e+00,-1.843548011779785156e+01,-1.585785198211669922e+01,-1.744359016418457031e+01,-2.046621322631835938e+01,-1.215983581542968750e+01,nan,nan,nan,nan,nan,nan,nan,nan,nan,nan,nan,nan,nan,nan,nan,nan,nan,nan,nan,nan,nan,nan,nan,nan,nan,nan,nan,nan,nan,nan,nan,nan,nan,nan,nan,nan
nan,nan,nan,nan,nan,nan,nan,nan,nan,nan,nan,nan,nan,nan,nan,nan,nan,nan,nan,nan,nan,nan,nan,nan,nan,nan,nan,nan,nan,nan,nan,nan,nan,4.137306976318359375e+01,3.965153503417968750e+01,5.452004623413085938e+01,3.801297378540039062e+01,3.953288269042968750e+01,4.017342758178710938e+01,4.117089843750000000e+01,4.041341781616210938e+01,3.000471496582031250e+01,2.109462165832519531e+01,2.076273345947265625e+01,2.243794059753417969e+01,1.588392734527587891e+01,1.361985683441162109e+01,8.147728919982910156e+00,7.247284889221191406e+00,6.525174617767333984e+00,6.631836414337158203e+00,5.063920974731445312e+00,5.107723712921142578e+00,7.754610538482666016e+00,8.788195610046386719e+00,7.957730770111083984e+00,4.444905281066894531e+00,3.249337971210479736e-01,3.681127309799194336e+00,3.456096649169921875e+00,5.414347171783447266e+00,-2.765009701251983643e-01,9.095390439033508301e-01,4.781370639801025391e+00,5.116380691528320312e+00,4.329482555389404297e+00,3.958636283874511719e+00,3.694765090942382812e+00,7.848705768585205078e+00,9.486101150512695312e+00,1.202665996551513672e+01,1.391611957550048828e+01,nan,nan,1.174365615844726562e+01,7.231321811676025391e+00,1.074571037292480469e+01,1.366098117828369141e+01,-4.235238552093505859e+00,-4.667301654815673828e+00,-5.520822525024414062e+00,-4.145932674407958984e+00,2.612202167510986328e+00,-1.533990859985351562e+01,-1.444015216827392578e+01,-2.055426788330078125e+01,-3.082836723327636719e+01,-1.384610843658447266e+01,-1.369254112243652344e+01,nan,nan,nan,nan,nan,nan,nan,nan,nan,nan,nan,nan,nan,nan,nan,nan,nan,nan,nan,nan,nan,nan,nan,nan,nan,nan,nan,nan,nan,nan,nan,nan,nan,nan,nan,nan
nan,nan,nan,nan,nan,nan,nan,nan,nan,nan,nan,nan,nan,nan,nan,nan,nan,nan,nan,nan,nan,nan,nan,nan,nan,nan,nan,nan,nan,nan,nan,nan,nan,nan,3.575674438476562500e+01,3.468379974365234375e+01,3.347430801391601562e+01,3.743913269042968750e+01,2.942421531677246094e+01,2.965849113464355469e+01,3.152066802978515625e+01,2.311719322204589844e+01,1.041610527038574219e+01,1.845412635803222656e+01,2.018133544921875000e+01,1.640524101257324219e+01,1.147928714752197266e+01,9.987553596496582031e+00,9.732112884521484375e+00,5.735541820526123047e+00,7.086001873016357422e+00,7.622975826263427734e+00,7.158819675445556641e+00,7.567878723144531250e+00,7.970613956451416016e+00,8.939412117004394531e+00,6.622801780700683594e+00,6.015224456787109375e+00,7.294772624969482422e+00,4.657237052917480469e+00,1.969680786132812500e+00,7.205849647521972656e+00,8.123157501220703125e+00,1.052652931213378906e+01,8.871975898742675781e+00,1.015283775329589844e+01,1.181303024291992188e+01,1.487904071807861328e+01,1.263140869140625000e+01,9.385926246643066406e+00,9.207219123840332031e+00,8.844529151916503906e+00,1.213907623291015625e+01,4.237933635711669922e+00,nan,3.613187789916992188e+00,-9.911533594131469727e-01,3.820043802261352539e+00,-5.387113571166992188e+00,-1.244782829284667969e+01,-9.786718368530273438e+00,-1.224808120727539062e+01,-5.883253097534179688e+00,-4.194392776489257812e+01,nan,nan,-1.380531406402587891e+01,nan,nan,nan,nan,nan,nan,nan,nan,nan,nan,nan,nan,nan,nan,nan,nan,nan,nan,nan,nan,nan,nan,nan,nan,nan,nan,nan,nan,nan,nan,nan,nan,nan,nan,nan,nan,nan,nan
nan,nan,nan,nan,nan,nan,nan,nan,nan,nan,nan,nan,nan,nan,nan,nan,nan,nan,nan,nan,nan,nan,nan,nan,nan,nan,nan,nan,nan,nan,nan,nan,nan,nan,3.198685836791992188e+01,3.111092758178710938e+01,3.014879989624023438e+01,2.900543785095214844e+01,3.793394470214843750e+01,3.067208099365234375e+01,1.939490890502929688e+01,1.229314136505126953e+01,1.229483318328857422e+01,1.483709335327148438e+01,1.795009422302246094e+01,1.296290779113769531e+01,1.304928016662597656e+01,1.257166957855224609e+01,7.140490531921386719e+00,9.026481628417968750e+00,1.114275550842285156e+01,8.724884033203125000e+00,7.883192062377929688e+00,7.286323547363281250e+00,7.982990741729736328e+00,8.757726669311523438e+00,7.353612899780273438e+00,3.290827512741088867e+00,5.402086257934570312e+00,6.202427387237548828e+00,3.615730524063110352e+00,3.299929857254028320e+00,9.840199470520019531e+00,1.341075706481933594e+01,1.366914463043212891e+01,1.434830570220947266e+01,1.542897224426269531e+01,1.593264389038085938e+01,1.401994991302490234e+01,1.254361057281494141e+01,8.947222709655761719e+00,9.349902153015136719e+00,5.887303829193115234e+00,1.757827162742614746e+00,nan,nan,-9.390742301940917969e+00,-1.245611572265625000e+01,-8.939245223999023438e+00,-8.823334693908691406e+00,-5.771079063415527344e+00,-6.140902042388916016e+00,-8.158557891845703125e+00,-1.004076671600341797e+01,-1.220234489440917969e+01,nan,nan,nan,nan,nan,nan,nan,nan,nan,nan,nan,nan,nan,nan,nan,nan,nan,nan,nan,nan,nan,nan,nan,nan,nan,nan,nan,nan,nan,nan,nan,nan,nan,nan,nan,nan,nan,nan,nan,nan
nan,nan,nan,nan,nan,nan,nan,nan,nan,nan,nan,nan,nan,nan,nan,nan,nan,nan,nan,nan,nan,nan,nan,nan,nan,nan,nan,nan,nan,nan,nan,nan,nan,nan,2.826921653747558594e+01,3.483781051635742188e+01,3.046939659118652344e+01,2.582899475097656250e+01,1.749726104736328125e+01,1.921280097961425781e+01,1.343254947662353516e+01,9.078390121459960938e+00,1.138152313232421875e+01,1.584492301940917969e+01,7.333810329437255859e+00,5.146412849426269531e+00,9.077281951904296875e+00,1.089573478698730469e+01,5.075963973999023438e+00,6.606143951416015625e+00,7.906659126281738281e+00,8.329727172851562500e+00,9.385910034179687500e+00,6.197964668273925781e+00,2.021660089492797852e+00,4.454178333282470703e+00,6.635838985443115234e+00,4.346791267395019531e+00,5.358698844909667969e+00,7.369814872741699219e+00,3.790842294692993164e+00,4.278639316558837891e+00,4.787066936492919922e+00,1.000114536285400391e+01,1.554338645935058594e+01,1.641344451904296875e+01,1.851344680786132812e+01,1.712737655639648438e+01,1.327123355865478516e+01,1.345193481445312500e+01,1.080379009246826172e+01,-3.117575049400329590e-01,-8.862068176269531250e+00,-7.162440299987792969e+00,-8.554368972778320312e+00,-1.268793296813964844e+01,-1.932819938659667969e+01,-2.913662528991699219e+01,-2.805455017089843750e+01,nan,nan,nan,-1.101814937591552734e+01,nan,nan,nan,nan,nan,nan,nan,nan,nan,nan,nan,nan,nan,nan,nan,nan,nan,nan,nan,nan,nan,nan,nan,nan,nan,nan,nan,nan,nan,nan,nan,nan,nan,nan,nan,nan,nan,nan,nan,nan,nan,nan
nan,nan,nan,nan,nan,nan,nan,nan,nan,nan,nan,nan,nan,nan,nan,nan,nan,nan,nan,nan,nan,nan,nan,nan,nan,nan,nan,nan,nan,nan,nan,nan,nan,nan,2.429219818115234375e+01,2.527869796752929688e+01,3.275871276855468750e+01,1.865086936950683594e+01,1.775904083251953125e+01,1.946025276184082031e+01,1.563430976867675781e+01,1.751799964904785156e+01,1.937756156921386719e+01,1.437770462036132812e+01,9.952882766723632812e+00,5.786711692810058594e+00,7.034962177276611328e+00,8.727334976196289062e+00,9.780132770538330078e-01,-4.659205913543701172e+00,-3.543961048126220703e-01,3.655564069747924805e+00,5.955814361572265625e+00,2.034765243530273438e+00,1.157422423362731934e+00,3.938721418380737305e+00,-8.579133033752441406e+00,3.452017068862915039e+00,3.229119777679443359e+00,6.600925922393798828e-01,-8.685269355773925781e+00,-7.005810260772705078e+00,-1.183776557445526123e-01,4.443695068359375000e+00,1.451022720336914062e+01,1.880530929565429688e+01,1.963374328613281250e+01,1.787528991699218750e+01,1.272062492370605469e+01,6.356954574584960938e+00,-3.696254014968872070e+00,-6.569488048553466797e+00,-1.232479000091552734e+01,-1.276772594451904297e+01,-1.396699523925781250e+01,-2.036206436157226562e+01,-3.478966522216796875e+01,-2.138394927978515625e+01,nan,nan,nan,nan,nan,nan,nan,nan,nan,nan,nan,nan,nan,nan,nan,nan,nan,nan,nan,nan,nan,nan,nan,nan,nan,nan,nan,nan,nan,nan,nan,nan,nan,nan,nan,nan,nan,nan,nan,nan,nan,nan,nan,nan,nan,nan,nan
nan,nan,nan,nan,nan,nan,nan,nan,nan,nan,nan,nan,nan,nan,nan,nan,nan,nan,nan,nan,nan,nan,nan,nan,nan,nan,nan,nan,nan,nan,nan,nan,nan,nan,nan,2.458109855651855469e+01,1.904777908325195312e+01,1.749099922180175781e+01,2.005294227600097656e+01,1.991843795776367188e+01,1.666888046264648438e+01,1.644830894470214844e+01,1.402301597595214844e+01,1.833939075469970703e+00,4.203818798065185547e+00,4.226061344146728516e+00,6.825098514556884766e+00,7.863237380981445312e+00,-4.170656681060791016e+00,-8.085858345031738281e+00,-8.529307246208190918e-01,4.806716442108154297e+00,8.652094006538391113e-01,4.747146964073181152e-01,4.655866026878356934e-01,-1.863917469978332520e+00,-7.678581237792968750e+00,1.143114877777406946e-05,2.796090841293334961e+00,-2.614884138107299805e+00,-1.460718750953674316e+00,-3.675958812236785889e-01,5.759245395660400391e+00,7.461614131927490234e+00,1.082280921936035156e+01,2.073823547363281250e+01,2.093897438049316406e+01,1.747424697875976562e+01,4.081443786621093750e+00,-7.807590007781982422e+00,-9.745532989501953125e+00,-1.919835281372070312e+01,-1.676698303222656250e+01,-2.570737457275390625e+01,-2.886191749572753906e+01,-3.168913269042968750e+01,-4.097042846679687500e+01,nan,nan,nan,nan,-1.968089103698730469e+01,nan,nan,nan,nan,nan,nan,nan,nan,nan,nan,nan,nan,nan,nan,nan,nan,nan,nan,nan,nan,nan,nan,nan,nan,nan,nan,nan,nan,nan,nan,nan,nan,nan,nan,nan,nan,nan,nan,nan,nan,nan,nan,nan
nan,nan,nan,nan,nan,nan,nan,nan,nan,nan,nan,nan,nan,nan,nan,nan,nan,nan,nan,nan,nan,nan,nan,nan,nan,nan,nan,nan,nan,nan,nan,nan,nan,nan,nan,2.157086944580078125e+01,1.511740112304687500e+01,1.465380477905273438e+01,1.404251766204833984e+01,1.273884391784667969e+01,1.580605506896972656e+01,nan,nan,nan,nan,5.916878700256347656e+00,1.512130379676818848e+00,-9.310824394226074219e+00,-1.098742198944091797e+01,-1.239408779144287109e+01,-9.056018829345703125e+00,-9.828052520751953125e+00,-9.741803407669067383e-01,-1.426270842552185059e+00,-3.532739639282226562e+00,2.631883833049616928e-15,-1.433343410491943359e+01,-1.207684707641601562e+01,-1.224385499954223633e+00,7.336846828460693359e+00,3.669640779495239258e+00,4.240950584411621094e+00,7.052289009094238281e+00,9.983656883239746094e+00,1.268485927581787109e+01,9.156640052795410156e+00,1.861490631103515625e+01,6.239444255828857422e+00,-8.500526428222656250e+00,-1.414812469482421875e+01,-6.755937099456787109e+00,-2.424809074401855469e+01,-3.217524719238281250e+01,-2.982044982910156250e+01,-3.793310928344726562e+01,-4.276997375488281250e+01,-4.305667114257812500e+01,-3.813368606567382812e+01,nan,nan,nan,-2.549158287048339844e+01,nan,nan,nan,nan,nan,nan,nan,nan,nan,nan,nan,nan,nan,nan,nan,nan,nan,nan,nan,nan,nan,nan,nan,nan,nan,nan,nan,nan,nan,nan,nan,nan,nan,nan,nan,nan,nan,nan,nan,nan,nan,nan,nan
nan,nan,nan,nan,nan,nan,nan,nan,nan,nan,nan,nan,nan,nan,nan,nan,nan,nan,nan,nan,nan,nan,nan,nan,nan,nan,nan,nan,nan,nan,nan,nan,nan,nan,nan,2.272758865356445312e+01,1.562587833404541016e+01,9.268073081970214844e+00,6.952331066131591797e+00,1.645817565917968750e+01,nan,nan,nan,nan,nan,nan,nan,5.991828441619873047e-01,-4.031664133071899414e-01,-1.167609572410583496e+00,-1.676382660865783691e+00,-1.984710311889648438e+01,-3.242625474929809570e+00,-3.710489749908447266e+00,-1.425901055335998535e+00,-7.776724696159362793e-01,-1.974224853515625000e+01,-1.824614334106445312e+01,1.273402124643325806e-01,-1.614727377891540527e+00,1.203060075640678406e-01,nan,nan,nan,9.015842437744140625e+00,7.936625957489013672e+00,5.859372138977050781e+00,-2.106824517250061035e-01,-7.025413036346435547e+00,-1.448026847839355469e+01,-1.209902000427246094e+01,-2.040099525451660156e+01,-3.409624862670898438e+01,-4.367165756225585938e+01,-5.274773788452148438e+01,-4.662339782714843750e+01,-4.289385986328125000e+01,-3.943352890014648438e+01,-3.888352203369140625e+01,-3.895651626586914062e+01,nan,nan,nan,nan,nan,nan,nan,nan,nan,nan,nan,nan,nan,nan,nan,nan,nan,nan,nan,nan,nan,nan,nan,nan,nan,nan,nan,nan,nan,nan,nan,nan,nan,nan,nan,nan,nan,nan,nan,nan,nan,nan,nan,nan,nan
nan,nan,nan,nan,nan,nan,nan,nan,nan,nan,nan,nan,nan,nan,nan,nan,nan,nan,nan,nan,nan,nan,nan,nan,nan,nan,nan,nan,nan,nan,nan,nan,nan,nan,nan,1.711658668518066406e+01,7.329136371612548828e+00,1.654363059997558594e+01,1.636756134033203125e+01,nan,nan,nan,nan,nan,nan,nan,nan,nan,nan,nan,nan,nan,-5.849070549011230469e+00,nan,nan,-5.760222911834716797e+00,-2.128147125244140625e+01,-5.159507274627685547e+00,nan,nan,nan,nan,nan,nan,nan,nan,3.612659454345703125e+00,4.336650669574737549e-01,-2.367632627487182617e+00,-1.446992778778076172e+01,-1.806967926025390625e+01,-1.979117774963378906e+01,-2.576556587219238281e+01,-3.064921188354492188e+01,-5.890311431884765625e+01,-5.265004348754882812e+01,-4.200974655151367188e+01,-4.078591156005859375e+01,nan,nan,nan,nan,nan,nan,nan,nan,nan,nan,nan,nan,nan,nan,nan,nan,nan,nan,nan,nan,nan,nan,nan,nan,nan,nan,nan,nan,nan,nan,nan,nan,nan,nan,nan,nan,nan,nan,nan,nan,nan,nan,nan,nan,nan,nan,nan
nan,nan,nan,nan,nan,nan,nan,nan,nan,nan,nan,nan,nan,nan,nan,nan,nan,nan,nan,nan,nan,nan,nan,nan,nan,nan,nan,nan,nan,nan,nan,nan,nan,nan,nan,nan,nan,nan,nan,nan,nan,nan,nan,nan,nan,nan,nan,nan,nan,nan,nan,nan,nan,nan,nan,nan,nan,nan,nan,nan,nan,nan,nan,nan,nan,nan,nan,nan,nan,nan,nan,nan,nan,nan,nan,nan,nan,nan,nan,nan,nan,nan,nan,nan,nan,nan,nan,nan,nan,nan,nan,nan,nan,nan,nan,nan,nan,nan,nan,nan,nan,nan,nan,nan,nan,nan,nan,nan,nan,nan,nan,nan,nan,nan,nan,nan,nan,nan,nan,nan,nan,nan,nan,nan,nan
nan,nan,nan,nan,nan,nan,nan,nan,nan,nan,nan,nan,nan,nan,nan,nan,nan,nan,nan,nan,nan,nan,nan,nan,nan,nan,nan,nan,nan,nan,nan,nan,nan,nan,nan,nan,nan,nan,nan,nan,nan,nan,nan,nan,nan,nan,nan,nan,nan,nan,nan,nan,nan,nan,nan,nan,nan,nan,nan,nan,nan,nan,nan,nan,nan,nan,nan,nan,nan,nan,nan,nan,nan,nan,nan,nan,nan,nan,nan,nan,nan,nan,nan,nan,nan,nan,nan,nan,nan,nan,nan,nan,nan,nan,nan,nan,nan,nan,nan,nan,nan,nan,nan,nan,nan,nan,nan,nan,nan,nan,nan,nan,nan,nan,nan,nan,nan,nan,nan,nan,nan,nan,nan,nan,nan
nan,nan,nan,nan,nan,nan,nan,nan,nan,nan,nan,nan,nan,nan,nan,nan,nan,nan,nan,nan,nan,nan,nan,nan,nan,nan,nan,nan,nan,nan,nan,nan,nan,nan,nan,nan,nan,nan,nan,nan,nan,nan,nan,nan,nan,nan,nan,nan,nan,nan,nan,nan,nan,nan,nan,nan,nan,nan,nan,nan,nan,nan,nan,nan,nan,nan,nan,nan,nan,nan,nan,nan,nan,nan,nan,nan,nan,nan,nan,nan,nan,nan,nan,nan,nan,nan,nan,nan,nan,nan,nan,nan,nan,nan,nan,nan,nan,nan,nan,nan,nan,nan,nan,nan,nan,nan,nan,nan,nan,nan,nan,nan,nan,nan,nan,nan,nan,nan,nan,nan,nan,nan,nan,nan,nan
nan,nan,nan,nan,nan,nan,nan,nan,nan,nan,nan,nan,nan,nan,nan,nan,nan,nan,nan,nan,nan,nan,nan,nan,nan,nan,nan,nan,nan,nan,nan,nan,nan,nan,nan,nan,nan,nan,nan,nan,nan,nan,nan,nan,nan,nan,nan,nan,nan,nan,nan,nan,nan,nan,nan,nan,nan,nan,nan,nan,nan,nan,nan,nan,nan,nan,nan,nan,nan,nan,nan,nan,nan,nan,nan,nan,nan,nan,nan,nan,nan,nan,nan,nan,nan,nan,nan,nan,nan,nan,nan,nan,nan,nan,nan,nan,nan,nan,nan,nan,nan,nan,nan,nan,nan,nan,nan,nan,nan,nan,nan,nan,nan,nan,nan,nan,nan,nan,nan,nan,nan,nan,nan,nan,nan
nan,nan,nan,nan,nan,nan,nan,nan,nan,nan,nan,nan,nan,nan,nan,nan,nan,nan,nan,nan,nan,nan,nan,nan,nan,nan,nan,nan,nan,nan,nan,nan,nan,nan,nan,nan,nan,nan,nan,nan,nan,nan,nan,nan,nan,nan,nan,nan,nan,nan,nan,nan,nan,nan,nan,nan,nan,nan,nan,nan,nan,nan,nan,nan,nan,nan,nan,nan,nan,nan,nan,nan,nan,nan,nan,nan,nan,nan,nan,nan,nan,nan,nan,nan,nan,nan,nan,nan,nan,nan,nan,nan,nan,nan,nan,nan,nan,nan,nan,nan,nan,nan,nan,nan,nan,nan,nan,nan,nan,nan,nan,nan,nan,nan,nan,nan,nan,nan,nan,nan,nan,nan,nan,nan,nan
nan,nan,nan,nan,nan,nan,nan,nan,nan,nan,nan,nan,nan,nan,nan,nan,nan,nan,nan,nan,nan,nan,nan,nan,nan,nan,nan,nan,nan,nan,nan,nan,nan,nan,nan,nan,nan,nan,nan,nan,nan,nan,nan,nan,nan,nan,nan,nan,nan,nan,nan,nan,nan,nan,nan,nan,nan,nan,nan,nan,nan,nan,nan,nan,nan,nan,nan,nan,nan,nan,nan,nan,nan,nan,nan,nan,nan,nan,nan,nan,nan,nan,nan,nan,nan,nan,nan,nan,nan,nan,nan,nan,nan,nan,nan,nan,nan,nan,nan,nan,nan,nan,nan,nan,nan,nan,nan,nan,nan,nan,nan,nan,nan,nan,nan,nan,nan,nan,nan,nan,nan,nan,nan,nan,nan
nan,nan,nan,nan,nan,nan,nan,nan,nan,nan,nan,nan,nan,nan,nan,nan,nan,nan,nan,nan,nan,nan,nan,nan,nan,nan,nan,nan,nan,nan,nan,nan,nan,nan,nan,nan,nan,nan,nan,nan,nan,nan,nan,nan,nan,nan,nan,nan,nan,nan,nan,nan,nan,nan,nan,nan,nan,nan,nan,nan,nan,nan,nan,nan,nan,nan,nan,nan,nan,nan,nan,nan,nan,nan,nan,nan,nan,nan,nan,nan,nan,nan,nan,nan,nan,nan,nan,nan,nan,nan,nan,nan,nan,nan,nan,nan,nan,nan,nan,nan,nan,nan,nan,nan,nan,nan,nan,nan,nan,nan,nan,nan,nan,nan,nan,nan,nan,nan,nan,nan,nan,nan,nan,nan,nan
nan,nan,nan,nan,nan,nan,nan,nan,nan,nan,nan,nan,nan,nan,nan,nan,nan,nan,nan,nan,nan,nan,nan,nan,nan,nan,nan,nan,nan,nan,nan,nan,nan,nan,nan,nan,nan,nan,nan,nan,nan,nan,nan,nan,nan,nan,nan,nan,nan,nan,nan,nan,nan,nan,nan,nan,nan,nan,nan,nan,nan,nan,nan,nan,nan,nan,nan,nan,nan,nan,nan,nan,nan,nan,nan,nan,nan,nan,nan,nan,nan,nan,nan,nan,nan,nan,nan,nan,nan,nan,nan,nan,nan,nan,nan,nan,nan,nan,nan,nan,nan,nan,nan,nan,nan,nan,nan,nan,nan,nan,nan,nan,nan,nan,nan,nan,nan,nan,nan,nan,nan,nan,nan,nan,nan
nan,nan,nan,nan,nan,nan,nan,nan,nan,nan,nan,nan,nan,nan,nan,nan,nan,nan,nan,nan,nan,nan,nan,nan,nan,nan,nan,nan,nan,nan,nan,nan,nan,nan,nan,nan,nan,nan,nan,nan,nan,nan,nan,nan,nan,nan,nan,nan,nan,nan,nan,nan,nan,nan,nan,nan,nan,nan,nan,nan,nan,nan,nan,nan,nan,nan,nan,nan,nan,nan,nan,nan,nan,nan,nan,nan,nan,nan,nan,nan,nan,nan,nan,nan,nan,nan,nan,nan,nan,nan,nan,nan,nan,nan,nan,nan,nan,nan,nan,nan,nan,nan,nan,nan,nan,nan,nan,nan,nan,nan,nan,nan,nan,nan,nan,nan,nan,nan,nan,nan,nan,nan,nan,nan,nan
nan,nan,nan,nan,nan,nan,nan,nan,nan,nan,nan,nan,nan,nan,nan,nan,nan,nan,nan,nan,nan,nan,nan,nan,nan,nan,nan,nan,nan,nan,nan,nan,nan,nan,nan,nan,nan,nan,nan,nan,nan,nan,nan,nan,nan,nan,nan,nan,nan,nan,nan,nan,nan,nan,nan,nan,nan,nan,nan,nan,nan,nan,nan,nan,nan,nan,nan,nan,nan,nan,nan,nan,nan,nan,nan,nan,nan,nan,nan,nan,nan,nan,nan,nan,nan,nan,nan,nan,nan,nan,nan,nan,nan,nan,nan,nan,nan,nan,nan,nan,nan,nan,nan,nan,nan,nan,nan,nan,nan,nan,nan,nan,nan,nan,nan,nan,nan,nan,nan,nan,nan,nan,nan,nan,nan
nan,nan,nan,nan,nan,nan,nan,nan,nan,nan,nan,nan,nan,nan,nan,nan,nan,nan,nan,nan,nan,nan,nan,nan,nan,nan,nan,nan,nan,nan,nan,nan,nan,nan,nan,nan,nan,nan,nan,nan,nan,nan,nan,nan,nan,nan,nan,nan,nan,nan,nan,nan,nan,nan,nan,nan,nan,nan,nan,nan,nan,nan,nan,nan,nan,nan,nan,nan,nan,nan,nan,nan,nan,nan,nan,nan,nan,nan,nan,nan,nan,nan,nan,nan,nan,nan,nan,nan,nan,nan,nan,nan,nan,nan,nan,nan,nan,nan,nan,nan,nan,nan,nan,nan,nan,nan,nan,nan,nan,nan,nan,nan,nan,nan,nan,nan,nan,nan,nan,nan,nan,nan,nan,nan,nan
nan,nan,nan,nan,nan,nan,nan,nan,nan,nan,nan,nan,nan,nan,nan,nan,nan,nan,nan,nan,nan,nan,nan,nan,nan,nan,nan,nan,nan,nan,nan,nan,nan,nan,nan,nan,nan,nan,nan,nan,nan,nan,nan,nan,nan,nan,nan,nan,nan,nan,nan,nan,nan,nan,nan,nan,nan,nan,nan,nan,nan,nan,nan,nan,nan,nan,nan,nan,nan,nan,nan,nan,nan,nan,nan,nan,nan,nan,nan,nan,nan,nan,nan,nan,nan,nan,nan,nan,nan,nan,nan,nan,nan,nan,nan,nan,nan,nan,nan,nan,nan,nan,nan,nan,nan,nan,nan,nan,nan,nan,nan,nan,nan,nan,nan,nan,nan,nan,nan,nan,nan,nan,nan,nan,nan
nan,nan,nan,nan,nan,nan,nan,nan,nan,nan,nan,nan,nan,nan,nan,nan,nan,nan,nan,nan,nan,nan,nan,nan,nan,nan,nan,nan,nan,nan,nan,nan,nan,nan,nan,nan,nan,nan,nan,nan,nan,nan,nan,nan,nan,nan,nan,nan,nan,nan,nan,nan,nan,nan,nan,nan,nan,nan,nan,nan,nan,nan,nan,nan,nan,nan,nan,nan,nan,nan,nan,nan,nan,nan,nan,nan,nan,nan,nan,nan,nan,nan,nan,nan,nan,nan,nan,nan,nan,nan,nan,nan,nan,nan,nan,nan,nan,nan,nan,nan,nan,nan,nan,nan,nan,nan,nan,nan,nan,nan,nan,nan,nan,nan,nan,nan,nan,nan,nan,nan,nan,nan,nan,nan,nan
nan,nan,nan,nan,nan,nan,nan,nan,nan,nan,nan,nan,nan,nan,nan,nan,nan,nan,nan,nan,nan,nan,nan,nan,nan,nan,nan,nan,nan,nan,nan,nan,nan,nan,nan,nan,nan,nan,nan,nan,nan,nan,nan,nan,nan,nan,nan,nan,nan,nan,nan,nan,nan,nan,nan,nan,nan,nan,nan,nan,nan,nan,nan,nan,nan,nan,nan,nan,nan,nan,nan,nan,nan,nan,nan,nan,nan,nan,nan,nan,nan,nan,nan,nan,nan,nan,nan,nan,nan,nan,nan,nan,nan,nan,nan,nan,nan,nan,nan,nan,nan,nan,nan,nan,nan,nan,nan,nan,nan,nan,nan,nan,nan,nan,nan,nan,nan,nan,nan,nan,nan,nan,nan,nan,nan
nan,nan,nan,nan,nan,nan,nan,nan,nan,nan,nan,nan,nan,nan,nan,nan,nan,nan,nan,nan,nan,nan,nan,nan,nan,nan,nan,nan,nan,nan,nan,nan,nan,nan,nan,nan,nan,nan,nan,nan,nan,nan,nan,nan,nan,nan,nan,nan,nan,nan,nan,nan,nan,nan,nan,nan,nan,nan,nan,nan,nan,nan,nan,nan,nan,nan,nan,nan,nan,nan,nan,nan,nan,nan,nan,nan,nan,nan,nan,nan,nan,nan,nan,nan,nan,nan,nan,nan,nan,nan,nan,nan,nan,nan,nan,nan,nan,nan,nan,nan,nan,nan,nan,nan,nan,nan,nan,nan,nan,nan,nan,nan,nan,nan,nan,nan,nan,nan,nan,nan,nan,nan,nan,nan,nan
nan,nan,nan,nan,nan,nan,nan,nan,nan,nan,nan,nan,nan,nan,nan,nan,nan,nan,nan,nan,nan,nan,nan,nan,nan,nan,nan,nan,nan,nan,nan,nan,nan,nan,nan,nan,nan,nan,nan,nan,nan,nan,nan,nan,nan,nan,nan,nan,nan,nan,nan,nan,nan,nan,nan,nan,nan,nan,nan,nan,nan,nan,nan,nan,nan,nan,nan,nan,nan,nan,nan,nan,nan,nan,nan,nan,nan,nan,nan,nan,nan,nan,nan,nan,nan,nan,nan,nan,nan,nan,nan,nan,nan,nan,nan,nan,nan,nan,nan,nan,nan,nan,nan,nan,nan,nan,nan,nan,nan,nan,nan,nan,nan,nan,nan,nan,nan,nan,nan,nan,nan,nan,nan,nan,nan
