nan,nan,nan,nan,nan,nan,nan,nan,nan,nan,nan,nan,nan,nan,nan,nan,nan,nan,nan,nan,nan,nan,nan,nan,nan,nan,nan,nan,nan,nan,nan,nan,nan,nan,nan,nan,nan,nan,nan,nan,nan,nan,nan,nan,nan,nan,nan,nan,nan,nan,nan,nan,nan,nan,nan,nan,nan,nan,nan,nan,nan,nan,nan,nan,nan,nan,nan,nan,nan,nan,nan,nan,nan,nan,nan,nan,nan,nan,nan,nan,nan,nan,nan,nan,nan,nan,nan,nan,nan,nan,nan,nan,nan,nan,nan,nan,nan,nan,nan,nan,nan,nan,nan,nan,nan,nan,nan,nan,nan,nan,nan,nan,nan,nan,nan,nan,nan,nan,nan,nan,nan,nan,nan,nan,nan
nan,nan,nan,nan,nan,nan,nan,nan,nan,nan,nan,nan,nan,nan,nan,nan,nan,nan,nan,nan,nan,nan,nan,nan,nan,nan,nan,nan,nan,nan,nan,nan,nan,nan,nan,nan,nan,nan,nan,nan,nan,nan,nan,nan,nan,nan,nan,nan,nan,nan,nan,nan,nan,nan,nan,nan,nan,nan,nan,nan,nan,nan,nan,nan,nan,nan,nan,nan,nan,nan,nan,nan,nan,nan,nan,nan,nan,nan,nan,nan,nan,nan,nan,nan,nan,nan,nan,nan,nan,nan,nan,nan,nan,nan,nan,nan,nan,nan,nan,nan,nan,nan,nan,nan,nan,nan,nan,nan,nan,nan,nan,nan,nan,nan,nan,nan,nan,nan,nan,nan,nan,nan,nan,nan,nan
nan,nan,nan,nan,nan,nan,nan,nan,nan,nan,nan,nan,nan,nan,nan,nan,nan,nan,nan,nan,nan,nan,nan,nan,nan,nan,nan,nan,nan,nan,nan,nan,nan,nan,nan,nan,nan,nan,nan,nan,nan,nan,nan,nan,nan,nan,nan,nan,nan,nan,nan,nan,nan,nan,nan,nan,nan,nan,nan,nan,nan,nan,nan,nan,nan,nan,nan,nan,nan,nan,nan,nan,nan,nan,nan,nan,nan,nan,nan,nan,nan,nan,nan,nan,nan,nan,nan,nan,nan,nan,nan,nan,nan,nan,nan,nan,nan,nan,nan,nan,nan,nan,nan,nan,nan,nan,nan,nan,nan,nan,nan,nan,nan,nan,nan,nan,nan,nan,nan,nan,nan,nan,nan,nan,nan
nan,nan,nan,nan,nan,nan,nan,nan,nan,nan,nan,nan,nan,nan,nan,nan,nan,nan,nan,nan,nan,nan,nan,nan,nan,nan,nan,nan,nan,nan,nan,nan,nan,nan,nan,nan,nan,nan,nan,nan,nan,nan,nan,nan,nan,nan,nan,nan,nan,nan,nan,nan,nan,nan,nan,nan,nan,nan,nan,nan,nan,nan,nan,nan,nan,nan,nan,nan,nan,nan,nan,nan,nan,nan,nan,nan,nan,nan,nan,nan,nan,nan,nan,nan,nan,nan,nan,nan,nan,nan,nan,nan,nan,nan,nan,nan,nan,nan,nan,nan,nan,nan,nan,nan,nan,nan,nan,nan,nan,nan,nan,nan,nan,nan,nan,nan,nan,nan,nan,nan,nan,nan,nan,nan,nan
nan,nan,nan,nan,nan,nan,nan,nan,nan,nan,nan,nan,nan,nan,nan,nan,nan,nan,nan,nan,nan,nan,nan,nan,nan,nan,nan,nan,nan,nan,nan,nan,nan,nan,nan,nan,nan,nan,nan,nan,nan,nan,nan,nan,nan,nan,nan,nan,nan,nan,nan,nan,nan,nan,nan,nan,nan,nan,nan,nan,nan,nan,nan,nan,nan,nan,nan,nan,nan,nan,nan,nan,nan,nan,nan,nan,nan,nan,nan,nan,nan,nan,nan,nan,nan,nan,nan,nan,nan,nan,nan,nan,nan,nan,nan,nan,nan,nan,nan,nan,nan,nan,nan,nan,nan,nan,nan,nan,nan,nan,nan,nan,nan,nan,nan,nan,nan,nan,nan,nan,nan,nan,nan,nan,nan
nan,nan,nan,nan,nan,nan,nan,nan,nan,nan,nan,nan,nan,nan,nan,nan,nan,nan,nan,nan,nan,nan,nan,nan,nan,nan,nan,nan,nan,nan,nan,nan,nan,nan,nan,nan,nan,nan,nan,nan,nan,nan,nan,nan,nan,nan,nan,nan,nan,nan,nan,nan,nan,nan,nan,nan,nan,nan,nan,nan,nan,nan,nan,nan,nan,nan,nan,nan,nan,nan,nan,nan,nan,nan,nan,nan,nan,nan,nan,nan,nan,nan,nan,nan,nan,nan,nan,nan,nan,nan,nan,nan,nan,nan,nan,nan,nan,nan,nan,nan,nan,nan,nan,nan,nan,nan,nan,nan,nan,nan,nan,nan,nan,nan,nan,nan,nan,nan,nan,nan,nan,nan,nan,nan,nan
nan,nan,nan,nan,nan,nan,nan,nan,nan,nan,nan,nan,nan,nan,nan,nan,nan,nan,nan,nan,nan,nan,nan,nan,nan,nan,nan,nan,nan,nan,nan,nan,nan,nan,nan,nan,nan,nan,nan,nan,nan,nan,nan,nan,nan,nan,nan,nan,nan,nan,nan,nan,nan,nan,nan,nan,nan,nan,nan,nan,nan,nan,nan,nan,nan,nan,nan,nan,nan,nan,nan,nan,nan,nan,nan,nan,nan,nan,nan,nan,nan,nan,nan,nan,nan,nan,nan,nan,nan,nan,nan,nan,nan,nan,nan,nan,nan,nan,nan,nan,nan,nan,nan,nan,nan,nan,nan,nan,nan,nan,nan,nan,nan,nan,nan,nan,nan,nan,nan,nan,nan,nan,nan,nan,nan
nan,nan,nan,nan,nan,nan,nan,nan,nan,nan,nan,nan,nan,nan,nan,nan,nan,nan,nan,nan,nan,nan,nan,nan,nan,nan,nan,nan,nan,nan,nan,nan,nan,nan,nan,nan,nan,nan,nan,nan,nan,nan,nan,nan,nan,nan,nan,nan,nan,nan,nan,nan,nan,nan,nan,nan,nan,nan,nan,nan,nan,nan,nan,nan,nan,nan,nan,nan,nan,nan,nan,nan,nan,nan,nan,nan,nan,nan,nan,nan,nan,nan,nan,nan,nan,nan,nan,nan,nan,nan,nan,nan,nan,nan,nan,nan,nan,nan,nan,nan,nan,nan,nan,nan,nan,nan,nan,nan,nan,nan,nan,nan,nan,nan,nan,nan,nan,nan,nan,nan,nan,nan,nan,nan,nan
nan,nan,nan,nan,nan,nan,nan,nan,nan,nan,nan,nan,nan,nan,nan,nan,nan,nan,nan,nan,nan,nan,nan,nan,nan,nan,nan,nan,nan,nan,nan,nan,nan,nan,nan,nan,nan,nan,nan,nan,nan,nan,nan,nan,nan,nan,nan,nan,nan,nan,nan,nan,nan,nan,nan,nan,nan,nan,nan,nan,nan,nan,nan,nan,nan,nan,nan,nan,nan,nan,nan,nan,nan,nan,nan,nan,nan,nan,nan,nan,nan,nan,nan,nan,nan,nan,nan,nan,nan,nan,nan,nan,nan,nan,nan,nan,nan,nan,nan,nan,nan,nan,nan,nan,nan,nan,nan,nan,nan,nan,nan,nan,nan,nan,nan,nan,nan,nan,nan,nan,nan,nan,nan,nan,nan
nan,nan,nan,nan,nan,nan,nan,nan,nan,nan,nan,nan,nan,nan,nan,nan,nan,nan,nan,nan,nan,nan,nan,nan,nan,nan,nan,nan,nan,nan,nan,nan,nan,nan,nan,nan,nan,nan,nan,nan,nan,nan,nan,nan,nan,nan,nan,nan,nan,nan,nan,nan,nan,nan,nan,nan,nan,nan,nan,nan,nan,nan,nan,nan,nan,nan,nan,nan,nan,nan,nan,nan,nan,nan,nan,nan,nan,nan,nan,nan,nan,nan,nan,nan,nan,nan,nan,nan,nan,nan,nan,nan,nan,nan,nan,nan,nan,nan,nan,nan,nan,nan,nan,nan,nan,nan,nan,nan,nan,nan,nan,nan,nan,nan,nan,nan,nan,nan,nan,nan,nan,nan,nan,nan,nan
nan,nan,nan,nan,nan,nan,nan,nan,nan,nan,nan,nan,nan,nan,nan,nan,nan,nan,nan,nan,nan,nan,nan,nan,nan,nan,nan,nan,nan,nan,nan,nan,nan,nan,nan,nan,nan,nan,nan,nan,nan,nan,nan,nan,nan,nan,nan,nan,nan,nan,nan,nan,nan,nan,nan,nan,nan,nan,nan,nan,nan,nan,nan,nan,nan,nan,nan,nan,nan,nan,nan,nan,nan,nan,nan,nan,nan,nan,nan,nan,nan,nan,nan,nan,nan,nan,nan,nan,nan,nan,nan,nan,nan,nan,nan,nan,nan,nan,nan,nan,nan,nan,nan,nan,nan,nan,nan,nan,nan,nan,nan,nan,nan,nan,nan,nan,nan,nan,nan,nan,nan,nan,nan,nan,nan
nan,nan,nan,nan,nan,nan,nan,nan,nan,nan,nan,nan,nan,nan,nan,nan,nan,nan,nan,nan,nan,nan,nan,nan,nan,nan,nan,nan,nan,nan,nan,nan,nan,nan,nan,nan,nan,nan,nan,nan,nan,nan,nan,nan,nan,nan,nan,nan,nan,nan,nan,nan,nan,nan,nan,nan,nan,nan,nan,nan,nan,nan,nan,nan,nan,nan,nan,nan,nan,nan,nan,nan,nan,nan,nan,nan,nan,nan,nan,nan,nan,nan,nan,nan,nan,nan,nan,nan,nan,nan,nan,nan,nan,nan,nan,nan,nan,nan,nan,nan,nan,nan,nan,nan,nan,nan,nan,nan,nan,nan,nan,nan,nan,nan,nan,nan,nan,nan,nan,nan,nan,nan,nan,nan,nan
nan,nan,nan,nan,nan,nan,nan,nan,nan,nan,nan,nan,nan,nan,nan,nan,nan,nan,nan,nan,nan,nan,nan,nan,nan,nan,nan,nan,nan,nan,nan,nan,nan,nan,nan,nan,nan,nan,nan,nan,nan,nan,nan,nan,nan,nan,nan,nan,nan,nan,nan,nan,nan,nan,nan,nan,nan,8.548153877258300781e+00,nan,nan,nan,nan,nan,nan,nan,nan,nan,nan,nan,nan,nan,nan,nan,nan,nan,nan,nan,nan,nan,nan,nan,nan,nan,nan,nan,nan,nan,nan,nan,nan,nan,nan,nan,nan,nan,nan,nan,nan,nan,nan,nan,nan,nan,nan,nan,nan,nan,nan,nan,nan,nan,nan,nan,nan,nan,nan,nan,nan,nan,nan,nan,nan,nan,nan,nan
nan,nan,nan,nan,nan,nan,nan,nan,nan,nan,nan,nan,nan,nan,nan,nan,nan,nan,nan,nan,nan,nan,nan,nan,nan,nan,nan,nan,nan,nan,nan,nan,nan,nan,nan,nan,nan,nan,nan,nan,nan,nan,nan,nan,nan,nan,nan,nan,nan,nan,nan,nan,nan,nan,-3.891726016998291016e+00,-1.650027084350585938e+01,5.353994369506835938e+00,9.649644851684570312e+00,1.877651405334472656e+01,2.519583702087402344e+01,2.153005027770996094e+01,nan,nan,nan,2.390442276000976562e+01,1.257056045532226562e+01,7.292612075805664062e+00,2.336828613281250000e+01,nan,nan,nan,2.215281867980957031e+01,nan,nan,nan,nan,nan,nan,nan,nan,nan,nan,nan,nan,nan,nan,nan,nan,nan,nan,nan,nan,nan,nan,nan,nan,nan,nan,nan,nan,nan,nan,nan,nan,nan,nan,nan,nan,nan,nan,nan,nan,nan,nan,nan,nan,nan,nan,nan,nan,nan,nan,nan,nan,nan
nan,nan,nan,nan,nan,nan,nan,nan,nan,nan,nan,nan,nan,nan,nan,nan,nan,nan,nan,nan,nan,nan,nan,nan,nan,nan,nan,nan,nan,nan,nan,nan,nan,nan,nan,nan,nan,nan,nan,nan,nan,nan,nan,nan,nan,nan,nan,nan,nan,nan,nan,nan,-9.898025512695312500e+00,-9.279304504394531250e+00,-1.564396762847900391e+01,-1.425067329406738281e+01,-1.163807010650634766e+01,4.854074001312255859e+00,2.040400886535644531e+01,2.226665306091308594e+01,2.060774421691894531e+01,1.789475822448730469e+01,2.060590934753417969e+01,2.112942123413085938e+01,2.471340179443359375e+01,1.967474555969238281e+01,1.800983047485351562e+01,1.744813346862792969e+01,1.532982921600341797e+01,8.837129592895507812e+00,2.410140800476074219e+01,2.268676185607910156e+01,2.116227149963378906e+01,nan,nan,nan,nan,nan,nan,nan,nan,nan,nan,nan,nan,nan,nan,nan,nan,nan,nan,nan,nan,nan,nan,nan,nan,nan,nan,nan,nan,nan,nan,nan,nan,nan,nan,nan,nan,nan,nan,nan,nan,nan,nan,nan,nan,nan,nan,nan,nan,nan,nan,nan,nan
nan,nan,nan,nan,nan,nan,nan,nan,nan,nan,nan,nan,nan,nan,nan,nan,nan,nan,nan,nan,nan,nan,nan,nan,nan,nan,nan,nan,nan,nan,nan,nan,nan,nan,nan,nan,nan,nan,nan,nan,nan,nan,nan,nan,nan,nan,nan,nan,nan,-1.469227981567382812e+01,-5.574307918548583984e+00,-6.840662479400634766e+00,-6.647588729858398438e+00,-7.108131408691406250e+00,-8.707889556884765625e+00,-8.576099395751953125e+00,-2.472259283065795898e+00,1.324697494506835938e+01,2.963167190551757812e+01,2.777408027648925781e+01,2.658948898315429688e+01,2.071281051635742188e+01,2.194808197021484375e+01,2.365536308288574219e+01,2.442049598693847656e+01,2.796670913696289062e+01,3.221260833740234375e+01,2.263455772399902344e+01,1.899528503417968750e+01,2.156655311584472656e+01,2.375102615356445312e+01,2.248293685913085938e+01,2.071806716918945312e+01,1.869372367858886719e+01,nan,nan,nan,nan,nan,nan,nan,nan,nan,nan,nan,nan,nan,nan,nan,nan,nan,nan,nan,nan,nan,nan,nan,nan,nan,nan,nan,nan,nan,nan,nan,nan,nan,nan,nan,nan,nan,nan,nan,nan,nan,nan,nan,nan,nan,nan,nan,nan,nan,nan,nan
nan,nan,nan,nan,nan,nan,nan,nan,nan,nan,nan,nan,nan,nan,nan,nan,nan,nan,nan,nan,nan,nan,nan,nan,nan,nan,nan,nan,nan,nan,nan,nan,nan,nan,nan,nan,nan,1.509074687957763672e+00,6.889495998620986938e-02,nan,nan,nan,nan,nan,-1.176666259765625000e+01,-1.356893348693847656e+01,-8.993927955627441406e+00,-1.293920040130615234e+01,-1.783790779113769531e+01,-2.189599418640136719e+01,-2.070947074890136719e+01,-2.115482330322265625e+01,-1.291597747802734375e+01,-7.353875160217285156e+00,-8.508887290954589844e+00,-3.445356130599975586e+00,-5.327237844467163086e-01,1.159156131744384766e+01,2.313710975646972656e+01,3.288513946533203125e+01,3.370952987670898438e+01,3.361552429199218750e+01,1.982697868347167969e+01,1.943327522277832031e+01,2.229328155517578125e+01,2.823977279663085938e+01,3.547822570800781250e+01,3.156379318237304688e+01,3.000919342041015625e+01,2.804839134216308594e+01,3.125338745117187500e+01,2.085599899291992188e+01,1.955044937133789062e+01,1.744089126586914062e+01,1.546850872039794922e+01,nan,nan,nan,nan,nan,nan,nan,nan,nan,nan,nan,nan,nan,nan,nan,nan,nan,nan,nan,nan,nan,nan,nan,nan,nan,nan,nan,nan,nan,nan,nan,nan,nan,nan,nan,nan,nan,nan,nan,nan,nan,nan,nan,nan,nan,nan,nan,nan,nan,nan
nan,nan,nan,nan,nan,nan,nan,nan,nan,nan,nan,nan,nan,nan,nan,nan,nan,nan,nan,nan,nan,nan,nan,nan,nan,nan,nan,nan,nan,nan,nan,nan,nan,nan,nan,nan,1.155957132577896118e-01,nan,-1.471350789070129395e+00,-3.155666828155517578e+00,nan,nan,-7.626791000366210938e+00,-8.977994918823242188e+00,3.149729728698730469e+00,-4.498482227325439453e+00,-7.172493934631347656e+00,-2.598041343688964844e+01,-2.842855834960937500e+01,-2.313086128234863281e+01,-2.038208770751953125e+01,-1.838657569885253906e+01,-9.013848304748535156e+00,-1.761642813682556152e+00,-2.145319700241088867e+00,2.128408432006835938e+00,1.575235557556152344e+01,1.302388477325439453e+01,1.450495243072509766e+01,2.765919113159179688e+01,3.186259269714355469e+01,3.482144165039062500e+01,3.396812057495117188e+01,3.056465339660644531e+01,2.478534126281738281e+01,3.339543914794921875e+01,4.010602951049804688e+01,3.707495880126953125e+01,3.436510848999023438e+01,2.775607681274414062e+01,2.212482643127441406e+01,2.485622215270996094e+01,2.433064270019531250e+01,1.605510902404785156e+01,8.236062049865722656e+00,3.515867948532104492e+00,nan,nan,nan,nan,nan,nan,nan,nan,nan,nan,nan,nan,nan,nan,nan,nan,nan,nan,nan,nan,nan,nan,nan,nan,nan,nan,nan,nan,nan,nan,nan,nan,nan,nan,nan,nan,nan,nan,nan,nan,nan,nan,nan,nan,nan,nan,nan,nan,nan
nan,nan,nan,nan,nan,nan,nan,nan,nan,nan,nan,nan,nan,nan,nan,nan,nan,nan,nan,nan,nan,nan,nan,nan,nan,nan,nan,nan,nan,nan,nan,nan,nan,nan,nan,-1.643815517425537109e+00,7.766514778137207031e+00,nan,-3.465203762054443359e+00,-4.635179996490478516e+00,nan,nan,-3.406256198883056641e+00,-1.040097904205322266e+01,-7.375756740570068359e+00,-8.955489158630371094e+00,-1.866862297058105469e+01,-2.314316368103027344e+01,-2.531300354003906250e+01,-2.044410133361816406e+01,-1.624200630187988281e+01,-1.021434783935546875e+01,-3.806106567382812500e+00,1.832378029823303223e+00,3.781162977218627930e+00,5.966903209686279297e+00,6.291506290435791016e+00,1.223958492279052734e+01,1.468426322937011719e+01,2.283198165893554688e+01,2.235198974609375000e+01,3.300084686279296875e+01,3.306417846679687500e+01,3.436131286621093750e+01,4.079975128173828125e+01,3.583534240722656250e+01,4.189208221435546875e+01,3.521613311767578125e+01,3.448116302490234375e+01,3.522326278686523438e+01,3.004359436035156250e+01,1.731145858764648438e+01,2.027442550659179688e+01,1.166689109802246094e+01,1.252959537506103516e+01,1.737055206298828125e+01,1.478713417053222656e+01,1.286318683624267578e+01,9.180990219116210938e+00,nan,nan,nan,nan,nan,nan,nan,nan,nan,nan,nan,nan,nan,nan,nan,nan,nan,nan,nan,nan,nan,nan,nan,nan,nan,nan,nan,nan,nan,nan,nan,nan,nan,nan,nan,nan,nan,nan,nan,nan,nan,nan,nan,nan,nan,nan
nan,nan,nan,nan,nan,nan,nan,nan,nan,nan,nan,nan,nan,nan,nan,nan,nan,nan,nan,nan,nan,nan,nan,nan,nan,nan,nan,nan,nan,nan,nan,nan,nan,nan,nan,5.163223743438720703e+00,8.121252059936523438e+00,-5.646861791610717773e-01,nan,-3.743746519088745117e+00,-4.370620250701904297e-01,-7.144426345825195312e+00,-5.397904872894287109e+00,-1.752302932739257812e+01,-1.894824790954589844e+01,-1.858291816711425781e+01,-1.981663322448730469e+01,-1.857132720947265625e+01,-1.902245330810546875e+01,-1.688445663452148438e+01,-1.365974903106689453e+01,-7.541152000427246094e+00,-2.877947330474853516e+00,1.044951319694519043e+00,8.580381393432617188e+00,6.484520435333251953e+00,2.953351974487304688e+00,1.173760318756103516e+01,2.016625022888183594e+01,2.261034584045410156e+01,2.245707130432128906e+01,2.475546455383300781e+01,3.502123641967773438e+01,3.866433334350585938e+01,3.691525650024414062e+01,2.669266891479492188e+01,2.387803649902343750e+01,3.109959602355957031e+01,3.063247871398925781e+01,2.928735733032226562e+01,1.842027091979980469e+01,1.492788982391357422e+01,1.236688232421875000e+01,1.596790790557861328e+01,1.634390449523925781e+01,1.864179611206054688e+01,1.740179443359375000e+01,8.333743095397949219e+00,1.165414047241210938e+01,nan,nan,nan,nan,nan,nan,nan,nan,nan,nan,nan,nan,nan,nan,nan,nan,nan,nan,nan,nan,nan,nan,nan,nan,nan,nan,nan,nan,nan,nan,nan,nan,nan,nan,nan,nan,nan,nan,nan,nan,nan,nan,nan,nan,nan,nan
nan,nan,nan,nan,nan,nan,nan,nan,nan,nan,nan,nan,nan,nan,nan,nan,nan,nan,nan,nan,nan,nan,nan,nan,nan,nan,nan,nan,nan,nan,nan,nan,nan,nan,-4.288204669952392578e+00,4.289269447326660156e+00,-2.675184965133666992e+00,nan,3.349921464920043945e+00,-1.652061581611633301e+00,-1.011586189270019531e+00,-3.426293134689331055e+00,-8.842766761779785156e+00,-9.270534515380859375e+00,-7.064614772796630859e+00,-9.074226379394531250e+00,-1.560910415649414062e+01,-1.403870773315429688e+01,-1.403003787994384766e+01,-1.488838577270507812e+01,-6.379847049713134766e+00,-3.947981119155883789e+00,-2.460007190704345703e+00,-2.708320379257202148e+00,2.469895839691162109e+00,2.540152072906494141e+00,4.782613277435302734e+00,7.600617408752441406e+00,2.324223327636718750e+01,2.125838088989257812e+01,1.031810665130615234e+01,1.548091793060302734e+01,2.882190322875976562e+01,2.562249755859375000e+01,3.262581634521484375e+01,2.355127525329589844e+01,2.526250839233398438e+01,2.243018722534179688e+01,1.900100326538085938e+01,1.661442184448242188e+01,1.065043163299560547e+01,7.280259132385253906e+00,9.625314712524414062e+00,1.532476329803466797e+01,1.250839900970458984e+01,1.251352024078369141e+01,1.307845687866210938e+01,3.586298227310180664e+00,4.199929237365722656e+00,-1.611782789230346680e+00,nan,nan,nan,nan,nan,nan,nan,nan,nan,nan,nan,nan,nan,nan,nan,nan,nan,nan,nan,nan,nan,nan,nan,nan,nan,nan,nan,nan,nan,nan,nan,nan,nan,nan,nan,nan,nan,nan,nan,nan,nan,nan,nan,nan,nan
nan,nan,nan,nan,nan,nan,nan,nan,nan,nan,nan,nan,nan,nan,nan,nan,nan,nan,nan,nan,nan,nan,nan,nan,nan,nan,nan,nan,nan,nan,nan,nan,nan,-5.337471961975097656e+00,-3.968912124633789062e+00,-8.840001106262207031e+00,-8.299025535583496094e+00,-2.911156654357910156e+00,-3.006185770034790039e+00,-9.607447624206542969e+00,-2.748908758163452148e+00,-1.504478693008422852e+00,-1.082647991180419922e+01,-6.601156711578369141e+00,-5.874519348144531250e+00,-7.035348892211914062e+00,-1.040538311004638672e+01,-1.010727500915527344e+01,-1.156058883666992188e+01,-1.237539768218994141e+01,-6.778692722320556641e+00,-1.484349012374877930e+00,4.030121803283691406e+00,-2.767973661422729492e+00,1.209822535514831543e+00,4.898797035217285156e+00,4.905195713043212891e+00,1.088298797607421875e+01,1.661480331420898438e+01,1.314171218872070312e+01,6.751347541809082031e+00,6.141385078430175781e+00,1.575258350372314453e+01,1.555879592895507812e+01,2.032475852966308594e+01,2.433542442321777344e+01,1.326878738403320312e+01,1.222394657135009766e+01,7.029960632324218750e+00,5.542010784149169922e+00,5.678375244140625000e+00,7.701169490814208984e+00,7.674320697784423828e+00,8.822124481201171875e+00,7.406973361968994141e+00,1.251647281646728516e+01,1.329657840728759766e+01,3.684910535812377930e+00,4.791415214538574219e+00,2.038758039474487305e+00,-5.047054767608642578e+00,nan,nan,nan,nan,nan,nan,nan,nan,nan,nan,nan,nan,nan,nan,nan,nan,nan,nan,nan,nan,nan,nan,nan,nan,nan,nan,nan,nan,nan,nan,nan,nan,nan,nan,nan,nan,nan,nan,nan,nan,nan,nan,nan,nan
nan,nan,nan,nan,nan,nan,nan,nan,nan,nan,nan,nan,nan,nan,nan,nan,nan,nan,nan,nan,nan,nan,nan,nan,nan,nan,nan,nan,nan,nan,-4.668661117553710938e+00,3.779711723327636719e+00,-3.606800317764282227e+00,7.253416538238525391e+00,-7.444507122039794922e+00,-7.707643985748291016e+00,-9.466202735900878906e+00,-1.179543495178222656e+01,-1.467809391021728516e+01,-1.559216880798339844e+01,-1.302776145935058594e+01,-1.059129047393798828e+01,-1.087093448638916016e+01,-1.013791656494140625e+01,-1.091781044006347656e+01,-8.753822326660156250e+00,-8.561923027038574219e+00,-8.660874366760253906e+00,-1.062080001831054688e+01,-1.342708301544189453e+01,-8.902668952941894531e+00,-3.471242904663085938e+00,-2.598627328872680664e+00,-5.305045843124389648e-01,6.116870880126953125e+00,7.351762294769287109e+00,7.870591640472412109e+00,2.747855186462402344e+00,7.512881278991699219e+00,6.216435432434082031e+00,5.336232662200927734e+00,4.414954185485839844e+00,6.031604766845703125e+00,4.354195117950439453e+00,-8.855902671813964844e+00,2.347070693969726562e+01,2.504348945617675781e+01,4.724198341369628906e+00,-1.128646880388259888e-01,-5.527186870574951172e+00,2.761219143867492676e-01,9.637329101562500000e+00,8.151362419128417969e+00,1.030124378204345703e+01,1.513002586364746094e+01,5.462724208831787109e+00,1.620478820800781250e+01,5.410649776458740234e+00,1.033436489105224609e+01,5.628499507904052734e+00,1.452939748764038086e+00,-1.624292254447937012e+00,nan,nan,nan,nan,nan,nan,nan,nan,nan,nan,nan,nan,nan,nan,nan,nan,nan,nan,nan,nan,nan,nan,nan,nan,nan,nan,nan,nan,nan,nan,nan,nan,nan,nan,nan,nan,nan,nan,nan,nan,nan,nan,nan
nan,nan,nan,nan,nan,nan,nan,nan,nan,nan,nan,nan,nan,nan,nan,nan,nan,nan,nan,nan,nan,nan,nan,nan,nan,nan,nan,nan,nan,-5.745402336120605469e+00,5.190649986267089844e+00,5.456809520721435547e+00,5.282949924468994141e+00,-3.824588775634765625e+00,-1.138063621520996094e+01,-1.438143634796142578e+01,-1.583105087280273438e+01,-1.568932247161865234e+01,-1.572489452362060547e+01,-1.590699863433837891e+01,-1.354559993743896484e+01,-1.245001125335693359e+01,-1.144735145568847656e+01,-1.087334251403808594e+01,-1.211588382720947266e+01,-1.183423328399658203e+01,-9.016177177429199219e+00,-9.169861793518066406e+00,-1.000486183166503906e+01,-9.717900276184082031e+00,-8.763442039489746094e+00,-4.891276836395263672e+00,-5.374067783355712891e+00,-6.234456062316894531e+00,8.382781744003295898e-01,4.278995037078857422e+00,4.459958553314208984e+00,1.695245742797851562e+00,4.995008945465087891e+00,5.237472534179687500e+00,6.707399368286132812e+00,1.330321788787841797e+00,1.340687036514282227e+00,-9.176118850708007812e+00,-8.394216537475585938e+00,3.661459684371948242e+00,-5.308958888053894043e-01,8.133925199508666992e-01,-1.840483546257019043e+00,-1.325452232360839844e+01,3.523832857608795166e-01,3.143270015716552734e+00,3.097193717956542969e+00,5.606398582458496094e+00,1.242922019958496094e+01,3.142269611358642578e+00,-1.744381523132324219e+01,2.829903125762939453e+00,-4.075044631958007812e+00,3.635952711105346680e+00,1.787481456995010376e-01,-2.742067337036132812e+00,nan,nan,nan,nan,nan,nan,nan,nan,nan,nan,nan,nan,nan,nan,nan,nan,nan,nan,nan,nan,nan,nan,nan,nan,nan,nan,nan,nan,nan,nan,nan,nan,nan,nan,nan,nan,nan,nan,nan,nan,nan,nan,nan
nan,nan,nan,nan,nan,nan,nan,nan,nan,nan,nan,nan,nan,nan,nan,nan,nan,nan,nan,nan,nan,nan,nan,nan,nan,nan,nan,nan,nan,-3.809033155441284180e+00,-2.654884338378906250e+00,1.083402514457702637e+00,-2.289151668548583984e+00,-1.010978317260742188e+01,-1.276238918304443359e+01,-1.497543144226074219e+01,-1.631111526489257812e+01,-1.654405784606933594e+01,-1.695757675170898438e+01,-1.669897079467773438e+01,-1.433292007446289062e+01,-1.384926414489746094e+01,-1.422841739654541016e+01,-1.156759548187255859e+01,-9.251657485961914062e+00,-1.084158802032470703e+01,-9.713344573974609375e+00,-9.427542686462402344e+00,-8.999476432800292969e+00,-7.526262283325195312e+00,-7.276697635650634766e+00,-6.692031860351562500e+00,-5.563877105712890625e+00,-4.439450263977050781e+00,-2.841382980346679688e+00,-1.066102743148803711e+00,-4.213881969451904297e+00,-3.816488265991210938e+00,-2.148721456527709961e+00,-9.225337982177734375e+00,-5.792866230010986328e+00,-4.079149723052978516e+00,-6.487188816070556641e+00,2.294828414916992188e+00,2.993000745773315430e+00,5.537700653076171875e+00,3.519737243652343750e+00,5.331471443176269531e+00,-6.791001319885253906e+00,-1.130286693572998047e+01,-2.490669721737504005e-04,3.170700669288635254e-01,-8.495375514030456543e-02,8.615108132362365723e-01,2.516972780227661133e+00,9.478477835655212402e-01,-3.798866748809814453e+00,-1.674963712692260742e+00,-1.225368213653564453e+01,-9.133653640747070312e+00,-5.541264414787292480e-01,-3.397245168685913086e+00,nan,-4.072581291198730469e+00,-4.395414829254150391e+00,nan,nan,nan,nan,nan,nan,nan,nan,nan,nan,nan,nan,nan,nan,nan,nan,nan,nan,nan,nan,nan,nan,nan,nan,nan,nan,nan,nan,nan,nan,nan,nan,nan,nan,nan,nan,nan,nan,nan,nan
nan,nan,nan,nan,nan,nan,nan,nan,nan,nan,nan,nan,nan,nan,nan,nan,nan,nan,nan,nan,nan,nan,nan,nan,nan,nan,nan,nan,-4.345057964324951172e+00,-5.292586326599121094e+00,-3.397521734237670898e+00,-1.143372344970703125e+01,-1.598079776763916016e+01,-1.832714462280273438e+01,-1.624498176574707031e+01,-1.567162704467773438e+01,-1.670203208923339844e+01,-1.634917831420898438e+01,-1.639039802551269531e+01,-1.551105594635009766e+01,-1.288057708740234375e+01,-1.211193370819091797e+01,-1.137359237670898438e+01,-1.089595699310302734e+01,-1.349106407165527344e+01,-1.189515495300292969e+01,-1.104397964477539062e+01,-1.214546680450439453e+01,-1.154953479766845703e+01,-8.356148719787597656e+00,-6.845606327056884766e+00,-6.798285007476806641e+00,-5.949961662292480469e+00,-8.054698944091796875e+00,-7.353607654571533203e+00,-7.466872692108154297e+00,-9.253854751586914062e+00,-8.392331123352050781e+00,-6.494072437286376953e+00,-1.143200206756591797e+01,-9.522106170654296875e+00,-1.182663917541503906e+01,-4.723219394683837891e+00,-3.319348335266113281e+00,1.651578098535537720e-01,-3.762798547744750977e+00,-9.125019073486328125e+00,-6.986014544963836670e-02,7.298303127288818359e+00,3.457594394683837891e+00,-5.410828089225105941e-05,1.125548481941223145e+00,-1.159108638763427734e+00,-5.685159121640026569e-04,-5.488781929016113281e-01,-3.943238496780395508e+00,-6.426614284515380859e+00,-6.459230422973632812e+00,-1.186513519287109375e+01,-8.406812667846679688e+00,-5.580443859100341797e+00,-7.534435749053955078e+00,-6.217881679534912109e+00,-7.817265987396240234e+00,-8.002932548522949219e+00,nan,nan,nan,nan,nan,nan,nan,nan,nan,nan,nan,nan,nan,nan,nan,nan,nan,nan,nan,nan,nan,nan,nan,nan,nan,nan,nan,nan,nan,nan,nan,nan,nan,nan,nan,nan,nan,nan,nan,nan
nan,nan,nan,nan,nan,nan,nan,nan,nan,nan,nan,nan,nan,nan,nan,nan,nan,nan,nan,nan,nan,nan,nan,nan,nan,nan,nan,-1.364139270782470703e+01,-1.004514694213867188e+01,-8.715211868286132812e+00,-7.486394405364990234e+00,-1.024334335327148438e+01,-1.700757408142089844e+01,-1.590492630004882812e+01,-1.594245910644531250e+01,-1.689217567443847656e+01,-1.544893932342529297e+01,-1.511933803558349609e+01,-1.503846645355224609e+01,-1.181269931793212891e+01,-1.076383018493652344e+01,-1.048236179351806641e+01,-1.116657161712646484e+01,-1.264949607849121094e+01,-1.380393600463867188e+01,-1.546540260314941406e+01,-9.924780845642089844e+00,-1.206801033020019531e+01,-1.112984561920166016e+01,-1.011198425292968750e+01,-8.192226409912109375e+00,-7.894636631011962891e+00,-7.879567623138427734e+00,-9.174952507019042969e+00,-8.875913619995117188e+00,-9.525198936462402344e+00,-1.088326168060302734e+01,-1.164181137084960938e+01,-9.801563262939453125e+00,-6.895165443420410156e+00,-5.015433311462402344e+00,-1.699049377441406250e+01,-1.662638282775878906e+01,-1.103673553466796875e+01,-9.610998630523681641e-01,-5.483542919158935547e+00,-1.530131149291992188e+01,-4.799736976623535156e+00,8.052876472473144531e+00,6.692543506622314453e+00,1.193608403205871582e+00,5.591916441917419434e-01,-3.714690923690795898e+00,-6.364343762397766113e-01,-2.240140438079833984e+00,-8.012253761291503906e+00,-4.440659999847412109e+00,-7.151612758636474609e+00,-3.247517824172973633e+00,-2.171821832656860352e+00,-3.366872310638427734e+00,-1.049959373474121094e+01,-8.747487068176269531e+00,-6.292064666748046875e+00,-5.947111606597900391e+00,-1.002842998504638672e+01,2.020720958709716797e+00,nan,nan,nan,nan,nan,nan,nan,nan,nan,nan,nan,nan,nan,nan,nan,nan,nan,nan,nan,nan,nan,nan,nan,nan,nan,nan,nan,nan,nan,nan,nan,nan,nan,nan,nan,nan,nan,nan
nan,nan,nan,nan,nan,nan,nan,nan,nan,nan,nan,nan,nan,nan,nan,nan,nan,nan,nan,nan,nan,nan,nan,nan,nan,nan,-1.412825012207031250e+01,-1.037076187133789062e+01,-1.192984867095947266e+01,-1.433361625671386719e+01,-9.473510742187500000e+00,-1.642576599121093750e+01,-1.669423294067382812e+01,-1.580429363250732422e+01,-1.609299468994140625e+01,-1.630377388000488281e+01,-1.245158386230468750e+01,-1.404879856109619141e+01,-1.286671924591064453e+01,-1.052889728546142578e+01,-9.750301361083984375e+00,-9.550514221191406250e+00,-1.172601985931396484e+01,-1.098100852966308594e+01,-1.351677703857421875e+01,-1.219944286346435547e+01,-1.106883525848388672e+01,-1.133001327514648438e+01,-1.233876895904541016e+01,-1.250058364868164062e+01,-1.118014049530029297e+01,-9.288449287414550781e+00,-9.619391441345214844e+00,-9.061396598815917969e+00,-9.778422355651855469e+00,-9.981062889099121094e+00,-1.060554981231689453e+01,-1.343420410156250000e+01,-1.066696929931640625e+01,-6.232925415039062500e+00,-7.189047813415527344e+00,-1.678974914550781250e+01,-2.240841484069824219e+01,-3.464089155197143555e+00,-3.691097974777221680e+00,-5.649627208709716797e+00,-1.253267669677734375e+01,1.565962582826614380e-01,5.130434513092041016e+00,-4.710892200469970703e+00,-4.316407203674316406e+00,-3.899005174636840820e+00,-3.437035322189331055e+00,-5.056306838989257812e+00,-5.069756031036376953e+00,-5.763052463531494141e+00,-2.288571834564208984e+00,5.340138077735900879e-01,3.541572988033294678e-01,4.196811676025390625e+00,-2.682871818542480469e-01,-1.759044647216796875e+01,-1.426268696784973145e+00,5.364255428314208984e+00,-7.394301891326904297e-01,-2.165737342834472656e+01,-1.726637077331542969e+01,-5.884462356567382812e+00,nan,nan,nan,nan,nan,nan,nan,nan,nan,nan,nan,nan,nan,nan,nan,nan,nan,nan,nan,nan,nan,nan,nan,nan,nan,nan,nan,nan,nan,nan,nan,nan,nan,nan,nan,nan,nan
nan,nan,nan,nan,nan,nan,nan,nan,nan,nan,nan,nan,nan,nan,nan,nan,nan,nan,nan,nan,nan,nan,nan,nan,nan,nan,-1.501533317565917969e+01,-1.209087085723876953e+01,-1.141495800018310547e+01,-1.869459152221679688e+01,-1.585143566131591797e+01,-1.621994590759277344e+01,-1.729762840270996094e+01,-1.615528297424316406e+01,-1.503981018066406250e+01,-1.134854125976562500e+01,-5.782780647277832031e+00,-1.068792057037353516e+01,-1.041710186004638672e+01,-9.876870155334472656e+00,-9.083220481872558594e+00,-8.788718223571777344e+00,-1.059150981903076172e+01,-1.196049308776855469e+01,-1.317569923400878906e+01,-1.395996856689453125e+01,-1.174025249481201172e+01,-1.119447135925292969e+01,-1.302589225769042969e+01,-1.366437435150146484e+01,-1.195662975311279297e+01,-8.380061149597167969e+00,-8.953892707824707031e+00,-1.152947998046875000e+01,-1.071639823913574219e+01,-1.066007137298583984e+01,-9.511937141418457031e+00,-1.599032402038574219e+01,-5.693749427795410156e+00,-6.050896048545837402e-01,-4.044283866882324219e+00,-7.162645816802978516e+00,-2.007102012634277344e+01,-6.537227630615234375e+00,-7.772246360778808594e+00,-1.139713764190673828e+01,-6.847685337066650391e+00,-1.091908779926598072e-04,-4.793153762817382812e+00,1.016612887382507324e+00,-3.553686141967773438e+00,-7.932916164398193359e+00,-5.433980941772460938e+00,-1.566362619400024414e+00,7.746696472167968750e-01,9.034066796302795410e-01,-2.724145412445068359e+00,-2.002910137176513672e+00,-3.526521205902099609e+00,-1.047589492797851562e+01,-1.711699867248535156e+01,-1.485703754425048828e+01,5.957088470458984375e+00,1.148430633544921875e+01,1.325114536285400391e+01,1.860743331909179688e+01,1.699609947204589844e+01,-4.288172721862792969e+00,-7.789756774902343750e+00,nan,nan,nan,nan,nan,nan,nan,nan,nan,nan,nan,nan,nan,nan,nan,nan,nan,nan,nan,nan,nan,nan,nan,nan,nan,nan,nan,nan,nan,nan,nan,nan,nan,nan,nan,nan
nan,nan,nan,nan,nan,nan,nan,nan,nan,nan,nan,nan,nan,nan,nan,nan,nan,nan,nan,nan,nan,nan,nan,nan,nan,nan,-1.500374031066894531e+01,-1.331373405456542969e+01,-1.668250083923339844e+01,-2.663233184814453125e+01,-2.006287574768066406e+01,-1.884473609924316406e+01,-1.680405807495117188e+01,-1.340404796600341797e+01,-1.244025421142578125e+01,-1.157871532440185547e+01,-7.866088390350341797e+00,-1.183151149749755859e+01,-8.956634521484375000e+00,-9.414935111999511719e+00,-9.105960845947265625e+00,-9.196660995483398438e+00,-8.433226585388183594e+00,-1.308677482604980469e+01,-1.318145084381103516e+01,-1.364775562286376953e+01,-1.253065490722656250e+01,-1.289408016204833984e+01,-1.358024597167968750e+01,-1.370840930938720703e+01,-1.380006885528564453e+01,-9.258782386779785156e+00,-1.047320270538330078e+01,-1.189432811737060547e+01,-1.088830566406250000e+01,-1.622167778015136719e+01,-1.545231056213378906e+01,-1.690885925292968750e+01,-1.013067340850830078e+01,-2.084717512130737305e+00,-1.589511990547180176e+00,-1.900790023803710938e+01,-1.066788291931152344e+01,-1.521606922149658203e+01,-1.552632045745849609e+01,-1.451198768615722656e+01,-2.235134124755859375e+01,-1.253434276580810547e+01,-7.397776603698730469e+00,8.073083758354187012e-01,-9.236745238304138184e-01,-3.139584779739379883e+00,4.770098209381103516e+00,2.664890050888061523e+00,6.900776863098144531e+00,6.109034538269042969e+00,3.290017366409301758e+00,1.518250703811645508e+00,9.935016632080078125e-01,-4.953369140625000000e+00,2.740097999572753906e+00,1.038630962371826172e+01,5.151859283447265625e+00,1.530981826782226562e+01,1.820261764526367188e+01,2.050525093078613281e+01,2.214306640625000000e+01,8.827546238899230957e-01,-2.147607564926147461e+00,9.907549023628234863e-01,nan,nan,2.666049957275390625e+00,nan,nan,nan,nan,nan,nan,nan,nan,nan,nan,nan,nan,nan,nan,nan,nan,nan,nan,nan,nan,nan,nan,nan,nan,nan,nan,nan,nan,nan,nan,nan,nan
nan,nan,nan,nan,nan,nan,nan,nan,nan,nan,nan,nan,nan,nan,nan,nan,nan,nan,nan,nan,nan,nan,nan,nan,nan,-1.390892028808593750e+01,-2.560746383666992188e+01,-2.709902191162109375e+01,-2.440205574035644531e+01,-2.282570648193359375e+01,-2.030841445922851562e+01,-1.677685165405273438e+01,-1.386450672149658203e+01,-1.241722774505615234e+01,-1.274236869812011719e+01,-9.978771209716796875e+00,-8.950838088989257812e+00,-1.133582496643066406e+01,-1.074178314208984375e+01,-1.096784782409667969e+01,-1.043577194213867188e+01,-1.072924900054931641e+01,-1.102732849121093750e+01,-1.137636852264404297e+01,-1.362159919738769531e+01,-1.354127407073974609e+01,-1.493615531921386719e+01,-1.312751197814941406e+01,-1.060308933258056641e+01,-1.204779720306396484e+01,-1.529098606109619141e+01,-1.413589859008789062e+01,-1.198631954193115234e+01,-1.022117424011230469e+01,-1.288358020782470703e+01,-1.371451663970947266e+01,-1.145040798187255859e+01,-1.815761184692382812e+01,-2.203720664978027344e+01,-1.845685005187988281e+01,-9.003947257995605469e+00,-2.491217994689941406e+01,-2.773976898193359375e+01,-2.399538612365722656e+01,-2.057402420043945312e+01,-1.323314094543457031e+01,-7.448413372039794922e+00,-9.203463554382324219e+00,-2.457342863082885742e+00,7.473893761634826660e-01,3.352046728134155273e+00,7.629547595977783203e+00,4.604216575622558594e+00,4.096927642822265625e+00,9.852760314941406250e+00,1.708265495300292969e+01,1.377132606506347656e+01,1.205211353302001953e+01,1.771271133422851562e+01,8.930212020874023438e+00,8.052909851074218750e+00,1.103174114227294922e+01,8.570018768310546875e+00,1.368156623840332031e+01,1.457960891723632812e+01,2.003865051269531250e+01,2.976715087890625000e+01,-1.294104218482971191e+00,-2.113544940948486328e+00,3.935991764068603516e+00,7.834301948547363281e+00,3.984981536865234375e+00,2.789586544036865234e+00,nan,nan,nan,nan,nan,nan,nan,nan,nan,nan,nan,nan,nan,nan,nan,nan,nan,nan,nan,nan,nan,nan,nan,nan,nan,nan,nan,nan,nan,nan,nan,nan
nan,nan,nan,nan,nan,nan,nan,nan,nan,nan,nan,nan,nan,nan,nan,nan,nan,nan,nan,nan,nan,nan,nan,nan,nan,-1.236727142333984375e+01,nan,-2.543806266784667969e+01,-2.069969558715820312e+01,-1.736369514465332031e+01,-1.597546195983886719e+01,-1.486642169952392578e+01,-1.307136344909667969e+01,-1.129880714416503906e+01,-9.423180580139160156e+00,-8.074222564697265625e+00,-8.597539901733398438e+00,-1.107851505279541016e+01,-1.047667884826660156e+01,-1.291942405700683594e+01,-1.279491138458251953e+01,-1.126664257049560547e+01,-1.117707443237304688e+01,-1.152358341217041016e+01,-1.327263736724853516e+01,-1.386233139038085938e+01,-1.513759040832519531e+01,-1.435452842712402344e+01,-1.098866176605224609e+01,-1.068779945373535156e+01,-1.010838413238525391e+01,-1.047399139404296875e+01,-1.622239494323730469e+01,-1.359906482696533203e+01,-1.287350845336914062e+01,-1.033469390869140625e+01,-9.680733680725097656e+00,-1.147526550292968750e+01,-1.527141571044921875e+01,-1.450366592407226562e+01,-1.032333946228027344e+01,-1.694270706176757812e+01,-2.492834281921386719e+01,-2.616653633117675781e+01,-2.559731674194335938e+01,-2.605955886840820312e+01,-1.934889984130859375e+01,-6.121828079223632812e+00,2.609169006347656250e+00,1.572611570358276367e+00,-2.326679706573486328e+00,2.147945404052734375e+00,4.208544254302978516e+00,1.646715164184570312e+00,8.006123542785644531e+00,1.906109619140625000e+01,1.577255821228027344e+01,1.669948768615722656e+01,1.859279823303222656e+01,2.064032936096191406e+01,8.986658096313476562e+00,1.396175193786621094e+01,1.299237918853759766e+01,9.095210075378417969e+00,8.493782997131347656e+00,5.393289566040039062e+00,-2.063542842864990234e+00,-1.103446960449218750e+00,4.183052480220794678e-01,9.200275421142578125e+00,1.184614658355712891e+01,-1.217452907562255859e+01,2.305667877197265625e+00,nan,nan,nan,nan,nan,nan,nan,nan,nan,nan,nan,nan,nan,nan,nan,nan,nan,nan,nan,nan,nan,nan,nan,nan,nan,nan,nan,nan,nan,nan,nan,nan
nan,nan,nan,nan,nan,nan,nan,nan,nan,nan,nan,nan,nan,nan,nan,nan,nan,nan,nan,nan,nan,nan,nan,nan,-1.019352054595947266e+01,nan,nan,-8.014038085937500000e+00,-9.063095092773437500e+00,-1.097259044647216797e+01,-1.235774803161621094e+01,-1.195772743225097656e+01,-9.825422286987304688e+00,-9.474514007568359375e+00,-9.349528312683105469e+00,-8.869545936584472656e+00,-1.102592658996582031e+01,-1.163987731933593750e+01,-1.198546600341796875e+01,-1.341068935394287109e+01,-1.479013252258300781e+01,-1.396061229705810547e+01,-1.202475738525390625e+01,-1.583950710296630859e+01,-1.443738842010498047e+01,-1.554571723937988281e+01,-1.634672546386718750e+01,-1.483226299285888672e+01,-1.117928218841552734e+01,-9.748687744140625000e+00,-9.835363388061523438e+00,-1.049889659881591797e+01,-1.357504749298095703e+01,-1.289534664154052734e+01,-8.653141021728515625e+00,-1.103990554809570312e+01,-8.219706535339355469e+00,-4.370429515838623047e+00,-9.931109428405761719e+00,-1.473867416381835938e+01,-1.278306674957275391e+01,nan,nan,-1.600885391235351562e+01,-2.213132095336914062e+01,-2.429019355773925781e+01,-5.266409873962402344e+00,-9.317989349365234375e+00,-7.825238227844238281e+00,2.513621807098388672e+00,-6.877298951148986816e-01,6.388946533203125000e+00,-1.184633135795593262e+00,1.660077214241027832e+00,9.187470436096191406e+00,1.703034782409667969e+01,1.517342853546142578e+01,1.137614917755126953e+01,1.140898036956787109e+01,1.040723800659179688e+01,4.856459140777587891e+00,4.907059192657470703e+00,4.263767004013061523e-01,2.972313165664672852e+00,1.955831050872802734e+00,2.776062250137329102e+00,3.282881498336791992e+00,-1.986171483993530273e+00,1.249994874000549316e+00,6.764319419860839844e+00,1.831850290298461914e+00,3.547445833683013916e-01,-5.685713291168212891e-01,-1.947120308876037598e+00,nan,nan,nan,nan,nan,nan,nan,nan,nan,nan,nan,nan,nan,nan,nan,nan,nan,nan,nan,nan,nan,nan,nan,nan,nan,nan,nan,nan,nan,nan,nan
nan,nan,nan,nan,nan,nan,nan,nan,nan,nan,nan,nan,nan,nan,nan,nan,nan,nan,nan,nan,nan,nan,nan,nan,-9.658655166625976562e+00,-4.439449310302734375e+00,-6.859730720520019531e+00,-5.413950920104980469e+00,-7.451983928680419922e+00,-9.716859817504882812e+00,-9.554982185363769531e+00,-9.859902381896972656e+00,-9.702690124511718750e+00,-9.217809677124023438e+00,-9.652500152587890625e+00,-9.476778030395507812e+00,-1.080090236663818359e+01,-1.206708621978759766e+01,-1.278642845153808594e+01,-1.353051471710205078e+01,-1.308899211883544922e+01,-1.364746856689453125e+01,-1.341844463348388672e+01,-1.497299957275390625e+01,-1.451573181152343750e+01,-1.182768154144287109e+01,-1.349280643463134766e+01,-1.310293674468994141e+01,-1.168456745147705078e+01,-1.278900146484375000e+01,-1.107380771636962891e+01,-1.052371120452880859e+01,-1.221372509002685547e+01,-6.330595493316650391e+00,-8.737434387207031250e+00,-4.188896179199218750e+00,nan,-2.846750497817993164e+00,5.199985027313232422e+00,-3.112979888916015625e+00,-1.305215072631835938e+01,nan,nan,nan,nan,-1.480615329742431641e+01,nan,-8.988047599792480469e+00,nan,-3.115124940872192383e+00,nan,nan,nan,5.479974746704101562e+00,7.857829570770263672e+00,2.298580646514892578e+00,7.461495876312255859e+00,3.307643651962280273e+00,1.879551410675048828e+00,-1.574595719575881958e-01,-2.648250460624694824e-01,-1.625860977172851562e+01,-9.467150688171386719e+00,-8.049605369567871094e+00,-1.105936717987060547e+01,-4.615604877471923828e+00,6.241999149322509766e+00,5.579099178314208984e+00,5.956595420837402344e+00,3.427225351333618164e+00,1.735539436340332031e+01,-2.124935626983642578e+00,-4.559160232543945312e+00,2.271093279123306274e-01,-1.131853961944580078e+01,nan,nan,nan,nan,nan,nan,nan,nan,nan,nan,nan,nan,nan,nan,nan,nan,nan,nan,nan,nan,nan,nan,nan,nan,nan,nan,nan,nan,nan,nan
nan,nan,nan,nan,nan,nan,nan,nan,nan,nan,nan,nan,nan,nan,nan,nan,nan,nan,nan,nan,nan,nan,nan,nan,-8.133221626281738281e+00,1.864862680435180664e+00,-3.512699604034423828e+00,-4.086091518402099609e+00,-8.095656394958496094e+00,-8.849100112915039062e+00,-1.035518169403076172e+01,-1.014457321166992188e+01,-1.000976371765136719e+01,-9.527280807495117188e+00,-9.444787025451660156e+00,-1.055348110198974609e+01,-1.077133464813232422e+01,-1.012147331237792969e+01,-1.131951618194580078e+01,-1.183758258819580078e+01,-1.120359420776367188e+01,-1.312174892425537109e+01,-1.330284595489501953e+01,-1.234477138519287109e+01,-1.402502822875976562e+01,-1.098072624206542969e+01,-8.923892021179199219e+00,-1.000019454956054688e+01,-1.165779018402099609e+01,-1.262328529357910156e+01,-9.742590904235839844e+00,-9.566699981689453125e+00,-1.086217403411865234e+01,-1.159840011596679688e+01,-1.122934627532958984e+01,-3.885454177856445312e+00,4.975192070007324219e+00,-8.623667716979980469e+00,nan,nan,nan,nan,nan,nan,nan,nan,nan,nan,nan,nan,nan,nan,nan,nan,5.074435710906982422e+00,4.324316978454589844e+00,3.143148899078369141e+00,-1.546084880828857422e+01,-1.064015865325927734e+01,-1.611606216430664062e+01,-1.077383804321289062e+01,-1.793825721740722656e+01,-9.834940910339355469e+00,-1.629448509216308594e+01,-1.614331054687500000e+01,1.651229023933410645e+00,2.902654409408569336e+00,7.453424453735351562e+00,5.603104114532470703e+00,4.011155962944030762e-01,5.431187629699707031e+00,1.158009147644042969e+01,-1.461147308349609375e+01,2.535045385360717773e+00,6.950965404510498047e+00,nan,nan,nan,nan,nan,nan,nan,nan,nan,nan,nan,nan,nan,nan,nan,nan,nan,nan,nan,nan,nan,nan,nan,nan,nan,nan,nan,nan,nan,nan
nan,nan,nan,nan,nan,nan,nan,nan,nan,nan,nan,nan,nan,nan,nan,nan,nan,nan,nan,nan,nan,nan,nan,nan,-1.102392387390136719e+01,-6.062240600585937500e+00,-2.911972284317016602e+00,-4.289010524749755859e+00,-6.677160263061523438e+00,-6.372775554656982422e+00,-8.267141342163085938e+00,-1.232799530029296875e+01,-1.187316989898681641e+01,-1.003082180023193359e+01,-1.080971527099609375e+01,-1.056779003143310547e+01,-8.891714096069335938e+00,-8.306163787841796875e+00,-1.115837097167968750e+01,-1.030526828765869141e+01,-1.022406291961669922e+01,-1.105654621124267578e+01,-1.085124874114990234e+01,-1.241349124908447266e+01,-1.192304515838623047e+01,-1.106234359741210938e+01,-1.329755783081054688e+01,-9.978799819946289062e+00,-1.108073902130126953e+01,-1.119903469085693359e+01,-1.140376949310302734e+01,-1.009943008422851562e+01,-1.008675003051757812e+01,-1.502950763702392578e+01,-9.954513549804687500e+00,-4.808849811553955078e+00,nan,nan,nan,nan,nan,nan,nan,nan,nan,nan,nan,nan,nan,nan,nan,nan,nan,nan,nan,1.942808508872985840e+00,-1.383648872375488281e+00,-1.344235897064208984e+01,-1.431645679473876953e+01,-1.373369026184082031e+01,-1.666675567626953125e+01,-1.397485637664794922e+01,-1.542352294921875000e+01,-1.276839637756347656e+01,-3.144178152084350586e+00,-3.409778475761413574e-01,9.135082960128784180e-01,5.575536727905273438e+00,3.480246782302856445e+00,-6.505327224731445312e+00,-4.044981479644775391e+00,1.011438465118408203e+01,5.690461158752441406e+00,-6.608045578002929688e+00,-1.158220005035400391e+01,-3.222279739379882812e+01,nan,nan,nan,nan,nan,nan,nan,nan,nan,nan,nan,nan,nan,nan,nan,nan,nan,nan,nan,nan,nan,nan,nan,nan,nan,nan,nan,nan,nan
nan,nan,nan,nan,nan,nan,nan,nan,nan,nan,nan,nan,nan,nan,nan,nan,nan,nan,nan,nan,nan,nan,nan,nan,nan,-1.921330070495605469e+01,-5.038621425628662109e+00,-5.929733753204345703e+00,-6.622135162353515625e+00,-7.727332115173339844e+00,-8.845255851745605469e+00,-1.103945541381835938e+01,-1.237740421295166016e+01,-1.132815456390380859e+01,-1.102239036560058594e+01,-1.075119209289550781e+01,-1.010739135742187500e+01,-8.847955703735351562e+00,-1.049617576599121094e+01,-1.086363983154296875e+01,-9.064136505126953125e+00,-9.665608406066894531e+00,-9.764784812927246094e+00,-8.504826545715332031e+00,-1.101485157012939453e+01,-1.049467754364013672e+01,-1.184144210815429688e+01,-1.022660064697265625e+01,-9.851239204406738281e+00,-8.460640907287597656e+00,-8.314160346984863281e+00,-8.920769691467285156e+00,-1.146695613861083984e+01,-5.192545890808105469e+00,-6.274467706680297852e-01,-7.217043399810791016e+00,nan,nan,nan,nan,nan,nan,nan,nan,nan,nan,nan,nan,nan,nan,nan,nan,nan,nan,nan,nan,nan,-4.597058296203613281e+00,-1.251294326782226562e+01,-3.435339450836181641e+00,-9.005772471427917480e-01,-3.584957361221313477e+00,-1.271266818046569824e+00,-1.444599032402038574e+00,-8.409522056579589844e+00,-4.963823795318603516e+00,-4.099417209625244141e+00,-6.433474063873291016e+00,-1.372572898864746094e+00,-7.465715408325195312e+00,-1.106972885131835938e+01,3.438950777053833008e+00,-1.917998123168945312e+01,-4.405697631835937500e+01,-4.361985397338867188e+01,-3.522297668457031250e+01,-4.109493255615234375e+01,nan,nan,nan,nan,nan,nan,nan,nan,nan,nan,nan,nan,nan,nan,nan,nan,nan,nan,nan,nan,nan,nan,nan,nan,nan,nan,nan,nan
nan,nan,nan,nan,nan,nan,nan,nan,nan,nan,nan,nan,nan,nan,nan,nan,nan,nan,nan,nan,nan,nan,nan,nan,-1.294340229034423828e+01,-2.017682266235351562e+01,-1.549912834167480469e+01,-9.900502204895019531e+00,-8.734837532043457031e+00,-1.114611625671386719e+01,-1.271498394012451172e+01,-1.193276023864746094e+01,-1.236909770965576172e+01,-1.111579799652099609e+01,-1.040423202514648438e+01,-1.018371868133544922e+01,-1.053547477722167969e+01,-1.072953796386718750e+01,-1.039297294616699219e+01,-1.040607547760009766e+01,-7.716330051422119141e+00,-8.974656105041503906e+00,-1.005312442779541016e+01,-9.252050399780273438e+00,-8.229083061218261719e+00,-8.327127456665039062e+00,-9.645744323730468750e+00,-8.610157966613769531e+00,-7.030516147613525391e+00,-5.536787033081054688e+00,-6.116615772247314453e+00,-8.121258735656738281e+00,-8.708187103271484375e+00,-5.586299419403076172e+00,-7.005610942840576172e+00,nan,nan,nan,nan,nan,nan,nan,nan,nan,nan,nan,nan,nan,nan,nan,nan,nan,nan,nan,nan,nan,nan,nan,nan,nan,nan,nan,nan,nan,-2.070049047470092773e+00,5.334972143173217773e-01,2.426917314529418945e+00,-1.166359901428222656e+00,-5.685813426971435547e+00,-7.242694377899169922e+00,-6.686513900756835938e+00,-1.562549400329589844e+01,-2.235294532775878906e+01,-5.815291595458984375e+01,-5.011007690429687500e+01,-5.090365219116210938e+01,-5.743967056274414062e+01,-4.520749664306640625e+01,nan,nan,nan,nan,nan,nan,nan,nan,nan,nan,nan,nan,nan,nan,nan,nan,nan,nan,nan,nan,nan,nan,nan,nan,nan,nan,nan
nan,nan,nan,nan,nan,nan,nan,nan,nan,nan,nan,nan,nan,nan,nan,nan,nan,nan,nan,nan,nan,nan,nan,nan,-3.013866043090820312e+01,-3.249900436401367188e+01,-1.853325080871582031e+01,-1.086738491058349609e+01,-9.405534744262695312e+00,-1.220199680328369141e+01,-1.440976619720458984e+01,-1.158235740661621094e+01,-1.165656280517578125e+01,-1.254795646667480469e+01,-8.965254783630371094e+00,-9.527003288269042969e+00,-1.074757957458496094e+01,-1.058124351501464844e+01,-9.804727554321289062e+00,-9.119507789611816406e+00,-9.199928283691406250e+00,-9.117820739746093750e+00,-9.057934761047363281e+00,-7.986210823059082031e+00,-6.715746879577636719e+00,-6.795052051544189453e+00,-7.419557094573974609e+00,-7.646226882934570312e+00,-5.182538032531738281e+00,-3.030217409133911133e+00,-5.611248016357421875e+00,-7.144388675689697266e+00,-6.492831230163574219e+00,-6.532727718353271484e+00,nan,nan,nan,nan,nan,nan,nan,nan,nan,nan,nan,nan,nan,nan,nan,nan,nan,nan,nan,nan,nan,nan,nan,nan,nan,nan,nan,nan,nan,nan,nan,1.025912523269653320e+00,2.504268407821655273e+00,6.733827590942382812e+00,4.647058010101318359e+00,-2.279856443405151367e+00,-1.677524757385253906e+01,-1.872459411621093750e+01,-2.580650138854980469e+01,-6.321294021606445312e+01,-6.381410980224609375e+01,-7.157032012939453125e+01,-6.701211547851562500e+01,-4.537745666503906250e+01,nan,nan,nan,nan,nan,nan,nan,nan,nan,nan,nan,nan,nan,nan,nan,nan,nan,nan,nan,nan,nan,nan,nan,nan,nan,nan,nan
nan,nan,nan,nan,nan,nan,nan,nan,nan,nan,nan,nan,nan,nan,nan,nan,nan,nan,nan,nan,nan,nan,nan,nan,-2.557863044738769531e+01,-2.717801094055175781e+01,-1.653134536743164062e+01,-1.021004009246826172e+01,-9.215110778808593750e+00,-1.517792987823486328e+01,-1.399919223785400391e+01,-1.207122230529785156e+01,-1.243244457244873047e+01,-1.204748535156250000e+01,-9.104609489440917969e+00,-1.036747932434082031e+01,-1.077068901062011719e+01,-1.126419925689697266e+01,-1.073049449920654297e+01,-9.754222869873046875e+00,-8.661349296569824219e+00,-7.292058467864990234e+00,-7.097406387329101562e+00,-6.287058830261230469e+00,-5.339073657989501953e+00,-5.363545417785644531e+00,-5.966862201690673828e+00,-5.473759174346923828e+00,-4.349678039550781250e+00,-3.470806121826171875e+00,-4.189648628234863281e+00,-8.496633172035217285e-01,-5.531617641448974609e+00,nan,nan,nan,nan,nan,nan,nan,nan,nan,nan,nan,nan,nan,nan,nan,nan,nan,nan,nan,nan,nan,nan,nan,nan,nan,nan,nan,nan,nan,nan,nan,nan,-1.383822917938232422e+00,-1.871727824211120605e+00,2.120167732238769531e+00,2.077733993530273438e+00,1.609752416610717773e+00,-2.187594413757324219e+00,-9.031030654907226562e+00,-3.699680709838867188e+01,-5.444913864135742188e+01,-6.130027770996093750e+01,-6.395618820190429688e+01,-6.634945678710937500e+01,-4.482480621337890625e+01,-4.321103668212890625e+01,nan,nan,nan,nan,nan,nan,nan,nan,nan,nan,nan,nan,nan,nan,nan,nan,nan,nan,nan,nan,nan,nan,nan,nan,nan,nan
nan,nan,nan,nan,nan,nan,nan,nan,nan,nan,nan,nan,nan,nan,nan,nan,nan,nan,nan,nan,nan,nan,nan,-1.434848594665527344e+01,-1.317695713043212891e+01,-1.863582038879394531e+01,-1.352183723449707031e+01,-1.085220241546630859e+01,-1.148826122283935547e+01,-1.327142143249511719e+01,-1.391393566131591797e+01,-1.161064243316650391e+01,-1.113574886322021484e+01,-1.112072944641113281e+01,-9.080531120300292969e+00,-1.019240093231201172e+01,-1.094895553588867188e+01,-1.038638305664062500e+01,-1.123343086242675781e+01,-1.086248302459716797e+01,-8.254574775695800781e+00,-6.316420555114746094e+00,-5.393573284149169922e+00,-4.457699298858642578e+00,-3.737455368041992188e+00,-2.856959104537963867e+00,-3.439390659332275391e+00,-3.898624658584594727e+00,-3.481728076934814453e+00,-2.872509479522705078e+00,-4.391505241394042969e+00,-3.086372315883636475e-01,nan,nan,nan,nan,nan,nan,nan,nan,nan,nan,nan,nan,nan,nan,nan,nan,nan,nan,nan,nan,nan,nan,nan,nan,nan,nan,nan,nan,nan,nan,nan,nan,nan,nan,nan,nan,nan,-9.345637321472167969e+00,-1.691336822509765625e+01,-1.399000835418701172e+01,-3.328436660766601562e+01,-4.054617309570312500e+01,-4.650072479248046875e+01,-4.014212036132812500e+01,-1.865704536437988281e+01,-4.180513000488281250e+01,-3.991961288452148438e+01,nan,nan,nan,nan,nan,nan,nan,nan,nan,nan,nan,nan,nan,nan,nan,nan,nan,nan,nan,nan,nan,nan,nan,nan,nan,nan
nan,nan,nan,nan,nan,nan,nan,nan,nan,nan,nan,nan,nan,nan,nan,nan,nan,nan,nan,nan,nan,nan,nan,nan,nan,-7.256746292114257812e+00,-1.294725894927978516e+01,-1.041855907440185547e+01,-1.016979312896728516e+01,-9.057532310485839844e+00,-9.187204360961914062e+00,-9.358914375305175781e+00,-1.044920921325683594e+01,-1.312973690032958984e+01,-1.229288959503173828e+01,-1.010982894897460938e+01,-9.981044769287109375e+00,-9.118294715881347656e+00,-9.950839996337890625e+00,-9.868116378784179688e+00,-5.694773674011230469e+00,-4.270320415496826172e+00,-4.627185821533203125e+00,-3.559255123138427734e+00,-2.206199407577514648e+00,-5.682482719421386719e-01,-1.383474588394165039e+00,-2.854759693145751953e+00,-4.208708286285400391e+00,-4.304083824157714844e+00,-3.733905315399169922e+00,-1.030362010002136230e+00,nan,nan,nan,nan,nan,nan,nan,nan,nan,nan,nan,nan,nan,nan,nan,nan,nan,nan,nan,nan,nan,nan,nan,nan,nan,nan,nan,nan,nan,nan,nan,nan,nan,nan,nan,nan,nan,nan,nan,nan,nan,nan,-4.159260559082031250e+01,-4.184930801391601562e+01,-2.689017105102539062e+01,-3.473760986328125000e+01,-4.197831726074218750e+01,-3.435868453979492188e+01,-3.256978988647460938e+01,nan,nan,nan,nan,nan,nan,nan,nan,nan,nan,nan,nan,nan,nan,nan,nan,nan,nan,nan,nan,nan,nan,nan,nan
nan,nan,nan,nan,nan,nan,nan,nan,nan,nan,nan,nan,nan,nan,nan,nan,nan,nan,nan,nan,nan,nan,nan,nan,nan,-5.629453659057617188e+00,-9.464045524597167969e+00,-8.248915672302246094e+00,-8.029265403747558594e+00,-7.418694972991943359e+00,-7.999711990356445312e+00,-7.823254585266113281e+00,-1.227462100982666016e+01,-1.175333690643310547e+01,-1.212968635559082031e+01,-1.061751842498779297e+01,-9.459106445312500000e+00,-8.972126007080078125e+00,-7.378690242767333984e+00,-7.058327674865722656e+00,-5.983689308166503906e+00,-3.898843765258789062e+00,-2.749760866165161133e+00,-1.908824920654296875e+00,1.998144090175628662e-01,4.958010911941528320e-01,-7.006071805953979492e-01,-3.369736671447753906e+00,-3.150277614593505859e+00,-1.465909361839294434e+00,-2.912489175796508789e+00,-1.682709693908691406e+00,nan,nan,nan,nan,nan,nan,nan,nan,nan,nan,nan,nan,nan,nan,nan,nan,nan,nan,nan,nan,nan,nan,nan,nan,nan,nan,nan,nan,nan,nan,nan,nan,nan,nan,nan,nan,nan,nan,nan,nan,nan,nan,nan,nan,-3.583619308471679688e+01,-2.499325561523437500e+01,-3.398305511474609375e+01,-4.017772674560546875e+01,-2.690413856506347656e+01,-3.103181457519531250e+01,nan,nan,nan,nan,nan,nan,nan,nan,nan,nan,nan,nan,nan,nan,nan,nan,nan,nan,nan,nan,nan,nan,nan
nan,nan,nan,nan,nan,nan,nan,nan,nan,nan,nan,nan,nan,nan,nan,nan,nan,nan,nan,nan,nan,nan,nan,nan,nan,-1.860961556434631348e+00,-3.881473064422607422e+00,-5.128871440887451172e+00,-5.807649135589599609e+00,-6.290935039520263672e+00,-7.301568508148193359e+00,-8.074475288391113281e+00,-8.225337028503417969e+00,-9.242482185363769531e+00,-1.061639213562011719e+01,-9.524349212646484375e+00,-8.791269302368164062e+00,-8.620418548583984375e+00,-6.872656822204589844e+00,-6.699694633483886719e+00,-5.272802352905273438e+00,-2.662842273712158203e+00,-7.688026428222656250e-01,1.561819791793823242e+00,2.215490341186523438e+00,1.845702171325683594e+00,-2.751834094524383545e-01,-1.346555948257446289e+00,-1.596135199069976807e-01,-2.283343791961669922e+00,nan,nan,nan,nan,nan,nan,nan,nan,nan,nan,nan,nan,nan,nan,nan,nan,nan,nan,nan,nan,nan,nan,nan,nan,nan,nan,nan,nan,nan,nan,nan,nan,nan,nan,nan,nan,nan,nan,nan,nan,nan,nan,nan,nan,nan,nan,nan,-2.846631431579589844e+01,-1.638113784790039062e+01,-3.084659767150878906e+01,-3.478670883178710938e+01,-3.193710708618164062e+01,-2.996327018737792969e+01,nan,nan,nan,nan,nan,nan,nan,nan,nan,nan,nan,nan,nan,nan,nan,nan,nan,nan,nan,nan,nan,nan
nan,nan,nan,nan,nan,nan,nan,nan,nan,nan,nan,nan,nan,nan,nan,nan,nan,nan,nan,nan,nan,nan,nan,nan,nan,-1.028864622116088867e+00,-1.342011690139770508e+00,-2.670430421829223633e+00,-4.570974349975585938e+00,-5.000505924224853516e+00,-5.479111671447753906e+00,-4.877745151519775391e+00,-6.423560142517089844e+00,-7.712003231048583984e+00,-9.793498039245605469e+00,-7.986030101776123047e+00,-8.463463783264160156e+00,-7.919933319091796875e+00,-7.371679306030273438e+00,-7.112052440643310547e+00,-5.657872676849365234e+00,-2.713725566864013672e+00,2.132209300994873047e+00,2.752539873123168945e+00,3.040601968765258789e+00,1.999324083328247070e+00,9.508044123649597168e-01,1.290570020675659180e+00,2.820215702056884766e+00,6.183477878570556641e+00,nan,nan,nan,nan,nan,nan,nan,nan,nan,nan,nan,nan,nan,nan,nan,nan,nan,nan,nan,nan,nan,nan,nan,nan,nan,nan,nan,nan,nan,nan,nan,nan,nan,nan,nan,nan,nan,nan,nan,nan,nan,nan,nan,nan,nan,nan,nan,nan,-4.203967571258544922e+00,-2.009980964660644531e+01,-3.372134017944335938e+01,-3.790445709228515625e+01,-3.835718154907226562e+01,nan,nan,nan,nan,nan,nan,nan,nan,nan,nan,nan,nan,nan,nan,nan,nan,nan,nan,nan,nan,nan,nan
nan,nan,nan,nan,nan,nan,nan,nan,nan,nan,nan,nan,nan,nan,nan,nan,nan,nan,nan,nan,nan,nan,nan,nan,nan,-3.932883977890014648e+00,-1.338293790817260742e+00,-2.116150110960006714e-01,-1.758491873741149902e+00,-3.192215681076049805e+00,-3.684231996536254883e+00,-4.876028060913085938e+00,-5.487679958343505859e+00,-5.768182754516601562e+00,-9.684329032897949219e+00,-7.380270957946777344e+00,-6.771044254302978516e+00,-6.213077068328857422e+00,-4.546548843383789062e+00,-5.065283775329589844e+00,-5.011862277984619141e+00,-5.510439872741699219e+00,2.424360990524291992e+00,2.584440708160400391e+00,3.539941072463989258e+00,3.086193084716796875e+00,1.447085738182067871e+00,4.826528072357177734e+00,4.509794235229492188e+00,4.651840686798095703e+00,2.661401748657226562e+00,nan,nan,nan,nan,nan,nan,nan,nan,nan,nan,nan,nan,nan,nan,nan,nan,nan,nan,nan,nan,nan,nan,nan,nan,nan,nan,nan,nan,nan,nan,nan,nan,nan,nan,nan,nan,nan,nan,nan,nan,nan,nan,nan,nan,nan,nan,nan,-6.184411048889160156e+00,-1.862016296386718750e+01,-2.975104331970214844e+01,-4.324131774902343750e+01,-4.042905426025390625e+01,-4.373924255371093750e+01,-2.813649559020996094e+01,nan,nan,nan,nan,nan,nan,nan,nan,nan,nan,nan,nan,nan,nan,nan,nan,nan,nan,nan,nan
nan,nan,nan,nan,nan,nan,nan,nan,nan,nan,nan,nan,nan,nan,nan,nan,nan,nan,nan,nan,nan,nan,nan,nan,nan,nan,-2.943658590316772461e+00,-3.516511023044586182e-01,-2.047787427902221680e+00,-9.158640503883361816e-01,-9.962264299392700195e-01,-4.618343830108642578e+00,-6.435431480407714844e+00,-5.211096763610839844e+00,-4.624906539916992188e+00,-5.003323078155517578e+00,-4.678061008453369141e+00,-4.582129001617431641e+00,-3.438106298446655273e+00,-2.673674821853637695e+00,-4.206542491912841797e+00,-2.751679897308349609e+00,3.810166835784912109e+00,6.695868968963623047e+00,6.336160182952880859e+00,9.630259513854980469e+00,9.703424453735351562e+00,7.737589359283447266e+00,5.037049770355224609e+00,2.926991701126098633e+00,nan,nan,nan,nan,nan,nan,nan,nan,nan,nan,nan,nan,nan,nan,nan,nan,nan,nan,nan,nan,nan,nan,nan,nan,nan,nan,nan,nan,nan,nan,nan,nan,nan,nan,nan,nan,nan,nan,nan,nan,nan,nan,nan,nan,nan,nan,nan,nan,-5.552344322204589844e+00,-1.661451911926269531e+01,-2.403932380676269531e+01,-3.666955184936523438e+01,-4.229769897460937500e+01,-4.188030242919921875e+01,-2.276508522033691406e+01,nan,nan,nan,nan,nan,nan,nan,nan,nan,nan,nan,nan,nan,nan,nan,nan,nan,nan,nan,nan
nan,nan,nan,nan,nan,nan,nan,nan,nan,nan,nan,nan,nan,nan,nan,nan,nan,nan,nan,nan,nan,nan,nan,nan,nan,nan,-2.072454929351806641e+00,-2.276445865631103516e+00,-1.071967124938964844e+00,-9.230797886848449707e-01,-7.183803915977478027e-01,-3.230662345886230469e+00,-4.676387786865234375e+00,-4.847596645355224609e+00,-2.518151044845581055e+00,-2.076617479324340820e+00,-1.655485153198242188e+00,-4.933584213256835938e+00,-2.760473966598510742e+00,-2.545650005340576172e+00,1.571030139923095703e+00,3.837208271026611328e+00,5.393512248992919922e+00,5.623583316802978516e+00,6.028036594390869141e+00,9.656970977783203125e+00,8.764240264892578125e+00,8.146914482116699219e+00,7.656992435455322266e+00,3.041600942611694336e+00,nan,nan,nan,nan,nan,nan,nan,nan,nan,nan,nan,nan,nan,nan,nan,nan,nan,nan,nan,nan,nan,nan,nan,nan,nan,nan,nan,nan,nan,nan,nan,nan,nan,nan,nan,nan,nan,nan,nan,nan,nan,nan,nan,nan,nan,nan,nan,-1.225440120697021484e+01,2.692099511623382568e-01,-6.439425468444824219e+00,-1.134272480010986328e+01,-1.849787139892578125e+01,-2.279731941223144531e+01,-3.276007461547851562e+01,-1.728966522216796875e+01,-1.608617782592773438e+01,nan,nan,nan,nan,nan,nan,nan,nan,nan,nan,nan,nan,nan,nan,nan,nan,nan,nan,nan
nan,nan,nan,nan,nan,nan,nan,nan,nan,nan,nan,nan,nan,nan,nan,nan,nan,nan,nan,nan,nan,nan,nan,nan,nan,nan,nan,nan,-1.904921650886535645e+00,5.588993430137634277e-01,6.667570471763610840e-01,1.452517271041870117e+00,-1.509711891412734985e-01,-2.624828815460205078e-01,-2.609236478805541992e+00,-3.324383020401000977e+00,-1.900293350219726562e+00,-3.901420831680297852e+00,-3.070322751998901367e+00,-1.904938697814941406e+00,2.487899780273437500e+00,6.926758766174316406e+00,8.827891349792480469e+00,1.027795696258544922e+01,8.893454551696777344e+00,9.199434280395507812e+00,9.284456253051757812e+00,6.695188999176025391e+00,8.903714179992675781e+00,2.598081827163696289e+00,nan,nan,nan,nan,nan,nan,nan,nan,nan,nan,nan,nan,nan,nan,nan,nan,nan,nan,nan,nan,nan,nan,nan,nan,nan,nan,nan,nan,nan,nan,nan,nan,nan,nan,nan,nan,nan,nan,nan,nan,nan,nan,nan,nan,nan,nan,nan,-9.342716217041015625e+00,-7.349641919136047363e-01,-3.865648269653320312e+00,-7.919635772705078125e+00,-1.635298538208007812e+01,-9.971023559570312500e+00,-1.593211650848388672e+01,-1.702310752868652344e+01,-1.055738925933837891e+01,nan,nan,nan,nan,nan,nan,nan,nan,nan,nan,nan,nan,nan,nan,nan,nan,nan,nan,nan
nan,nan,nan,nan,nan,nan,nan,nan,nan,nan,nan,nan,nan,nan,nan,nan,nan,nan,nan,nan,nan,nan,nan,nan,nan,nan,nan,nan,nan,nan,nan,nan,4.450192451477050781e-01,7.100176215171813965e-01,2.783043086528778076e-01,-8.411175012588500977e-01,-5.028059005737304688e+00,-5.069831848144531250e+00,-1.376871347427368164e+00,-2.243598103523254395e-01,4.302052497863769531e+00,5.853523254394531250e+00,7.830523490905761719e+00,9.334457397460937500e+00,1.074968147277832031e+01,1.051846694946289062e+01,1.163906955718994141e+01,7.702432155609130859e+00,6.666192054748535156e+00,1.487870812416076660e+00,nan,nan,nan,nan,nan,nan,nan,nan,nan,nan,nan,nan,nan,nan,nan,nan,nan,nan,nan,nan,nan,nan,nan,nan,nan,nan,nan,nan,nan,nan,nan,nan,nan,nan,nan,nan,nan,nan,nan,nan,nan,nan,nan,nan,nan,nan,nan,-6.818723678588867188e+00,-6.112086176872253418e-01,-4.124881267547607422e+00,-6.659715175628662109e+00,-1.161954975128173828e+01,-1.163365936279296875e+01,-5.632269859313964844e+00,-8.752836227416992188e+00,-5.380600452423095703e+00,nan,nan,nan,nan,nan,nan,nan,nan,nan,nan,nan,nan,nan,nan,nan,nan,nan,nan,nan
nan,nan,nan,nan,nan,nan,nan,nan,nan,nan,nan,nan,nan,nan,nan,nan,nan,nan,nan,nan,nan,nan,nan,nan,nan,nan,nan,nan,nan,nan,nan,nan,-1.503992438316345215e+00,-3.159187436103820801e-01,1.925631523132324219e+00,-4.815348088741302490e-01,-3.308547258377075195e+00,-3.493411540985107422e+00,-1.271710038185119629e+00,-2.270009279251098633e+00,6.945487856864929199e-01,2.104187488555908203e+00,5.173273086547851562e+00,8.465502738952636719e+00,6.024190425872802734e+00,3.264547586441040039e+00,1.017850399017333984e+01,5.017092227935791016e+00,6.875580310821533203e+00,5.347665309906005859e+00,nan,nan,nan,nan,nan,nan,nan,nan,nan,nan,nan,nan,nan,nan,nan,nan,nan,nan,nan,nan,nan,nan,nan,nan,nan,nan,nan,nan,nan,nan,nan,nan,nan,nan,nan,nan,nan,nan,nan,nan,nan,nan,nan,nan,nan,nan,nan,nan,-1.712668927211780101e-05,-6.618753433227539062e+00,-9.578621864318847656e+00,-8.878808021545410156e+00,-6.574192523956298828e+00,1.854301691055297852e+00,6.853210449218750000e+00,2.218937397003173828e+00,7.900213718414306641e+00,nan,nan,nan,nan,nan,nan,nan,nan,nan,nan,nan,nan,nan,nan,nan,nan,nan,nan
nan,nan,nan,nan,nan,nan,nan,nan,nan,nan,nan,nan,nan,nan,nan,nan,nan,nan,nan,nan,nan,nan,nan,nan,nan,nan,nan,nan,nan,nan,nan,nan,nan,-1.336341738700866699e+00,-1.888869047164916992e+00,-1.011134982109069824e+00,-1.977284193038940430e+00,3.999449729919433594e+00,-9.491977691650390625e+00,-5.480500698089599609e+00,-2.277441501617431641e+00,-7.383912801742553711e-01,3.109848499298095703e+00,4.814369201660156250e+00,2.298854738473892212e-01,1.921905159950256348e+00,1.294674873352050781e-01,-1.049748301506042480e+00,4.691466331481933594e+00,nan,nan,nan,nan,nan,nan,nan,nan,nan,nan,nan,nan,nan,nan,nan,nan,nan,nan,nan,nan,nan,nan,nan,nan,nan,nan,nan,nan,nan,nan,nan,nan,nan,nan,nan,nan,nan,nan,nan,nan,nan,nan,nan,nan,nan,nan,nan,nan,nan,-1.373718142509460449e+00,-5.265380740165710449e-01,-1.939296960830688477e+00,-5.155395269393920898e-01,-1.733830094337463379e+00,8.201552391052246094e+00,8.228482246398925781e+00,8.672042489051818848e-01,9.325899481773376465e-01,4.858547449111938477e-01,nan,nan,nan,nan,nan,nan,nan,nan,nan,nan,nan,nan,nan,nan,nan,nan,nan
nan,nan,nan,nan,nan,nan,nan,nan,nan,nan,nan,nan,nan,nan,nan,nan,nan,nan,nan,nan,nan,nan,nan,nan,nan,nan,nan,nan,nan,nan,nan,nan,nan,nan,nan,nan,-2.325648307800292969e+00,-6.790395259857177734e+00,-1.014986515045166016e+01,-6.300512790679931641e+00,-3.715021610260009766e+00,2.284666061401367188e+00,6.121626853942871094e+00,5.221499204635620117e-01,-2.335742413997650146e-01,-5.697209835052490234e+00,5.773672088980674744e-02,3.950762271881103516e+00,nan,nan,nan,nan,nan,nan,nan,nan,nan,nan,nan,nan,nan,nan,nan,nan,nan,nan,nan,nan,nan,nan,nan,nan,nan,nan,nan,nan,nan,nan,nan,nan,nan,nan,nan,nan,nan,nan,nan,nan,nan,nan,nan,nan,nan,nan,nan,nan,nan,nan,nan,-5.470273494720458984e-01,2.353516578674316406e+00,3.632559299468994141e+00,6.173130989074707031e+00,6.408742427825927734e+00,5.906503200531005859e+00,8.694078445434570312e+00,-2.640785455703735352e+00,-5.471817016601562500e+00,7.116968631744384766e+00,5.583477973937988281e+00,nan,nan,nan,nan,nan,nan,nan,nan,nan,nan,nan,nan,nan,nan,nan
nan,nan,nan,nan,nan,nan,nan,nan,nan,nan,nan,nan,nan,nan,nan,nan,nan,nan,nan,nan,nan,-8.299203872680664062e+00,-8.100325584411621094e+00,-7.925209045410156250e+00,nan,nan,nan,nan,nan,nan,nan,nan,nan,nan,nan,nan,nan,-2.277290105819702148e+00,-5.238460376858711243e-03,-6.779556870460510254e-01,-8.472561836242675781e-01,-2.472855299711227417e-01,4.733203887939453125e+00,5.381290435791015625e+00,1.865303516387939453e+00,-5.102087974548339844e+00,3.068053483963012695e+00,nan,nan,nan,nan,nan,nan,nan,nan,nan,nan,nan,nan,nan,nan,nan,nan,nan,nan,nan,nan,nan,nan,nan,nan,nan,nan,nan,nan,nan,nan,nan,nan,nan,nan,nan,nan,nan,nan,nan,nan,nan,nan,nan,nan,nan,nan,nan,nan,nan,nan,nan,nan,5.745573997497558594e+00,8.347582817077636719e+00,1.337525844573974609e+01,1.688780975341796875e+01,1.388549232482910156e+01,9.545772552490234375e+00,5.364327430725097656e+00,-1.517289161682128906e+00,1.437324166297912598e+00,4.178986072540283203e+00,1.013372135162353516e+01,4.916981697082519531e+00,nan,nan,nan,nan,nan,nan,nan,nan,nan,nan,nan,nan,nan,nan
nan,nan,nan,nan,nan,nan,nan,nan,nan,nan,nan,nan,nan,nan,nan,nan,nan,nan,nan,nan,nan,-6.955156326293945312e+00,-6.926762104034423828e+00,-6.888322830200195312e+00,nan,nan,nan,nan,nan,nan,nan,nan,nan,nan,nan,nan,nan,nan,nan,-1.153740763664245605e+00,-4.489380121231079102e-01,1.915889605879783630e-02,6.186659932136535645e-01,nan,nan,nan,nan,nan,nan,nan,nan,nan,nan,nan,nan,nan,nan,nan,nan,nan,nan,nan,nan,nan,nan,nan,nan,nan,nan,nan,nan,nan,nan,nan,nan,nan,nan,nan,nan,nan,nan,nan,nan,nan,nan,nan,nan,nan,nan,nan,nan,nan,nan,nan,nan,nan,nan,nan,nan,8.988047599792480469e+00,5.005540847778320312e+00,1.358301734924316406e+01,1.838052177429199219e+01,2.370611572265625000e+01,1.700714492797851562e+01,1.465464878082275391e+01,1.300161170959472656e+01,1.585432338714599609e+01,1.004912376403808594e+01,7.328885555267333984e+00,3.984364032745361328e+00,nan,nan,nan,nan,nan,nan,nan,nan,nan,nan,nan,nan,nan,nan
nan,nan,nan,nan,nan,nan,nan,nan,nan,nan,nan,nan,nan,nan,nan,nan,nan,nan,nan,nan,nan,-1.486663055419921875e+01,-4.111155033111572266e+00,-8.984272003173828125e+00,-5.970356941223144531e+00,nan,nan,nan,nan,nan,nan,nan,nan,nan,nan,nan,nan,nan,nan,nan,nan,nan,nan,nan,nan,nan,nan,nan,nan,nan,nan,nan,nan,nan,nan,nan,nan,nan,nan,nan,nan,nan,nan,nan,nan,nan,nan,nan,nan,nan,nan,nan,nan,nan,nan,nan,nan,nan,nan,nan,nan,nan,nan,nan,nan,nan,nan,nan,nan,nan,nan,nan,nan,nan,nan,nan,nan,nan,nan,nan,1.811922550201416016e+00,1.701245117187500000e+01,2.312869834899902344e+01,2.246356582641601562e+01,2.303700256347656250e+01,4.758796691894531250e+00,-3.454415418673306704e-04,1.032602214813232422e+01,1.442769050598144531e+01,6.751348018646240234e+00,7.940401554107666016e+00,nan,nan,nan,nan,nan,nan,nan,nan,nan,nan,nan,nan,nan,nan
nan,nan,nan,nan,nan,nan,nan,nan,nan,nan,nan,nan,nan,nan,nan,nan,nan,nan,nan,nan,-5.147068500518798828e+00,-1.765791511535644531e+01,-6.050277709960937500e+00,-1.229662990570068359e+01,-9.532475471496582031e+00,nan,nan,nan,nan,nan,nan,nan,nan,nan,nan,nan,nan,nan,nan,nan,nan,nan,nan,nan,nan,nan,nan,nan,nan,nan,nan,nan,nan,nan,nan,nan,nan,nan,nan,nan,nan,nan,nan,nan,nan,nan,nan,nan,nan,nan,nan,nan,nan,nan,nan,nan,nan,nan,nan,nan,nan,nan,nan,nan,nan,nan,nan,nan,nan,nan,nan,nan,nan,nan,nan,nan,nan,nan,1.114159774780273438e+01,1.200974082946777344e+01,7.939268589019775391e+00,2.126606178283691406e+01,2.161795997619628906e+01,1.670442199707031250e+01,1.860393524169921875e+01,1.818027877807617188e+01,9.530343055725097656e+00,3.853716850280761719e+00,2.033550024032592773e+00,6.788122653961181641e+00,4.465388774871826172e+00,-5.695939064025878906e-01,nan,nan,nan,nan,nan,nan,nan,nan,nan,nan,nan,nan,nan
nan,nan,nan,nan,nan,nan,nan,nan,nan,nan,nan,nan,nan,nan,nan,nan,nan,nan,nan,nan,nan,-4.863587856292724609e+00,6.067302703857421875e+00,-1.874767065048217773e+00,-7.263880252838134766e+00,-4.850274562835693359e+00,nan,nan,nan,nan,nan,nan,nan,nan,nan,nan,nan,nan,nan,nan,nan,nan,nan,nan,nan,nan,nan,nan,nan,nan,nan,nan,nan,nan,nan,nan,nan,nan,nan,nan,nan,nan,nan,nan,nan,nan,nan,nan,nan,nan,nan,nan,nan,nan,nan,nan,nan,nan,nan,nan,nan,nan,nan,nan,nan,nan,nan,nan,nan,nan,nan,nan,nan,nan,nan,nan,nan,nan,nan,nan,1.233463001251220703e+01,1.779891395568847656e+01,1.685678863525390625e+01,1.604088783264160156e+01,8.162809371948242188e+00,1.321255493164062500e+01,1.369417953491210938e+01,1.434134769439697266e+01,8.900464057922363281e+00,-6.120525360107421875e+00,-5.262441635131835938e+00,-1.253042316436767578e+01,-2.059482336044311523e+00,nan,nan,nan,nan,nan,nan,nan,nan,nan,nan,nan,nan
nan,nan,nan,nan,nan,nan,nan,nan,nan,nan,nan,nan,nan,nan,nan,nan,nan,nan,nan,nan,nan,-4.465265750885009766e+00,1.455411052703857422e+01,-6.118354320526123047e+00,-1.189009666442871094e+01,-5.839282989501953125e+00,-9.930989265441894531e+00,-1.201325130462646484e+01,nan,nan,nan,nan,nan,nan,nan,nan,nan,nan,nan,nan,nan,nan,nan,nan,nan,nan,nan,nan,nan,nan,nan,nan,nan,nan,nan,nan,nan,nan,nan,nan,nan,nan,nan,nan,nan,nan,nan,nan,nan,nan,nan,nan,nan,nan,nan,nan,nan,nan,nan,nan,nan,nan,nan,nan,nan,nan,nan,nan,nan,nan,nan,nan,nan,nan,nan,nan,nan,nan,nan,1.150375938415527344e+01,1.452664566040039062e+01,1.783593750000000000e+01,1.673182868957519531e+01,1.630251884460449219e+01,7.374916553497314453e+00,6.527496337890625000e+00,1.603169441223144531e+01,1.831093597412109375e+01,7.544466495513916016e+00,-8.484994888305664062e+00,-1.398905849456787109e+01,-1.389152908325195312e+01,-2.251420021057128906e+00,nan,nan,nan,nan,nan,nan,nan,nan,nan,nan,nan,nan
nan,nan,nan,nan,nan,nan,nan,nan,nan,nan,nan,nan,nan,nan,nan,nan,nan,nan,nan,nan,nan,-5.400912761688232422e+00,-5.959737777709960938e+00,8.204126358032226562e+00,3.999351501464843750e+00,-1.260840320587158203e+01,-8.163404464721679688e+00,-1.602363014221191406e+01,nan,nan,nan,nan,nan,nan,nan,nan,nan,nan,nan,nan,nan,nan,nan,nan,nan,nan,nan,nan,nan,nan,nan,nan,nan,nan,nan,nan,nan,nan,nan,nan,nan,nan,nan,nan,nan,nan,nan,nan,nan,nan,nan,nan,nan,nan,nan,nan,nan,nan,nan,nan,nan,nan,nan,nan,nan,nan,nan,nan,nan,nan,nan,nan,nan,nan,nan,nan,nan,nan,nan,1.042292118072509766e+01,8.171697616577148438e+00,5.188479423522949219e+00,3.157448768615722656e+00,3.120220661163330078e+00,7.560932636260986328e+00,7.950407505035400391e+00,1.534896564483642578e+01,2.143433189392089844e+01,6.367365837097167969e+00,7.570930480957031250e+00,-1.451415920257568359e+01,-1.138545513153076172e+01,5.348059177398681641e+00,-5.328098773956298828e+00,nan,nan,nan,nan,nan,nan,nan,nan,nan,nan,nan
nan,nan,nan,nan,nan,nan,nan,nan,nan,nan,nan,nan,nan,nan,nan,nan,nan,nan,nan,nan,nan,-6.823501586914062500e+00,-1.028185272216796875e+01,4.426815509796142578e+00,-1.386518001556396484e+01,-1.597171783447265625e+01,-2.719917488098144531e+01,-1.972800254821777344e+01,nan,nan,nan,nan,nan,nan,nan,nan,nan,nan,nan,nan,nan,nan,nan,nan,nan,nan,nan,nan,nan,nan,nan,nan,nan,nan,nan,nan,nan,nan,nan,nan,nan,nan,nan,nan,nan,nan,nan,nan,nan,nan,nan,nan,nan,nan,nan,nan,nan,nan,nan,nan,nan,nan,nan,nan,nan,nan,nan,nan,nan,nan,nan,nan,nan,nan,nan,nan,nan,nan,9.588255882263183594e+00,9.067554473876953125e+00,8.607888221740722656e+00,-4.459225654602050781e+00,-3.100312471389770508e+00,-6.426472663879394531e-01,2.761994838714599609e+00,9.037428855895996094e+00,7.831531047821044922e+00,1.179004478454589844e+01,1.280353355407714844e+01,1.198116493225097656e+01,-7.623615264892578125e+00,-7.518862724304199219e+00,-5.377031803131103516e+00,-6.585940361022949219e+00,nan,nan,nan,nan,nan,nan,nan,nan,nan,nan,nan
nan,nan,nan,nan,nan,nan,nan,nan,nan,nan,nan,nan,nan,nan,nan,nan,nan,nan,nan,nan,nan,nan,-8.974171638488769531e+00,-8.202462196350097656e+00,-1.878170394897460938e+01,nan,-2.145809745788574219e+01,-3.228223037719726562e+01,-2.684449577331542969e+01,-2.345586204528808594e+01,-1.271723747253417969e+00,-2.089681625366210938e+01,-1.692180252075195312e+01,nan,nan,nan,nan,nan,nan,nan,nan,nan,nan,nan,nan,nan,nan,nan,nan,nan,nan,nan,nan,nan,nan,nan,nan,nan,nan,nan,nan,nan,nan,nan,nan,nan,nan,nan,nan,nan,nan,nan,nan,nan,nan,nan,nan,nan,nan,nan,nan,nan,nan,nan,nan,nan,nan,nan,nan,nan,nan,nan,nan,nan,nan,nan,nan,nan,nan,nan,nan,6.644451618194580078e+00,6.552579402923583984e+00,1.895242214202880859e+00,2.308200120925903320e+00,1.043485736846923828e+01,7.947066307067871094e+00,6.661954879760742188e+00,9.193759918212890625e+00,2.988665997982025146e-01,-1.032628917694091797e+01,-6.440595626831054688e+00,-1.372067451477050781e+01,-1.494589519500732422e+01,nan,nan,nan,nan,nan,nan,nan,nan,nan,nan,nan
nan,nan,nan,nan,nan,nan,nan,nan,nan,nan,nan,nan,nan,nan,nan,nan,nan,nan,nan,nan,nan,nan,-2.162427139282226562e+01,-2.395880126953125000e+01,nan,nan,nan,-3.297709655761718750e+01,-2.525699615478515625e+01,-1.843835449218750000e+01,-1.093545055389404297e+01,-3.696619033813476562e+00,nan,nan,nan,nan,nan,nan,nan,nan,nan,nan,nan,nan,nan,nan,nan,nan,nan,nan,nan,nan,nan,nan,nan,nan,nan,nan,nan,nan,nan,nan,nan,nan,nan,nan,nan,nan,nan,nan,nan,nan,nan,nan,nan,nan,nan,nan,nan,nan,nan,nan,nan,nan,nan,nan,nan,nan,nan,nan,nan,nan,nan,nan,nan,nan,nan,nan,nan,nan,nan,4.965952873229980469e+00,nan,nan,nan,1.037583255767822266e+01,4.616824626922607422e+00,3.285738229751586914e+00,1.693151116371154785e+00,2.140036582946777344e+00,-9.634408950805664062e+00,-4.956928253173828125e+00,-1.000689888000488281e+01,-1.288960933685302734e+01,nan,nan,nan,nan,nan,nan,nan,nan,nan,nan,nan
nan,nan,nan,nan,nan,nan,nan,nan,nan,nan,nan,nan,nan,nan,nan,nan,nan,nan,nan,nan,nan,nan,nan,-3.107101249694824219e+01,-4.286360168457031250e+01,-3.335369110107421875e+01,-3.760935592651367188e+01,-3.799916076660156250e+01,-2.703643035888671875e+01,-2.700278663635253906e+01,-1.945649147033691406e+01,-2.283661842346191406e+01,nan,nan,nan,nan,nan,nan,nan,nan,nan,nan,nan,nan,nan,nan,nan,nan,nan,nan,nan,nan,nan,nan,nan,nan,nan,nan,nan,nan,nan,nan,nan,nan,nan,nan,nan,nan,nan,nan,nan,nan,nan,nan,nan,nan,nan,nan,nan,nan,nan,nan,nan,nan,nan,nan,nan,nan,nan,nan,nan,nan,nan,nan,nan,nan,nan,nan,nan,nan,nan,nan,nan,nan,nan,5.983211517333984375e+00,-3.833782911300659180e+00,3.031559228897094727e+00,7.008454799652099609e+00,1.988725543022155762e+00,1.260749340057373047e+01,3.604230642318725586e+00,5.885416507720947266e+00,-1.219626808166503906e+01,nan,nan,nan,nan,nan,nan,nan,nan,nan,nan,nan
nan,nan,nan,nan,nan,nan,nan,nan,nan,nan,nan,nan,nan,nan,nan,nan,nan,nan,nan,nan,nan,nan,nan,-3.740245819091796875e+01,-3.464017486572265625e+01,-3.396925354003906250e+01,-3.574805068969726562e+01,-4.438146972656250000e+01,-3.514997863769531250e+01,-2.810901451110839844e+01,nan,nan,-1.984305572509765625e+01,nan,nan,nan,nan,nan,nan,nan,nan,nan,nan,nan,nan,nan,nan,nan,nan,nan,nan,nan,nan,nan,nan,nan,nan,nan,nan,nan,nan,nan,nan,nan,nan,nan,nan,nan,nan,nan,nan,nan,nan,nan,nan,nan,nan,nan,nan,nan,nan,nan,nan,nan,nan,nan,nan,nan,nan,nan,nan,nan,nan,nan,nan,nan,nan,nan,nan,nan,nan,nan,nan,nan,1.570963144302368164e+00,-2.563569068908691406e+00,-3.631666421890258789e+00,-8.734009861946105957e-01,3.487781286239624023e+00,1.147967815399169922e+01,1.467445755004882812e+01,1.608791923522949219e+01,-6.152611970901489258e-01,-1.354056358337402344e+00,-2.940361738204956055e+00,nan,nan,nan,nan,nan,nan,nan,nan,nan,nan
nan,nan,nan,nan,nan,nan,nan,nan,nan,nan,nan,nan,nan,nan,nan,nan,nan,nan,nan,nan,nan,nan,-4.193870925903320312e+01,-4.681830596923828125e+01,-3.748004150390625000e+01,-3.793877792358398438e+01,-3.412059783935546875e+01,-2.716543769836425781e+01,nan,nan,nan,nan,-2.069144248962402344e+01,nan,nan,nan,nan,nan,nan,nan,nan,nan,nan,nan,nan,nan,nan,nan,nan,nan,nan,nan,nan,nan,nan,nan,nan,nan,nan,nan,nan,nan,nan,nan,nan,nan,nan,nan,nan,nan,nan,nan,nan,nan,nan,nan,nan,nan,nan,nan,nan,nan,nan,nan,nan,nan,nan,nan,nan,nan,nan,nan,nan,nan,nan,nan,nan,nan,nan,nan,nan,nan,nan,nan,nan,-3.296166658401489258e+00,2.723742246627807617e+00,-8.552421331405639648e-01,2.163867712020874023e+00,8.561883926391601562e+00,1.351303672790527344e+01,2.571998834609985352e+00,-2.858161926269531250e+00,-1.469573616981506348e+00,nan,nan,nan,nan,nan,nan,nan,nan,nan,nan,nan
nan,nan,nan,nan,nan,nan,nan,nan,nan,nan,nan,nan,nan,nan,nan,nan,nan,nan,nan,nan,nan,nan,-4.514432525634765625e+01,-5.485645294189453125e+01,-4.498330688476562500e+01,-3.992395401000976562e+01,-3.725534057617187500e+01,-3.064226531982421875e+01,-2.685004425048828125e+01,-2.857063674926757812e+01,nan,-2.479719161987304688e+01,nan,nan,nan,nan,nan,nan,nan,nan,nan,nan,nan,nan,nan,nan,nan,nan,nan,nan,nan,nan,nan,nan,nan,nan,nan,nan,nan,nan,nan,nan,nan,nan,nan,nan,nan,nan,nan,nan,nan,nan,nan,nan,nan,nan,nan,nan,nan,nan,nan,nan,nan,nan,nan,nan,nan,nan,nan,nan,nan,nan,nan,nan,nan,nan,nan,nan,nan,nan,nan,nan,nan,nan,nan,-1.084028005599975586e+00,3.063452243804931641e+00,-1.699211835861206055e+00,-2.315827608108520508e+00,5.896893024444580078e+00,6.851579546928405762e-01,-4.640163421630859375e+00,-3.430444955825805664e+00,nan,nan,nan,nan,nan,nan,nan,nan,nan,nan,nan,nan
nan,nan,nan,nan,nan,nan,nan,nan,nan,nan,nan,nan,nan,nan,nan,nan,nan,nan,nan,nan,nan,nan,-5.323062133789062500e+01,-5.557763290405273438e+01,-4.674137115478515625e+01,-3.792583084106445312e+01,-3.823328399658203125e+01,-3.555431365966796875e+01,-2.905013847351074219e+01,-3.076634407043457031e+01,-1.687545013427734375e+01,-2.595993232727050781e+01,nan,nan,nan,nan,nan,nan,nan,nan,nan,nan,nan,nan,nan,nan,nan,nan,nan,nan,nan,nan,nan,nan,nan,nan,nan,nan,nan,nan,nan,nan,nan,nan,nan,nan,nan,nan,nan,nan,nan,nan,nan,nan,nan,nan,nan,nan,nan,nan,nan,nan,nan,nan,nan,nan,nan,nan,nan,nan,nan,nan,nan,nan,nan,nan,nan,nan,nan,nan,nan,nan,nan,nan,nan,-8.675673484802246094e+00,-2.186532974243164062e+00,-9.297682117903605103e-05,-4.458892159163951874e-03,-7.527047157287597656e+00,-8.655528068542480469e+00,-5.703452587127685547e+00,3.397905826568603516e+00,nan,nan,nan,nan,nan,nan,nan,nan,nan,nan,nan,nan
nan,nan,nan,nan,nan,nan,nan,nan,nan,nan,nan,nan,nan,nan,nan,nan,nan,nan,nan,nan,nan,nan,-5.531956863403320312e+01,-5.388345718383789062e+01,-5.101136779785156250e+01,nan,-3.746297073364257812e+01,-2.815191459655761719e+01,nan,-2.722506332397460938e+01,-1.701193618774414062e+01,nan,nan,nan,nan,nan,nan,nan,nan,nan,nan,nan,nan,nan,nan,nan,nan,nan,nan,nan,nan,nan,nan,nan,nan,nan,nan,nan,nan,nan,nan,nan,nan,nan,nan,nan,nan,nan,nan,nan,nan,nan,nan,nan,nan,nan,nan,nan,nan,nan,nan,nan,nan,nan,nan,nan,nan,nan,nan,nan,nan,nan,nan,nan,nan,nan,nan,nan,nan,nan,nan,nan,nan,nan,-2.595182180404663086e+00,-8.129276275634765625e+00,-5.467605113983154297e+00,1.668513655662536621e+00,1.554645061492919922e+00,-2.101280450820922852e+00,-1.665083885192871094e+01,-6.455821514129638672e+00,-4.293610095977783203e+00,nan,nan,nan,nan,nan,nan,nan,nan,nan,nan,nan,nan
nan,nan,nan,nan,nan,nan,nan,nan,nan,nan,nan,nan,nan,nan,nan,nan,nan,nan,nan,nan,nan,nan,-4.539222717285156250e+01,-5.135856246948242188e+01,-4.181171417236328125e+01,nan,-2.186049842834472656e+01,-2.702394676208496094e+01,-2.606164360046386719e+01,-1.626299095153808594e+01,-2.760543060302734375e+01,nan,nan,nan,nan,nan,nan,nan,nan,nan,nan,nan,nan,nan,nan,nan,nan,nan,nan,nan,nan,nan,nan,nan,nan,nan,nan,nan,nan,nan,nan,nan,nan,nan,nan,nan,nan,nan,nan,nan,nan,nan,nan,nan,nan,nan,nan,nan,nan,nan,nan,nan,nan,nan,nan,nan,nan,nan,nan,nan,nan,nan,nan,nan,nan,nan,nan,nan,nan,nan,nan,nan,nan,nan,-2.928782224655151367e+00,-6.511336326599121094e+00,-9.202945709228515625e+00,-2.864654362201690674e-01,2.245840549468994141e+00,-6.409928321838378906e+00,-1.325417423248291016e+01,-5.138982772827148438e+00,-3.809049129486083984e+00,nan,nan,nan,nan,nan,nan,nan,nan,nan,nan,nan,nan
nan,nan,nan,nan,nan,nan,nan,nan,nan,nan,nan,nan,nan,nan,nan,nan,nan,nan,nan,nan,-3.664697647094726562e+01,-2.370659065246582031e+01,-2.800459289550781250e+01,-3.426580047607421875e+01,-2.787754821777343750e+01,-2.153561782836914062e+01,-3.232152938842773438e+01,-3.156626892089843750e+01,-2.329081535339355469e+01,-1.503956794738769531e+01,-2.773887443542480469e+01,nan,nan,nan,nan,nan,nan,nan,nan,nan,nan,nan,nan,nan,nan,nan,nan,nan,nan,nan,nan,nan,nan,nan,nan,nan,nan,nan,nan,nan,nan,nan,nan,nan,nan,nan,nan,nan,nan,nan,nan,nan,nan,nan,nan,nan,nan,nan,nan,nan,nan,nan,nan,nan,nan,nan,nan,nan,nan,nan,nan,nan,nan,nan,nan,nan,nan,nan,nan,nan,nan,nan,nan,nan,-3.283602952957153320e+00,nan,-6.814115047454833984e+00,-1.017667531967163086e+00,3.965303182601928711e+00,1.104252934455871582e+00,-1.068889713287353516e+01,-1.375648689270019531e+01,nan,nan,nan,nan,nan,nan,nan,nan,nan,nan,nan,nan,nan
nan,nan,nan,nan,nan,nan,nan,nan,nan,nan,nan,nan,nan,nan,nan,nan,nan,nan,nan,nan,-3.408853912353515625e+01,-4.086468505859375000e+01,-2.748321151733398438e+01,-2.927706336975097656e+01,-3.059459877014160156e+01,-3.680517959594726562e+01,-3.623853683471679688e+01,-4.196866989135742188e+01,-3.354113006591796875e+01,-1.933980369567871094e+01,-2.788770294189453125e+01,nan,nan,nan,nan,nan,nan,nan,nan,nan,nan,nan,nan,nan,nan,nan,nan,nan,nan,nan,nan,nan,nan,nan,nan,nan,nan,nan,nan,nan,nan,nan,nan,nan,nan,nan,nan,nan,nan,nan,nan,nan,nan,nan,nan,nan,nan,nan,nan,nan,nan,nan,nan,nan,nan,nan,nan,nan,nan,nan,nan,nan,nan,nan,nan,nan,nan,nan,nan,nan,nan,nan,nan,nan,-3.527560949325561523e+00,-2.495425939559936523e+00,-4.923829078674316406e+00,-3.441877365112304688e+00,3.981038808822631836e+00,6.019724369049072266e+00,-7.764583110809326172e+00,-1.343012142181396484e+01,nan,nan,nan,nan,nan,nan,nan,nan,nan,nan,nan,nan,nan
nan,nan,nan,nan,nan,nan,nan,nan,nan,nan,nan,nan,nan,nan,nan,nan,nan,nan,nan,nan,nan,-3.702954483032226562e+01,-3.364142990112304688e+01,-1.886527252197265625e+01,-2.450354003906250000e+01,-4.078983306884765625e+01,-3.715954589843750000e+01,-4.074597167968750000e+01,-3.642145156860351562e+01,-2.933871078491210938e+01,-2.764729118347167969e+01,nan,nan,nan,nan,nan,nan,nan,nan,nan,nan,nan,nan,nan,nan,nan,nan,nan,nan,nan,nan,nan,nan,nan,nan,nan,nan,nan,nan,nan,nan,nan,nan,nan,nan,nan,nan,nan,nan,nan,nan,nan,nan,nan,nan,nan,nan,nan,nan,nan,nan,nan,nan,nan,nan,nan,nan,nan,nan,nan,nan,nan,nan,nan,nan,nan,nan,nan,nan,nan,nan,nan,nan,nan,nan,nan,nan,-8.133064270019531250e+00,-5.204976081848144531e+00,6.956189155578613281e+00,-1.424964308738708496e+00,-6.646591186523437500e+00,nan,nan,nan,nan,nan,nan,nan,nan,nan,nan,nan,nan,nan
nan,nan,nan,nan,nan,nan,nan,nan,nan,nan,nan,nan,nan,nan,nan,nan,nan,nan,nan,nan,nan,-2.892222976684570312e+01,-2.574318122863769531e+01,-2.397365951538085938e+01,-2.477545547485351562e+01,-2.464634323120117188e+01,-3.112272071838378906e+01,-2.743638229370117188e+01,-3.130682182312011719e+01,-2.947487258911132812e+01,nan,nan,nan,nan,nan,nan,nan,nan,nan,nan,nan,nan,nan,nan,nan,nan,nan,nan,nan,nan,nan,nan,nan,nan,nan,nan,nan,nan,nan,nan,nan,nan,nan,nan,nan,nan,nan,nan,nan,nan,nan,nan,nan,nan,nan,nan,nan,nan,nan,nan,nan,nan,nan,nan,nan,nan,nan,nan,nan,nan,nan,nan,nan,nan,nan,nan,nan,nan,nan,nan,nan,nan,nan,nan,nan,nan,nan,-3.407972335815429688e+00,-6.096943855285644531e+00,6.626578330993652344e+00,-2.227201700210571289e+00,-8.106274604797363281e+00,-5.026035308837890625e+00,nan,nan,nan,nan,nan,nan,nan,nan,nan,nan,nan,nan
nan,nan,nan,nan,nan,nan,nan,nan,nan,nan,nan,nan,nan,nan,nan,nan,nan,nan,nan,nan,nan,-2.688716125488281250e+01,-2.404049301147460938e+01,-3.161616325378417969e+01,-2.045726013183593750e+01,-2.329778099060058594e+01,-2.380975532531738281e+01,-2.523506355285644531e+01,-2.635452461242675781e+01,-2.810879516601562500e+01,-2.679010963439941406e+01,nan,nan,nan,nan,nan,nan,nan,nan,nan,nan,nan,nan,nan,nan,nan,nan,nan,nan,nan,nan,nan,nan,nan,nan,nan,nan,nan,nan,nan,nan,nan,nan,nan,nan,nan,nan,nan,nan,nan,nan,nan,nan,nan,nan,nan,nan,nan,nan,nan,nan,nan,nan,nan,nan,nan,nan,nan,nan,nan,nan,nan,nan,nan,nan,nan,nan,nan,nan,nan,nan,nan,nan,nan,nan,nan,nan,nan,-7.604402899742126465e-01,3.966995239257812500e+00,-9.592394828796386719e+00,-1.538410568237304688e+01,nan,nan,nan,nan,nan,nan,nan,nan,nan,nan,nan,nan,nan
nan,nan,nan,nan,nan,nan,nan,nan,nan,nan,nan,nan,nan,nan,nan,nan,nan,nan,nan,nan,nan,nan,nan,-2.725846099853515625e+01,-2.389501380920410156e+01,-2.306170654296875000e+01,-2.464023399353027344e+01,-2.810662269592285156e+01,-2.637293434143066406e+01,-2.715832519531250000e+01,-2.560346794128417969e+01,nan,nan,nan,nan,nan,nan,nan,nan,nan,nan,nan,nan,nan,nan,nan,nan,nan,nan,nan,nan,nan,nan,nan,nan,nan,nan,nan,nan,nan,nan,nan,nan,nan,nan,nan,nan,nan,nan,nan,nan,nan,nan,nan,nan,nan,nan,nan,nan,nan,nan,nan,nan,nan,nan,nan,nan,nan,nan,nan,nan,nan,nan,nan,nan,nan,nan,nan,nan,nan,nan,nan,nan,nan,nan,nan,nan,nan,2.066411733627319336e+00,-1.251803112030029297e+01,-9.067604064941406250e+00,-4.861611843109130859e+00,nan,nan,nan,nan,nan,nan,nan,nan,nan,nan,nan,nan,nan
nan,nan,nan,nan,nan,nan,nan,nan,nan,nan,nan,nan,nan,nan,nan,nan,nan,nan,nan,nan,nan,nan,nan,-2.242502975463867188e+01,-2.302939033508300781e+01,-2.313952636718750000e+01,-2.687365913391113281e+01,-3.150247383117675781e+01,-2.887868309020996094e+01,-2.653702545166015625e+01,-2.448789596557617188e+01,-2.035956954956054688e+01,-1.367960071563720703e+01,-2.111858177185058594e+01,nan,nan,nan,nan,nan,nan,nan,nan,nan,nan,nan,nan,nan,nan,nan,nan,nan,nan,nan,nan,nan,nan,nan,nan,nan,nan,nan,nan,nan,nan,nan,nan,nan,nan,nan,nan,nan,nan,nan,nan,nan,nan,nan,nan,nan,nan,nan,nan,nan,nan,nan,nan,nan,nan,nan,nan,nan,nan,nan,nan,nan,nan,nan,nan,nan,nan,nan,nan,nan,nan,nan,-9.477990269660949707e-01,-6.650004863739013672e+00,-6.836049556732177734e+00,-2.541528940200805664e+00,-1.105953979492187500e+01,-4.745712757110595703e+00,-4.735447406768798828e+00,nan,nan,nan,nan,nan,nan,nan,nan,nan,nan,nan,nan,nan
nan,nan,nan,nan,nan,nan,nan,nan,nan,nan,nan,nan,nan,nan,nan,nan,nan,nan,nan,nan,nan,nan,nan,nan,-2.215017318725585938e+01,-2.252412605285644531e+01,-2.940603256225585938e+01,-3.134114646911621094e+01,-3.063308715820312500e+01,-2.874565887451171875e+01,-2.302185440063476562e+01,-2.397231483459472656e+01,-2.363633155822753906e+01,-2.026762580871582031e+01,-1.924300384521484375e+01,nan,nan,nan,nan,nan,nan,nan,nan,nan,nan,nan,nan,nan,nan,nan,nan,nan,nan,nan,nan,nan,nan,nan,nan,nan,nan,nan,nan,nan,nan,nan,nan,nan,nan,nan,nan,nan,nan,nan,nan,nan,nan,nan,nan,nan,nan,nan,nan,nan,nan,nan,nan,nan,nan,nan,nan,nan,nan,nan,nan,nan,nan,nan,nan,nan,nan,nan,nan,nan,nan,7.223016738891601562e+00,2.375113487243652344e+00,2.141442060470581055e+00,-3.220530152320861816e-01,-8.915517807006835938e+00,nan,nan,nan,nan,nan,nan,nan,nan,nan,nan,nan,nan,nan,nan,nan
nan,nan,nan,nan,nan,nan,nan,nan,nan,nan,nan,nan,nan,nan,nan,nan,nan,nan,nan,nan,nan,nan,nan,nan,-8.362222671508789062e+00,-1.501134490966796875e+01,-1.512313461303710938e+01,-1.711181449890136719e+01,-2.663094902038574219e+01,-2.041775321960449219e+01,-2.477889251708984375e+01,-2.465962791442871094e+01,-2.357316970825195312e+01,-2.254077148437500000e+01,-1.485377883911132812e+01,nan,nan,nan,nan,nan,nan,nan,nan,nan,nan,nan,nan,nan,nan,nan,nan,nan,nan,nan,nan,nan,nan,nan,nan,nan,nan,nan,nan,nan,nan,nan,nan,nan,nan,nan,nan,nan,nan,nan,nan,nan,nan,nan,nan,nan,nan,nan,nan,nan,nan,nan,nan,nan,nan,nan,nan,nan,nan,nan,nan,nan,nan,nan,nan,nan,nan,nan,nan,nan,nan,4.617096900939941406e+00,2.516486856620758772e-04,-7.418841123580932617e-01,-6.166764497756958008e-01,-6.050026416778564453e+00,nan,nan,nan,nan,nan,nan,nan,nan,nan,nan,nan,nan,nan,nan,nan
nan,nan,nan,nan,nan,nan,nan,nan,nan,nan,nan,nan,nan,nan,nan,nan,nan,nan,nan,nan,nan,nan,nan,nan,-6.956098079681396484e+00,-2.735155105590820312e+00,-1.499317741394042969e+01,-1.792433166503906250e+01,-1.814506340026855469e+01,-1.864415740966796875e+01,-1.929772186279296875e+01,-2.049927330017089844e+01,-1.984611511230468750e+01,-1.913631820678710938e+01,nan,-1.684024810791015625e+01,nan,nan,nan,nan,nan,nan,nan,nan,nan,nan,nan,nan,nan,nan,nan,nan,nan,nan,nan,nan,nan,nan,nan,nan,nan,nan,nan,nan,nan,nan,nan,nan,nan,nan,nan,nan,nan,nan,nan,nan,nan,nan,nan,nan,nan,nan,nan,nan,nan,nan,nan,nan,nan,nan,nan,nan,nan,nan,nan,nan,nan,nan,nan,nan,nan,nan,nan,nan,9.052382111549377441e-01,2.807686090469360352e+00,5.174706935882568359e+00,1.578054577112197876e-01,-6.053602695465087891e+00,-6.685097694396972656e+00,-3.922843217849731445e+00,nan,nan,nan,nan,nan,nan,nan,nan,nan,nan,nan,nan,nan,nan
nan,nan,nan,nan,nan,nan,nan,nan,nan,nan,nan,nan,nan,nan,nan,nan,nan,nan,nan,nan,nan,nan,nan,nan,7.924280166625976562e+00,-4.237088680267333984e+00,-8.308441162109375000e+00,-1.749561691284179688e+01,-1.634193038940429688e+01,-1.670712852478027344e+01,-1.846100044250488281e+01,-1.823274230957031250e+01,-1.880048751831054688e+01,-1.712695693969726562e+01,-1.339004707336425781e+01,-1.047819232940673828e+01,nan,nan,nan,nan,nan,nan,nan,nan,nan,nan,nan,nan,nan,nan,nan,nan,nan,nan,nan,nan,nan,nan,nan,nan,nan,nan,nan,nan,nan,nan,nan,nan,nan,nan,nan,nan,nan,nan,nan,nan,nan,nan,nan,nan,nan,nan,nan,nan,nan,nan,nan,nan,nan,nan,nan,nan,nan,nan,nan,nan,nan,nan,nan,nan,nan,nan,nan,-3.372399806976318359e+00,-2.392998486757278442e-01,1.522383809089660645e+00,3.360449075698852539e+00,4.738611698150634766e+00,-9.921992301940917969e+00,-2.266286611557006836e+00,-3.408870220184326172e+00,nan,nan,nan,nan,nan,nan,nan,nan,nan,nan,nan,nan,nan,nan
nan,nan,nan,nan,nan,nan,nan,nan,nan,nan,nan,nan,nan,nan,nan,nan,nan,nan,nan,nan,nan,nan,nan,nan,3.751559972763061523e+00,-4.786612033843994141e+00,-7.620124816894531250e+00,-1.113151931762695312e+01,-1.369209003448486328e+01,-1.672279930114746094e+01,-1.929818534851074219e+01,-1.747445106506347656e+01,-1.719208145141601562e+01,-1.755509567260742188e+01,-1.636934852600097656e+01,-1.398465156555175781e+01,-1.370478343963623047e+01,nan,nan,nan,nan,nan,nan,nan,nan,nan,nan,nan,nan,nan,nan,nan,nan,nan,nan,nan,nan,nan,nan,nan,nan,nan,nan,nan,nan,nan,nan,nan,nan,nan,nan,nan,nan,nan,nan,nan,nan,nan,nan,nan,nan,nan,nan,nan,nan,nan,nan,nan,nan,nan,nan,nan,nan,nan,nan,nan,nan,nan,nan,nan,nan,nan,1.709118247032165527e+00,2.669673919677734375e+00,4.877290725708007812e+00,4.552047252655029297e+00,-5.981592178344726562e+00,-3.628166198730468750e+00,-3.265515565872192383e+00,nan,nan,nan,nan,nan,nan,nan,nan,nan,nan,nan,nan,nan,nan,nan,nan
nan,nan,nan,nan,nan,nan,nan,nan,nan,nan,nan,nan,nan,nan,nan,nan,nan,nan,nan,nan,nan,nan,nan,nan,-4.654210567474365234e+00,5.153892517089843750e+00,-7.226095676422119141e+00,-7.599826812744140625e+00,-1.596550464630126953e+01,-1.591586685180664062e+01,-1.807353401184082031e+01,-1.851564788818359375e+01,-1.649215888977050781e+01,-1.714822006225585938e+01,-1.621440315246582031e+01,-1.283768844604492188e+01,-9.295602798461914062e+00,nan,nan,nan,nan,nan,nan,nan,nan,nan,nan,nan,nan,nan,nan,nan,nan,nan,nan,nan,nan,nan,nan,nan,nan,nan,nan,nan,nan,nan,nan,nan,nan,nan,nan,nan,nan,nan,nan,nan,nan,nan,nan,nan,nan,nan,nan,nan,nan,nan,nan,nan,nan,nan,nan,nan,nan,nan,nan,nan,nan,nan,nan,nan,nan,nan,-2.672961235046386719e+00,9.338797926902770996e-01,7.873081684112548828e+00,3.550764799118041992e+00,-8.929420471191406250e+00,-4.948590278625488281e+00,-2.412653207778930664e+00,nan,nan,nan,nan,nan,nan,nan,nan,nan,nan,nan,nan,nan,nan,nan,nan
nan,nan,nan,nan,nan,nan,nan,nan,nan,nan,nan,nan,nan,nan,nan,nan,nan,nan,nan,nan,nan,nan,nan,nan,nan,7.217261791229248047e+00,4.443980693817138672e+00,1.936969637870788574e+00,-6.780617237091064453e+00,-9.983244895935058594e+00,-1.268397903442382812e+01,-1.366735076904296875e+01,-1.188000965118408203e+01,-1.542796325683593750e+01,-1.484888744354248047e+01,-1.308377456665039062e+01,-1.056914329528808594e+01,-9.985831260681152344e+00,nan,nan,nan,nan,nan,nan,nan,nan,nan,nan,nan,nan,nan,nan,nan,nan,nan,nan,nan,nan,nan,nan,nan,nan,nan,nan,nan,nan,nan,nan,nan,nan,nan,nan,nan,nan,nan,nan,nan,nan,nan,nan,nan,nan,nan,nan,nan,nan,nan,nan,nan,nan,nan,nan,nan,nan,nan,nan,nan,nan,nan,nan,nan,nan,-4.065175056457519531e-01,-9.711937308311462402e-01,4.840681552886962891e+00,1.657271504402160645e+00,-6.160535812377929688e+00,-9.405688285827636719e+00,-6.258235454559326172e+00,nan,nan,nan,nan,nan,nan,nan,nan,nan,nan,nan,nan,nan,nan,nan,nan
nan,nan,nan,nan,nan,nan,nan,nan,nan,nan,nan,nan,nan,nan,nan,nan,nan,nan,nan,nan,nan,nan,nan,nan,nan,nan,1.071441555023193359e+01,2.434426546096801758e+00,-1.035615801811218262e+00,-4.547895908355712891e+00,-6.824994564056396484e+00,-6.985936641693115234e+00,-8.117117881774902344e+00,-8.374204635620117188e+00,-9.317243576049804688e+00,-1.276170539855957031e+01,-1.109704494476318359e+01,-1.059810638427734375e+01,nan,nan,nan,nan,nan,nan,nan,nan,nan,nan,nan,nan,nan,nan,nan,nan,nan,nan,nan,nan,nan,nan,nan,nan,nan,nan,nan,nan,nan,nan,nan,nan,nan,nan,nan,nan,nan,nan,nan,nan,nan,nan,nan,nan,nan,nan,nan,nan,nan,nan,nan,nan,nan,nan,nan,nan,nan,nan,nan,nan,nan,nan,nan,nan,-5.601673603057861328e+00,-2.075956583023071289e+00,6.414055824279785156e+00,5.938110828399658203e+00,7.130735874176025391e+00,4.308501243591308594e+00,1.834791660308837891e+00,nan,nan,nan,nan,nan,nan,nan,nan,nan,nan,nan,nan,nan,nan,nan,nan
nan,nan,nan,nan,nan,nan,nan,nan,nan,nan,nan,nan,nan,nan,nan,nan,nan,nan,nan,nan,nan,nan,nan,nan,nan,nan,-2.369745969772338867e+00,7.266391515731811523e-01,-3.479517221450805664e+00,7.629699110984802246e-01,-3.874038696289062500e+00,-5.375260829925537109e+00,-4.115333080291748047e+00,-7.870223522186279297e+00,-9.256005287170410156e+00,-8.891685485839843750e+00,-1.020850181579589844e+01,-7.259031295776367188e+00,nan,nan,nan,nan,nan,nan,nan,nan,nan,nan,nan,nan,nan,nan,nan,nan,nan,nan,nan,nan,nan,nan,nan,nan,nan,nan,nan,nan,nan,nan,nan,nan,nan,nan,nan,nan,nan,nan,nan,nan,nan,nan,nan,nan,nan,nan,nan,nan,nan,nan,nan,nan,nan,nan,nan,nan,nan,nan,nan,nan,nan,nan,nan,nan,5.038708686828613281e+00,4.158417701721191406e+00,7.997848510742187500e+00,7.789169311523437500e+00,1.226693058013916016e+01,4.089112281799316406e+00,3.335031270980834961e+00,nan,nan,nan,nan,nan,nan,nan,nan,nan,nan,nan,nan,nan,nan,nan,nan
nan,nan,nan,nan,nan,nan,nan,nan,nan,nan,nan,nan,nan,nan,nan,nan,nan,nan,nan,nan,nan,nan,nan,nan,nan,nan,nan,-1.493228673934936523e+00,-2.503647565841674805e+00,8.251251280307769775e-02,2.312041819095611572e-01,-5.241621971130371094e+00,-6.235382556915283203e+00,-7.149371623992919922e+00,-8.913971900939941406e+00,-6.527900695800781250e+00,-7.281262874603271484e+00,-4.901533126831054688e+00,nan,nan,-5.091032981872558594e+00,nan,nan,nan,nan,nan,nan,nan,nan,nan,nan,nan,nan,nan,nan,nan,nan,nan,nan,nan,nan,nan,nan,nan,nan,nan,nan,nan,nan,nan,nan,nan,nan,nan,nan,nan,nan,nan,nan,nan,nan,nan,nan,nan,nan,nan,nan,nan,nan,nan,nan,nan,nan,nan,nan,nan,nan,nan,nan,nan,5.111026287078857422e+00,-1.000196814537048340e+00,1.969024658203125000e+00,5.510344505310058594e+00,8.541817665100097656e+00,9.712409973144531250e+00,5.886940479278564453e+00,nan,nan,nan,nan,nan,nan,nan,nan,nan,nan,nan,nan,nan,nan,nan,nan,nan,nan
nan,nan,nan,nan,nan,nan,nan,nan,nan,nan,nan,nan,nan,nan,nan,nan,nan,nan,nan,nan,nan,nan,nan,nan,nan,nan,nan,nan,nan,6.271083354949951172e+00,5.931550025939941406e+00,1.737047910690307617e+00,-5.800061702728271484e+00,-6.098324775695800781e+00,-5.265140533447265625e+00,-3.009303092956542969e+00,-6.572738647460937500e+00,-3.800831794738769531e+00,7.104668766260147095e-02,4.718662261962890625e+00,1.904514908790588379e+00,-4.602793693542480469e+00,nan,nan,nan,nan,nan,nan,nan,nan,nan,nan,nan,nan,nan,nan,nan,nan,nan,nan,nan,nan,nan,nan,nan,nan,nan,nan,nan,nan,nan,nan,nan,nan,nan,nan,nan,nan,nan,nan,nan,nan,nan,nan,nan,nan,nan,nan,nan,nan,nan,nan,nan,nan,nan,nan,nan,nan,nan,nan,-3.510339558124542236e-01,7.636796236038208008e-01,1.664881348609924316e+00,8.132683753967285156e+00,7.412673950195312500e+00,1.345764541625976562e+01,7.209338188171386719e+00,nan,nan,nan,nan,nan,nan,nan,nan,nan,nan,nan,nan,nan,nan,nan,nan,nan,nan
nan,nan,nan,nan,nan,nan,nan,nan,nan,nan,nan,nan,nan,nan,nan,nan,nan,nan,nan,nan,nan,nan,nan,nan,nan,nan,nan,nan,nan,1.328633446246385574e-02,8.494235038757324219e+00,6.856543064117431641e+00,3.140675783157348633e+00,-2.004099130630493164e+00,-2.535111904144287109e-01,-6.179181575775146484e+00,-4.885300159454345703e+00,-3.337570905685424805e+00,-7.374127388000488281e+00,-2.957458198070526123e-01,-2.424688339233398438e+00,-2.082328796386718750e+00,-4.183667182922363281e+00,nan,nan,nan,nan,nan,nan,nan,nan,nan,nan,nan,nan,nan,nan,nan,nan,nan,nan,nan,nan,nan,nan,nan,nan,nan,nan,nan,nan,nan,nan,nan,nan,nan,nan,nan,nan,nan,nan,nan,nan,nan,nan,nan,nan,nan,nan,nan,nan,nan,nan,nan,nan,nan,nan,nan,4.932243824005126953e+00,-1.106216162443161011e-01,1.177354574203491211e+00,3.288655042648315430e+00,1.230198478698730469e+01,1.733381652832031250e+01,1.532828998565673828e+01,1.200155544281005859e+01,8.648066520690917969e+00,nan,nan,nan,nan,nan,nan,nan,nan,nan,nan,nan,nan,nan,nan,nan,nan,nan,nan
nan,nan,nan,nan,nan,nan,nan,nan,nan,nan,nan,nan,nan,nan,nan,nan,nan,nan,nan,nan,nan,nan,nan,nan,nan,nan,nan,nan,nan,nan,-4.262038707733154297e+00,8.057994842529296875e+00,-9.573565125465393066e-01,-6.662438392639160156e+00,-1.642299056053161621e+00,-6.016966342926025391e+00,-7.040780067443847656e+00,-3.283946514129638672e+00,-5.439932346343994141e+00,-1.138407325744628906e+01,-8.073990821838378906e+00,-5.347245216369628906e+00,-2.592746019363403320e+00,-2.438240289688110352e+00,-3.775595188140869141e+00,-1.064640935510396957e-02,-1.766429543495178223e+00,nan,nan,nan,nan,1.085853695869445801e+00,1.457630038261413574e+00,nan,nan,2.063450336456298828e+00,1.934555172920227051e+00,2.598218441009521484e+00,3.174752473831176758e+00,3.776104450225830078e+00,4.439485549926757812e+00,nan,nan,nan,nan,nan,nan,nan,nan,nan,nan,nan,nan,nan,nan,nan,nan,nan,nan,nan,nan,nan,nan,nan,nan,nan,nan,nan,nan,nan,nan,nan,nan,nan,nan,nan,nan,nan,5.145636081695556641e+00,5.144787311553955078e+00,6.454443931579589844e+00,1.174741840362548828e+01,1.586870193481445312e+01,1.998137664794921875e+01,1.403826427459716797e+01,1.115537452697753906e+01,8.301099777221679688e+00,nan,nan,nan,nan,nan,nan,nan,nan,nan,nan,nan,nan,nan,nan,nan,nan,nan,nan
nan,nan,nan,nan,nan,nan,nan,nan,nan,nan,nan,nan,nan,nan,nan,nan,nan,nan,nan,nan,nan,nan,nan,nan,nan,nan,nan,nan,nan,nan,nan,6.388213157653808594e+00,2.105654239654541016e+00,-3.911300182342529297e+00,-5.419065952301025391e+00,-4.340033531188964844e+00,-7.336432933807373047e+00,-1.239039611816406250e+01,-1.146306228637695312e+01,-1.216278362274169922e+01,-1.208346462249755859e+01,-5.737665176391601562e+00,-7.103502750396728516e+00,-6.442917823791503906e+00,-3.477624177932739258e+00,2.919907569885253906e-01,1.063077330589294434e+00,-5.839904785156250000e+00,-1.201534748077392578e+00,-6.548444628715515137e-01,-1.653150320053100586e-01,1.646990060806274414e+00,6.553222537040710449e-01,-1.324905008077621460e-01,1.555965304374694824e+00,2.235532283782958984e+00,-3.686248540878295898e+00,1.967048346996307373e-01,1.250669956207275391e+00,-3.027414798736572266e+00,-2.865105867385864258e-01,-7.382771372795104980e-01,6.959178447723388672e+00,nan,nan,nan,nan,nan,5.157884120941162109e+00,nan,nan,nan,nan,nan,nan,nan,nan,nan,nan,nan,nan,nan,nan,nan,nan,nan,nan,nan,nan,nan,nan,nan,nan,nan,nan,nan,nan,nan,nan,3.082625389099121094e+00,6.931587696075439453e+00,1.024783611297607422e+01,1.074934387207031250e+01,1.436536216735839844e+01,8.894663810729980469e+00,-2.261986255645751953e+00,nan,nan,nan,nan,nan,nan,nan,nan,nan,nan,nan,nan,nan,nan,nan,nan,nan,nan,nan
nan,nan,nan,nan,nan,nan,nan,nan,nan,nan,nan,nan,nan,nan,nan,nan,nan,nan,nan,nan,nan,nan,nan,nan,nan,nan,nan,nan,nan,nan,nan,1.236689925193786621e+00,4.742158412933349609e+00,5.243733406066894531e+00,-3.347141265869140625e+00,-7.331885337829589844e+00,-9.116699218750000000e+00,-4.968762397766113281e+00,-5.653125762939453125e+00,-9.261546134948730469e+00,-9.445185661315917969e+00,-9.108878135681152344e+00,-4.388147830963134766e+00,-5.885108947753906250e+00,-8.400405198335647583e-02,5.544192314147949219e+00,-1.878756046295166016e+00,8.025544881820678711e-01,-3.270815312862396240e-02,-1.592211604118347168e+00,1.839043259620666504e+00,2.753757476806640625e+00,2.022223472595214844e+00,3.031073212623596191e-01,2.007969141006469727e+00,2.238186359405517578e+00,-2.711839914321899414e+00,1.493864536285400391e+00,2.173285961151123047e+00,5.772249698638916016e+00,2.555045604705810547e+00,5.449829101562500000e+00,5.128442287445068359e+00,6.146479129791259766e+00,5.806739807128906250e+00,4.456901073455810547e+00,6.363309383392333984e+00,5.656620025634765625e+00,4.859785556793212891e+00,nan,nan,nan,nan,nan,nan,nan,nan,nan,nan,nan,nan,nan,nan,nan,nan,nan,nan,nan,nan,nan,nan,nan,nan,nan,nan,nan,nan,nan,3.343589544296264648e+00,3.533446073532104492e+00,8.985981941223144531e+00,7.725191116333007812e+00,8.609224319458007812e+00,-1.185173749923706055e+00,-4.031188011169433594e+00,7.337172508239746094e+00,nan,nan,nan,nan,nan,nan,nan,nan,nan,nan,nan,nan,nan,nan,nan,nan,nan,nan,nan
nan,nan,nan,nan,nan,nan,nan,nan,nan,nan,nan,nan,nan,nan,nan,nan,nan,nan,nan,nan,nan,nan,nan,nan,nan,nan,nan,nan,nan,nan,nan,nan,6.073817729949951172e+00,4.011130332946777344e+00,-3.887804508209228516e+00,-7.656219959259033203e+00,-1.131205272674560547e+01,-1.388525247573852539e+00,2.202961742877960205e-01,-9.021128654479980469e+00,-7.544453620910644531e+00,-1.471787452697753906e+00,-2.598937034606933594e+00,1.466221094131469727e+00,-4.943978786468505859e+00,-4.045180320739746094e+00,-5.495090961456298828e+00,-1.150016903877258301e+00,1.610729336738586426e+00,4.826035022735595703e+00,2.255836486816406250e+00,1.927169203758239746e+00,1.813344597816467285e+00,2.152491331100463867e+00,2.963918447494506836e+00,2.067380666732788086e+00,3.504222869873046875e+00,3.254836201667785645e-01,6.099389076232910156e+00,6.600750923156738281e+00,6.164571762084960938e+00,1.306475925445556641e+01,1.194218254089355469e+01,9.866155624389648438e+00,8.537654876708984375e+00,4.013222694396972656e+00,6.642158985137939453e+00,nan,nan,nan,nan,nan,nan,nan,nan,nan,nan,nan,nan,nan,nan,nan,nan,nan,nan,nan,nan,nan,nan,nan,nan,nan,nan,nan,nan,nan,nan,nan,3.315096199512481689e-01,2.800287961959838867e+00,7.214535713195800781e+00,1.302668857574462891e+01,8.830109596252441406e+00,-3.664052486419677734e+00,-4.896313190460205078e+00,nan,nan,nan,nan,nan,nan,nan,nan,nan,nan,nan,nan,nan,nan,nan,nan,nan,nan,nan,nan
nan,nan,nan,nan,nan,nan,nan,nan,nan,nan,nan,nan,nan,nan,nan,nan,nan,nan,nan,nan,nan,nan,nan,nan,nan,nan,nan,nan,nan,nan,nan,3.809293508529663086e+00,6.197504997253417969e+00,4.233731269836425781e+00,1.128763794898986816e+00,-2.365412950515747070e+00,-3.202189922332763672e+00,6.639978885650634766e-01,-2.490456342697143555e+00,-5.624430656433105469e+00,-9.110771417617797852e-01,4.924364387989044189e-01,-2.814852714538574219e+00,-1.686865687370300293e+00,-2.921826839447021484e+00,-3.406428337097167969e+00,-4.933245182037353516e+00,-2.247215747833251953e+00,-3.620402097702026367e+00,-2.558537721633911133e+00,-1.776686549186706543e+00,1.709975481033325195e+00,2.408335685729980469e+00,1.633840441703796387e+00,4.771008491516113281e+00,8.439443588256835938e+00,1.050470924377441406e+01,3.040177583694458008e+00,8.658421516418457031e+00,1.645411109924316406e+01,6.766864299774169922e+00,5.315100669860839844e+00,1.220998764038085938e+01,1.201301288604736328e+01,1.108548069000244141e+01,5.467998504638671875e+00,3.916867494583129883e+00,1.670207977294921875e+00,nan,nan,nan,nan,nan,nan,nan,nan,nan,nan,nan,nan,nan,nan,nan,nan,nan,nan,nan,nan,nan,nan,nan,nan,nan,nan,nan,nan,nan,-1.474210977554321289e+00,-4.586704075336456299e-01,6.148619174957275391e+00,8.470278739929199219e+00,3.472101449966430664e+00,4.255690574645996094e+00,-2.769737958908081055e+00,5.508290767669677734e+00,nan,nan,nan,nan,nan,nan,nan,nan,nan,nan,nan,nan,nan,nan,nan,nan,nan,nan,nan,nan
nan,nan,nan,nan,nan,nan,nan,nan,nan,nan,nan,nan,nan,nan,nan,nan,nan,nan,nan,nan,nan,nan,nan,nan,nan,nan,nan,nan,nan,nan,nan,6.247293472290039062e+00,9.204930663108825684e-01,8.798841834068298340e-01,1.800729393959045410e+00,1.715258717536926270e+00,3.865880489349365234e+00,2.015706300735473633e+00,-5.297826528549194336e-01,-3.586078405380249023e+00,2.222757637500762939e-01,3.139049053192138672e+00,2.717258334159851074e-01,-1.662608504295349121e+00,-4.607092857360839844e+00,-5.180016517639160156e+00,-3.622910499572753906e+00,-6.742111682891845703e+00,-5.639359474182128906e+00,-7.889370441436767578e+00,-5.891741275787353516e+00,-5.132943630218505859e+00,-2.716495275497436523e+00,-1.743359208106994629e+00,3.066344022750854492e+00,9.746695518493652344e+00,9.835587501525878906e+00,1.646968269348144531e+01,2.492533111572265625e+01,2.321894454956054688e+01,1.696964645385742188e+01,5.003324508666992188e+00,8.954236984252929688e+00,1.034365653991699219e+01,1.402913951873779297e+01,5.877731323242187500e+00,2.228173971176147461e+00,1.715524077415466309e+00,4.735470771789550781e+00,nan,nan,nan,nan,nan,nan,nan,nan,nan,nan,nan,nan,nan,nan,nan,nan,nan,nan,nan,nan,nan,nan,nan,nan,nan,nan,-2.729510664939880371e-01,-4.268415927886962891e+00,-2.796412467956542969e+00,-5.633000373840332031e+00,-5.092833518981933594e+00,-3.453454077243804932e-01,nan,nan,nan,nan,nan,nan,nan,nan,nan,nan,nan,nan,nan,nan,nan,nan,nan,nan,nan,nan,nan,nan,nan,nan
nan,nan,nan,nan,nan,nan,nan,nan,nan,nan,nan,nan,nan,nan,nan,nan,nan,nan,nan,nan,nan,nan,nan,nan,nan,nan,nan,nan,nan,nan,nan,8.822522163391113281e+00,6.087915897369384766e+00,5.651313304901123047e+00,7.109910011291503906e+00,1.132190227508544922e+01,3.253544807434082031e+00,-4.121655821800231934e-01,7.709231376647949219e-01,3.013217151165008545e-01,-2.178480148315429688e+00,-1.264352798461914062e+00,7.978986501693725586e-01,-4.076240062713623047e+00,-6.465487003326416016e+00,-8.288890838623046875e+00,-5.480668067932128906e+00,-7.113379001617431641e+00,-9.475142478942871094e+00,-1.407851123809814453e+01,-9.137883186340332031e+00,-6.105131149291992188e+00,-4.943643569946289062e+00,-2.827007055282592773e+00,-1.516207337379455566e+00,5.692220687866210938e+00,8.064138412475585938e+00,1.490367031097412109e+01,2.343612480163574219e+01,2.625357627868652344e+01,1.826737594604492188e+01,1.696885681152343750e+01,8.866930007934570312e+00,4.783396720886230469e+00,1.069438171386718750e+01,2.984652042388916016e+00,1.509085416793823242e+00,1.876125693321228027e+00,nan,nan,nan,nan,nan,nan,nan,nan,nan,nan,nan,nan,nan,nan,nan,nan,nan,nan,nan,nan,nan,nan,nan,nan,nan,nan,nan,nan,-4.225875139236450195e-01,-8.569471359252929688e+00,-5.510656356811523438e+00,-8.130537033081054688e+00,2.892524898052215576e-01,nan,nan,nan,nan,nan,nan,nan,nan,nan,nan,nan,nan,nan,nan,nan,nan,nan,nan,nan,nan,nan,nan,nan,nan
nan,nan,nan,nan,nan,nan,nan,nan,nan,nan,nan,nan,nan,nan,nan,nan,nan,nan,nan,nan,nan,nan,nan,nan,nan,nan,nan,nan,nan,nan,nan,nan,1.500313282012939453e+01,1.573766422271728516e+01,1.501911640167236328e+01,1.456172466278076172e+01,1.559702968597412109e+01,3.750802755355834961e+00,6.691279888153076172e+00,6.068267345428466797e+00,-3.804544448852539062e+00,-2.902447223663330078e+00,-3.464279651641845703e+00,-5.702397823333740234e+00,-7.651512145996093750e+00,-6.434218883514404297e+00,-9.806062698364257812e+00,-9.253104209899902344e+00,-1.313481140136718750e+01,-1.504316234588623047e+01,-1.329761314392089844e+01,-7.150836944580078125e+00,-5.174304008483886719e+00,-4.728681564331054688e+00,1.061393737792968750e+00,3.837633848190307617e+00,9.703630447387695312e+00,7.377034187316894531e+00,2.396749305725097656e+01,3.535445022583007812e+01,2.595049667358398438e+01,1.756495666503906250e+01,1.440017127990722656e+01,1.394595146179199219e+01,3.879583835601806641e+00,4.449036598205566406e+00,2.995595932006835938e-01,nan,nan,nan,nan,nan,nan,nan,nan,nan,nan,nan,nan,nan,nan,nan,nan,nan,nan,nan,nan,nan,nan,nan,nan,nan,nan,nan,nan,1.305110931396484375e+00,-3.399852275848388672e+00,-8.394792675971984863e-01,-1.061313056945800781e+01,nan,-4.438442587852478027e-01,nan,nan,nan,nan,nan,nan,nan,nan,nan,nan,nan,nan,nan,nan,nan,nan,nan,nan,nan,nan,nan,nan,nan,nan
nan,nan,nan,nan,nan,nan,nan,nan,nan,nan,nan,nan,nan,nan,nan,nan,nan,nan,nan,nan,nan,nan,nan,nan,nan,nan,nan,nan,nan,nan,nan,nan,nan,2.270042610168457031e+01,1.557375526428222656e+01,1.329191875457763672e+01,7.726346969604492188e+00,6.746741294860839844e+00,9.281312942504882812e+00,1.950047731399536133e+00,-2.054330348968505859e+00,1.100207924842834473e+00,5.617213249206542969e-01,-1.814962625503540039e+00,-4.664155006408691406e+00,-1.558003544807434082e+00,-3.725028991699218750e+00,-9.651173591613769531e+00,-9.557209014892578125e+00,-1.235643386840820312e+01,-1.463534259796142578e+01,-4.383528709411621094e+00,-3.538259983062744141e+00,-3.677753925323486328e+00,-1.842494249343872070e+00,5.248486042022705078e+00,9.323179244995117188e+00,1.172061252593994141e+01,1.796625518798828125e+01,2.603301811218261719e+01,2.720715141296386719e+01,2.210931587219238281e+01,6.233933448791503906e+00,1.294057083129882812e+01,1.956656265258789062e+01,1.013370609283447266e+01,8.167045593261718750e+00,nan,nan,nan,nan,nan,nan,nan,nan,nan,nan,nan,nan,nan,nan,nan,nan,nan,nan,nan,nan,nan,nan,nan,nan,nan,nan,nan,3.486097335815429688e+00,1.490654659271240234e+01,7.777529716491699219e+00,1.698616266250610352e+00,-2.521756649017333984e+00,nan,nan,nan,nan,nan,nan,nan,nan,nan,nan,nan,nan,nan,nan,nan,nan,nan,nan,nan,nan,nan,nan,nan,nan,nan,nan
nan,nan,nan,nan,nan,nan,nan,nan,nan,nan,nan,nan,nan,nan,nan,nan,nan,nan,nan,nan,nan,nan,nan,nan,nan,nan,nan,nan,nan,nan,nan,nan,nan,3.198545646667480469e+01,2.382148933410644531e+01,1.380904388427734375e+01,1.014013385772705078e+01,8.727876663208007812e+00,2.767401218414306641e+00,5.750541687011718750e+00,7.018298625946044922e+00,5.095491409301757812e+00,3.993120431900024414e+00,1.726952672004699707e+00,-4.590770721435546875e+00,-3.024157524108886719e+00,-2.391053885221481323e-01,-2.106869220733642578e+00,-1.033857250213623047e+01,-1.592942905426025391e+01,-8.538148880004882812e+00,-1.065815925598144531e+00,-2.784621953964233398e+00,-2.876132011413574219e+00,1.976867318153381348e+00,8.306624412536621094e+00,1.287050342559814453e+01,1.272738170623779297e+01,1.850490570068359375e+01,2.010345077514648438e+01,1.842917633056640625e+01,2.981625556945800781e+00,2.828249931335449219e+00,7.637800216674804688e+00,-2.828595638275146484e+00,4.212750434875488281e+00,nan,nan,nan,nan,nan,nan,nan,nan,nan,nan,nan,nan,nan,nan,nan,nan,nan,nan,nan,nan,nan,nan,nan,nan,nan,nan,nan,nan,5.195415973663330078e+00,1.206397438049316406e+01,7.878266334533691406e+00,9.525284767150878906e+00,1.472983956336975098e+00,nan,nan,nan,nan,nan,nan,nan,nan,nan,nan,nan,nan,nan,nan,nan,nan,nan,nan,nan,nan,nan,nan,nan,nan,nan,nan
nan,nan,nan,nan,nan,nan,nan,nan,nan,nan,nan,nan,nan,nan,nan,nan,nan,nan,nan,nan,nan,nan,nan,nan,nan,nan,nan,nan,nan,nan,nan,nan,nan,2.491296386718750000e+01,2.847520446777343750e+01,1.856423568725585938e+01,9.261302947998046875e+00,7.719061851501464844e+00,6.017255783081054688e+00,9.062103271484375000e+00,8.488846778869628906e+00,8.995568275451660156e+00,5.358407497406005859e+00,-3.319052219390869141e+00,3.922067582607269287e-01,2.479837417602539062e+00,2.555295705795288086e+00,6.719769239425659180e-01,-1.138926386833190918e+00,-6.892164230346679688e+00,-1.164169883728027344e+01,-2.222997188568115234e+00,-8.294536590576171875e+00,-4.927303314208984375e+00,-5.302621126174926758e-01,7.506809711456298828e+00,1.115204238891601562e+01,1.302911186218261719e+01,1.879120826721191406e+01,2.103311920166015625e+01,2.389887046813964844e+01,-2.626572608947753906e+00,-1.770650148391723633e-01,1.734493446350097656e+01,1.777165794372558594e+01,-1.238399744033813477e+00,1.492404365539550781e+01,nan,nan,nan,nan,nan,nan,nan,nan,nan,nan,nan,nan,nan,nan,nan,nan,nan,nan,nan,nan,nan,nan,nan,nan,1.103443813323974609e+01,nan,nan,6.858618736267089844e+00,8.446599006652832031e+00,6.758186340332031250e+00,nan,nan,nan,nan,nan,nan,nan,nan,nan,nan,nan,nan,nan,nan,nan,nan,nan,nan,nan,nan,nan,nan,nan,nan,nan,nan,nan,nan
nan,nan,nan,nan,nan,nan,nan,nan,nan,nan,nan,nan,nan,nan,nan,nan,nan,nan,nan,nan,nan,nan,nan,nan,nan,nan,nan,nan,nan,nan,nan,nan,nan,3.346362304687500000e+01,2.511428070068359375e+01,1.092183685302734375e+01,7.191951274871826172e+00,6.208099842071533203e+00,6.766926765441894531e+00,8.486379623413085938e+00,6.099953174591064453e+00,9.209640502929687500e+00,1.140352058410644531e+01,6.029428243637084961e-01,3.945742368698120117e+00,3.331841707229614258e+00,3.340300083160400391e+00,3.255935907363891602e+00,1.379911303520202637e+00,-1.687811470031738281e+01,-1.745704841613769531e+01,-5.892961025238037109e+00,-6.049791812896728516e+00,-2.961832523345947266e+00,-7.630437016487121582e-01,3.281978845596313477e+00,3.671591281890869141e+00,3.950555562973022461e+00,1.153921604156494141e+01,1.386695671081542969e+01,8.801947593688964844e+00,2.387487888336181641e+00,5.172925949096679688e+00,1.555649662017822266e+01,1.896651077270507812e+01,7.697835922241210938e+00,1.422214603424072266e+01,nan,nan,nan,nan,nan,nan,nan,nan,nan,nan,nan,nan,nan,nan,nan,nan,nan,nan,nan,nan,nan,nan,1.361780357360839844e+01,1.200020599365234375e+01,1.127553081512451172e+01,-4.292205333709716797e+00,-6.879920005798339844e+00,2.682004451751708984e+00,6.432078361511230469e+00,nan,nan,nan,nan,nan,nan,nan,nan,nan,nan,nan,nan,nan,nan,nan,nan,nan,nan,nan,nan,nan,nan,nan,nan,nan,nan,nan,nan,nan
nan,nan,nan,nan,nan,nan,nan,nan,nan,nan,nan,nan,nan,nan,nan,nan,nan,nan,nan,nan,nan,nan,nan,nan,nan,nan,nan,nan,nan,nan,nan,nan,nan,3.174809646606445312e+01,2.073375701904296875e+01,1.552744102478027344e+01,8.330446243286132812e+00,7.843261241912841797e+00,6.566604137420654297e+00,7.618233680725097656e+00,9.763779640197753906e+00,9.121644973754882812e+00,9.419686317443847656e+00,5.080320835113525391e+00,3.427753925323486328e+00,6.421967983245849609e+00,1.023183092474937439e-01,2.342771530151367188e+00,-4.735290050506591797e+00,-6.347148418426513672e+00,-7.107808589935302734e+00,-1.053980541229248047e+01,-9.191335678100585938e+00,-1.257493019104003906e+00,2.254542708396911621e-01,6.390169262886047363e-01,3.805314540863037109e+00,2.822889804840087891e+00,9.398053169250488281e+00,1.178447437286376953e+01,6.738054752349853516e+00,1.056413269042968750e+01,1.433731651306152344e+01,1.666452980041503906e+01,1.603629112243652344e+01,-6.250733375549316406e+00,3.260553741455078125e+01,2.538308334350585938e+01,2.833004760742187500e+01,nan,nan,nan,nan,nan,nan,nan,nan,nan,nan,nan,nan,nan,nan,nan,nan,nan,nan,1.423134803771972656e+01,nan,1.398796272277832031e+01,7.792744159698486328e+00,2.124424934387207031e+01,1.813534355163574219e+01,8.600113868713378906e+00,3.178440570831298828e+00,nan,nan,nan,nan,nan,nan,nan,nan,nan,nan,nan,nan,nan,nan,nan,nan,nan,nan,nan,nan,nan,nan,nan,nan,nan,nan,nan,nan,nan,nan
nan,nan,nan,nan,nan,nan,nan,nan,nan,nan,nan,nan,nan,nan,nan,nan,nan,nan,nan,nan,nan,nan,nan,nan,nan,nan,nan,nan,nan,nan,nan,nan,nan,3.131357574462890625e+01,1.532379055023193359e+01,1.510174560546875000e+01,1.595252323150634766e+01,5.840634822845458984e+00,7.236126422882080078e+00,6.134629249572753906e+00,9.154262542724609375e+00,1.138819885253906250e+01,9.642129898071289062e+00,5.539925575256347656e+00,3.362238168716430664e+00,5.940596103668212891e+00,1.842909574508666992e+00,-2.766065120697021484e+00,-5.000875473022460938e+00,-6.277226924896240234e+00,-1.167066478729248047e+01,-6.656023502349853516e+00,3.309198379516601562e+00,-3.843596458435058594e+00,-4.667207717895507812e+00,-2.686878681182861328e+00,3.236041069030761719e+00,3.848872900009155273e+00,7.247591018676757812e+00,8.779178619384765625e+00,7.901958942413330078e+00,1.190406799316406250e+01,1.510242843627929688e+01,1.379329204559326172e+01,1.533664417266845703e+01,3.674449539184570312e+01,4.037347793579101562e+01,4.157502365112304688e+01,2.790465927124023438e+01,3.361567687988281250e+01,3.594801330566406250e+01,3.915356063842773438e+01,1.588807868957519531e+01,4.285256195068359375e+01,nan,nan,nan,nan,nan,nan,nan,3.316305160522460938e+01,-7.149161696434020996e-01,2.322645378112792969e+01,nan,nan,1.464975738525390625e+01,1.540319919586181641e+01,nan,2.014061355590820312e+01,3.090419387817382812e+01,3.372259140014648438e+01,2.171283721923828125e+01,-3.330485343933105469e+00,1.166180133819580078e+00,nan,nan,nan,nan,nan,nan,nan,nan,nan,nan,nan,nan,nan,nan,nan,nan,nan,nan,nan,nan,nan,nan,nan,nan,nan,nan,nan,nan,nan,nan
nan,nan,nan,nan,nan,nan,nan,nan,nan,nan,nan,nan,nan,nan,nan,nan,nan,nan,nan,nan,nan,nan,nan,nan,nan,nan,nan,nan,nan,nan,nan,nan,nan,3.612760925292968750e+01,1.671649551391601562e+01,1.409410667419433594e+01,1.043220806121826172e+01,6.301255226135253906e+00,7.213925361633300781e+00,3.266292810440063477e+00,8.798666000366210938e+00,7.924251556396484375e+00,1.298535633087158203e+01,2.366686344146728516e+00,2.966166019439697266e+00,2.572549819946289062e+00,5.675171017646789551e-01,1.874038577079772949e+00,3.032702684402465820e+00,-1.901947110891342163e-01,-4.218920230865478516e+00,-5.748341560363769531e+00,6.208979606628417969e+00,1.862778067588806152e+00,-5.007121562957763672e+00,-2.420634746551513672e+00,-8.171889781951904297e-01,-6.986213922500610352e-01,3.174823522567749023e+00,5.125817298889160156e+00,8.800435066223144531e+00,1.190481853485107422e+01,1.494146442413330078e+01,1.706697082519531250e+01,1.719848632812500000e+01,2.133238220214843750e+01,2.452150917053222656e+01,3.080335426330566406e+01,4.096493148803710938e+01,4.257048416137695312e+01,4.204370117187500000e+01,3.078747749328613281e+01,3.293236160278320312e+01,4.192919158935546875e+01,4.289892578125000000e+01,4.238739776611328125e+01,4.170029067993164062e+01,5.269850921630859375e+01,5.424946975708007812e+01,5.100505447387695312e+01,2.962572860717773438e+01,8.601572990417480469e+00,1.950362086296081543e+00,-4.704968035221099854e-01,5.434496879577636719e+00,2.613369941711425781e+01,3.270797014236450195e+00,-2.992244005203247070e+00,-9.744052290916442871e-01,1.944196891784667969e+01,2.226082038879394531e+01,2.753153991699218750e+01,2.165429687500000000e+01,-3.999524936079978943e-02,-4.358597755432128906e+00,nan,nan,nan,nan,nan,nan,nan,nan,nan,nan,nan,nan,nan,nan,nan,nan,nan,nan,nan,nan,nan,nan,nan,nan,nan,nan,nan,nan,nan,nan
nan,nan,nan,nan,nan,nan,nan,nan,nan,nan,nan,nan,nan,nan,nan,nan,nan,nan,nan,nan,nan,nan,nan,nan,nan,nan,nan,nan,nan,nan,nan,nan,nan,4.265621948242187500e+01,2.150574111938476562e+01,1.864161491394042969e+01,5.253625869750976562e+00,7.243235111236572266e+00,7.850016117095947266e+00,9.495728492736816406e+00,5.294610023498535156e+00,9.721157073974609375e+00,7.814774990081787109e+00,8.344227790832519531e+00,4.836249828338623047e+00,6.178088188171386719e-01,-2.191284179687500000e+00,3.931681394577026367e+00,6.397763252258300781e+00,-1.951179742813110352e+00,-1.710460305213928223e+00,-2.444333285093307495e-01,6.221510410308837891e+00,4.732326984405517578e+00,-5.451708793640136719e+00,-4.390418529510498047e+00,-2.361006259918212891e+00,-3.913356542587280273e+00,-3.323915600776672363e-01,2.857460737228393555e+00,6.673501491546630859e+00,9.931015968322753906e+00,1.053951072692871094e+01,1.595770359039306641e+01,2.193581962585449219e+01,8.215057373046875000e+00,nan,nan,3.362646865844726562e+01,4.313021087646484375e+01,4.894440841674804688e+01,4.687733078002929688e+01,4.196466064453125000e+01,4.251026153564453125e+01,5.082747650146484375e+01,4.997126770019531250e+01,5.783363342285156250e+01,5.788695907592773438e+01,5.861946105957031250e+01,6.381286239624023438e+01,5.545049285888671875e+01,3.866540145874023438e+01,6.561680793762207031e+00,4.877207279205322266e+00,9.684907913208007812e+00,1.347250461578369141e+01,2.077092361450195312e+01,1.332239532470703125e+01,-1.247960209846496582e+00,1.306516265869140625e+01,1.420339584350585938e+01,1.569348239898681641e+01,7.363697528839111328e+00,4.404032230377197266e+00,1.014005184173583984e+01,nan,nan,nan,nan,nan,nan,nan,nan,nan,nan,nan,nan,nan,nan,nan,nan,nan,nan,nan,nan,nan,nan,nan,nan,nan,nan,nan,nan,nan,nan
nan,nan,nan,nan,nan,nan,nan,nan,nan,nan,nan,nan,nan,nan,nan,nan,nan,nan,nan,nan,nan,nan,nan,nan,nan,nan,nan,nan,nan,nan,nan,nan,1.746588325500488281e+01,1.510042381286621094e+01,2.791125869750976562e+01,1.630846595764160156e+01,6.448086738586425781e+00,7.543011188507080078e+00,7.841658592224121094e+00,1.038415050506591797e+01,6.159621715545654297e+00,6.598526477813720703e+00,1.120312213897705078e+01,1.086149311065673828e+01,-4.328547120094299316e-01,-8.881385922431945801e-01,-5.325677193468436599e-06,2.606522321701049805e+00,3.904413223266601562e+00,4.072615623474121094e+00,-4.567219734191894531e+00,1.096188163757324219e+01,9.999682426452636719e+00,8.312607765197753906e+00,-5.023760318756103516e+00,-5.827025890350341797e+00,-8.967617034912109375e+00,-7.358738422393798828e+00,-3.554361104965209961e+00,2.959728717803955078e+00,6.821481227874755859e+00,1.048028659820556641e+01,1.085633850097656250e+01,1.377885627746582031e+01,1.642122077941894531e+01,1.532533550262451172e+01,nan,nan,4.125900650024414062e+01,4.046195983886718750e+01,4.951414108276367188e+01,5.292353439331054688e+01,3.717427825927734375e+01,3.179846763610839844e+01,4.129177856445312500e+01,5.653108215332031250e+01,5.991527175903320312e+01,5.876977157592773438e+01,5.597619247436523438e+01,6.145261001586914062e+01,5.921543121337890625e+01,5.343894577026367188e+01,4.107796478271484375e+01,1.829109954833984375e+01,2.073245429992675781e+01,3.172055244445800781e+01,3.103874588012695312e+01,2.004970741271972656e+01,-2.371123552322387695e+00,nan,1.553642368316650391e+01,1.348701572418212891e+01,1.258616542816162109e+01,nan,nan,nan,nan,nan,nan,nan,nan,nan,nan,nan,nan,nan,nan,nan,nan,nan,nan,nan,nan,nan,nan,nan,nan,nan,nan,nan,nan,nan,nan,nan,nan
nan,nan,nan,nan,nan,nan,nan,nan,nan,nan,nan,nan,nan,nan,nan,nan,nan,nan,nan,nan,nan,nan,nan,nan,nan,nan,nan,nan,nan,nan,nan,nan,nan,1.374757289886474609e+01,1.344899368286132812e+01,9.346834182739257812e+00,7.400820732116699219e+00,7.905579566955566406e+00,6.473375797271728516e+00,5.749453067779541016e+00,6.120066642761230469e+00,3.156151056289672852e+00,7.961218357086181641e+00,7.515175342559814453e+00,2.359381467103958130e-01,8.006558567285537720e-02,-4.995945710106752813e-05,5.768786668777465820e-01,2.392518520355224609e+00,-1.417029857635498047e+00,1.665322929620742798e-01,-7.296274304389953613e-01,-4.166492938995361328e+00,6.522541999816894531e+00,-1.869629025459289551e-01,-6.539183616638183594e+00,-8.678176879882812500e+00,-9.855052947998046875e+00,-1.029895114898681641e+01,-4.993848800659179688e+00,1.385670542716979980e+00,1.191202068328857422e+01,1.150737190246582031e+01,1.567326450347900391e+01,1.842605209350585938e+01,2.142067146301269531e+01,2.508564376831054688e+01,2.820715522766113281e+01,3.449317550659179688e+01,4.353387832641601562e+01,4.498745346069335938e+01,3.626491546630859375e+01,nan,nan,4.583464431762695312e+01,4.486166763305664062e+01,5.387916564941406250e+01,5.963279342651367188e+01,5.592242431640625000e+01,5.190264892578125000e+01,4.938311386108398438e+01,4.667360305786132812e+01,4.802108383178710938e+01,2.937147712707519531e+01,3.258426666259765625e+01,3.760279083251953125e+01,2.835311126708984375e+01,1.855799102783203125e+01,1.721856307983398438e+01,1.551192569732666016e+01,nan,nan,nan,nan,nan,nan,nan,nan,nan,nan,nan,nan,nan,nan,nan,nan,nan,nan,nan,nan,nan,nan,nan,nan,nan,nan,nan,nan,nan,nan,nan,nan,nan,nan,nan
nan,nan,nan,nan,nan,nan,nan,nan,nan,nan,nan,nan,nan,nan,nan,nan,nan,nan,nan,nan,nan,nan,nan,nan,nan,nan,nan,nan,nan,nan,nan,nan,nan,1.227159500122070312e+01,7.937251567840576172e+00,6.870165824890136719e+00,9.289722442626953125e+00,6.077666759490966797e+00,3.656169652938842773e+00,5.476963043212890625e+00,5.804873943328857422e+00,5.806909084320068359e+00,2.099111974239349365e-01,1.714874804019927979e-01,1.558762073516845703e+00,1.705755233764648438e+00,-1.356866598129272461e+00,-3.428552627563476562e+00,-9.084521293640136719e+00,-3.289592742919921875e+00,-2.781422138214111328e+00,-3.609223365783691406e+00,-1.591076612472534180e+00,4.107682704925537109e+00,8.168896436691284180e-01,-6.068158149719238281e+00,-8.243300437927246094e+00,-1.188940048217773438e+01,-1.258400535583496094e+01,nan,-5.016074180603027344e+00,-2.192014217376708984e+00,3.475047111511230469e+00,1.163139629364013672e+01,1.953383827209472656e+01,2.203647232055664062e+01,2.589653968811035156e+01,3.159019660949707031e+01,3.581811523437500000e+01,4.351712036132812500e+01,4.537348175048828125e+01,3.772706985473632812e+01,4.023525238037109375e+01,4.205562591552734375e+01,nan,nan,6.205546188354492188e+01,5.833908843994140625e+01,5.372897338867187500e+01,5.106681823730468750e+01,4.065313720703125000e+01,4.226860427856445312e+01,4.345540618896484375e+01,4.207153701782226562e+01,2.923130607604980469e+01,2.529610633850097656e+01,nan,nan,nan,nan,nan,nan,nan,nan,nan,nan,nan,nan,nan,nan,nan,nan,nan,nan,nan,nan,nan,nan,nan,nan,nan,nan,nan,nan,nan,nan,nan,nan,nan,nan,nan,nan,nan,nan,nan
nan,nan,nan,nan,nan,nan,nan,nan,nan,nan,nan,nan,nan,nan,nan,nan,nan,nan,nan,nan,nan,nan,nan,nan,nan,nan,nan,nan,nan,nan,nan,nan,nan,1.091586112976074219e+01,1.310371398925781250e+01,6.181505203247070312e+00,8.902863502502441406e+00,-4.925681591033935547e+00,-4.370374679565429688e+00,2.112191200256347656e+00,5.371069431304931641e+00,6.243437767028808594e+00,-4.349500179290771484e+00,4.176255762577056885e-01,2.866726636886596680e+00,1.964052557945251465e+00,1.302987635135650635e-01,1.347250103950500488e+00,-4.446029186248779297e+00,-6.398414611816406250e+00,-4.505490303039550781e+00,-3.442222833633422852e+00,-3.620121955871582031e+00,6.887670993804931641e+00,-3.034795284271240234e+00,-3.825249910354614258e+00,-7.405179977416992188e+00,-1.223633575439453125e+01,-1.509367656707763672e+01,nan,nan,-1.303216814994812012e+00,-1.364912152290344238e+00,8.079920768737792969e+00,1.522443580627441406e+01,1.650663185119628906e+01,2.309131622314453125e+01,3.022914314270019531e+01,3.271780776977539062e+01,4.162724685668945312e+01,4.717916488647460938e+01,4.379570388793945312e+01,4.263880538940429688e+01,4.836519622802734375e+01,nan,nan,5.110698318481445312e+01,5.093192672729492188e+01,4.003336715698242188e+01,5.191479492187500000e+01,4.209667205810546875e+01,3.707056427001953125e+01,3.872807312011718750e+01,3.874040985107421875e+01,2.476400184631347656e+01,2.878326225280761719e+01,nan,nan,nan,nan,nan,nan,nan,nan,nan,nan,nan,nan,nan,nan,nan,nan,nan,nan,nan,nan,nan,nan,nan,nan,nan,nan,nan,nan,nan,nan,nan,nan,nan,nan,nan,nan,nan,nan,nan
nan,nan,nan,nan,nan,nan,nan,nan,nan,nan,nan,nan,nan,nan,nan,nan,nan,nan,nan,nan,nan,nan,nan,nan,nan,nan,nan,nan,nan,nan,nan,nan,nan,9.348711967468261719e+00,1.509149169921875000e+01,1.042318344116210938e+01,4.068525314331054688e+00,-3.809923231601715088e-01,-3.605813741683959961e+00,-2.305925130844116211e+00,-6.449583768844604492e-01,2.846012592315673828e+00,-7.033109664916992188e+00,1.110418558120727539e+00,1.279225349426269531e+00,nan,-1.721177697181701660e-01,-5.556126832962036133e-01,nan,nan,nan,nan,nan,nan,nan,-5.477550983428955078e+00,-1.911931419372558594e+01,-1.813607406616210938e+01,-7.231552600860595703e+00,-2.538898944854736328e+00,5.931013584136962891e+00,-8.117784500122070312e+00,3.452339887619018555e+00,2.427058696746826172e+00,1.093626976013183594e+01,1.536552524566650391e+01,2.124919128417968750e+01,2.521981048583984375e+01,2.652684593200683594e+01,3.174424552917480469e+01,4.029366683959960938e+01,4.252548980712890625e+01,4.545459747314453125e+01,4.444175338745117188e+01,5.346440887451171875e+01,4.764435195922851562e+01,3.329207611083984375e+01,4.677071762084960938e+01,4.228210449218750000e+01,4.313594818115234375e+01,4.660505294799804688e+01,4.457721710205078125e+01,2.216065597534179688e+01,1.999206542968750000e+01,nan,nan,nan,nan,nan,nan,nan,nan,nan,nan,nan,nan,nan,nan,nan,nan,nan,nan,nan,nan,nan,nan,nan,nan,nan,nan,nan,nan,nan,nan,nan,nan,nan,nan,nan,nan,nan,nan,nan,nan,nan
nan,nan,nan,nan,nan,nan,nan,nan,nan,nan,nan,nan,nan,nan,nan,nan,nan,nan,nan,nan,nan,nan,nan,nan,nan,nan,nan,nan,nan,nan,nan,nan,nan,nan,6.927560806274414062e+00,1.725013923645019531e+01,1.054113197326660156e+01,3.650322914123535156e+00,1.927064657211303711e-01,6.106904983520507812e+00,-6.798259735107421875e+00,1.361995220184326172e+00,nan,nan,nan,nan,nan,nan,nan,nan,nan,nan,nan,nan,nan,nan,nan,nan,-5.074837207794189453e+00,-3.054395914077758789e+00,1.547493934631347656e+01,-1.343952268362045288e-01,4.258755683898925781e+00,2.174645185470581055e+00,9.840944549068808556e-04,3.676442623138427734e+00,1.000679874420166016e+01,1.585550498962402344e+01,1.785901451110839844e+01,2.185755729675292969e+01,2.796187973022460938e+01,3.407823944091796875e+01,3.783140563964843750e+01,3.594845962524414062e+01,4.490744018554687500e+01,3.435623168945312500e+01,2.925463104248046875e+01,3.273666763305664062e+01,3.787617492675781250e+01,3.777845001220703125e+01,4.294465255737304688e+01,3.830693817138671875e+01,2.228978729248046875e+01,3.667475509643554688e+01,nan,nan,nan,nan,nan,nan,nan,nan,nan,nan,nan,nan,nan,nan,nan,nan,nan,nan,nan,nan,nan,nan,nan,nan,nan,nan,nan,nan,nan,nan,nan,nan,nan,nan,nan,nan,nan,nan,nan,nan,nan
nan,nan,nan,nan,nan,nan,nan,nan,nan,nan,nan,nan,nan,nan,nan,nan,nan,nan,nan,nan,nan,nan,nan,nan,nan,nan,nan,nan,nan,nan,nan,nan,nan,nan,nan,nan,5.943776607513427734e+00,4.686705589294433594e+00,-2.976921081542968750e+00,nan,nan,nan,nan,nan,nan,nan,nan,nan,nan,nan,nan,nan,nan,nan,nan,nan,nan,nan,nan,nan,nan,1.896085739135742188e+00,nan,nan,nan,-1.066671180725097656e+01,-2.703961133956909180e+00,6.889375686645507812e+00,1.524443817138671875e+01,1.744492912292480469e+01,1.880944061279296875e+01,2.104426002502441406e+01,1.906471252441406250e+01,1.732739067077636719e+01,1.348892974853515625e+01,1.911737632751464844e+01,1.986065101623535156e+01,2.208229446411132812e+01,2.616404724121093750e+01,3.032651138305664062e+01,nan,nan,nan,nan,nan,nan,nan,nan,nan,nan,nan,nan,nan,nan,nan,nan,nan,nan,nan,nan,nan,nan,nan,nan,nan,nan,nan,nan,nan,nan,nan,nan,nan,nan,nan,nan,nan,nan,nan,nan,nan,nan,nan,nan,nan
nan,nan,nan,nan,nan,nan,nan,nan,nan,nan,nan,nan,nan,nan,nan,nan,nan,nan,nan,nan,nan,nan,nan,nan,nan,nan,nan,nan,nan,nan,nan,nan,nan,nan,nan,nan,4.393101215362548828e+00,3.701234340667724609e+00,2.745396852493286133e+00,nan,nan,nan,nan,nan,nan,nan,nan,nan,nan,nan,nan,nan,nan,nan,nan,nan,nan,nan,nan,nan,nan,nan,nan,nan,nan,8.635009765625000000e+00,-1.236402606964111328e+01,-2.539090633392333984e+00,3.084671974182128906e+00,1.373718738555908203e+01,6.819719314575195312e+00,3.202387094497680664e+00,1.655547738075256348e+00,8.193243145942687988e-01,-5.689594149589538574e-01,-8.109892845153808594e+00,4.973608016967773438e+00,1.567753553390502930e+00,-6.067095279693603516e+00,2.794309997558593750e+01,3.049123001098632812e+01,nan,nan,nan,nan,nan,nan,nan,nan,nan,nan,nan,nan,nan,nan,nan,nan,nan,nan,nan,nan,nan,nan,nan,nan,nan,nan,nan,nan,nan,nan,nan,nan,nan,nan,nan,nan,nan,nan,nan,nan,nan,nan,nan,nan
nan,nan,nan,nan,nan,nan,nan,nan,nan,nan,nan,nan,nan,nan,nan,nan,nan,nan,nan,nan,nan,nan,nan,nan,nan,nan,nan,nan,nan,nan,nan,nan,nan,nan,nan,nan,nan,nan,nan,nan,nan,nan,nan,nan,nan,nan,nan,nan,nan,nan,nan,nan,nan,nan,nan,nan,nan,nan,nan,nan,nan,nan,nan,nan,nan,nan,nan,1.096995544433593750e+01,1.327400588989257812e+01,nan,nan,nan,1.609084129333496094e+01,-1.344645881652832031e+01,-1.176238441467285156e+01,-1.365138149261474609e+01,-7.263509750366210938e+00,1.858286285400390625e+01,nan,2.329015731811523438e+01,nan,nan,nan,nan,nan,nan,nan,nan,nan,nan,nan,nan,nan,nan,nan,nan,nan,nan,nan,nan,nan,nan,nan,nan,nan,nan,nan,nan,nan,nan,nan,nan,nan,nan,nan,nan,nan,nan,nan,nan,nan,nan,nan,nan,nan
nan,nan,nan,nan,nan,nan,nan,nan,nan,nan,nan,nan,nan,nan,nan,nan,nan,nan,nan,nan,nan,nan,nan,nan,nan,nan,nan,nan,nan,nan,nan,nan,nan,nan,nan,nan,nan,nan,nan,nan,nan,nan,nan,nan,nan,nan,nan,nan,nan,nan,nan,nan,nan,nan,nan,nan,nan,nan,nan,nan,nan,nan,nan,nan,nan,nan,nan,nan,nan,nan,nan,nan,nan,nan,nan,nan,nan,nan,nan,nan,nan,nan,nan,nan,nan,nan,nan,nan,nan,nan,nan,nan,nan,nan,nan,nan,nan,nan,nan,nan,nan,nan,nan,nan,nan,nan,nan,nan,nan,nan,nan,nan,nan,nan,nan,nan,nan,nan,nan,nan,nan,nan,nan,nan,nan
nan,nan,nan,nan,nan,nan,nan,nan,nan,nan,nan,nan,nan,nan,nan,nan,nan,nan,nan,nan,nan,nan,nan,nan,nan,nan,nan,nan,nan,nan,nan,nan,nan,nan,nan,nan,nan,nan,nan,nan,nan,nan,nan,nan,nan,nan,nan,nan,nan,nan,nan,nan,nan,nan,nan,nan,nan,nan,nan,nan,nan,nan,nan,nan,nan,nan,nan,nan,nan,nan,nan,nan,nan,nan,nan,nan,nan,nan,nan,nan,nan,nan,nan,nan,nan,nan,nan,nan,nan,nan,nan,nan,nan,nan,nan,nan,nan,nan,nan,nan,nan,nan,nan,nan,nan,nan,nan,nan,nan,nan,nan,nan,nan,nan,nan,nan,nan,nan,nan,nan,nan,nan,nan,nan,nan
nan,nan,nan,nan,nan,nan,nan,nan,nan,nan,nan,nan,nan,nan,nan,nan,nan,nan,nan,nan,nan,nan,nan,nan,nan,nan,nan,nan,nan,nan,nan,nan,nan,nan,nan,nan,nan,nan,nan,nan,nan,nan,nan,nan,nan,nan,nan,nan,nan,nan,nan,nan,nan,nan,nan,nan,nan,nan,nan,nan,nan,nan,nan,nan,nan,nan,nan,nan,nan,nan,nan,nan,nan,nan,nan,nan,nan,nan,nan,nan,nan,nan,nan,nan,nan,nan,nan,nan,nan,nan,nan,nan,nan,nan,nan,nan,nan,nan,nan,nan,nan,nan,nan,nan,nan,nan,nan,nan,nan,nan,nan,nan,nan,nan,nan,nan,nan,nan,nan,nan,nan,nan,nan,nan,nan
nan,nan,nan,nan,nan,nan,nan,nan,nan,nan,nan,nan,nan,nan,nan,nan,nan,nan,nan,nan,nan,nan,nan,nan,nan,nan,nan,nan,nan,nan,nan,nan,nan,nan,nan,nan,nan,nan,nan,nan,nan,nan,nan,nan,nan,nan,nan,nan,nan,nan,nan,nan,nan,nan,nan,nan,nan,nan,nan,nan,nan,nan,nan,nan,nan,nan,nan,nan,nan,nan,nan,nan,nan,nan,nan,nan,nan,nan,nan,nan,nan,nan,nan,nan,nan,nan,nan,nan,nan,nan,nan,nan,nan,nan,nan,nan,nan,nan,nan,nan,nan,nan,nan,nan,nan,nan,nan,nan,nan,nan,nan,nan,nan,nan,nan,nan,nan,nan,nan,nan,nan,nan,nan,nan,nan
nan,nan,nan,nan,nan,nan,nan,nan,nan,nan,nan,nan,nan,nan,nan,nan,nan,nan,nan,nan,nan,nan,nan,nan,nan,nan,nan,nan,nan,nan,nan,nan,nan,nan,nan,nan,nan,nan,nan,nan,nan,nan,nan,nan,nan,nan,nan,nan,nan,nan,nan,nan,nan,nan,nan,nan,nan,nan,nan,nan,nan,nan,nan,nan,nan,nan,nan,nan,nan,nan,nan,nan,nan,nan,nan,nan,nan,nan,nan,nan,nan,nan,nan,nan,nan,nan,nan,nan,nan,nan,nan,nan,nan,nan,nan,nan,nan,nan,nan,nan,nan,nan,nan,nan,nan,nan,nan,nan,nan,nan,nan,nan,nan,nan,nan,nan,nan,nan,nan,nan,nan,nan,nan,nan,nan
nan,nan,nan,nan,nan,nan,nan,nan,nan,nan,nan,nan,nan,nan,nan,nan,nan,nan,nan,nan,nan,nan,nan,nan,nan,nan,nan,nan,nan,nan,nan,nan,nan,nan,nan,nan,nan,nan,nan,nan,nan,nan,nan,nan,nan,nan,nan,nan,nan,nan,nan,nan,nan,nan,nan,nan,nan,nan,nan,nan,nan,nan,nan,nan,nan,nan,nan,nan,nan,nan,nan,nan,nan,nan,nan,nan,nan,nan,nan,nan,nan,nan,nan,nan,nan,nan,nan,nan,nan,nan,nan,nan,nan,nan,nan,nan,nan,nan,nan,nan,nan,nan,nan,nan,nan,nan,nan,nan,nan,nan,nan,nan,nan,nan,nan,nan,nan,nan,nan,nan,nan,nan,nan,nan,nan
nan,nan,nan,nan,nan,nan,nan,nan,nan,nan,nan,nan,nan,nan,nan,nan,nan,nan,nan,nan,nan,nan,nan,nan,nan,nan,nan,nan,nan,nan,nan,nan,nan,nan,nan,nan,nan,nan,nan,nan,nan,nan,nan,nan,nan,nan,nan,nan,nan,nan,nan,nan,nan,nan,nan,nan,nan,nan,nan,nan,nan,nan,nan,nan,nan,nan,nan,nan,nan,nan,nan,nan,nan,nan,nan,nan,nan,nan,nan,nan,nan,nan,nan,nan,nan,nan,nan,nan,nan,nan,nan,nan,nan,nan,nan,nan,nan,nan,nan,nan,nan,nan,nan,nan,nan,nan,nan,nan,nan,nan,nan,nan,nan,nan,nan,nan,nan,nan,nan,nan,nan,nan,nan,nan,nan
nan,nan,nan,nan,nan,nan,nan,nan,nan,nan,nan,nan,nan,nan,nan,nan,nan,nan,nan,nan,nan,nan,nan,nan,nan,nan,nan,nan,nan,nan,nan,nan,nan,nan,nan,nan,nan,nan,nan,nan,nan,nan,nan,nan,nan,nan,nan,nan,nan,nan,nan,nan,nan,nan,nan,nan,nan,nan,nan,nan,nan,nan,nan,nan,nan,nan,nan,nan,nan,nan,nan,nan,nan,nan,nan,nan,nan,nan,nan,nan,nan,nan,nan,nan,nan,nan,nan,nan,nan,nan,nan,nan,nan,nan,nan,nan,nan,nan,nan,nan,nan,nan,nan,nan,nan,nan,nan,nan,nan,nan,nan,nan,nan,nan,nan,nan,nan,nan,nan,nan,nan,nan,nan,nan,nan
nan,nan,nan,nan,nan,nan,nan,nan,nan,nan,nan,nan,nan,nan,nan,nan,nan,nan,nan,nan,nan,nan,nan,nan,nan,nan,nan,nan,nan,nan,nan,nan,nan,nan,nan,nan,nan,nan,nan,nan,nan,nan,nan,nan,nan,nan,nan,nan,nan,nan,nan,nan,nan,nan,nan,nan,nan,nan,nan,nan,nan,nan,nan,nan,nan,nan,nan,nan,nan,nan,nan,nan,nan,nan,nan,nan,nan,nan,nan,nan,nan,nan,nan,nan,nan,nan,nan,nan,nan,nan,nan,nan,nan,nan,nan,nan,nan,nan,nan,nan,nan,nan,nan,nan,nan,nan,nan,nan,nan,nan,nan,nan,nan,nan,nan,nan,nan,nan,nan,nan,nan,nan,nan,nan,nan
nan,nan,nan,nan,nan,nan,nan,nan,nan,nan,nan,nan,nan,nan,nan,nan,nan,nan,nan,nan,nan,nan,nan,nan,nan,nan,nan,nan,nan,nan,nan,nan,nan,nan,nan,nan,nan,nan,nan,nan,nan,nan,nan,nan,nan,nan,nan,nan,nan,nan,nan,nan,nan,nan,nan,nan,nan,nan,nan,nan,nan,nan,nan,nan,nan,nan,nan,nan,nan,nan,nan,nan,nan,nan,nan,nan,nan,nan,nan,nan,nan,nan,nan,nan,nan,nan,nan,nan,nan,nan,nan,nan,nan,nan,nan,nan,nan,nan,nan,nan,nan,nan,nan,nan,nan,nan,nan,nan,nan,nan,nan,nan,nan,nan,nan,nan,nan,nan,nan,nan,nan,nan,nan,nan,nan
nan,nan,nan,nan,nan,nan,nan,nan,nan,nan,nan,nan,nan,nan,nan,nan,nan,nan,nan,nan,nan,nan,nan,nan,nan,nan,nan,nan,nan,nan,nan,nan,nan,nan,nan,nan,nan,nan,nan,nan,nan,nan,nan,nan,nan,nan,nan,nan,nan,nan,nan,nan,nan,nan,nan,nan,nan,nan,nan,nan,nan,nan,nan,nan,nan,nan,nan,nan,nan,nan,nan,nan,nan,nan,nan,nan,nan,nan,nan,nan,nan,nan,nan,nan,nan,nan,nan,nan,nan,nan,nan,nan,nan,nan,nan,nan,nan,nan,nan,nan,nan,nan,nan,nan,nan,nan,nan,nan,nan,nan,nan,nan,nan,nan,nan,nan,nan,nan,nan,nan,nan,nan,nan,nan,nan
nan,nan,nan,nan,nan,nan,nan,nan,nan,nan,nan,nan,nan,nan,nan,nan,nan,nan,nan,nan,nan,nan,nan,nan,nan,nan,nan,nan,nan,nan,nan,nan,nan,nan,nan,nan,nan,nan,nan,nan,nan,nan,nan,nan,nan,nan,nan,nan,nan,nan,nan,nan,nan,nan,nan,nan,nan,nan,nan,nan,nan,nan,nan,nan,nan,nan,nan,nan,nan,nan,nan,nan,nan,nan,nan,nan,nan,nan,nan,nan,nan,nan,nan,nan,nan,nan,nan,nan,nan,nan,nan,nan,nan,nan,nan,nan,nan,nan,nan,nan,nan,nan,nan,nan,nan,nan,nan,nan,nan,nan,nan,nan,nan,nan,nan,nan,nan,nan,nan,nan,nan,nan,nan,nan,nan
nan,nan,nan,nan,nan,nan,nan,nan,nan,nan,nan,nan,nan,nan,nan,nan,nan,nan,nan,nan,nan,nan,nan,nan,nan,nan,nan,nan,nan,nan,nan,nan,nan,nan,nan,nan,nan,nan,nan,nan,nan,nan,nan,nan,nan,nan,nan,nan,nan,nan,nan,nan,nan,nan,nan,nan,nan,nan,nan,nan,nan,nan,nan,nan,nan,nan,nan,nan,nan,nan,nan,nan,nan,nan,nan,nan,nan,nan,nan,nan,nan,nan,nan,nan,nan,nan,nan,nan,nan,nan,nan,nan,nan,nan,nan,nan,nan,nan,nan,nan,nan,nan,nan,nan,nan,nan,nan,nan,nan,nan,nan,nan,nan,nan,nan,nan,nan,nan,nan,nan,nan,nan,nan,nan,nan
nan,nan,nan,nan,nan,nan,nan,nan,nan,nan,nan,nan,nan,nan,nan,nan,nan,nan,nan,nan,nan,nan,nan,nan,nan,nan,nan,nan,nan,nan,nan,nan,nan,nan,nan,nan,nan,nan,nan,nan,nan,nan,nan,nan,nan,nan,nan,nan,nan,nan,nan,nan,nan,nan,nan,nan,nan,nan,nan,nan,nan,nan,nan,nan,nan,nan,nan,nan,nan,nan,nan,nan,nan,nan,nan,nan,nan,nan,nan,nan,nan,nan,nan,nan,nan,nan,nan,nan,nan,nan,nan,nan,nan,nan,nan,nan,nan,nan,nan,nan,nan,nan,nan,nan,nan,nan,nan,nan,nan,nan,nan,nan,nan,nan,nan,nan,nan,nan,nan,nan,nan,nan,nan,nan,nan
nan,nan,nan,nan,nan,nan,nan,nan,nan,nan,nan,nan,nan,nan,nan,nan,nan,nan,nan,nan,nan,nan,nan,nan,nan,nan,nan,nan,nan,nan,nan,nan,nan,nan,nan,nan,nan,nan,nan,nan,nan,nan,nan,nan,nan,nan,nan,nan,nan,nan,nan,nan,nan,nan,nan,nan,nan,nan,nan,nan,nan,nan,nan,nan,nan,nan,nan,nan,nan,nan,nan,nan,nan,nan,nan,nan,nan,nan,nan,nan,nan,nan,nan,nan,nan,nan,nan,nan,nan,nan,nan,nan,nan,nan,nan,nan,nan,nan,nan,nan,nan,nan,nan,nan,nan,nan,nan,nan,nan,nan,nan,nan,nan,nan,nan,nan,nan,nan,nan,nan,nan,nan,nan,nan,nan
nan,nan,nan,nan,nan,nan,nan,nan,nan,nan,nan,nan,nan,nan,nan,nan,nan,nan,nan,nan,nan,nan,nan,nan,nan,nan,nan,nan,nan,nan,nan,nan,nan,nan,nan,nan,nan,nan,nan,nan,nan,nan,nan,nan,nan,nan,nan,nan,nan,nan,nan,nan,nan,nan,nan,nan,nan,nan,nan,nan,nan,nan,nan,nan,nan,nan,nan,nan,nan,nan,nan,nan,nan,nan,nan,nan,nan,nan,nan,nan,nan,nan,nan,nan,nan,nan,nan,nan,nan,nan,nan,nan,nan,nan,nan,nan,nan,nan,nan,nan,nan,nan,nan,nan,nan,nan,nan,nan,nan,nan,nan,nan,nan,nan,nan,nan,nan,nan,nan,nan,nan,nan,nan,nan,nan
nan,nan,nan,nan,nan,nan,nan,nan,nan,nan,nan,nan,nan,nan,nan,nan,nan,nan,nan,nan,nan,nan,nan,nan,nan,nan,nan,nan,nan,nan,nan,nan,nan,nan,nan,nan,nan,nan,nan,nan,nan,nan,nan,nan,nan,nan,nan,nan,nan,nan,nan,nan,nan,nan,nan,nan,nan,nan,nan,nan,nan,nan,nan,nan,nan,nan,nan,nan,nan,nan,nan,nan,nan,nan,nan,nan,nan,nan,nan,nan,nan,nan,nan,nan,nan,nan,nan,nan,nan,nan,nan,nan,nan,nan,nan,nan,nan,nan,nan,nan,nan,nan,nan,nan,nan,nan,nan,nan,nan,nan,nan,nan,nan,nan,nan,nan,nan,nan,nan,nan,nan,nan,nan,nan,nan
