nan,nan,nan,nan,nan,nan,nan,nan,nan,nan,nan,nan,nan,nan,nan,nan,nan,nan,nan,nan,nan,nan,nan,nan,nan,nan,nan,nan,nan,nan,nan,nan,nan,nan,nan,nan,nan,nan,nan,nan,nan,nan,nan,nan,nan,nan,nan,nan,nan,nan,nan,nan,nan,nan,nan,nan,nan,nan,nan,nan,nan,nan,nan,nan,nan,nan,nan,nan,nan,nan,nan,nan,nan,nan,nan,nan,nan,nan,nan,nan,nan,nan,nan,nan,nan,nan,nan,nan,nan,nan,nan,nan,nan,nan,nan,nan,nan,nan,nan,nan,nan,nan,nan,nan,nan,nan,nan,nan,nan,nan,nan,nan,nan,nan,nan,nan,nan,nan,nan,nan,nan,nan,nan,nan,nan
nan,nan,nan,nan,nan,nan,nan,nan,nan,nan,nan,nan,nan,nan,nan,nan,nan,nan,nan,nan,nan,nan,nan,nan,nan,nan,nan,nan,nan,nan,nan,nan,nan,nan,nan,nan,nan,nan,nan,nan,nan,nan,nan,nan,nan,nan,nan,nan,nan,nan,nan,nan,nan,nan,nan,nan,nan,nan,nan,nan,nan,nan,nan,nan,nan,nan,nan,nan,nan,nan,nan,nan,nan,nan,nan,nan,nan,nan,nan,nan,nan,nan,nan,nan,nan,nan,nan,nan,nan,nan,nan,nan,nan,nan,nan,nan,nan,nan,nan,nan,nan,nan,nan,nan,nan,nan,nan,nan,nan,nan,nan,nan,nan,nan,nan,nan,nan,nan,nan,nan,nan,nan,nan,nan,nan
nan,nan,nan,nan,nan,nan,nan,nan,nan,nan,nan,nan,nan,nan,nan,nan,nan,nan,nan,nan,nan,nan,nan,nan,nan,nan,nan,nan,nan,nan,nan,nan,nan,nan,nan,nan,nan,nan,nan,nan,nan,nan,nan,nan,nan,nan,nan,nan,nan,nan,nan,nan,nan,nan,nan,nan,nan,nan,nan,nan,nan,nan,nan,nan,nan,nan,nan,nan,nan,nan,nan,nan,nan,nan,nan,nan,nan,nan,nan,nan,nan,nan,nan,nan,nan,nan,nan,nan,nan,nan,nan,nan,nan,nan,nan,nan,nan,nan,nan,nan,nan,nan,nan,nan,nan,nan,nan,nan,nan,nan,nan,nan,nan,nan,nan,nan,nan,nan,nan,nan,nan,nan,nan,nan,nan
nan,nan,nan,nan,nan,nan,nan,nan,nan,nan,nan,nan,nan,nan,nan,nan,nan,nan,nan,nan,nan,nan,nan,nan,nan,nan,nan,nan,nan,nan,nan,nan,nan,nan,nan,nan,nan,nan,nan,nan,nan,nan,nan,nan,nan,nan,nan,nan,nan,nan,nan,nan,nan,nan,nan,nan,nan,nan,nan,nan,nan,nan,nan,nan,nan,nan,nan,nan,nan,nan,nan,nan,nan,nan,nan,nan,nan,nan,nan,nan,nan,nan,nan,nan,nan,nan,nan,nan,nan,nan,nan,nan,nan,nan,nan,nan,nan,nan,nan,nan,nan,nan,nan,nan,nan,nan,nan,nan,nan,nan,nan,nan,nan,nan,nan,nan,nan,nan,nan,nan,nan,nan,nan,nan,nan
nan,nan,nan,nan,nan,nan,nan,nan,nan,nan,nan,nan,nan,nan,nan,nan,nan,nan,nan,nan,nan,nan,nan,nan,nan,nan,nan,nan,nan,nan,nan,nan,nan,nan,nan,nan,nan,nan,nan,nan,nan,nan,nan,nan,nan,nan,nan,nan,nan,nan,nan,nan,nan,nan,nan,nan,nan,nan,nan,nan,nan,nan,nan,nan,nan,nan,nan,nan,nan,nan,nan,nan,nan,nan,nan,nan,nan,nan,nan,nan,nan,nan,nan,nan,nan,nan,nan,nan,nan,nan,nan,nan,nan,nan,nan,nan,nan,nan,nan,nan,nan,nan,nan,nan,nan,nan,nan,nan,nan,nan,nan,nan,nan,nan,nan,nan,nan,nan,nan,nan,nan,nan,nan,nan,nan
nan,nan,nan,nan,nan,nan,nan,nan,nan,nan,nan,nan,nan,nan,nan,nan,nan,nan,nan,nan,nan,nan,nan,nan,nan,nan,nan,nan,nan,nan,nan,nan,nan,nan,nan,nan,nan,nan,nan,nan,nan,nan,nan,nan,nan,nan,nan,nan,nan,nan,nan,nan,nan,nan,nan,nan,nan,nan,nan,nan,nan,nan,nan,nan,nan,nan,nan,nan,nan,nan,nan,nan,nan,nan,nan,nan,nan,nan,nan,nan,nan,nan,nan,nan,nan,nan,nan,nan,nan,nan,nan,nan,nan,nan,nan,nan,nan,nan,nan,nan,nan,nan,nan,nan,nan,nan,nan,nan,nan,nan,nan,nan,nan,nan,nan,nan,nan,nan,nan,nan,nan,nan,nan,nan,nan
nan,nan,nan,nan,nan,nan,nan,nan,nan,nan,nan,nan,nan,nan,nan,nan,nan,nan,nan,nan,nan,nan,nan,nan,nan,nan,nan,nan,nan,nan,nan,nan,nan,nan,nan,nan,nan,nan,nan,nan,nan,nan,nan,nan,nan,nan,nan,nan,nan,nan,nan,nan,nan,nan,nan,nan,nan,nan,nan,nan,nan,nan,nan,nan,nan,nan,nan,nan,nan,nan,nan,nan,nan,nan,nan,nan,nan,nan,nan,nan,nan,nan,nan,nan,nan,nan,nan,nan,nan,nan,nan,nan,nan,nan,nan,nan,nan,nan,nan,nan,nan,nan,nan,nan,nan,nan,nan,nan,nan,nan,nan,nan,nan,nan,nan,nan,nan,nan,nan,nan,nan,nan,nan,nan,nan
nan,nan,nan,nan,nan,nan,nan,nan,nan,nan,nan,nan,nan,nan,nan,nan,nan,nan,nan,nan,nan,nan,nan,nan,nan,nan,nan,nan,nan,nan,nan,nan,nan,nan,nan,nan,nan,nan,nan,nan,nan,nan,nan,nan,nan,nan,nan,nan,nan,nan,nan,nan,nan,nan,nan,nan,nan,nan,nan,nan,nan,nan,nan,nan,nan,nan,nan,nan,nan,nan,nan,nan,nan,nan,nan,nan,nan,nan,nan,nan,nan,nan,nan,nan,nan,nan,nan,nan,nan,nan,nan,nan,nan,nan,nan,nan,nan,nan,nan,nan,nan,nan,nan,nan,nan,nan,nan,nan,nan,nan,nan,nan,nan,nan,nan,nan,nan,nan,nan,nan,nan,nan,nan,nan,nan
nan,nan,nan,nan,nan,nan,nan,nan,nan,nan,nan,nan,nan,nan,nan,nan,nan,nan,nan,nan,nan,nan,nan,nan,nan,nan,nan,nan,nan,nan,nan,nan,nan,nan,nan,nan,nan,nan,nan,nan,nan,nan,nan,nan,nan,nan,nan,nan,nan,nan,nan,nan,nan,nan,nan,nan,nan,nan,nan,nan,nan,nan,nan,nan,nan,nan,nan,nan,nan,nan,nan,nan,nan,nan,nan,nan,nan,nan,nan,nan,nan,nan,nan,nan,nan,nan,nan,nan,nan,nan,nan,nan,nan,nan,nan,nan,nan,nan,nan,nan,nan,nan,nan,nan,nan,nan,nan,nan,nan,nan,nan,nan,nan,nan,nan,nan,nan,nan,nan,nan,nan,nan,nan,nan,nan
nan,nan,nan,nan,nan,nan,nan,nan,nan,nan,nan,nan,nan,nan,nan,nan,nan,nan,nan,nan,nan,nan,nan,nan,nan,nan,nan,nan,nan,nan,nan,nan,nan,nan,nan,nan,nan,nan,nan,nan,nan,nan,nan,nan,nan,nan,nan,nan,nan,nan,nan,nan,nan,nan,nan,nan,nan,nan,nan,nan,nan,nan,nan,nan,nan,nan,nan,nan,nan,nan,nan,nan,nan,nan,nan,nan,nan,nan,nan,nan,nan,nan,nan,nan,nan,nan,nan,nan,nan,nan,nan,nan,nan,nan,nan,nan,nan,nan,nan,nan,nan,nan,nan,nan,nan,nan,nan,nan,nan,nan,nan,nan,nan,nan,nan,nan,nan,nan,nan,nan,nan,nan,nan,nan,nan
nan,nan,nan,nan,nan,nan,nan,nan,nan,nan,nan,nan,nan,nan,nan,nan,nan,nan,nan,nan,nan,nan,nan,nan,nan,nan,nan,nan,nan,nan,nan,nan,nan,nan,nan,nan,nan,nan,nan,nan,nan,nan,nan,nan,nan,nan,nan,nan,nan,nan,nan,nan,nan,nan,nan,nan,nan,nan,nan,nan,nan,nan,nan,nan,nan,nan,nan,nan,nan,nan,nan,nan,nan,nan,nan,nan,nan,nan,nan,nan,nan,nan,nan,nan,nan,nan,nan,nan,nan,nan,nan,nan,nan,nan,nan,nan,nan,nan,nan,nan,nan,nan,nan,nan,nan,nan,nan,nan,nan,nan,nan,nan,nan,nan,nan,nan,nan,nan,nan,nan,nan,nan,nan,nan,nan
nan,nan,nan,nan,nan,nan,nan,nan,nan,nan,nan,nan,nan,nan,nan,nan,nan,nan,nan,nan,nan,nan,nan,nan,nan,nan,nan,nan,nan,nan,nan,nan,nan,nan,nan,nan,nan,nan,nan,nan,nan,nan,nan,nan,nan,nan,nan,nan,nan,nan,nan,nan,nan,nan,nan,nan,nan,nan,nan,nan,nan,nan,nan,nan,nan,nan,nan,nan,nan,nan,nan,nan,nan,nan,nan,nan,nan,nan,nan,nan,nan,nan,nan,nan,nan,nan,nan,nan,nan,nan,nan,nan,nan,nan,nan,nan,nan,nan,nan,nan,nan,nan,nan,nan,nan,nan,nan,nan,nan,nan,nan,nan,nan,nan,nan,nan,nan,nan,nan,nan,nan,nan,nan,nan,nan
nan,nan,nan,nan,nan,nan,nan,nan,nan,nan,nan,nan,nan,nan,nan,nan,nan,nan,nan,nan,nan,nan,nan,nan,nan,nan,nan,nan,nan,nan,nan,nan,nan,nan,nan,nan,nan,nan,nan,nan,nan,nan,nan,nan,nan,nan,nan,nan,nan,nan,nan,nan,nan,nan,nan,nan,nan,nan,nan,nan,nan,nan,nan,nan,nan,nan,8.687812805175781250e+00,8.239975929260253906e+00,7.560128688812255859e+00,6.678080558776855469e+00,nan,nan,nan,nan,nan,nan,nan,nan,nan,nan,nan,nan,nan,nan,nan,nan,nan,nan,nan,nan,nan,nan,nan,nan,nan,nan,nan,nan,nan,nan,nan,nan,nan,nan,nan,nan,nan,nan,nan,nan,nan,nan,nan,nan,nan,nan,nan,nan,nan,nan,nan,nan,nan,nan,nan
nan,nan,nan,nan,nan,nan,nan,nan,nan,nan,nan,nan,nan,nan,nan,nan,nan,nan,nan,nan,nan,nan,nan,nan,nan,nan,nan,nan,nan,nan,nan,nan,nan,nan,nan,nan,nan,nan,nan,nan,nan,nan,nan,nan,nan,nan,nan,nan,nan,nan,nan,nan,nan,nan,nan,5.797642707824707031e+00,nan,nan,6.091222286224365234e+00,nan,nan,nan,nan,1.045297622680664062e+01,2.543131446838378906e+01,1.128881359100341797e+01,2.481095314025878906e+00,8.469010353088378906e+00,nan,9.472484588623046875e+00,2.564366579055786133e+00,7.616359233856201172e+00,nan,nan,nan,nan,nan,nan,nan,nan,nan,nan,nan,nan,nan,nan,nan,nan,nan,nan,nan,nan,nan,nan,nan,nan,nan,nan,nan,nan,nan,nan,nan,nan,nan,nan,nan,nan,nan,nan,nan,nan,nan,nan,nan,nan,nan,nan,nan,nan,nan,nan,nan,nan,nan
nan,nan,nan,nan,nan,nan,nan,nan,nan,nan,nan,nan,nan,nan,nan,nan,nan,nan,nan,nan,nan,nan,nan,nan,nan,nan,nan,nan,nan,nan,nan,nan,nan,nan,nan,nan,nan,nan,nan,nan,nan,nan,nan,nan,nan,nan,nan,nan,nan,nan,nan,nan,8.220230102539062500e+00,7.174539566040039062e+00,1.630557060241699219e+01,6.601451396942138672e+00,5.624797344207763672e+00,5.450872898101806641e+00,5.826386928558349609e+00,5.301530361175537109e+00,8.522872924804687500e+00,2.090710830688476562e+01,1.878406143188476562e+01,2.129636955261230469e+01,1.891210556030273438e+01,1.067833423614501953e+01,1.092766857147216797e+01,-8.535472750663757324e-01,nan,5.184572219848632812e+00,-3.448606014251708984e+00,1.615446090698242188e+01,6.656868457794189453e+00,nan,nan,nan,nan,nan,nan,nan,nan,nan,nan,nan,nan,nan,nan,nan,nan,nan,nan,nan,nan,nan,nan,nan,nan,nan,nan,nan,nan,nan,nan,nan,nan,nan,nan,nan,nan,nan,nan,nan,nan,nan,nan,nan,nan,nan,nan,nan,nan,nan,nan,nan,nan
nan,nan,nan,nan,nan,nan,nan,nan,nan,nan,nan,nan,nan,nan,nan,nan,nan,nan,nan,nan,nan,nan,nan,nan,nan,nan,nan,nan,nan,nan,nan,nan,nan,nan,nan,2.205945205688476562e+01,1.925218391418457031e+01,nan,nan,nan,nan,nan,nan,nan,nan,nan,nan,nan,nan,8.145156860351562500e+00,8.940600395202636719e+00,4.977069854736328125e+00,6.459305763244628906e+00,5.891907691955566406e+00,7.979323863983154297e+00,4.912008285522460938e+00,-7.838620185852050781e+00,5.622093677520751953e+00,5.872550964355468750e+00,1.539403915405273438e+01,1.034086132049560547e+01,1.247980594635009766e+01,1.261567020416259766e+01,1.426446437835693359e+01,1.589186000823974609e+01,4.446414947509765625e+00,-4.130613803863525391e+00,-4.356125354766845703e+00,8.510929107666015625e+00,3.562537908554077148e+00,8.408127784729003906e+00,1.603527641296386719e+01,9.266871452331542969e+00,4.125446319580078125e+00,1.680651187896728516e+00,nan,nan,nan,nan,nan,nan,nan,nan,nan,nan,nan,nan,nan,nan,nan,nan,nan,nan,nan,nan,nan,nan,nan,nan,nan,nan,nan,nan,nan,nan,nan,nan,nan,nan,nan,nan,nan,nan,nan,nan,nan,nan,nan,nan,nan,nan,nan,nan,nan,nan
nan,nan,nan,nan,nan,nan,nan,nan,nan,nan,nan,nan,nan,nan,nan,nan,nan,nan,nan,nan,nan,nan,nan,nan,nan,nan,nan,nan,nan,nan,nan,nan,nan,2.726417922973632812e+01,2.510588645935058594e+01,nan,nan,1.603895950317382812e+01,1.262180995941162109e+01,nan,nan,nan,nan,nan,nan,3.927493333816528320e+00,-1.088981270790100098e+00,5.935605525970458984e+00,8.823335647583007812e+00,7.323079586029052734e+00,3.278785943984985352e+00,1.026663398742675781e+01,1.281486797332763672e+01,7.534796237945556641e+00,7.653486251831054688e+00,-5.807276964187622070e-01,-7.848036766052246094e+00,-1.152150511741638184e+00,3.226701259613037109e+00,9.933844566345214844e+00,8.932596206665039062e+00,2.612098693847656250e+00,1.978561997413635254e+00,6.756170749664306641e+00,1.124056625366210938e+01,8.639262199401855469e+00,2.937875390052795410e-01,8.942737579345703125e+00,1.264920806884765625e+01,1.355556488037109375e+01,1.521927547454833984e+01,1.334998989105224609e+01,3.188750982284545898e+00,5.363139152526855469e+00,9.639199256896972656e+00,3.149592161178588867e+00,nan,nan,nan,nan,nan,nan,nan,nan,nan,nan,nan,nan,nan,nan,nan,nan,nan,nan,nan,nan,nan,nan,nan,nan,nan,nan,nan,nan,nan,nan,nan,nan,nan,nan,nan,nan,nan,nan,nan,nan,nan,nan,nan,nan,nan,nan,nan,nan,nan
nan,nan,nan,nan,nan,nan,nan,nan,nan,nan,nan,nan,nan,nan,nan,nan,nan,nan,nan,nan,nan,nan,nan,nan,nan,nan,nan,nan,nan,nan,nan,nan,nan,nan,3.312979888916015625e+01,2.603511238098144531e+01,2.098426246643066406e+01,nan,1.417372894287109375e+01,4.547123432159423828e+00,nan,nan,4.031651973724365234e+00,3.754933357238769531e+00,-1.080338096618652344e+01,2.689869880676269531e+00,4.811867713928222656e+00,6.364674091339111328e+00,8.269894599914550781e+00,6.535556316375732422e+00,8.244984626770019531e+00,1.343738651275634766e+01,1.489590644836425781e+01,1.543628787994384766e+01,1.179001617431640625e+01,2.959327697753906250e+00,3.608520984649658203e+00,1.432532310485839844e+00,-1.058908224105834961e+00,3.305808544158935547e+00,-2.828971385955810547e+00,9.294241905212402344e+00,8.516835212707519531e+00,8.490813255310058594e+00,1.171115207672119141e+01,4.655223369598388672e+00,2.123481512069702148e+00,1.068529987335205078e+01,1.716872215270996094e+01,2.023101234436035156e+01,6.891821861267089844e+00,5.613350391387939453e+00,3.577561855316162109e+00,3.669377803802490234e+00,3.755038738250732422e+00,-9.623147964477539062e+00,-7.632148265838623047e+00,nan,nan,nan,nan,nan,nan,nan,nan,nan,nan,nan,nan,nan,nan,nan,nan,nan,nan,nan,nan,nan,nan,nan,nan,nan,nan,nan,nan,nan,nan,nan,nan,nan,nan,nan,nan,nan,nan,nan,nan,nan,nan,nan,nan,nan,nan,nan,nan
nan,nan,nan,nan,nan,nan,nan,nan,nan,nan,nan,nan,nan,nan,nan,nan,nan,nan,nan,nan,nan,nan,nan,nan,nan,nan,nan,nan,nan,nan,nan,nan,nan,nan,2.703233146667480469e+01,3.082147026062011719e+01,2.205596733093261719e+01,nan,2.715908050537109375e+00,1.121895980834960938e+01,6.285879135131835938e+00,6.537656307220458984e+00,-2.688715219497680664e+00,1.905983924865722656e+00,7.008524894714355469e+00,8.086500167846679688e+00,5.718818664550781250e+00,7.996881008148193359e+00,9.488952636718750000e+00,9.217801094055175781e+00,1.059916114807128906e+01,1.083418083190917969e+01,1.406706619262695312e+01,1.548232460021972656e+01,1.336929130554199219e+01,1.092121982574462891e+01,1.145107460021972656e+01,1.011456394195556641e+01,-8.566758036613464355e-02,-1.704862594604492188e+00,4.558647572994232178e-01,4.538478851318359375e+00,1.671300506591796875e+01,6.553828716278076172e+00,8.875806808471679688e+00,2.960445594787597656e+01,1.210395717620849609e+01,1.107353115081787109e+01,9.652684211730957031e+00,1.928923225402832031e+01,5.936149597167968750e+00,4.187017917633056641e+00,1.088231372833251953e+01,-4.174702167510986328e+00,-7.697741031646728516e+00,-1.485113811492919922e+01,-8.267314910888671875e+00,-1.379235839843750000e+01,-8.528483390808105469e+00,nan,nan,nan,nan,nan,nan,nan,nan,nan,nan,nan,nan,nan,nan,nan,nan,nan,nan,nan,nan,nan,nan,nan,nan,nan,nan,nan,nan,nan,nan,nan,nan,nan,nan,nan,nan,nan,nan,nan,nan,nan,nan,nan,nan,nan,nan
nan,nan,nan,nan,nan,nan,nan,nan,nan,nan,nan,nan,nan,nan,nan,nan,nan,nan,nan,nan,nan,nan,nan,nan,nan,nan,nan,nan,nan,nan,nan,nan,nan,nan,3.001481437683105469e+01,2.244091033935546875e+01,1.679196929931640625e+01,1.958528518676757812e+01,nan,8.934567451477050781e+00,7.242002964019775391e+00,-7.014595508575439453e+00,4.200199604034423828e+00,-3.294293284416198730e-01,-4.587075114250183105e-01,4.307635784149169922e+00,6.622358322143554688e+00,6.531417846679687500e+00,8.327624320983886719e+00,3.711039066314697266e+00,6.944765567779541016e+00,1.196197986602783203e+01,1.489226722717285156e+01,1.587983322143554688e+01,1.250924777984619141e+01,8.357789039611816406e+00,9.092800140380859375e+00,8.032773017883300781e+00,4.920449256896972656e+00,-4.399014413356781006e-01,2.249178886413574219e+00,1.709908485412597656e+01,2.172511482238769531e+01,3.779175567626953125e+01,3.832814407348632812e+01,1.907429695129394531e+01,1.814286613464355469e+01,1.163119506835937500e+01,3.077562570571899414e+00,1.119648456573486328e+01,9.156744956970214844e+00,3.134318113327026367e+00,1.058436155319213867e+00,5.299654603004455566e-01,-7.664633274078369141e+00,-5.224321365356445312e+00,-1.036792182922363281e+01,-5.828016757965087891e+00,-1.680007743835449219e+01,nan,nan,nan,nan,nan,nan,nan,nan,nan,nan,nan,nan,nan,nan,nan,nan,nan,nan,nan,nan,nan,nan,nan,nan,nan,nan,nan,nan,nan,nan,nan,nan,nan,nan,nan,nan,nan,nan,nan,nan,nan,nan,nan,nan,nan,nan
nan,nan,nan,nan,nan,nan,nan,nan,nan,nan,nan,nan,nan,nan,nan,nan,nan,nan,nan,nan,nan,nan,nan,nan,nan,nan,nan,nan,nan,nan,nan,nan,2.987010765075683594e+01,3.740736389160156250e+01,1.955901908874511719e+01,2.516032409667968750e+01,2.268338394165039062e+01,nan,6.662543773651123047e+00,1.648023033142089844e+01,4.448638439178466797e+00,2.898205280303955078e+00,5.836524009704589844e+00,3.379549503326416016e+00,3.123390913009643555e+00,3.519051551818847656e+00,2.758262157440185547e+00,5.057835578918457031e+00,1.061837911605834961e+00,1.492102384567260742e+00,5.205333709716796875e+00,1.164081859588623047e+01,1.416288185119628906e+01,1.202484512329101562e+01,1.217290306091308594e+01,8.552810668945312500e+00,9.817862510681152344e+00,8.538477897644042969e+00,4.319231033325195312e+00,3.711172342300415039e+00,1.813542556762695312e+01,2.056857299804687500e+01,2.637253379821777344e+01,1.766599845886230469e+01,1.769676780700683594e+01,1.090197181701660156e+01,9.732271194458007812e+00,3.672659158706665039e+00,4.978446483612060547e+00,9.981444358825683594e+00,4.154057025909423828e+00,2.167616605758666992e+00,-2.081914395093917847e-01,4.809297561645507812e+00,-6.191884994506835938e+00,-3.951649427413940430e+00,-8.133975982666015625e+00,-8.725770950317382812e+00,-1.049617004394531250e+01,-1.176813220977783203e+01,nan,nan,nan,nan,nan,nan,nan,nan,nan,nan,nan,nan,nan,nan,nan,nan,nan,nan,nan,nan,nan,nan,nan,nan,nan,nan,nan,nan,nan,nan,nan,nan,nan,nan,nan,nan,nan,nan,nan,nan,nan,nan,nan,nan,nan
nan,nan,nan,nan,nan,nan,nan,nan,nan,nan,nan,nan,nan,nan,nan,nan,nan,nan,nan,nan,nan,nan,nan,nan,nan,nan,nan,nan,nan,nan,nan,3.167848396301269531e+01,2.817400741577148438e+01,3.186082649230957031e+01,2.958493614196777344e+01,3.355569839477539062e+01,3.192392730712890625e+01,3.087412452697753906e+01,2.656870079040527344e+01,2.110046005249023438e+01,5.473964691162109375e+00,2.094774246215820312e+00,5.779042720794677734e+00,3.413955450057983398e+00,6.537666320800781250e+00,7.064059257507324219e+00,3.372219800949096680e+00,4.282225608825683594e+00,-6.503807544708251953e+00,-4.580200314521789551e-01,2.183323383331298828e+00,7.356395721435546875e+00,8.545198440551757812e+00,1.224361324310302734e+01,1.515414619445800781e+01,1.146245670318603516e+01,1.659519958496093750e+01,1.092934513092041016e+01,1.058496189117431641e+01,1.571299839019775391e+01,2.118544578552246094e+01,1.964948081970214844e+01,1.342416095733642578e+01,1.964318084716796875e+01,1.994465827941894531e+01,1.228341388702392578e+01,9.547408103942871094e+00,1.174626159667968750e+01,1.598114204406738281e+01,1.089222908020019531e+01,5.303406715393066406e+00,-8.420983314514160156e+00,-1.536971950531005859e+01,-5.113108634948730469e+00,-8.242683410644531250e+00,-3.081955909729003906e+00,5.534205436706542969e+00,-1.105398941040039062e+01,-2.227807235717773438e+01,-1.439458370208740234e+01,-1.507085514068603516e+01,nan,nan,nan,nan,nan,nan,nan,nan,nan,nan,nan,nan,nan,nan,nan,nan,nan,nan,nan,nan,nan,nan,nan,nan,nan,nan,nan,nan,nan,nan,nan,nan,nan,nan,nan,nan,nan,nan,nan,nan,nan,nan,nan,nan
nan,nan,nan,nan,nan,nan,nan,nan,nan,nan,nan,nan,nan,nan,nan,nan,nan,nan,nan,nan,nan,nan,nan,nan,nan,nan,nan,nan,nan,3.395066070556640625e+01,2.539015007019042969e+01,1.807567787170410156e+01,2.628103065490722656e+01,3.520557022094726562e+01,3.381437301635742188e+01,3.135643577575683594e+01,3.002324295043945312e+01,2.577098083496093750e+01,2.117858505249023438e+01,1.914938163757324219e+01,6.931441307067871094e+00,2.666522026062011719e+00,-3.565731346607208252e-01,2.903819084167480469e+00,5.709108352661132812e+00,5.774383544921875000e+00,2.408123493194580078e+00,3.097843527793884277e-01,-3.289235830307006836e+00,-3.348405122756958008e+00,-2.167984843254089355e-01,8.128277063369750977e-01,5.575688838958740234e+00,1.938410568237304688e+01,2.143539237976074219e+01,1.771215248107910156e+01,2.025344657897949219e+01,2.189607810974121094e+01,1.862621307373046875e+01,1.910126686096191406e+01,2.969231414794921875e+01,3.458658218383789062e+01,2.680114936828613281e+01,2.056262207031250000e+01,1.984342575073242188e+01,1.527796936035156250e+01,1.366112041473388672e+01,1.319737815856933594e+01,1.290807056427001953e+01,2.261395215988159180e+00,-4.061428308486938477e-01,-7.052006721496582031e+00,-1.117195129394531250e+01,-1.534620571136474609e+01,-1.594019985198974609e+01,-8.247879981994628906e+00,2.780928850173950195e+00,1.555358886718750000e+00,-1.528661537170410156e+01,-1.828129768371582031e+01,-1.677012443542480469e+01,-1.357559967041015625e+01,-2.539387512207031250e+01,nan,nan,nan,nan,nan,nan,nan,nan,nan,nan,nan,nan,nan,nan,nan,nan,nan,nan,nan,nan,nan,nan,nan,nan,nan,nan,nan,nan,nan,nan,nan,nan,nan,nan,nan,nan,nan,nan,nan,nan,nan,nan
nan,nan,nan,nan,nan,nan,nan,nan,nan,nan,nan,nan,nan,nan,nan,nan,nan,nan,nan,nan,nan,nan,nan,nan,nan,nan,nan,nan,3.439052963256835938e+01,3.101104354858398438e+01,2.942078971862792969e+01,2.657673263549804688e+01,3.140135002136230469e+01,3.528658676147460938e+01,3.326026535034179688e+01,2.916913032531738281e+01,2.824655532836914062e+01,2.233742141723632812e+01,1.988456916809082031e+01,1.745224189758300781e+01,1.214342403411865234e+01,5.168833255767822266e+00,1.513572096824645996e+00,3.428329944610595703e+00,8.697126507759094238e-01,-3.441368579864501953e+00,-9.851711988449096680e-01,-1.355234503746032715e+00,-4.254643440246582031e+00,-4.418311119079589844e+00,-2.696654200553894043e-01,1.822069525718688965e+00,7.005023002624511719e+00,2.038663673400878906e+01,2.467481040954589844e+01,2.461740112304687500e+01,2.333787727355957031e+01,1.805989837646484375e+01,1.811492919921875000e+01,2.000462532043457031e+01,2.996070861816406250e+01,2.637228012084960938e+01,3.373366165161132812e+01,3.030775451660156250e+01,2.019825553894042969e+01,1.832154464721679688e+01,1.700540351867675781e+01,1.033375740051269531e+01,7.357606410980224609e+00,6.629334926605224609e+00,7.916450977325439453e+00,8.789193153381347656e+00,3.893813371658325195e+00,-4.387243270874023438e+00,-1.801375770568847656e+01,-1.960839653015136719e+01,-1.399406814575195312e+01,-1.545833873748779297e+01,-1.768203544616699219e+01,-1.993025398254394531e+01,-2.264379501342773438e+01,-2.599143218994140625e+01,-1.978668594360351562e+01,-1.565034484863281250e+01,-3.095035362243652344e+01,nan,nan,nan,nan,nan,nan,nan,nan,nan,nan,nan,nan,nan,nan,nan,nan,nan,nan,nan,nan,nan,nan,nan,nan,nan,nan,nan,nan,nan,nan,nan,nan,nan,nan,nan,nan,nan,nan,nan,nan
nan,nan,nan,nan,nan,nan,nan,nan,nan,nan,nan,nan,nan,nan,nan,nan,nan,nan,nan,nan,nan,nan,nan,nan,nan,nan,nan,nan,3.961839294433593750e+01,3.599035263061523438e+01,3.618835067749023438e+01,3.982069015502929688e+01,3.928725814819335938e+01,3.838389968872070312e+01,3.550241088867187500e+01,2.851455307006835938e+01,2.510404014587402344e+01,1.934277343750000000e+01,1.832814025878906250e+01,1.155905151367187500e+01,8.411490440368652344e+00,6.132520675659179688e+00,3.600249290466308594e+00,-1.286035776138305664e+00,-5.122458934783935547e+00,-3.262419700622558594e+00,-2.966357231140136719e+00,8.876418471336364746e-01,-3.969521522521972656e+00,-4.755060195922851562e+00,1.092759966850280762e+00,4.953191280364990234e+00,1.066783046722412109e+01,2.028926277160644531e+01,2.688273239135742188e+01,2.816243934631347656e+01,2.824792098999023438e+01,2.786734962463378906e+01,2.270231437683105469e+01,2.270213699340820312e+01,2.563994026184082031e+01,2.009868621826171875e+01,2.426042556762695312e+01,3.619490432739257812e+01,3.438923263549804688e+01,1.580505180358886719e+01,7.265365123748779297e+00,1.137677669525146484e+01,9.018112182617187500e+00,5.243974208831787109e+00,1.373848533630371094e+01,1.261682415008544922e+01,-2.823994159698486328e-01,-8.139595031738281250e+00,-1.780707359313964844e+01,-2.033520889282226562e+01,-2.000423431396484375e+01,-1.591921138763427734e+01,-1.995305442810058594e+01,-2.240959167480468750e+01,-2.528394508361816406e+01,-3.059598922729492188e+01,-3.068447685241699219e+01,-1.580425453186035156e+01,-3.270966339111328125e+01,-3.328475570678710938e+01,nan,nan,nan,nan,nan,nan,nan,nan,nan,nan,nan,nan,nan,nan,nan,nan,nan,nan,nan,nan,nan,nan,nan,nan,nan,nan,nan,nan,nan,nan,nan,nan,nan,nan,nan,nan,nan,nan,nan
nan,nan,nan,nan,nan,nan,nan,nan,nan,nan,nan,nan,nan,nan,nan,nan,nan,nan,nan,nan,nan,nan,nan,nan,nan,nan,nan,4.292390441894531250e+01,4.307412719726562500e+01,3.427172851562500000e+01,3.185287094116210938e+01,3.886776733398437500e+01,4.003228378295898438e+01,3.917350006103515625e+01,3.571357727050781250e+01,2.728120422363281250e+01,2.420774078369140625e+01,2.047597122192382812e+01,1.865688896179199219e+01,1.220502281188964844e+01,4.472940921783447266e+00,1.824029684066772461e+00,-3.280160903930664062e+00,-5.774105072021484375e+00,-7.435189247131347656e+00,-7.936170578002929688e+00,-1.012184143066406250e+01,-6.267698287963867188e+00,-9.827983856201171875e+00,-2.332153797149658203e+00,-8.804312348365783691e-01,4.107173919677734375e+00,1.041089630126953125e+01,1.777002906799316406e+01,2.204980659484863281e+01,2.066929435729980469e+01,2.547689819335937500e+01,2.909091758728027344e+01,2.545190811157226562e+01,2.514761543273925781e+01,5.226257324218750000e+00,1.918682670593261719e+01,1.361199092864990234e+01,4.451659774780273438e+01,5.557606506347656250e+01,7.578619003295898438e+00,1.475646877288818359e+01,8.395144462585449219e+00,6.374947071075439453e+00,1.608638121979311109e-04,1.014791679382324219e+01,8.546040534973144531e+00,-6.731781959533691406e+00,-9.739891052246093750e+00,-2.369841575622558594e+01,-1.998754501342773438e+01,-1.795539283752441406e+01,-1.922319793701171875e+01,-2.215862274169921875e+01,-2.448995590209960938e+01,-3.720552062988281250e+01,-3.998986434936523438e+01,-3.468346405029296875e+01,-3.349571228027343750e+01,-2.940720558166503906e+01,-3.345212936401367188e+01,nan,nan,nan,nan,nan,nan,nan,nan,nan,nan,nan,nan,nan,nan,nan,nan,nan,nan,nan,nan,nan,nan,nan,nan,nan,nan,nan,nan,nan,nan,nan,nan,nan,nan,nan,nan,nan,nan,nan
nan,nan,nan,nan,nan,nan,nan,nan,nan,nan,nan,nan,nan,nan,nan,nan,nan,nan,nan,nan,nan,nan,nan,nan,nan,nan,2.734064865112304688e+01,4.141583633422851562e+01,4.321086502075195312e+01,3.143304443359375000e+01,3.229309844970703125e+01,3.940269851684570312e+01,4.132770919799804688e+01,3.976426696777343750e+01,3.648203277587890625e+01,2.907956504821777344e+01,2.259422874450683594e+01,1.938653373718261719e+01,1.601003456115722656e+01,1.033682727813720703e+01,3.085962295532226562e+00,-3.181403636932373047e+00,-7.337100028991699219e+00,-9.302576065063476562e+00,-1.369575119018554688e+01,-1.460742282867431641e+01,-1.215630435943603516e+01,-1.116692733764648438e+01,-4.981087207794189453e+00,-7.031004428863525391e-01,9.710000455379486084e-02,5.630322456359863281e+00,9.958992004394531250e+00,1.648638916015625000e+01,1.766431236267089844e+01,2.478951835632324219e+01,3.248467254638671875e+01,3.801163482666015625e+01,4.177614212036132812e+01,2.723759841918945312e+01,-3.170562028884887695e+00,-3.746190786361694336e+00,5.541482448577880859e+00,1.240761280059814453e+01,8.587345123291015625e+00,4.462378501892089844e+00,1.020643711090087891e+01,1.440900897979736328e+01,1.013531303405761719e+01,3.238488197326660156e+00,-3.948407649993896484e+00,-4.130023956298828125e+00,-8.016508102416992188e+00,-2.089249992370605469e+01,-1.150931453704833984e+01,-1.536110401153564453e+01,-1.864094734191894531e+01,-2.272208595275878906e+01,-1.901590538024902344e+01,-2.450649452209472656e+01,-3.798948669433593750e+01,-3.923272705078125000e+01,-3.703474807739257812e+01,-3.713552856445312500e+01,-3.774587249755859375e+01,-4.319224929809570312e+01,-3.258279800415039062e+01,nan,nan,nan,nan,nan,nan,nan,nan,nan,nan,nan,nan,nan,nan,nan,nan,nan,nan,nan,nan,nan,nan,nan,nan,nan,nan,nan,nan,nan,nan,nan,nan,nan,nan,nan,nan,nan,nan
nan,nan,nan,nan,nan,nan,nan,nan,nan,nan,nan,nan,nan,nan,nan,nan,nan,nan,nan,nan,nan,nan,nan,nan,nan,3.333417129516601562e+01,2.492447471618652344e+01,3.211479568481445312e+01,4.277583694458007812e+01,3.359219741821289062e+01,3.116839218139648438e+01,3.523677062988281250e+01,4.213539886474609375e+01,4.093290328979492188e+01,3.662638854980468750e+01,2.986555099487304688e+01,2.381803703308105469e+01,1.941588783264160156e+01,1.415460491180419922e+01,4.572372436523437500e+00,1.074445433914661407e-02,-4.368708133697509766e+00,-1.056219959259033203e+01,-1.296783828735351562e+01,-1.623719024658203125e+01,-1.623900222778320312e+01,-1.575454807281494141e+01,-1.169065189361572266e+01,-7.293190479278564453e+00,-4.768312931060791016e+00,3.923154354095458984e+00,1.148829746246337891e+01,1.402246665954589844e+01,1.823825073242187500e+01,2.572341537475585938e+01,3.497225952148437500e+01,3.334747695922851562e+01,2.942136192321777344e+01,3.993728256225585938e+01,4.350760650634765625e+01,2.720146560668945312e+01,2.537574005126953125e+01,2.339897537231445312e+01,1.900806045532226562e+01,1.895541763305664062e+01,1.509423446655273438e+01,1.161286449432373047e+01,7.981763362884521484e+00,-1.219138145446777344e+01,-6.186325550079345703e+00,-1.029728031158447266e+01,-1.157954120635986328e+01,-1.519623756408691406e+01,-1.167748546600341797e+01,-1.859405708312988281e+01,-1.911536788940429688e+01,-1.838809967041015625e+01,-2.585608482360839844e+01,-2.416821098327636719e+01,-2.294689941406250000e+01,-2.485552787780761719e+01,-3.315665054321289062e+01,-4.463665390014648438e+01,-4.691403961181640625e+01,-4.217671585083007812e+01,-4.275518035888671875e+01,-4.166182327270507812e+01,-3.369440460205078125e+01,-2.150140571594238281e+01,-3.042654418945312500e+01,nan,nan,nan,nan,nan,nan,nan,nan,nan,nan,nan,nan,nan,nan,nan,nan,nan,nan,nan,nan,nan,nan,nan,nan,nan,nan,nan,nan,nan,nan,nan,nan,nan,nan,nan
nan,nan,nan,nan,nan,nan,nan,nan,nan,nan,nan,nan,nan,nan,nan,nan,nan,nan,nan,nan,nan,nan,nan,nan,nan,nan,2.228272819519042969e+01,3.132164573669433594e+01,4.317078018188476562e+01,3.501918029785156250e+01,3.159679031372070312e+01,3.226972579956054688e+01,3.953507995605468750e+01,3.728694152832031250e+01,3.119704818725585938e+01,2.758566665649414062e+01,2.363366508483886719e+01,1.902228164672851562e+01,8.741904258728027344e+00,1.841624498367309570e+00,-7.270761489868164062e+00,-8.483082771301269531e+00,-1.475682258605957031e+01,-1.526630592346191406e+01,-1.733908081054687500e+01,-1.701096534729003906e+01,-1.459057998657226562e+01,-1.208748912811279297e+01,-7.566999435424804688e+00,-4.973027110099792480e-01,4.211662769317626953e+00,1.168421077728271484e+01,1.958029556274414062e+01,2.541961097717285156e+01,3.168808555603027344e+01,3.671697998046875000e+01,3.254879760742187500e+01,3.944579315185546875e+01,3.491016769409179688e+01,3.157939529418945312e+01,3.706579208374023438e+01,2.591958427429199219e+01,2.353443145751953125e+01,2.173617553710937500e+01,1.806171035766601562e+01,1.432570648193359375e+01,1.053513145446777344e+01,6.758631229400634766e+00,-4.095335960388183594e+00,-7.187181472778320312e+00,-1.139623069763183594e+01,-9.992925643920898438e+00,-1.270406913757324219e+01,-1.777043342590332031e+01,-1.478467178344726562e+01,-1.728627777099609375e+01,-1.885008430480957031e+01,-1.958289909362792969e+01,-2.100074768066406250e+01,-3.106800460815429688e+01,-2.828653717041015625e+01,-3.357194137573242188e+01,-4.296409225463867188e+01,-3.687332534790039062e+01,-4.160273361206054688e+01,-4.080149841308593750e+01,-3.066169166564941406e+01,-2.586568450927734375e+01,-2.283092117309570312e+01,-2.393698501586914062e+01,nan,nan,nan,nan,nan,nan,nan,nan,nan,nan,nan,nan,nan,nan,nan,nan,nan,nan,nan,nan,nan,nan,nan,nan,nan,nan,nan,nan,nan,nan,nan,nan,nan,nan,nan
nan,nan,nan,nan,nan,nan,nan,nan,nan,nan,nan,nan,nan,nan,nan,nan,nan,nan,nan,nan,nan,nan,nan,nan,nan,3.005750656127929688e+01,2.193852043151855469e+01,3.538246536254882812e+01,3.909073638916015625e+01,3.524646377563476562e+01,3.195035171508789062e+01,3.340711212158203125e+01,3.371542358398437500e+01,3.143282508850097656e+01,2.652996635437011719e+01,2.210172080993652344e+01,1.799222755432128906e+01,1.620899391174316406e+01,7.101669788360595703e+00,1.428747177124023438e+00,-8.264257431030273438e+00,-9.271999359130859375e+00,-1.489029788970947266e+01,-1.847487831115722656e+01,-1.882079887390136719e+01,-1.547592544555664062e+01,-1.193848133087158203e+01,-9.978394508361816406e+00,-3.687983751296997070e+00,3.712677001953125000e+00,1.105190658569335938e+01,1.385914134979248047e+01,2.363051605224609375e+01,2.775702285766601562e+01,3.059052658081054688e+01,3.312378692626953125e+01,4.429539108276367188e+01,4.251581573486328125e+01,3.448069763183593750e+01,2.851121330261230469e+01,3.329534149169921875e+01,2.972015762329101562e+01,3.652408981323242188e+01,3.176978683471679688e+01,1.794600868225097656e+01,1.378107929229736328e+01,9.647063255310058594e+00,5.723083972930908203e+00,-8.016779899597167969e+00,-4.529340744018554688e+00,6.531441807746887207e-01,-3.589185237884521484e+00,-1.050649929046630859e+01,-1.481958866119384766e+01,-2.461218070983886719e+01,-2.138883399963378906e+01,-2.560216522216796875e+01,-2.708733177185058594e+01,-2.404565048217773438e+01,-3.226340103149414062e+01,-3.052046012878417969e+01,-3.511659622192382812e+01,-2.767398834228515625e+01,-2.581483268737792969e+01,-2.512941169738769531e+01,-2.260389709472656250e+01,-3.068933105468750000e+01,-3.649755859375000000e+01,-3.589019393920898438e+01,-3.600295257568359375e+01,-3.572182083129882812e+01,nan,nan,nan,nan,nan,nan,nan,nan,nan,nan,nan,nan,nan,nan,nan,nan,nan,nan,nan,nan,nan,nan,nan,nan,nan,nan,nan,nan,nan,nan,nan,nan,nan,nan
nan,nan,nan,nan,nan,nan,nan,nan,nan,nan,nan,nan,nan,nan,nan,nan,nan,nan,nan,nan,nan,nan,nan,nan,nan,2.770219612121582031e+01,1.329032897949218750e+01,2.932459449768066406e+01,3.663428115844726562e+01,3.537554550170898438e+01,3.348260116577148438e+01,3.276217269897460938e+01,3.158755683898925781e+01,2.894179916381835938e+01,2.396628761291503906e+01,1.860176849365234375e+01,1.666405105590820312e+01,1.502783679962158203e+01,8.113339424133300781e+00,8.226474523544311523e-01,-6.371368885040283203e+00,-1.328113460540771484e+01,-1.634696388244628906e+01,-1.783113098144531250e+01,-1.721621513366699219e+01,-1.208808803558349609e+01,-1.022787475585937500e+01,-5.335268497467041016e+00,-1.158713245391845703e+01,3.500756502151489258e+00,1.730901336669921875e+01,2.040562629699707031e+01,2.356287956237792969e+01,2.985292434692382812e+01,3.355866241455078125e+01,3.513386154174804688e+01,3.712156677246093750e+01,3.954470443725585938e+01,3.234423446655273438e+01,2.457572555541992188e+01,2.347893905639648438e+01,3.203512954711914062e+01,3.880564498901367188e+01,2.167204284667968750e+01,1.771760940551757812e+01,2.954952049255371094e+01,2.501946258544921875e+01,1.764550399780273438e+01,1.720350384712219238e+00,-1.019090843200683594e+01,6.966165065765380859e+00,8.232552528381347656e+00,-9.296912193298339844e+00,-1.213847637176513672e+01,-2.595912361145019531e+01,-1.868618011474609375e+01,-2.831627464294433594e+01,-2.724855232238769531e+01,-2.739210891723632812e+01,-2.299524497985839844e+01,-2.599825668334960938e+01,-3.380407714843750000e+01,-3.041684150695800781e+01,-1.695506286621093750e+01,-1.654262351989746094e+01,-1.801598739624023438e+01,-2.024759674072265625e+01,-3.707723236083984375e+01,-3.637516784667968750e+01,-3.338197708129882812e+01,-2.735908699035644531e+01,-2.654980659484863281e+01,-2.817038345336914062e+01,nan,nan,nan,nan,nan,nan,nan,nan,nan,nan,nan,nan,nan,nan,nan,nan,nan,nan,nan,nan,nan,nan,nan,nan,nan,nan,nan,nan,nan,nan,nan,nan
nan,nan,nan,nan,nan,nan,nan,nan,nan,nan,nan,nan,nan,nan,nan,nan,nan,nan,nan,nan,nan,nan,nan,nan,nan,2.534685325622558594e+01,nan,3.437016677856445312e+01,3.538656616210937500e+01,3.607241058349609375e+01,3.295637893676757812e+01,2.900493812561035156e+01,2.786956596374511719e+01,2.185044479370117188e+01,1.877046966552734375e+01,1.846578598022460938e+01,1.605112648010253906e+01,1.253400611877441406e+01,8.525004386901855469e+00,3.369282245635986328e+00,-9.332267761230468750e+00,-1.389828395843505859e+01,-1.670434188842773438e+01,-1.851727676391601562e+01,-1.620232391357421875e+01,-1.329618930816650391e+01,-1.179093170166015625e+01,-9.282810211181640625e+00,-6.610041618347167969e+00,5.731256008148193359e+00,1.755734443664550781e+01,2.030737304687500000e+01,2.461808776855468750e+01,3.079138565063476562e+01,3.584492874145507812e+01,3.456611633300781250e+01,3.621718597412109375e+01,3.800608062744140625e+01,2.957666778564453125e+01,2.567791557312011719e+01,1.942848587036132812e+01,8.197035789489746094e+00,2.608488082885742188e+01,2.380764579772949219e+01,1.963229370117187500e+01,1.413916301727294922e+01,4.368385314941406250e+00,8.600308418273925781e+00,9.920249938964843750e+00,-2.555443942546844482e-01,7.325862407684326172e+00,7.584743976593017578e+00,7.111006259918212891e+00,-1.404158401489257812e+01,-1.743853950500488281e+01,-1.914821815490722656e+01,-1.669295501708984375e+01,-1.305654239654541016e+01,-1.706456565856933594e+01,-1.778308868408203125e+01,-3.004669189453125000e+01,-3.403724670410156250e+01,-3.040446090698242188e+01,-2.002216720581054688e+01,-1.949973487854003906e+01,-1.821087646484375000e+01,-2.357482910156250000e+01,-1.924173164367675781e+01,-2.782312583923339844e+01,-3.706181335449218750e+01,-2.503441619873046875e+01,-2.546556663513183594e+01,-2.696045684814453125e+01,nan,nan,nan,nan,nan,nan,nan,nan,nan,nan,nan,nan,nan,nan,nan,nan,nan,nan,nan,nan,nan,nan,nan,nan,nan,nan,nan,nan,nan,nan,nan,nan
nan,nan,nan,nan,nan,nan,nan,nan,nan,nan,nan,nan,nan,nan,nan,nan,nan,nan,nan,nan,nan,nan,nan,nan,2.182294273376464844e+01,nan,nan,1.837113380432128906e+01,3.157629776000976562e+01,3.305451965332031250e+01,3.065513229370117188e+01,2.373395347595214844e+01,1.971961784362792969e+01,1.901572799682617188e+01,1.350185394287109375e+01,1.208600807189941406e+01,1.106714153289794922e+01,7.267022132873535156e+00,5.446904182434082031e+00,1.127102494239807129e+00,-1.000168132781982422e+01,-1.256052303314208984e+01,-1.682345581054687500e+01,-1.653436088562011719e+01,-1.475176715850830078e+01,-1.100703620910644531e+01,-1.120098304748535156e+01,-9.834882736206054688e+00,-8.452721834182739258e-01,5.571905612945556641e+00,1.482332992553710938e+01,1.826585578918457031e+01,2.418870925903320312e+01,2.999667549133300781e+01,3.403230285644531250e+01,3.312879180908203125e+01,3.764757537841796875e+01,3.324665832519531250e+01,2.792150115966796875e+01,1.979219245910644531e+01,1.447245693206787109e+01,nan,nan,2.297064590454101562e+01,1.952911376953125000e+01,1.451815414428710938e+01,-2.644856522238114849e-06,6.017345905303955078e+00,3.497987270355224609e+00,1.263199567794799805e+00,2.267849445343017578e+00,1.467034220695495605e+00,4.436883926391601562e+00,-3.117388725280761719e+00,-1.020412921905517578e+01,-1.219699001312255859e+01,-9.378737449645996094e+00,-8.713784217834472656e+00,-1.964004755020141602e+00,-1.321444225311279297e+01,-2.523142242431640625e+01,-3.230646133422851562e+01,-3.600432968139648438e+01,-3.104858016967773438e+01,-2.819387626647949219e+01,-2.171022605895996094e+01,-2.099490356445312500e+01,-2.137552261352539062e+01,-3.224378204345703125e+01,-3.925151443481445312e+01,-3.259979629516601562e+01,-2.883384895324707031e+01,-3.144755363464355469e+01,-2.316273880004882812e+01,nan,nan,nan,nan,nan,nan,nan,nan,nan,nan,nan,nan,nan,nan,nan,nan,nan,nan,nan,nan,nan,nan,nan,nan,nan,nan,nan,nan,nan,nan,nan
nan,nan,nan,nan,nan,nan,nan,nan,nan,nan,nan,nan,nan,nan,nan,nan,nan,nan,nan,nan,nan,nan,nan,nan,6.497563838958740234e+00,8.805917739868164062e+00,2.192276191711425781e+01,1.665841293334960938e+01,2.796042251586914062e+01,2.863418960571289062e+01,2.997131156921386719e+01,2.002737998962402344e+01,1.916335868835449219e+01,1.619144821166992188e+01,1.038184356689453125e+01,8.792552947998046875e+00,7.453917503356933594e+00,5.986541271209716797e+00,1.677203178405761719e+00,-4.065773487091064453e+00,-8.996817588806152344e+00,-8.009028434753417969e+00,-9.604591369628906250e+00,-9.750847816467285156e+00,-7.695170879364013672e+00,-7.970054626464843750e+00,-4.559229850769042969e+00,-3.895907163619995117e+00,1.685422211885452271e-01,7.425603389739990234e+00,8.734703063964843750e+00,1.660804748535156250e+01,2.245870780944824219e+01,2.746158981323242188e+01,3.020627212524414062e+01,3.229236221313476562e+01,nan,2.345796203613281250e+01,2.831091308593750000e+01,2.806405448913574219e+01,2.773099517822265625e+01,nan,nan,nan,nan,1.471552848815917969e+01,nan,7.158608913421630859e+00,nan,2.916991472244262695e+00,nan,nan,nan,-7.266717910766601562e+00,6.013516902923583984e+00,-1.018934249877929688e+01,-7.562838554382324219e+00,-1.719949150085449219e+01,-1.579845428466796875e+01,-1.732018089294433594e+01,-2.834525871276855469e+01,-3.012355804443359375e+01,-3.237958526611328125e+01,-3.157687377929687500e+01,-2.736740875244140625e+01,-1.922577476501464844e+01,-2.280588722229003906e+01,-2.172172737121582031e+01,-2.018949317932128906e+01,-2.084217071533203125e+01,-2.154874992370605469e+01,-2.279444313049316406e+01,-2.899388313293457031e+01,-2.547123718261718750e+01,-1.976213264465332031e+01,-1.881963348388671875e+01,nan,nan,nan,nan,nan,nan,nan,nan,nan,nan,nan,nan,nan,nan,nan,nan,nan,nan,nan,nan,nan,nan,nan,nan,nan,nan,nan,nan,nan
nan,nan,nan,nan,nan,nan,nan,nan,nan,nan,nan,nan,nan,nan,nan,nan,nan,nan,nan,nan,nan,nan,nan,1.886687850952148438e+01,1.719368362426757812e+01,2.282175445556640625e+01,2.156443786621093750e+01,2.036100387573242188e+01,2.152960968017578125e+01,2.439498138427734375e+01,2.317561912536621094e+01,1.942602920532226562e+01,1.722305107116699219e+01,1.381186676025390625e+01,9.449337959289550781e+00,7.497442245483398438e+00,5.364886760711669922e+00,3.588105916976928711e+00,1.920967340469360352e+00,-1.726055979728698730e+00,-6.820193290710449219e+00,-8.039619445800781250e+00,-6.974843502044677734e+00,-8.895405769348144531e+00,-7.496675968170166016e+00,-5.069234371185302734e+00,-3.302663087844848633e+00,4.881735146045684814e-01,5.679534912109375000e+00,6.724915504455566406e+00,9.720881462097167969e+00,1.683800506591796875e+01,1.974683761596679688e+01,2.360282516479492188e+01,2.432025146484375000e+01,1.557156181335449219e+01,1.739052581787109375e+01,2.600555992126464844e+01,nan,nan,nan,nan,nan,nan,nan,nan,nan,nan,nan,nan,nan,nan,nan,nan,-1.022124662995338440e-03,7.714529633522033691e-01,-4.555355548858642578e+00,-1.491613769531250000e+01,-1.322066402435302734e+01,-1.485635662078857422e+01,-3.479859590530395508e+00,-2.478300476074218750e+01,-2.900397109985351562e+01,-1.970628547668457031e+01,-1.886489677429199219e+01,-1.822638702392578125e+01,-1.352452659606933594e+01,-1.046997165679931641e+01,-8.585506439208984375e+00,-1.731492042541503906e+01,-1.396740055084228516e+01,-1.793268203735351562e+01,-2.198866081237792969e+01,-2.235293769836425781e+01,-2.693991661071777344e+01,-2.487047576904296875e+01,-1.454703521728515625e+01,nan,nan,nan,nan,nan,nan,nan,nan,nan,nan,nan,nan,nan,nan,nan,nan,nan,nan,nan,nan,nan,nan,nan,nan,nan,nan,nan,nan
nan,nan,nan,nan,nan,nan,nan,nan,nan,nan,nan,nan,nan,nan,nan,nan,nan,nan,nan,nan,nan,nan,nan,1.888279724121093750e+01,1.566490459442138672e+01,2.197966575622558594e+01,1.999618721008300781e+01,1.943304634094238281e+01,1.757108497619628906e+01,1.853214836120605469e+01,1.879910087585449219e+01,1.744072151184082031e+01,1.455325317382812500e+01,9.822347640991210938e+00,8.053560256958007812e+00,6.321282863616943359e+00,4.850860595703125000e+00,4.554730892181396484e+00,4.012442111968994141e+00,7.048873901367187500e-01,-1.277478694915771484e+00,-4.474939346313476562e+00,-4.248124599456787109e+00,-7.744668960571289062e+00,-5.469985008239746094e+00,-7.311692714691162109e+00,-2.710883855819702148e+00,-6.275047659873962402e-01,4.673880100250244141e+00,5.284216880798339844e+00,1.128376007080078125e+01,1.619243812561035156e+01,1.809868240356445312e+01,2.052589225769042969e+01,1.932294654846191406e+01,8.198265075683593750e+00,nan,nan,nan,nan,nan,nan,nan,nan,nan,nan,nan,nan,nan,nan,nan,nan,nan,nan,nan,-6.048049926757812500e+00,-1.061704993247985840e+00,-3.374145269393920898e+00,-6.236928462982177734e+00,-3.404933452606201172e+00,4.312179088592529297e+00,-1.753145933151245117e+00,-7.040496349334716797e+00,-1.390063571929931641e+01,-5.875958800315856934e-01,-1.299186611175537109e+01,-8.887836456298828125e+00,-6.130902767181396484e+00,-5.961212635040283203e+00,-1.103737258911132812e+01,-4.318347930908203125e+00,-1.987464904785156250e+01,-1.851478195190429688e+01,-1.882397460937500000e+01,-2.239791488647460938e+01,-1.499442958831787109e+01,-1.167348289489746094e+01,-6.248493194580078125e+00,nan,nan,nan,nan,nan,nan,nan,nan,nan,nan,nan,nan,nan,nan,nan,nan,nan,nan,nan,nan,nan,nan,nan,nan,nan,nan,nan
nan,nan,nan,nan,nan,nan,nan,nan,nan,nan,nan,nan,nan,nan,nan,nan,nan,nan,nan,nan,nan,nan,nan,nan,1.843407821655273438e+01,2.372266960144042969e+01,2.192105674743652344e+01,1.960661506652832031e+01,1.757664108276367188e+01,1.586995983123779297e+01,1.612379455566406250e+01,1.497787857055664062e+01,1.134789752960205078e+01,4.918012619018554688e+00,3.753706932067871094e+00,4.679250717163085938e+00,4.505702972412109375e+00,4.352917671203613281e+00,4.358074188232421875e+00,2.321162462234497070e+00,2.220250129699707031e+00,-7.184507697820663452e-02,-3.570358753204345703e+00,-2.523789405822753906e+00,5.674513578414916992e-01,-4.475375652313232422e+00,-4.396060943603515625e+00,-9.543028473854064941e-01,3.974195957183837891e+00,4.051044464111328125e+00,6.532420635223388672e+00,1.504135513305664062e+01,1.462903881072998047e+01,1.467841053009033203e+01,7.580686569213867188e+00,1.870824432373046875e+01,nan,nan,nan,nan,nan,nan,nan,nan,nan,nan,nan,nan,nan,nan,nan,nan,nan,nan,nan,nan,nan,-6.759503364562988281e+00,-4.060379505157470703e+00,1.363753318786621094e+00,-5.818582534790039062e+00,8.249596953392028809e-01,-1.470491766929626465e+00,-3.034192323684692383e+00,-6.851407527923583984e+00,4.429056167602539062e+00,-1.436756229400634766e+01,-1.343947792053222656e+01,-1.498818969726562500e+01,-6.738171577453613281e+00,-1.062658596038818359e+01,-1.557478141784667969e+01,-1.295058536529541016e+01,-1.730809593200683594e+01,nan,nan,-1.251759719848632812e+01,-1.110852527618408203e+01,-2.805567026138305664e+00,nan,nan,nan,nan,nan,nan,nan,nan,nan,nan,nan,nan,nan,nan,nan,nan,nan,nan,nan,nan,nan,nan,nan,nan,nan,nan
nan,nan,nan,nan,nan,nan,nan,nan,nan,nan,nan,nan,nan,nan,nan,nan,nan,nan,nan,nan,nan,nan,nan,nan,2.016198730468750000e+01,2.278519058227539062e+01,2.004160308837890625e+01,1.972922325134277344e+01,1.803296852111816406e+01,1.654417037963867188e+01,1.518331623077392578e+01,1.130828189849853516e+01,1.017569065093994141e+01,3.827204704284667969e+00,3.350858449935913086e+00,2.426088333129882812e+00,2.874148845672607422e+00,2.959269762039184570e+00,4.484636306762695312e+00,4.914393901824951172e+00,3.052838563919067383e+00,2.023957729339599609e+00,-1.613787174224853516e+00,-2.795511245727539062e+00,3.894334793090820312e+00,3.612669706344604492e-01,-1.145881772041320801e+00,2.187999963760375977e+00,3.687473773956298828e+00,4.867547512054443359e+00,8.415633201599121094e+00,1.007546043395996094e+01,1.008426666259765625e+01,7.091429433785378933e-04,1.370776653289794922e+01,nan,nan,nan,nan,nan,nan,nan,nan,nan,nan,nan,nan,nan,nan,nan,nan,nan,nan,nan,nan,nan,nan,nan,nan,nan,nan,nan,nan,nan,-4.832655429840087891e+00,-2.286315917968750000e+00,-2.803817272186279297e+00,-1.833759880065917969e+01,-7.839184284210205078e+00,-6.527647495269775391e+00,-9.049145698547363281e+00,-6.997568130493164062e+00,-1.409778785705566406e+01,-1.646272277832031250e+01,-1.119280529022216797e+01,-1.939779472351074219e+01,-1.358915042877197266e+01,2.553699731826782227e+00,5.268290519714355469e+00,nan,nan,nan,nan,nan,nan,nan,nan,nan,nan,nan,nan,nan,nan,nan,nan,nan,nan,nan,nan,nan,nan,nan,nan,nan,nan
nan,nan,nan,nan,nan,nan,nan,nan,nan,nan,nan,nan,nan,nan,nan,nan,nan,nan,nan,nan,nan,nan,nan,nan,1.853126525878906250e+01,1.712094116210937500e+01,1.957104110717773438e+01,1.909438705444335938e+01,1.773244094848632812e+01,1.627844619750976562e+01,1.727301788330078125e+01,1.266917324066162109e+01,8.626969337463378906e+00,6.860372066497802734e+00,5.740494728088378906e+00,3.547631263732910156e+00,2.537243843078613281e+00,5.024232387542724609e+00,6.739942073822021484e+00,6.631803512573242188e+00,9.058472633361816406e+00,7.741943359375000000e+00,4.316837310791015625e+00,1.385111689567565918e+00,3.636036396026611328e+00,3.211441040039062500e+00,3.384994983673095703e+00,5.945010185241699219e+00,8.349983215332031250e+00,5.106765747070312500e+00,6.913209438323974609e+00,6.161602020263671875e+00,8.495837211608886719e+00,9.601047515869140625e+00,nan,nan,nan,nan,nan,nan,nan,nan,nan,nan,nan,nan,nan,nan,nan,nan,nan,nan,nan,nan,nan,nan,nan,nan,nan,nan,nan,nan,nan,nan,nan,1.991149544715881348e+00,-3.753286361694335938e+00,-9.634959220886230469e+00,4.065129756927490234e+00,7.356062412261962891e+00,7.832143306732177734e+00,-7.768037319183349609e+00,-8.700301170349121094e+00,-1.479864788055419922e+01,-1.535390853881835938e+01,-1.424995231628417969e+01,3.708136558532714844e+00,4.768329620361328125e+00,1.386674690246582031e+01,nan,nan,nan,nan,nan,nan,nan,nan,nan,nan,nan,nan,nan,nan,nan,nan,nan,nan,nan,nan,nan,nan,nan,nan,nan,nan
nan,nan,nan,nan,nan,nan,nan,nan,nan,nan,nan,nan,nan,nan,nan,nan,nan,nan,nan,nan,nan,nan,nan,1.703876686096191406e+01,1.657618713378906250e+01,1.773416519165039062e+01,2.013235664367675781e+01,1.756766700744628906e+01,1.633071136474609375e+01,1.361514759063720703e+01,1.519491958618164062e+01,1.594251918792724609e+01,8.261019706726074219e+00,8.373386383056640625e+00,7.849576473236083984e+00,7.609942913055419922e+00,6.459259033203125000e+00,2.510454416275024414e+00,5.141862869262695312e+00,7.173091411590576172e+00,1.013195133209228516e+01,1.050952434539794922e+01,8.064813613891601562e+00,4.425768375396728516e+00,1.170204043388366699e+00,2.134580850601196289e+00,2.087441444396972656e+00,8.324311971664428711e-01,3.404565334320068359e+00,3.556535243988037109e+00,4.901943683624267578e+00,4.494226455688476562e+00,6.591122150421142578e+00,nan,nan,nan,nan,nan,nan,nan,nan,nan,nan,nan,nan,nan,nan,nan,nan,nan,nan,nan,nan,nan,nan,nan,nan,nan,nan,nan,nan,nan,nan,nan,nan,-4.772250175476074219e+00,-9.788660407066345215e-01,-4.534824848175048828e+00,-4.502243518829345703e+00,5.441851139068603516e+00,-3.536891937255859375e+00,4.630643367767333984e+00,4.999108791351318359e+00,3.133366346359252930e+00,3.047374010086059570e+00,4.449957847595214844e+00,5.927946090698242188e+00,nan,1.140812683105468750e+01,1.292126560211181641e+01,nan,nan,nan,nan,nan,nan,nan,nan,nan,nan,nan,nan,nan,nan,nan,nan,nan,nan,nan,nan,nan,nan,nan,nan,nan
nan,nan,nan,nan,nan,nan,nan,nan,nan,nan,nan,nan,nan,nan,nan,nan,nan,nan,nan,nan,nan,nan,nan,1.564616203308105469e+01,7.086295127868652344e+00,1.716675949096679688e+01,1.766891288757324219e+01,1.711225318908691406e+01,1.343323326110839844e+01,1.186601734161376953e+01,9.685077667236328125e+00,1.434399223327636719e+01,8.928031921386718750e+00,6.894544124603271484e+00,9.684250831604003906e+00,7.691130161285400391e+00,6.495840072631835938e+00,6.110929012298583984e+00,6.139225006103515625e+00,6.304343700408935547e+00,7.074555873870849609e+00,4.699191570281982422e+00,6.215487003326416016e+00,3.211609840393066406e+00,1.473514199256896973e+00,2.272182703018188477e+00,2.228818416595458984e+00,2.166839361190795898e+00,2.785419940948486328e+00,4.709022998809814453e+00,4.153678417205810547e+00,1.956025123596191406e+00,nan,nan,nan,nan,nan,nan,nan,nan,nan,nan,nan,nan,nan,nan,nan,nan,nan,nan,nan,nan,nan,nan,nan,nan,nan,nan,nan,nan,nan,nan,nan,nan,nan,nan,nan,nan,nan,-3.305073022842407227e+00,-3.698904037475585938e+00,2.271335124969482422e+00,1.943171739578247070e+00,-4.743246138095855713e-01,-3.248327016830444336e+00,2.725911855697631836e+00,-2.560924053192138672e+00,2.717851257324218750e+01,3.259268951416015625e+01,1.957696533203125000e+01,nan,nan,nan,nan,nan,nan,nan,nan,nan,nan,nan,nan,nan,nan,nan,nan,nan,nan,nan,nan,nan,nan,nan,nan,nan
nan,nan,nan,nan,nan,nan,nan,nan,nan,nan,nan,nan,nan,nan,nan,nan,nan,nan,nan,nan,nan,nan,1.393764877319335938e+01,nan,nan,1.357185935974121094e+01,1.671634864807128906e+01,1.560212326049804688e+01,1.362254428863525391e+01,1.294187355041503906e+01,9.450662612915039062e+00,1.092414474487304688e+01,1.012405300140380859e+01,8.946794509887695312e+00,1.232217311859130859e+01,9.955895423889160156e+00,8.745334625244140625e+00,1.038558673858642578e+01,8.231067657470703125e+00,7.013835906982421875e+00,6.314323425292968750e+00,3.812196016311645508e+00,3.692304134368896484e+00,2.758278369903564453e+00,1.410510540008544922e+00,1.781705617904663086e+00,2.126657724380493164e+00,4.390046596527099609e+00,3.811346769332885742e+00,8.204908967018127441e-01,3.271786272525787354e-01,5.043274879455566406e+00,nan,nan,nan,nan,nan,nan,nan,nan,nan,nan,nan,nan,nan,nan,nan,nan,nan,nan,nan,nan,nan,nan,nan,nan,nan,nan,nan,nan,nan,nan,nan,nan,nan,nan,nan,nan,nan,nan,nan,nan,nan,nan,3.464685678482055664e+00,7.205850124359130859e+00,6.755589008331298828e+00,3.071677398681640625e+01,2.848584175109863281e+01,2.097898674011230469e+01,1.990378570556640625e+01,2.589075279235839844e+01,nan,nan,nan,nan,nan,nan,nan,nan,nan,nan,nan,nan,nan,nan,nan,nan,nan,nan,nan,nan,nan,nan,nan
nan,nan,nan,nan,nan,nan,nan,nan,nan,nan,nan,nan,nan,nan,nan,nan,nan,nan,nan,nan,nan,nan,nan,nan,nan,6.392210960388183594e+00,1.781026458740234375e+01,1.555574798583984375e+01,1.280502128601074219e+01,1.307506942749023438e+01,9.315442085266113281e+00,9.340470314025878906e+00,9.727602958679199219e+00,1.316676235198974609e+01,1.127717876434326172e+01,1.102763938903808594e+01,1.644206619262695312e+01,1.374445819854736328e+01,8.232384681701660156e+00,7.499392986297607422e+00,5.448073387145996094e+00,3.509572267532348633e+00,4.071062564849853516e+00,4.293507099151611328e+00,3.728869438171386719e+00,2.178063392639160156e+00,2.608994007110595703e+00,4.541751384735107422e+00,3.930143594741821289e+00,-1.139586210250854492e+00,2.805678546428680420e-01,2.968599319458007812e+00,nan,nan,nan,nan,nan,nan,nan,nan,nan,nan,nan,nan,nan,nan,nan,nan,nan,nan,nan,nan,nan,nan,nan,nan,nan,nan,nan,nan,nan,nan,nan,nan,nan,nan,nan,nan,nan,nan,nan,nan,nan,nan,nan,nan,1.481596660614013672e+01,1.425985622406005859e+01,2.756106185913085938e+01,2.081904983520507812e+01,1.958549690246582031e+01,2.617491149902343750e+01,2.404937362670898438e+01,nan,nan,nan,nan,nan,nan,nan,nan,nan,nan,nan,nan,nan,nan,nan,nan,nan,nan,nan,nan,nan,nan
nan,nan,nan,nan,nan,nan,nan,nan,nan,nan,nan,nan,nan,nan,nan,nan,nan,nan,nan,nan,nan,nan,nan,nan,nan,5.571034908294677734e+00,9.387787818908691406e+00,1.101201343536376953e+01,9.560688018798828125e+00,8.387626647949218750e+00,8.281815528869628906e+00,8.400812149047851562e+00,1.242783832550048828e+01,9.374262809753417969e+00,8.818009376525878906e+00,8.876338958740234375e+00,1.555013942718505859e+01,1.576033592224121094e+01,9.649271965026855469e+00,7.563392162322998047e+00,6.365756988525390625e+00,7.236196517944335938e+00,8.527977943420410156e+00,6.396508693695068359e+00,5.458024024963378906e+00,4.157993793487548828e+00,3.308621406555175781e+00,3.164298057556152344e+00,4.376626968383789062e+00,-7.870910763740539551e-01,nan,nan,nan,nan,nan,nan,nan,nan,nan,nan,nan,nan,nan,nan,nan,nan,nan,nan,nan,nan,nan,nan,nan,nan,nan,nan,nan,nan,nan,nan,nan,nan,nan,nan,nan,nan,nan,nan,nan,nan,nan,nan,nan,nan,nan,nan,nan,2.080920410156250000e+01,3.109413146972656250e+01,3.346894073486328125e+01,2.480596542358398438e+01,2.787180709838867188e+01,2.828969192504882812e+01,2.835750770568847656e+01,nan,nan,nan,nan,nan,nan,nan,nan,nan,nan,nan,nan,nan,nan,nan,nan,nan,nan,nan,nan,nan
nan,nan,nan,nan,nan,nan,nan,nan,nan,nan,nan,nan,nan,nan,nan,nan,nan,nan,nan,nan,nan,nan,nan,nan,nan,1.896493554115295410e+00,7.947939395904541016e+00,7.495662689208984375e+00,7.189831256866455078e+00,4.018559932708740234e+00,4.201614379882812500e+00,7.036486625671386719e+00,8.658372879028320312e+00,8.596193313598632812e+00,9.194472312927246094e+00,9.878119468688964844e+00,1.179463386535644531e+01,9.815581321716308594e+00,1.086500072479248047e+01,8.686648368835449219e+00,7.140223026275634766e+00,9.315349578857421875e+00,9.435807228088378906e+00,7.776782035827636719e+00,5.363816261291503906e+00,4.821021080017089844e+00,4.105789661407470703e+00,2.513615846633911133e+00,4.587560653686523438e+00,2.457876503467559814e-01,nan,nan,nan,nan,nan,nan,nan,nan,nan,nan,nan,nan,nan,nan,nan,nan,nan,nan,nan,nan,nan,nan,nan,nan,nan,nan,nan,nan,nan,nan,nan,nan,nan,nan,nan,nan,nan,nan,nan,nan,nan,nan,nan,nan,nan,nan,nan,nan,1.534253883361816406e+01,3.580515289306640625e+01,4.214892959594726562e+01,4.080155181884765625e+01,3.230630874633789062e+01,2.826879882812500000e+01,nan,nan,nan,nan,nan,nan,nan,nan,nan,nan,nan,nan,nan,nan,nan,nan,nan,nan,nan,nan,nan
nan,nan,nan,nan,nan,nan,nan,nan,nan,nan,nan,nan,nan,nan,nan,nan,nan,nan,nan,nan,nan,nan,nan,nan,nan,7.620875835418701172e+00,6.405775547027587891e+00,6.112947463989257812e+00,5.696375846862792969e+00,3.316895008087158203e+00,2.868122100830078125e+00,5.917049407958984375e+00,6.489347457885742188e+00,7.592740535736083984e+00,1.069072628021240234e+01,1.035485839843750000e+01,9.180946350097656250e+00,1.198695278167724609e+01,9.581515312194824219e+00,8.881471633911132812e+00,7.969983577728271484e+00,9.330932617187500000e+00,8.412804603576660156e+00,6.904341697692871094e+00,3.328338146209716797e+00,4.720026016235351562e+00,5.452023029327392578e+00,3.998908758163452148e+00,3.784841299057006836e+00,9.157840907573699951e-02,2.942818880081176758e+00,nan,nan,nan,nan,nan,nan,nan,nan,nan,nan,nan,nan,nan,nan,nan,nan,nan,nan,nan,nan,nan,nan,nan,nan,nan,nan,nan,nan,nan,nan,nan,nan,nan,nan,nan,nan,nan,nan,nan,nan,nan,nan,nan,nan,nan,nan,nan,2.170595741271972656e+01,3.382778167724609375e+01,4.013915252685546875e+01,3.537361526489257812e+01,2.893056297302246094e+01,2.728797340393066406e+01,2.920973014831542969e+01,nan,nan,nan,nan,nan,nan,nan,nan,nan,nan,nan,nan,nan,nan,nan,nan,nan,nan,nan,nan
nan,nan,nan,nan,nan,nan,nan,nan,nan,nan,nan,nan,nan,nan,nan,nan,nan,nan,nan,nan,nan,nan,nan,nan,nan,nan,5.849304199218750000e+00,2.215648412704467773e+00,3.489153146743774414e+00,1.641710281372070312e+00,2.397440433502197266e+00,4.999527931213378906e+00,4.813683509826660156e+00,7.939845085144042969e+00,1.035347080230712891e+01,9.449953079223632812e+00,1.286591339111328125e+01,1.389800453186035156e+01,9.015155792236328125e+00,8.174651145935058594e+00,8.292692184448242188e+00,7.607777118682861328e+00,8.373719215393066406e+00,8.411201477050781250e+00,7.177351951599121094e+00,5.471416950225830078e+00,5.384454250335693359e+00,4.674608230590820312e+00,4.452911376953125000e+00,2.306309938430786133e+00,nan,nan,nan,nan,nan,nan,nan,nan,nan,nan,nan,nan,nan,nan,nan,nan,nan,nan,nan,nan,nan,nan,nan,nan,nan,nan,nan,nan,nan,nan,nan,nan,nan,nan,nan,nan,nan,nan,nan,nan,nan,nan,nan,nan,nan,nan,nan,nan,-1.248014330863952637e+00,2.174234962463378906e+01,2.295600891113281250e+01,2.296483421325683594e+01,2.727553749084472656e+01,3.115665626525878906e+01,2.998721885681152344e+01,nan,nan,nan,nan,nan,nan,nan,nan,nan,nan,nan,nan,nan,nan,nan,nan,nan,nan,nan,nan
nan,nan,nan,nan,nan,nan,nan,nan,nan,nan,nan,nan,nan,nan,nan,nan,nan,nan,nan,nan,nan,nan,nan,nan,nan,nan,4.567555427551269531e+00,4.432833194732666016e+00,6.081402897834777832e-01,5.755645036697387695e-01,1.862096905708312988e+00,2.957651853561401367e+00,6.475144386291503906e+00,9.585797309875488281e+00,9.687326431274414062e+00,9.681268692016601562e+00,1.153989601135253906e+01,1.106824016571044922e+01,1.100139713287353516e+01,9.831973075866699219e+00,9.570981025695800781e+00,8.386978149414062500e+00,8.331643104553222656e+00,8.866889953613281250e+00,8.487043380737304688e+00,7.042716503143310547e+00,6.293276309967041016e+00,5.644941806793212891e+00,3.518014907836914062e+00,2.575945556163787842e-01,nan,nan,nan,nan,nan,nan,nan,nan,nan,nan,nan,nan,nan,nan,nan,nan,nan,nan,nan,nan,nan,nan,nan,nan,nan,nan,nan,nan,nan,nan,nan,nan,nan,nan,nan,nan,nan,nan,nan,nan,nan,nan,nan,nan,nan,nan,nan,1.529878807067871094e+01,2.775281667709350586e+00,7.039871215820312500e+00,2.273014831542968750e+01,1.082958126068115234e+01,2.736901092529296875e+01,3.228915023803710938e+01,2.894894790649414062e+01,3.022402954101562500e+01,nan,nan,nan,nan,nan,nan,nan,nan,nan,nan,nan,nan,nan,nan,nan,nan,nan,nan,nan
nan,nan,nan,nan,nan,nan,nan,nan,nan,nan,nan,nan,nan,nan,nan,nan,nan,nan,nan,nan,nan,nan,nan,nan,nan,nan,nan,nan,3.639742136001586914e+00,3.041163206100463867e+00,1.633698821067810059e+00,1.429742813110351562e+00,5.448762893676757812e+00,8.740192413330078125e+00,8.594207763671875000e+00,1.041841316223144531e+01,1.130358123779296875e+01,1.078674793243408203e+01,1.155974674224853516e+01,1.345904827117919922e+01,1.148720264434814453e+01,9.840652465820312500e+00,9.147923469543457031e+00,7.928455352783203125e+00,8.080044746398925781e+00,9.113126754760742188e+00,7.831524372100830078e+00,6.257841587066650391e+00,2.571937084197998047e+00,-1.112031817436218262e+00,nan,nan,nan,nan,nan,nan,nan,nan,nan,nan,nan,nan,nan,nan,nan,nan,nan,nan,nan,nan,nan,nan,nan,nan,nan,nan,nan,nan,nan,nan,nan,nan,nan,nan,nan,nan,nan,nan,nan,nan,nan,nan,nan,nan,nan,nan,nan,1.286338424682617188e+01,6.111144065856933594e+00,1.086224460601806641e+01,-4.421603202819824219e+00,3.315116882324218750e+00,2.819999885559082031e+01,3.895561981201171875e+01,2.885158538818359375e+01,2.703034210205078125e+01,nan,nan,nan,nan,nan,nan,nan,nan,nan,nan,nan,nan,nan,nan,nan,nan,nan,nan,nan
nan,nan,nan,nan,nan,nan,nan,nan,nan,nan,nan,nan,nan,nan,nan,nan,nan,nan,nan,nan,nan,nan,nan,nan,nan,nan,nan,nan,nan,nan,nan,nan,1.264252185821533203e+00,4.370667457580566406e+00,7.669579982757568359e+00,1.040453529357910156e+01,1.145722293853759766e+01,1.157809066772460938e+01,1.263633441925048828e+01,1.329264545440673828e+01,1.301906490325927734e+01,1.006768131256103516e+01,8.969950675964355469e+00,9.005360603332519531e+00,6.952861309051513672e+00,1.186170387268066406e+01,1.209191989898681641e+01,6.709404945373535156e+00,4.513467311859130859e+00,1.268705248832702637e+00,nan,nan,nan,nan,nan,nan,nan,nan,nan,nan,nan,nan,nan,nan,nan,nan,nan,nan,nan,nan,nan,nan,nan,nan,nan,nan,nan,nan,nan,nan,nan,nan,nan,nan,nan,nan,nan,nan,nan,nan,nan,nan,nan,nan,nan,nan,nan,1.102040863037109375e+01,1.401608824729919434e+00,2.879018545150756836e+00,1.224200129508972168e+00,3.354924392700195312e+01,3.669279479980468750e+01,4.404786300659179688e+01,4.468293762207031250e+01,4.765232849121093750e+01,3.479345703125000000e+01,2.218043136596679688e+01,nan,nan,nan,nan,nan,nan,nan,nan,nan,nan,nan,nan,nan,nan,nan,nan,nan
nan,nan,nan,nan,nan,nan,nan,nan,nan,nan,nan,nan,nan,nan,nan,nan,nan,nan,nan,nan,nan,nan,nan,nan,nan,nan,nan,nan,nan,nan,nan,nan,5.688010215759277344e+00,4.893906414508819580e-01,4.229893207550048828e+00,6.579603195190429688e+00,1.211194324493408203e+01,1.192993736267089844e+01,1.393541336059570312e+01,1.514421653747558594e+01,1.335320377349853516e+01,1.288374614715576172e+01,9.306075096130371094e+00,9.615019798278808594e+00,9.008682250976562500e+00,8.928869247436523438e+00,7.230843544006347656e+00,4.047353744506835938e+00,1.369227886199951172e+00,4.525398731231689453e+00,nan,nan,nan,nan,nan,nan,nan,nan,nan,nan,nan,nan,nan,nan,nan,nan,nan,nan,nan,nan,nan,nan,nan,nan,nan,nan,nan,nan,nan,nan,nan,nan,nan,nan,nan,nan,nan,nan,nan,nan,nan,nan,nan,nan,nan,nan,nan,nan,1.222618460655212402e+00,2.835691213607788086e+00,1.352071380615234375e+01,3.546587753295898438e+01,3.851707077026367188e+01,4.148749160766601562e+01,4.067805862426757812e+01,3.940505981445312500e+01,3.207168197631835938e+01,1.836293601989746094e+01,3.482029676437377930e+00,1.198299121856689453e+01,nan,nan,nan,nan,nan,nan,nan,nan,nan,nan,nan,nan,nan,nan,nan
nan,nan,nan,nan,nan,nan,nan,nan,nan,nan,nan,nan,nan,nan,nan,nan,nan,nan,nan,nan,nan,nan,nan,nan,nan,nan,nan,nan,nan,nan,nan,nan,nan,6.511056900024414062e+00,7.671826839447021484e+00,5.897363424301147461e-01,5.931265354156494141e+00,1.288693618774414062e+01,1.644980239868164062e+01,1.640544700622558594e+01,1.171075534820556641e+01,9.619717597961425781e+00,8.755969047546386719e+00,7.480046272277832031e+00,7.882442474365234375e+00,6.318862915039062500e+00,5.345270156860351562e+00,2.444149732589721680e+00,5.010375976562500000e+00,nan,nan,nan,nan,nan,nan,nan,nan,nan,nan,nan,nan,nan,nan,nan,nan,nan,nan,nan,nan,nan,nan,nan,nan,nan,nan,nan,nan,nan,nan,nan,nan,nan,nan,nan,nan,nan,nan,nan,nan,nan,nan,nan,nan,nan,nan,nan,nan,nan,1.374264526367187500e+01,9.688886642456054688e+00,1.867166328430175781e+01,3.367726898193359375e+01,3.383886337280273438e+01,3.985635757446289062e+01,3.375220870971679688e+01,3.104034996032714844e+01,7.606658458709716797e+00,4.482774257659912109e+00,6.427279472351074219e+00,2.293421275680884719e-04,nan,nan,nan,nan,nan,nan,nan,nan,nan,nan,nan,nan,nan,nan,nan
nan,nan,nan,nan,nan,nan,nan,nan,nan,nan,nan,nan,nan,nan,nan,nan,nan,nan,nan,nan,8.956799507141113281e+00,8.900375366210937500e+00,8.864343643188476562e+00,nan,nan,nan,nan,nan,nan,nan,nan,nan,nan,nan,nan,nan,9.705848693847656250e+00,2.006248950958251953e+00,1.413748455047607422e+01,1.737542724609375000e+01,1.493775558471679688e+01,1.207234477996826172e+01,7.549432277679443359e+00,5.020288467407226562e+00,4.905344009399414062e+00,2.097018957138061523e+00,3.247642040252685547e+00,5.235502243041992188e+00,nan,nan,nan,nan,nan,nan,nan,nan,nan,nan,nan,nan,nan,nan,nan,nan,nan,nan,nan,nan,nan,nan,nan,nan,nan,nan,nan,nan,nan,nan,nan,nan,nan,nan,nan,nan,nan,nan,nan,nan,nan,nan,nan,nan,nan,nan,nan,nan,nan,nan,nan,1.425561428070068359e+00,2.018415260314941406e+01,2.822089385986328125e+01,2.877272605895996094e+01,4.048144149780273438e+01,3.622308731079101562e+01,1.812619781494140625e+01,-4.479600191116333008e-01,-3.010181427001953125e+00,6.105333805084228516e+00,3.951930761337280273e+00,nan,nan,nan,nan,nan,nan,nan,nan,nan,nan,nan,nan,nan,nan,nan
nan,nan,nan,nan,nan,nan,nan,nan,nan,nan,nan,nan,nan,nan,nan,nan,nan,nan,nan,nan,2.215253067016601562e+01,1.312209987640380859e+01,8.022432327270507812e+00,7.959627151489257812e+00,nan,nan,nan,nan,nan,nan,nan,nan,nan,nan,nan,nan,nan,1.006782150268554688e+01,5.268161296844482422e-01,1.230102825164794922e+01,1.386367321014404297e+01,5.266977787017822266e+00,3.971869230270385742e+00,1.242664217948913574e+00,9.293914437294006348e-01,-4.977260902523994446e-02,5.265641689300537109e+00,nan,nan,nan,nan,nan,nan,nan,nan,nan,nan,nan,nan,nan,nan,nan,nan,nan,nan,nan,nan,nan,nan,nan,nan,nan,nan,nan,nan,nan,nan,nan,nan,nan,nan,nan,nan,nan,nan,nan,nan,nan,nan,nan,nan,nan,nan,nan,nan,nan,nan,nan,nan,1.691354751586914062e+01,3.710168600082397461e+00,2.701164627075195312e+01,2.691588401794433594e+01,3.184055900573730469e+01,3.248137664794921875e+01,1.565371608734130859e+01,-2.144043684005737305e+00,6.382617473602294922e+00,6.456205844879150391e+00,1.728184819221496582e+00,8.922686576843261719e+00,nan,nan,nan,nan,nan,nan,nan,nan,nan,nan,nan,nan,nan,nan
nan,nan,nan,nan,nan,nan,nan,nan,nan,nan,nan,nan,nan,nan,nan,nan,nan,nan,nan,nan,2.287907600402832031e+00,2.773057937622070312e+00,6.943862438201904297e+00,8.148172378540039062e+00,nan,nan,nan,nan,nan,nan,nan,nan,nan,nan,nan,nan,nan,nan,nan,9.633545875549316406e+00,-5.836451649665832520e-01,8.513992309570312500e+00,7.802912235260009766e+00,nan,nan,nan,nan,nan,nan,nan,nan,nan,nan,nan,nan,nan,nan,nan,nan,nan,nan,nan,nan,nan,nan,nan,nan,nan,nan,nan,nan,nan,nan,nan,nan,nan,nan,nan,nan,nan,nan,nan,nan,nan,nan,nan,nan,nan,nan,nan,nan,nan,nan,nan,nan,nan,nan,nan,nan,1.519330692291259766e+01,2.979523897171020508e+00,7.153013229370117188e+00,2.870273017883300781e+01,2.860256576538085938e+01,2.736513328552246094e+01,1.592035484313964844e+01,6.275586128234863281e+00,1.706609535217285156e+01,1.864817619323730469e+01,4.725785732269287109e+00,8.229933738708496094e+00,nan,nan,nan,nan,nan,nan,nan,nan,nan,nan,nan,nan,nan,nan
nan,nan,nan,nan,nan,nan,nan,nan,nan,nan,nan,nan,nan,nan,nan,nan,nan,nan,nan,nan,8.482170104980468750e+00,5.238775253295898438e+00,6.024338245391845703e+00,1.714325714111328125e+01,1.014500331878662109e+01,nan,nan,nan,nan,nan,nan,nan,nan,nan,nan,nan,nan,nan,nan,nan,nan,nan,nan,nan,nan,nan,nan,nan,nan,nan,nan,nan,nan,nan,nan,nan,nan,nan,nan,nan,nan,nan,nan,nan,nan,nan,nan,nan,nan,nan,nan,nan,nan,nan,nan,nan,nan,nan,nan,nan,nan,nan,nan,nan,nan,nan,nan,nan,nan,nan,nan,nan,nan,nan,nan,nan,nan,nan,nan,nan,3.146153092384338379e-01,6.403483867645263672e+00,2.077798271179199219e+01,2.524017143249511719e+01,2.579518699645996094e+01,1.897593307495117188e+01,2.223513984680175781e+01,2.109173202514648438e+01,2.279333114624023438e+01,2.904204750061035156e+01,-1.009966945648193359e+01,nan,nan,nan,nan,nan,nan,nan,nan,nan,nan,nan,nan,nan,nan
nan,nan,nan,nan,nan,nan,nan,nan,nan,nan,nan,nan,nan,nan,nan,nan,nan,nan,nan,nan,9.044556617736816406e+00,9.731701850891113281e+00,1.108578443527221680e+00,8.519982099533081055e-01,1.528019332885742188e+01,9.685497283935546875e+00,1.327319717407226562e+01,nan,nan,nan,nan,nan,nan,nan,nan,nan,nan,nan,nan,nan,nan,nan,nan,nan,nan,nan,nan,nan,nan,nan,nan,nan,nan,nan,nan,nan,nan,nan,nan,nan,nan,nan,nan,nan,nan,nan,nan,nan,nan,nan,nan,nan,nan,nan,nan,nan,nan,nan,nan,nan,nan,nan,nan,nan,nan,nan,nan,nan,nan,nan,nan,nan,nan,nan,nan,nan,nan,nan,8.069136619567871094e+00,9.640063285827636719e+00,7.002333164215087891e+00,1.190869522094726562e+01,8.928797721862792969e+00,1.079060077667236328e+01,2.235884284973144531e+01,2.254937934875488281e+01,2.153255462646484375e+01,2.218643951416015625e+01,1.560235500335693359e+01,1.619550895690917969e+01,5.996203899383544922e+00,-4.746253013610839844e+00,5.661010265350341797e+00,nan,nan,nan,nan,nan,nan,nan,nan,nan,nan,nan,nan
nan,nan,nan,nan,nan,nan,nan,nan,nan,nan,nan,nan,nan,nan,nan,nan,nan,nan,nan,nan,nan,1.129638481140136719e+01,6.571637153625488281e+00,5.918474674224853516e+00,2.763220787048339844e+00,1.895345330238342285e+00,9.469319343566894531e+00,nan,nan,nan,nan,nan,nan,nan,nan,nan,nan,nan,nan,nan,nan,nan,nan,nan,nan,nan,nan,nan,nan,nan,nan,nan,nan,nan,nan,nan,nan,nan,nan,nan,nan,nan,nan,nan,nan,nan,nan,nan,nan,nan,nan,nan,nan,nan,nan,nan,nan,nan,nan,nan,nan,nan,nan,nan,nan,nan,nan,nan,nan,nan,nan,nan,nan,nan,nan,nan,nan,nan,nan,nan,3.322659730911254883e+00,3.110534667968750000e+00,8.354283332824707031e+00,6.994654178619384766e+00,1.155067920684814453e+01,1.287512111663818359e+01,1.870427322387695312e+01,1.374495792388916016e+01,1.555904960632324219e+01,1.153230571746826172e+01,3.425150215625762939e-01,2.620797395706176758e+00,-5.339341163635253906e+00,6.320969581604003906e+00,nan,nan,nan,nan,nan,nan,nan,nan,nan,nan,nan
nan,nan,nan,nan,nan,nan,nan,nan,nan,nan,nan,nan,nan,nan,nan,nan,nan,nan,nan,nan,nan,1.283986759185791016e+01,1.067815589904785156e+01,5.864222526550292969e+00,7.537445545196533203e+00,1.747148704528808594e+01,1.652267837524414062e+01,1.647446250915527344e+01,nan,nan,nan,nan,nan,nan,nan,nan,nan,nan,nan,nan,nan,nan,nan,nan,nan,nan,nan,nan,nan,nan,nan,nan,nan,nan,nan,nan,nan,nan,nan,nan,nan,nan,nan,nan,nan,nan,nan,nan,nan,nan,nan,nan,nan,nan,nan,nan,nan,nan,nan,nan,nan,nan,nan,nan,nan,nan,nan,nan,nan,nan,nan,nan,nan,nan,nan,nan,nan,nan,nan,5.417102336883544922e+00,4.132506370544433594e+00,2.335574626922607422e-01,5.540103912353515625e+00,6.387676239013671875e+00,1.107046413421630859e+01,1.186284732818603516e+01,1.079411220550537109e+01,1.756752967834472656e+00,1.183840656280517578e+01,8.706737518310546875e+00,-1.809147715568542480e+00,-1.590729594230651855e+00,-2.629102468490600586e+00,-9.986086487770080566e-01,nan,nan,nan,nan,nan,nan,nan,nan,nan,nan,nan
nan,nan,nan,nan,nan,nan,nan,nan,nan,nan,nan,nan,nan,nan,nan,nan,nan,nan,nan,nan,nan,5.852059841156005859e+00,1.560392189025878906e+01,2.269140434265136719e+01,2.444089508056640625e+01,2.817089462280273438e+01,2.527117347717285156e+01,2.162630653381347656e+01,nan,nan,nan,nan,nan,nan,nan,nan,nan,nan,nan,nan,nan,nan,nan,nan,nan,nan,nan,nan,nan,nan,nan,nan,nan,nan,nan,nan,nan,nan,nan,nan,nan,nan,nan,nan,nan,nan,nan,nan,nan,nan,nan,nan,nan,nan,nan,nan,nan,nan,nan,nan,nan,nan,nan,nan,nan,nan,nan,nan,nan,nan,nan,nan,nan,nan,nan,nan,nan,nan,nan,4.011159420013427734e+00,2.227618932723999023e+00,1.157138705253601074e+00,-1.972369670867919922e+00,2.227087974548339844e+00,5.669250488281250000e+00,8.802042961120605469e+00,1.039807033538818359e+01,-2.682303428649902344e+00,-5.847737312316894531e+00,6.920928955078125000e+00,1.302387046813964844e+01,9.245059013366699219e+00,8.737934112548828125e+00,3.462198972702026367e+00,nan,nan,nan,nan,nan,nan,nan,nan,nan,nan,nan
nan,nan,nan,nan,nan,nan,nan,nan,nan,nan,nan,nan,nan,nan,nan,nan,nan,nan,nan,nan,1.519825744628906250e+01,9.508146286010742188e+00,1.419083404541015625e+01,1.576142501831054688e+01,1.899834060668945312e+01,2.989276695251464844e+01,2.664817428588867188e+01,1.756861877441406250e+01,nan,nan,nan,nan,nan,nan,nan,nan,nan,nan,nan,nan,nan,nan,nan,nan,nan,nan,nan,nan,nan,nan,nan,nan,nan,nan,nan,nan,nan,nan,nan,nan,nan,nan,nan,nan,nan,nan,nan,nan,nan,nan,nan,nan,nan,nan,nan,nan,nan,nan,nan,nan,nan,nan,nan,nan,nan,nan,nan,nan,nan,nan,nan,nan,nan,nan,nan,nan,nan,nan,2.902704954147338867e+00,2.833862543106079102e+00,3.468273162841796875e+00,-6.571973562240600586e-01,-1.187727808952331543e+00,-2.836638212203979492e+00,3.663446903228759766e+00,9.316596984863281250e+00,1.032701301574707031e+01,-2.518772125244140625e+00,-9.790747642517089844e+00,-6.465786457061767578e+00,8.803711891174316406e+00,2.045836067199707031e+01,1.679590797424316406e+01,1.293552017211914062e+01,nan,nan,nan,nan,nan,nan,nan,nan,nan,nan,nan
nan,nan,nan,nan,nan,nan,nan,nan,nan,nan,nan,nan,nan,nan,nan,nan,nan,nan,nan,nan,nan,2.787430381774902344e+01,1.704681587219238281e+01,2.050294876098632812e+01,1.859463691711425781e+01,2.983679199218750000e+01,2.954815292358398438e+01,2.026314926147460938e+01,6.799656748771667480e-01,2.681670486927032471e-01,-8.074405193328857422e-01,7.179738998413085938e+00,3.583955526351928711e+00,nan,nan,nan,nan,nan,nan,nan,nan,nan,nan,nan,nan,nan,nan,nan,nan,nan,nan,nan,nan,nan,nan,nan,nan,nan,nan,nan,nan,nan,nan,nan,nan,nan,nan,nan,nan,nan,nan,nan,nan,nan,nan,nan,nan,nan,nan,nan,nan,nan,nan,nan,nan,nan,nan,nan,nan,nan,nan,nan,nan,nan,nan,nan,nan,nan,nan,nan,nan,3.014252901077270508e+00,4.099095821380615234e+00,-1.208202481269836426e+00,-1.118920803070068359e+00,4.893337726593017578e+00,6.538288116455078125e+00,7.368548393249511719e+00,-5.288938522338867188e+00,1.119700813293457031e+01,1.867949104309082031e+01,2.888594245910644531e+01,3.144096565246582031e+01,1.538305091857910156e+01,1.632675361633300781e+01,nan,nan,nan,nan,nan,nan,nan,nan,nan,nan
nan,nan,nan,nan,nan,nan,nan,nan,nan,nan,nan,nan,nan,nan,nan,nan,nan,nan,nan,nan,nan,2.026563835144042969e+01,2.896896743774414062e+01,1.908891296386718750e+01,1.714227867126464844e+01,3.515347290039062500e+01,3.589608001708984375e+01,3.074547958374023438e+01,1.504296779632568359e+01,1.304203414916992188e+01,-3.525162220001220703e+00,-1.375799846649169922e+01,nan,nan,nan,nan,nan,nan,nan,nan,nan,nan,nan,nan,nan,nan,nan,nan,nan,nan,nan,nan,nan,nan,nan,nan,nan,nan,nan,nan,nan,nan,nan,nan,nan,nan,nan,nan,nan,nan,nan,nan,nan,nan,nan,nan,nan,nan,nan,nan,nan,nan,nan,nan,nan,nan,nan,nan,nan,nan,nan,nan,nan,nan,nan,nan,nan,nan,nan,nan,nan,2.289540290832519531e+00,nan,nan,nan,1.736728906631469727e+00,3.916031837463378906e+00,5.108500480651855469e+00,2.407252311706542969e+00,5.357932090759277344e+00,2.212060356140136719e+01,2.794845008850097656e+01,3.447897338867187500e+01,3.118803024291992188e+01,1.810050392150878906e+01,nan,nan,nan,nan,nan,nan,nan,nan,nan,nan
nan,nan,nan,nan,nan,nan,nan,nan,nan,nan,nan,nan,nan,nan,nan,nan,nan,nan,nan,nan,nan,nan,1.423688507080078125e+01,7.635508537292480469e+00,3.450048065185546875e+01,3.471783828735351562e+01,3.323952865600585938e+01,2.327350807189941406e+01,3.148273277282714844e+01,1.459118270874023438e+01,-2.292786598205566406e+00,-1.242905235290527344e+01,nan,nan,nan,nan,nan,nan,nan,nan,nan,nan,nan,nan,nan,nan,nan,nan,nan,nan,nan,nan,nan,nan,nan,nan,nan,nan,nan,nan,nan,nan,nan,nan,nan,nan,nan,nan,nan,nan,nan,nan,nan,nan,nan,nan,nan,nan,nan,nan,nan,nan,nan,nan,nan,nan,nan,nan,nan,nan,nan,nan,nan,nan,nan,nan,nan,nan,nan,nan,nan,nan,nan,nan,nan,2.586589813232421875e+00,8.065032958984375000e+00,8.990255355834960938e+00,6.465761184692382812e+00,1.685925483703613281e+01,2.056505775451660156e+01,2.510483360290527344e+01,2.294293022155761719e+01,2.073042869567871094e+01,2.766711950302124023e+00,nan,nan,nan,nan,nan,nan,nan,nan,nan,nan
nan,nan,nan,nan,nan,nan,nan,nan,nan,nan,nan,nan,nan,nan,nan,nan,nan,nan,nan,nan,nan,nan,2.431937217712402344e+01,1.711530303955078125e+01,3.402994155883789062e+01,3.336881256103515625e+01,2.699241447448730469e+01,nan,2.796558189392089844e+01,1.880521774291992188e+01,2.866434097290039062e+00,7.500501275062561035e-01,8.032202720642089844e+00,nan,nan,nan,nan,nan,nan,nan,nan,nan,nan,nan,nan,nan,nan,nan,nan,nan,nan,nan,nan,nan,nan,nan,nan,nan,nan,nan,nan,nan,nan,nan,nan,nan,nan,nan,nan,nan,nan,nan,nan,nan,nan,nan,nan,nan,nan,nan,nan,nan,nan,nan,nan,nan,nan,nan,nan,nan,nan,nan,nan,nan,nan,nan,nan,nan,nan,nan,nan,nan,nan,nan,5.299160003662109375e+00,5.213006496429443359e+00,9.398295402526855469e+00,5.659177303314208984e+00,4.448321819305419922e+00,1.486110210418701172e+01,1.995950317382812500e+01,2.591340827941894531e+01,2.885522651672363281e+01,1.695901107788085938e+01,1.970369911193847656e+01,nan,nan,nan,nan,nan,nan,nan,nan,nan,nan
nan,nan,nan,nan,nan,nan,nan,nan,nan,nan,nan,nan,nan,nan,nan,nan,nan,nan,nan,nan,nan,nan,nan,1.718437194824218750e+01,3.438606262207031250e+01,3.230830764770507812e+01,3.097182273864746094e+01,nan,2.075713348388671875e+01,9.444112777709960938e+00,8.473144531250000000e+00,1.754399538040161133e+00,9.609215736389160156e+00,nan,nan,nan,nan,nan,nan,nan,nan,nan,nan,nan,nan,nan,nan,nan,nan,nan,nan,nan,nan,nan,nan,nan,nan,nan,nan,nan,nan,nan,nan,nan,nan,nan,nan,nan,nan,nan,nan,nan,nan,nan,nan,nan,nan,nan,nan,nan,nan,nan,nan,nan,nan,nan,nan,nan,nan,nan,nan,nan,nan,nan,nan,nan,nan,nan,nan,nan,nan,nan,nan,nan,nan,1.713282942771911621e+00,7.026538372039794922e+00,5.450674057006835938e+00,6.524457454681396484e+00,9.097725868225097656e+00,1.416127586364746094e+01,1.719506072998046875e+01,1.838482284545898438e+01,1.577930068969726562e+01,nan,nan,nan,nan,nan,nan,nan,nan,nan,nan,nan
nan,nan,nan,nan,nan,nan,nan,nan,nan,nan,nan,nan,nan,nan,nan,nan,nan,nan,nan,nan,nan,2.696068954467773438e+01,2.348337411880493164e+00,1.505984497070312500e+01,3.379025268554687500e+01,3.319507598876953125e+01,3.046795272827148438e+01,2.753113746643066406e+01,2.750778770446777344e+01,2.715039443969726562e+01,9.577235221862792969e+00,-1.737550377845764160e+00,nan,nan,nan,nan,nan,nan,nan,nan,nan,nan,nan,nan,nan,nan,nan,nan,nan,nan,nan,nan,nan,nan,nan,nan,nan,nan,nan,nan,nan,nan,nan,nan,nan,nan,nan,nan,nan,nan,nan,nan,nan,nan,nan,nan,nan,nan,nan,nan,nan,nan,nan,nan,nan,nan,nan,nan,nan,nan,nan,nan,nan,nan,nan,nan,nan,nan,nan,nan,nan,nan,nan,nan,nan,4.263620853424072266e+00,1.059833240509033203e+01,7.570021152496337891e+00,5.732856273651123047e+00,1.190555763244628906e+01,1.295023536682128906e+01,1.607778167724609375e+01,1.658868598937988281e+01,nan,nan,nan,nan,nan,nan,nan,nan,nan,nan,nan,nan
nan,nan,nan,nan,nan,nan,nan,nan,nan,nan,nan,nan,nan,nan,nan,nan,nan,nan,nan,nan,nan,nan,1.739273643493652344e+01,1.926455116271972656e+01,3.173853302001953125e+01,2.999124526977539062e+01,2.761341285705566406e+01,2.827918243408203125e+01,2.664009094238281250e+01,2.754647636413574219e+01,1.044597530364990234e+01,1.603334617614746094e+01,nan,nan,nan,nan,nan,nan,nan,nan,nan,nan,nan,nan,nan,nan,nan,nan,nan,nan,nan,nan,nan,nan,nan,nan,nan,nan,nan,nan,nan,nan,nan,nan,nan,nan,nan,nan,nan,nan,nan,nan,nan,nan,nan,nan,nan,nan,nan,nan,nan,nan,nan,nan,nan,nan,nan,nan,nan,nan,nan,nan,nan,nan,nan,nan,nan,nan,nan,nan,nan,nan,nan,nan,nan,1.325724506378173828e+01,1.470212650299072266e+01,1.028363037109375000e+01,6.585680961608886719e+00,7.954033851623535156e+00,1.250895786285400391e+01,1.526870727539062500e+01,1.240678501129150391e+01,nan,nan,nan,nan,nan,nan,nan,nan,nan,nan,nan,nan
nan,nan,nan,nan,nan,nan,nan,nan,nan,nan,nan,nan,nan,nan,nan,nan,nan,nan,nan,nan,nan,3.105989074707031250e+01,3.753141403198242188e+01,3.142802619934082031e+01,3.227931976318359375e+01,nan,3.609176635742187500e+01,2.923534393310546875e+01,2.793239212036132812e+01,2.216894149780273438e+01,1.369651126861572266e+01,nan,nan,nan,nan,nan,nan,nan,nan,nan,nan,nan,nan,nan,nan,nan,nan,nan,nan,nan,nan,nan,nan,nan,nan,nan,nan,nan,nan,nan,nan,nan,nan,nan,nan,nan,nan,nan,nan,nan,nan,nan,nan,nan,nan,nan,nan,nan,nan,nan,nan,nan,nan,nan,nan,nan,nan,nan,nan,nan,nan,nan,nan,nan,nan,nan,nan,nan,nan,nan,nan,nan,nan,nan,8.331627845764160156e+00,3.671425580978393555e+00,9.686455726623535156e+00,1.559433937072753906e+01,7.834314823150634766e+00,5.441553115844726562e+00,4.840620517730712891e+00,2.116862773895263672e+00,1.088728427886962891e+01,nan,nan,nan,nan,nan,nan,nan,nan,nan,nan,nan,nan
nan,nan,nan,nan,nan,nan,nan,nan,nan,nan,nan,nan,nan,nan,nan,nan,nan,nan,nan,nan,nan,nan,4.139677429199218750e+01,4.100518035888671875e+01,3.458024597167968750e+01,nan,3.273696517944335938e+01,2.596553230285644531e+01,2.588493919372558594e+01,1.741007232666015625e+01,1.270846748352050781e+01,nan,nan,nan,nan,nan,nan,nan,nan,nan,nan,nan,nan,nan,nan,nan,nan,nan,nan,nan,nan,nan,nan,nan,nan,nan,nan,nan,nan,nan,nan,nan,nan,nan,nan,nan,nan,nan,nan,nan,nan,nan,nan,nan,nan,nan,nan,nan,nan,nan,nan,nan,nan,nan,nan,nan,nan,nan,nan,nan,nan,nan,nan,nan,nan,nan,nan,nan,nan,nan,nan,nan,nan,nan,8.755624771118164062e+00,-3.128041326999664307e-01,2.676276922225952148e+00,1.732965660095214844e+01,8.659370422363281250e+00,1.453173828125000000e+01,3.709858179092407227e+00,-3.964662551879882812e+00,9.666604995727539062e+00,nan,nan,nan,nan,nan,nan,nan,nan,nan,nan,nan,nan
nan,nan,nan,nan,nan,nan,nan,nan,nan,nan,nan,nan,nan,nan,nan,nan,nan,nan,nan,nan,3.228553771972656250e+01,3.092777824401855469e+01,3.592076873779296875e+01,3.645413589477539062e+01,4.846363449096679688e+01,4.386259841918945312e+01,2.969922637939453125e+01,2.955348968505859375e+01,2.685670852661132812e+01,1.497315311431884766e+01,9.962309837341308594e+00,2.097567558288574219e+01,nan,nan,nan,nan,nan,nan,nan,nan,nan,nan,nan,nan,nan,nan,nan,nan,nan,nan,nan,nan,nan,nan,nan,nan,nan,nan,nan,nan,nan,nan,nan,nan,nan,nan,nan,nan,nan,nan,nan,nan,nan,nan,nan,nan,nan,nan,nan,nan,nan,nan,nan,nan,nan,nan,nan,nan,nan,nan,nan,nan,nan,nan,nan,nan,nan,nan,nan,nan,nan,nan,nan,nan,9.148638725280761719e+00,nan,1.703654289245605469e+00,1.594550037384033203e+01,1.386770153045654297e+01,1.034354782104492188e+01,8.878510475158691406e+00,9.585216522216796875e+00,8.969715118408203125e+00,nan,nan,nan,nan,nan,nan,nan,nan,nan,nan,nan,nan
nan,nan,nan,nan,nan,nan,nan,nan,nan,nan,nan,nan,nan,nan,nan,nan,nan,nan,nan,nan,3.335560226440429688e+01,2.859877014160156250e+01,3.487123107910156250e+01,3.636449813842773438e+01,4.281761550903320312e+01,4.413875198364257812e+01,3.309088134765625000e+01,2.840036582946777344e+01,2.365598678588867188e+01,2.048015785217285156e+01,1.187785911560058594e+01,nan,nan,nan,nan,nan,nan,nan,nan,nan,nan,nan,nan,nan,nan,nan,nan,nan,nan,nan,nan,nan,nan,nan,nan,nan,nan,nan,nan,nan,nan,nan,nan,nan,nan,nan,nan,nan,nan,nan,nan,nan,nan,nan,nan,nan,nan,nan,nan,nan,nan,nan,nan,nan,nan,nan,nan,nan,nan,nan,nan,nan,nan,nan,nan,nan,nan,nan,nan,nan,nan,nan,nan,nan,9.322730064392089844e+00,9.618315696716308594e+00,6.805235862731933594e+00,7.602127075195312500e+00,1.295771408081054688e+01,8.390264511108398438e+00,7.588985443115234375e+00,6.774120330810546875e+00,8.283507347106933594e+00,nan,nan,nan,nan,nan,nan,nan,nan,nan,nan,nan,nan
nan,nan,nan,nan,nan,nan,nan,nan,nan,nan,nan,nan,nan,nan,nan,nan,nan,nan,nan,nan,nan,2.673578834533691406e+01,3.231077957153320312e+01,3.642472076416015625e+01,3.423633575439453125e+01,3.207035064697265625e+01,3.652478408813476562e+01,3.192104148864746094e+01,2.585987854003906250e+01,2.592424583435058594e+01,2.370459556579589844e+01,nan,nan,nan,nan,nan,nan,nan,nan,nan,nan,nan,nan,nan,nan,nan,nan,nan,nan,nan,nan,nan,nan,nan,nan,nan,nan,nan,nan,nan,nan,nan,nan,nan,nan,nan,nan,nan,nan,nan,nan,nan,nan,nan,nan,nan,nan,nan,nan,nan,nan,nan,nan,nan,nan,nan,nan,nan,nan,nan,nan,nan,nan,nan,nan,nan,nan,nan,nan,nan,nan,nan,nan,nan,nan,nan,nan,1.869808006286621094e+01,1.983145713806152344e+01,1.166607856750488281e+01,9.267505645751953125e+00,1.365769577026367188e+01,6.781400442123413086e-01,nan,nan,nan,nan,nan,nan,nan,nan,nan,nan,nan,nan
nan,nan,nan,nan,nan,nan,nan,nan,nan,nan,nan,nan,nan,nan,nan,nan,nan,nan,nan,nan,nan,3.223479843139648438e+01,3.191868400573730469e+01,3.151877784729003906e+01,2.281608963012695312e+01,2.843553352355957031e+01,3.255276870727539062e+01,3.579864120483398438e+01,2.923480415344238281e+01,1.935843849182128906e+01,nan,nan,nan,nan,nan,nan,nan,nan,nan,nan,nan,nan,nan,nan,nan,nan,nan,nan,nan,nan,nan,nan,nan,nan,nan,nan,nan,nan,nan,nan,nan,nan,nan,nan,nan,nan,nan,nan,nan,nan,nan,nan,nan,nan,nan,nan,nan,nan,nan,nan,nan,nan,nan,nan,nan,nan,nan,nan,nan,nan,nan,nan,nan,nan,nan,nan,nan,nan,nan,nan,nan,nan,nan,nan,nan,nan,nan,8.085307121276855469e+00,1.112271404266357422e+01,1.450133228302001953e+01,1.479682350158691406e+01,1.115571403503417969e+01,7.860487937927246094e+00,nan,nan,nan,nan,nan,nan,nan,nan,nan,nan,nan,nan
nan,nan,nan,nan,nan,nan,nan,nan,nan,nan,nan,nan,nan,nan,nan,nan,nan,nan,nan,nan,nan,nan,nan,2.980301856994628906e+01,3.181247711181640625e+01,1.856720352172851562e+01,3.288716888427734375e+01,3.387693786621093750e+01,2.959224891662597656e+01,2.242772674560546875e+01,2.115327262878417969e+01,nan,nan,nan,nan,nan,nan,nan,nan,nan,nan,nan,nan,nan,nan,nan,nan,nan,nan,nan,nan,nan,nan,nan,nan,nan,nan,nan,nan,nan,nan,nan,nan,nan,nan,nan,nan,nan,nan,nan,nan,nan,nan,nan,nan,nan,nan,nan,nan,nan,nan,nan,nan,nan,nan,nan,nan,nan,nan,nan,nan,nan,nan,nan,nan,nan,nan,nan,nan,nan,nan,nan,nan,nan,nan,nan,nan,nan,2.776368558406829834e-01,7.384276866912841797e+00,4.882536411285400391e+00,1.205552291870117188e+01,nan,nan,nan,nan,nan,nan,nan,nan,nan,nan,nan,nan,nan
nan,nan,nan,nan,nan,nan,nan,nan,nan,nan,nan,nan,nan,nan,nan,nan,nan,nan,nan,nan,nan,nan,nan,nan,2.034985733032226562e+01,1.108278942108154297e+01,2.386554908752441406e+01,2.603413581848144531e+01,2.748352622985839844e+01,2.134239768981933594e+01,1.935187530517578125e+01,nan,nan,nan,nan,nan,nan,nan,nan,nan,nan,nan,nan,nan,nan,nan,nan,nan,nan,nan,nan,nan,nan,nan,nan,nan,nan,nan,nan,nan,nan,nan,nan,nan,nan,nan,nan,nan,nan,nan,nan,nan,nan,nan,nan,nan,nan,nan,nan,nan,nan,nan,nan,nan,nan,nan,nan,nan,nan,nan,nan,nan,nan,nan,nan,nan,nan,nan,nan,nan,nan,nan,nan,nan,nan,nan,nan,nan,2.450273036956787109e+00,-6.009705066680908203e-01,2.389028549194335938e+00,5.793909072875976562e+00,6.703941822052001953e+00,nan,nan,nan,nan,nan,nan,nan,nan,nan,nan,nan,nan
nan,nan,nan,nan,nan,nan,nan,nan,nan,nan,nan,nan,nan,nan,nan,nan,nan,nan,nan,nan,nan,nan,nan,nan,2.518694496154785156e+01,2.230986785888671875e+01,2.443189048767089844e+01,2.551432991027832031e+01,2.668197441101074219e+01,2.127800178527832031e+01,1.456867408752441406e+01,1.186435031890869141e+01,1.898470044136047363e+00,1.038645362854003906e+01,nan,nan,nan,nan,nan,nan,nan,nan,nan,nan,nan,nan,nan,nan,nan,nan,nan,nan,nan,nan,nan,nan,nan,nan,nan,nan,nan,nan,nan,nan,nan,nan,nan,nan,nan,nan,nan,nan,nan,nan,nan,nan,nan,nan,nan,nan,nan,nan,nan,nan,nan,nan,nan,nan,nan,nan,nan,nan,nan,nan,nan,nan,nan,nan,nan,nan,nan,nan,nan,nan,nan,5.025217533111572266e+00,-4.707004547119140625e+00,4.353105068206787109e+00,9.217052459716796875e+00,-5.216339111328125000e+00,5.146495819091796875e+00,7.020405292510986328e+00,5.924725055694580078e+00,nan,nan,nan,nan,nan,nan,nan,nan,nan,nan,nan,nan
nan,nan,nan,nan,nan,nan,nan,nan,nan,nan,nan,nan,nan,nan,nan,nan,nan,nan,nan,nan,nan,nan,nan,nan,nan,2.316117286682128906e+01,2.889934539794921875e+01,2.479851341247558594e+01,2.221577644348144531e+01,1.888666915893554688e+01,1.567125225067138672e+01,1.049329566955566406e+01,5.661165714263916016e+00,5.444432258605957031e+00,7.927608013153076172e+00,nan,nan,nan,nan,nan,nan,nan,nan,nan,nan,nan,nan,nan,nan,nan,nan,nan,nan,nan,nan,nan,nan,nan,nan,nan,nan,nan,nan,nan,nan,nan,nan,nan,nan,nan,nan,nan,nan,nan,nan,nan,nan,nan,nan,nan,nan,nan,nan,nan,nan,nan,nan,nan,nan,nan,nan,nan,nan,nan,nan,nan,nan,nan,nan,nan,nan,nan,nan,nan,nan,-3.122956275939941406e+00,-8.777944564819335938e+00,1.856716537475585938e+01,2.147686576843261719e+01,-5.897709369659423828e+00,nan,nan,nan,nan,nan,nan,nan,nan,nan,nan,nan,nan,nan,nan,nan
nan,nan,nan,nan,nan,nan,nan,nan,nan,nan,nan,nan,nan,nan,nan,nan,nan,nan,nan,nan,nan,nan,nan,nan,nan,2.284224128723144531e+01,2.055818557739257812e+01,1.883158683776855469e+01,1.503049468994140625e+01,1.450943660736083984e+01,1.259890174865722656e+01,8.874010086059570312e+00,6.767064571380615234e+00,6.141843795776367188e+00,5.935841083526611328e+00,nan,nan,nan,nan,nan,nan,nan,nan,nan,nan,nan,nan,nan,nan,nan,nan,nan,nan,nan,nan,nan,nan,nan,nan,nan,nan,nan,nan,nan,nan,nan,nan,nan,nan,nan,nan,nan,nan,nan,nan,nan,nan,nan,nan,nan,nan,nan,nan,nan,nan,nan,nan,nan,nan,nan,nan,nan,nan,nan,nan,nan,nan,nan,nan,nan,nan,nan,nan,nan,nan,-3.489821434020996094e+00,2.214655637741088867e+00,1.815934753417968750e+01,7.609059810638427734e+00,-7.957563400268554688e+00,nan,nan,nan,nan,nan,nan,nan,nan,nan,nan,nan,nan,nan,nan,nan
nan,nan,nan,nan,nan,nan,nan,nan,nan,nan,nan,nan,nan,nan,nan,nan,nan,nan,nan,nan,nan,nan,nan,nan,nan,2.159485244750976562e+01,1.874705314636230469e+01,1.794488525390625000e+01,1.661688041687011719e+01,1.387695026397705078e+01,9.913482666015625000e+00,9.143835067749023438e+00,8.829428672790527344e+00,1.180253505706787109e+01,8.343394279479980469e+00,6.113888740539550781e+00,nan,nan,nan,nan,nan,nan,nan,nan,nan,nan,nan,nan,nan,nan,nan,nan,nan,nan,nan,nan,nan,nan,nan,nan,nan,nan,nan,nan,nan,nan,nan,nan,nan,nan,nan,nan,nan,nan,nan,nan,nan,nan,nan,nan,nan,nan,nan,nan,nan,nan,nan,nan,nan,nan,nan,nan,nan,nan,nan,nan,nan,nan,nan,nan,nan,nan,nan,nan,-1.857781887054443359e+00,-4.792307853698730469e+00,1.590390205383300781e+01,1.696497726440429688e+01,6.462854385375976562e+00,6.964617252349853516e+00,nan,nan,nan,nan,nan,nan,nan,nan,nan,nan,nan,nan,nan,nan,nan
nan,nan,nan,nan,nan,nan,nan,nan,nan,nan,nan,nan,nan,nan,nan,nan,nan,nan,nan,nan,nan,nan,nan,nan,nan,2.154013061523437500e+01,2.062615203857421875e+01,2.268075370788574219e+01,2.447289085388183594e+01,1.695961570739746094e+01,9.350025177001953125e+00,1.191722488403320312e+01,9.442223548889160156e+00,8.071922302246093750e+00,5.750431060791015625e+00,2.489334106445312500e+00,nan,nan,nan,nan,nan,nan,nan,nan,nan,nan,nan,nan,nan,nan,nan,nan,nan,nan,nan,nan,nan,nan,nan,nan,nan,nan,nan,nan,nan,nan,nan,nan,nan,nan,nan,nan,nan,nan,nan,nan,nan,nan,nan,nan,nan,nan,nan,nan,nan,nan,nan,nan,nan,nan,nan,nan,nan,nan,nan,nan,nan,nan,nan,nan,nan,nan,nan,1.654338240623474121e+00,-3.011767864227294922e+00,1.952722787857055664e+00,1.925037574768066406e+01,2.332696533203125000e+01,3.114646673202514648e+00,nan,nan,nan,nan,nan,nan,nan,nan,nan,nan,nan,nan,nan,nan,nan,nan
nan,nan,nan,nan,nan,nan,nan,nan,nan,nan,nan,nan,nan,nan,nan,nan,nan,nan,nan,nan,nan,nan,nan,nan,nan,2.137651062011718750e+01,2.397566413879394531e+01,3.011126327514648438e+01,2.823200607299804688e+01,1.417286777496337891e+01,9.437946319580078125e+00,1.210822105407714844e+01,7.409725189208984375e+00,8.119333267211914062e+00,4.772833824157714844e+00,2.616203725337982178e-01,3.102815389633178711e+00,nan,nan,nan,nan,nan,nan,nan,nan,nan,nan,nan,nan,nan,nan,nan,nan,nan,nan,nan,nan,nan,nan,nan,nan,nan,nan,nan,nan,nan,nan,nan,nan,nan,nan,nan,nan,nan,nan,nan,nan,nan,nan,nan,nan,nan,nan,nan,nan,nan,nan,nan,nan,nan,nan,nan,nan,nan,nan,nan,nan,nan,nan,nan,nan,nan,5.536680221557617188e+00,1.602010965347290039e+00,1.114371776580810547e+01,1.716957283020019531e+01,1.662671852111816406e+01,1.741462135314941406e+01,nan,nan,nan,nan,nan,nan,nan,nan,nan,nan,nan,nan,nan,nan,nan,nan,nan
nan,nan,nan,nan,nan,nan,nan,nan,nan,nan,nan,nan,nan,nan,nan,nan,nan,nan,nan,nan,nan,nan,nan,nan,nan,nan,nan,2.861347198486328125e+01,2.980674743652343750e+01,9.324046134948730469e+00,1.123100090026855469e+01,1.234546089172363281e+01,1.072969818115234375e+01,8.075192451477050781e+00,3.060789108276367188e+00,4.467600286006927490e-01,-2.583489656448364258e+00,nan,nan,nan,nan,nan,nan,nan,nan,nan,nan,nan,nan,nan,nan,nan,nan,nan,nan,nan,nan,nan,nan,nan,nan,nan,nan,nan,nan,nan,nan,nan,nan,nan,nan,nan,nan,nan,nan,nan,nan,nan,nan,nan,nan,nan,nan,nan,nan,nan,nan,nan,nan,nan,nan,nan,nan,nan,nan,nan,nan,nan,nan,nan,nan,nan,3.253226280212402344e+00,2.884423255920410156e+00,1.837866401672363281e+01,1.660801506042480469e+01,1.481512337923049927e-01,5.705619335174560547e+00,nan,nan,nan,nan,nan,nan,nan,nan,nan,nan,nan,nan,nan,nan,nan,nan,nan
nan,nan,nan,nan,nan,nan,nan,nan,nan,nan,nan,nan,nan,nan,nan,nan,nan,nan,nan,nan,nan,nan,nan,nan,nan,nan,nan,1.512657070159912109e+01,1.903754425048828125e+01,1.868980979919433594e+01,1.194616508483886719e+01,1.217171859741210938e+01,1.151480770111083984e+01,7.379835128784179688e+00,4.992065429687500000e-01,-2.475590944290161133e+00,-2.996858835220336914e+00,3.431220352649688721e-01,nan,nan,nan,nan,nan,nan,nan,nan,nan,nan,nan,nan,nan,nan,nan,nan,nan,nan,nan,nan,nan,nan,nan,nan,nan,nan,nan,nan,nan,nan,nan,nan,nan,nan,nan,nan,nan,nan,nan,nan,nan,nan,nan,nan,nan,nan,nan,nan,nan,nan,nan,nan,nan,nan,nan,nan,nan,nan,nan,nan,nan,nan,nan,nan,7.360357642173767090e-01,-3.654353022575378418e-01,1.879691123962402344e+01,1.314691066741943359e+01,5.176278114318847656e+00,4.349895000457763672e+00,1.015274620056152344e+01,nan,nan,nan,nan,nan,nan,nan,nan,nan,nan,nan,nan,nan,nan,nan,nan
nan,nan,nan,nan,nan,nan,nan,nan,nan,nan,nan,nan,nan,nan,nan,nan,nan,nan,nan,nan,nan,nan,nan,nan,nan,nan,nan,2.014382553100585938e+01,1.410199069976806641e+01,2.768401718139648438e+01,2.339385986328125000e+01,1.078023529052734375e+01,9.032500267028808594e+00,3.702533960342407227e+00,-2.598955392837524414e+00,-2.157533168792724609e+00,-3.008655309677124023e+00,-4.161492347717285156e+00,nan,nan,nan,nan,nan,nan,nan,nan,nan,nan,nan,nan,nan,nan,nan,nan,nan,nan,nan,nan,nan,nan,nan,nan,nan,nan,nan,nan,nan,nan,nan,nan,nan,nan,nan,nan,nan,nan,nan,nan,nan,nan,nan,nan,nan,nan,nan,nan,nan,nan,nan,nan,nan,nan,nan,nan,nan,nan,nan,nan,nan,nan,nan,nan,-5.250873088836669922e+00,2.643571138381958008e+00,1.783830070495605469e+01,3.968171596527099609e+00,1.154880642890930176e+00,4.203248977661132812e+00,1.044820117950439453e+01,nan,nan,nan,nan,nan,nan,nan,nan,nan,nan,nan,nan,nan,nan,nan,nan
nan,nan,nan,nan,nan,nan,nan,nan,nan,nan,nan,nan,nan,nan,nan,nan,nan,nan,nan,nan,nan,nan,nan,nan,nan,nan,nan,nan,nan,2.733490753173828125e+01,2.532071304321289062e+01,2.116162872314453125e+01,8.518496513366699219e+00,4.149719238281250000e+00,-9.428361654281616211e-01,-8.945286870002746582e-01,-2.903224229812622070e+00,-1.722731590270996094e+00,nan,nan,nan,nan,nan,nan,nan,nan,nan,nan,nan,nan,nan,nan,nan,nan,nan,nan,nan,nan,nan,nan,nan,nan,nan,nan,nan,nan,nan,nan,nan,nan,nan,nan,nan,nan,nan,nan,nan,nan,nan,nan,nan,nan,nan,nan,nan,nan,nan,nan,nan,nan,nan,nan,nan,nan,nan,nan,nan,nan,nan,nan,nan,nan,-5.173149585723876953e+00,1.076239204406738281e+01,9.776132583618164062e+00,7.251973628997802734e+00,6.473886489868164062e+00,9.849128723144531250e+00,nan,nan,nan,nan,nan,nan,nan,nan,nan,nan,nan,nan,nan,nan,nan,nan,nan
nan,nan,nan,nan,nan,nan,nan,nan,nan,nan,nan,nan,nan,nan,nan,nan,nan,nan,nan,nan,nan,nan,nan,nan,nan,nan,nan,nan,nan,nan,2.461567115783691406e+01,2.677087974548339844e+01,1.828591156005859375e+01,7.474344730377197266e+00,5.053065776824951172e+00,-9.987324476242065430e-01,-4.516703605651855469e+00,-4.224652290344238281e+00,nan,nan,-4.191628456115722656e+00,nan,nan,nan,nan,nan,nan,nan,nan,nan,nan,nan,nan,nan,nan,nan,nan,nan,nan,nan,nan,nan,nan,nan,nan,nan,nan,nan,nan,nan,nan,nan,nan,nan,nan,nan,nan,nan,nan,nan,nan,nan,nan,nan,nan,nan,nan,nan,nan,nan,nan,nan,nan,nan,nan,nan,nan,nan,nan,nan,4.092781543731689453e+00,4.894331455230712891e+00,-4.454046726226806641e+00,9.230468750000000000e+00,1.242970657348632812e+01,2.158370971679687500e+01,1.931273078918457031e+01,nan,nan,nan,nan,nan,nan,nan,nan,nan,nan,nan,nan,nan,nan,nan,nan,nan,nan
nan,nan,nan,nan,nan,nan,nan,nan,nan,nan,nan,nan,nan,nan,nan,nan,nan,nan,nan,nan,nan,nan,nan,nan,nan,nan,nan,nan,nan,nan,nan,2.896647644042968750e+01,2.085169219970703125e+01,1.412429714202880859e+01,8.476199150085449219e+00,3.613370418548583984e+00,1.922604143619537354e-01,-2.875194549560546875e+00,-1.941088557243347168e+00,-3.102608442306518555e+00,-6.318668365478515625e+00,-5.625523567199707031e+00,nan,nan,nan,nan,nan,nan,nan,nan,nan,nan,nan,nan,nan,nan,nan,nan,nan,nan,nan,nan,nan,nan,nan,nan,nan,nan,nan,nan,nan,nan,nan,nan,nan,nan,nan,nan,nan,nan,nan,nan,nan,nan,nan,nan,nan,nan,nan,nan,nan,nan,nan,nan,nan,nan,nan,nan,nan,nan,-2.191481113433837891e+00,-3.096196949481964111e-01,-2.634527921676635742e+00,-1.063951174728572369e-03,6.785735130310058594e+00,1.668042755126953125e+01,1.355196952819824219e+01,nan,nan,nan,nan,nan,nan,nan,nan,nan,nan,nan,nan,nan,nan,nan,nan,nan,nan
nan,nan,nan,nan,nan,nan,nan,nan,nan,nan,nan,nan,nan,nan,nan,nan,nan,nan,nan,nan,nan,nan,nan,nan,nan,nan,nan,nan,nan,nan,nan,nan,2.440709495544433594e+01,1.166031265258789062e+01,1.031122303009033203e+01,4.701375007629394531e+00,5.456523895263671875e+00,2.563430547714233398e+00,-2.993262052536010742e+00,-7.090081214904785156e+00,-9.714671134948730469e+00,-9.263416290283203125e+00,-7.580161094665527344e+00,nan,nan,nan,nan,nan,nan,nan,nan,nan,nan,nan,nan,nan,nan,nan,nan,nan,nan,nan,nan,nan,nan,nan,nan,nan,nan,nan,nan,nan,nan,nan,nan,nan,nan,nan,nan,nan,nan,nan,nan,nan,nan,nan,nan,nan,nan,nan,nan,nan,nan,nan,nan,nan,nan,nan,6.970055580139160156e+00,-9.459921717643737793e-01,-2.665270090103149414e+00,2.111003547906875610e-01,4.771582603454589844e+00,1.007802391052246094e+01,7.998269557952880859e+00,1.591049480438232422e+01,8.042521476745605469e+00,nan,nan,nan,nan,nan,nan,nan,nan,nan,nan,nan,nan,nan,nan,nan,nan,nan,nan
nan,nan,nan,nan,nan,nan,nan,nan,nan,nan,nan,nan,nan,nan,nan,nan,nan,nan,nan,nan,nan,nan,nan,nan,nan,nan,nan,nan,nan,nan,nan,nan,1.390968418121337891e+01,8.932423591613769531e+00,1.606355285644531250e+01,9.433156013488769531e+00,6.534192085266113281e+00,4.601803779602050781e+00,-2.860593199729919434e-01,-4.304182529449462891e+00,-8.480175018310546875e+00,-9.315365791320800781e+00,-1.074669933319091797e+01,-1.118866252899169922e+01,-5.492896556854248047e+00,-2.803383827209472656e+00,-1.321508693695068359e+01,nan,nan,nan,nan,-1.665256500244140625e+01,-1.778069305419921875e+01,nan,nan,-2.256770515441894531e+01,-9.056411743164062500e+00,-2.471826934814453125e+01,-2.510422897338867188e+01,-2.453171539306640625e+01,-2.285882377624511719e+01,nan,nan,nan,nan,nan,nan,nan,nan,nan,nan,nan,nan,nan,nan,nan,nan,nan,nan,nan,nan,nan,nan,nan,nan,nan,nan,nan,nan,nan,nan,nan,nan,nan,nan,nan,nan,nan,8.274922370910644531e+00,1.965697884559631348e+00,4.292715072631835938e+00,1.010961818695068359e+01,9.606846809387207031e+00,8.009786605834960938e+00,4.052373886108398438e+00,1.014961814880371094e+01,nan,nan,nan,nan,nan,nan,nan,nan,nan,nan,nan,nan,nan,nan,nan,nan,nan,nan,nan
nan,nan,nan,nan,nan,nan,nan,nan,nan,nan,nan,nan,nan,nan,nan,nan,nan,nan,nan,nan,nan,nan,nan,nan,nan,nan,nan,nan,nan,nan,nan,nan,1.563590431213378906e+01,1.672098159790039062e+01,1.305746459960937500e+01,9.796068191528320312e+00,7.378485202789306641e+00,3.129660367965698242e+00,7.787072658538818359e-02,-1.838013768196105957e+00,-4.199314594268798828e+00,-8.500691413879394531e+00,-9.263543128967285156e+00,-1.195149326324462891e+01,-9.086545944213867188e+00,-1.037487316131591797e+01,-8.844830513000488281e+00,-2.975419759750366211e+00,-6.736797094345092773e-01,-1.701780319213867188e+01,-1.771268081665039062e+01,-6.434378147125244141e+00,-1.047919464111328125e+01,-4.384335517883300781e+00,-8.813466072082519531e+00,-1.482982063293457031e+01,-2.434839248657226562e+01,-2.578183746337890625e+01,-2.476624107360839844e+01,-2.094600677490234375e+01,-9.523653030395507812e+00,-2.031539440155029297e+00,-1.928385925292968750e+01,nan,nan,nan,nan,nan,-6.509031295776367188e+00,nan,nan,nan,nan,nan,nan,nan,nan,nan,nan,nan,nan,nan,nan,nan,nan,nan,nan,nan,nan,nan,nan,nan,nan,nan,nan,nan,nan,nan,nan,2.086379766464233398e+00,2.373987960815429688e+01,1.777259635925292969e+01,7.998125553131103516e+00,4.312615871429443359e+00,-9.952471852302551270e-01,7.587983131408691406e+00,nan,nan,nan,nan,nan,nan,nan,nan,nan,nan,nan,nan,nan,nan,nan,nan,nan,nan,nan
nan,nan,nan,nan,nan,nan,nan,nan,nan,nan,nan,nan,nan,nan,nan,nan,nan,nan,nan,nan,nan,nan,nan,nan,nan,nan,nan,nan,nan,nan,nan,nan,nan,1.651817321777343750e+01,1.990693473815917969e+01,1.909493827819824219e+01,7.061131000518798828e+00,8.026815414428710938e+00,5.204046726226806641e+00,5.638421773910522461e-01,-2.357437610626220703e+00,-3.835123062133789062e+00,-1.094688510894775391e+01,-1.039066696166992188e+01,-1.326904010772705078e+01,-1.456550025939941406e+01,-1.550767421722412109e+01,-1.712557029724121094e+01,-1.663789367675781250e+01,-1.505123519897460938e+01,-1.460417461395263672e+01,-1.613977813720703125e+01,-1.478462314605712891e+01,-1.717256546020507812e+01,-2.170246315002441406e+01,-2.722235107421875000e+01,-3.019792938232421875e+01,-3.246252441406250000e+01,-3.324866867065429688e+01,-3.517768859863281250e+01,-3.013319396972656250e+01,-1.452435588836669922e+01,-1.213528633117675781e+01,-1.493075370788574219e+00,3.916856944561004639e-01,-1.278167843818664551e+00,-1.117830181121826172e+01,-9.287833213806152344e+00,-7.632656574249267578e+00,nan,nan,nan,nan,nan,nan,nan,nan,nan,nan,nan,nan,nan,nan,nan,nan,nan,nan,nan,nan,nan,nan,nan,nan,nan,nan,nan,nan,nan,8.792720794677734375e+00,2.586780929565429688e+01,2.362374687194824219e+01,1.905532264709472656e+01,4.451403617858886719e+00,-4.600918769836425781e+00,7.806245326995849609e+00,nan,nan,nan,nan,nan,nan,nan,nan,nan,nan,nan,nan,nan,nan,nan,nan,nan,nan,nan,nan
nan,nan,nan,nan,nan,nan,nan,nan,nan,nan,nan,nan,nan,nan,nan,nan,nan,nan,nan,nan,nan,nan,nan,nan,nan,nan,nan,nan,nan,nan,nan,nan,nan,nan,2.741254806518554688e+01,2.593343353271484375e+01,1.556667613983154297e+01,1.107175731658935547e+01,5.587926864624023438e+00,1.983618885278701782e-01,5.818657279014587402e-01,-7.290018081665039062e+00,-1.371684837341308594e+01,-1.435658645629882812e+01,-1.585275077819824219e+01,-1.760970497131347656e+01,-2.029614257812500000e+01,-2.078520202636718750e+01,-1.994906044006347656e+01,-2.097908782958984375e+01,-1.868889999389648438e+01,-2.096895599365234375e+01,-2.251947593688964844e+01,-2.199777603149414062e+01,-2.341286087036132812e+01,-2.913181114196777344e+01,-2.984174346923828125e+01,-3.387307357788085938e+01,-2.939506530761718750e+01,-3.404969406127929688e+01,-3.318421554565429688e+01,-2.361948585510253906e+01,-1.827451896667480469e+01,-1.977716255187988281e+01,-8.630147933959960938e+00,-5.272843837738037109e+00,-2.476819515228271484e+00,nan,nan,nan,nan,nan,nan,nan,nan,nan,nan,nan,nan,nan,nan,nan,nan,nan,nan,nan,nan,nan,nan,nan,nan,nan,nan,nan,nan,nan,nan,nan,2.005807638168334961e+00,2.231375122070312500e+01,3.021955490112304688e+01,nan,6.338288784027099609e+00,4.242904663085937500e+00,8.313807487487792969e+00,nan,nan,nan,nan,nan,nan,nan,nan,nan,nan,nan,nan,nan,nan,nan,nan,nan,nan,nan,nan
nan,nan,nan,nan,nan,nan,nan,nan,nan,nan,nan,nan,nan,nan,nan,nan,nan,nan,nan,nan,nan,nan,nan,nan,nan,nan,nan,nan,nan,nan,nan,nan,nan,nan,2.462716674804687500e+01,2.765596199035644531e+01,1.875757217407226562e+01,1.297972202301025391e+01,1.000006961822509766e+01,7.224201679229736328e+00,8.949041962623596191e-01,-5.354456901550292969e+00,-1.056398963928222656e+01,-1.643045806884765625e+01,-2.048097419738769531e+01,-2.146194076538085938e+01,-1.834969711303710938e+01,-2.172830772399902344e+01,-2.346741676330566406e+01,-2.194968414306640625e+01,-2.092781448364257812e+01,-2.416939926147460938e+01,-2.617763519287109375e+01,-2.440009689331054688e+01,-2.577156066894531250e+01,-2.776147270202636719e+01,-3.255946731567382812e+01,-3.303264999389648438e+01,-3.505118560791015625e+01,-3.600887680053710938e+01,-3.397974014282226562e+01,-2.925026512145996094e+01,-2.764362716674804688e+01,-2.113427543640136719e+01,-1.667416000366210938e+01,-1.206473064422607422e+01,-7.713655948638916016e+00,-2.588787317276000977e+00,nan,nan,nan,nan,nan,nan,nan,nan,nan,nan,nan,nan,nan,nan,nan,nan,nan,nan,nan,nan,nan,nan,nan,nan,nan,nan,nan,nan,nan,5.236758708953857422e+00,2.332890629768371582e-01,1.620046043395996094e+01,nan,nan,nan,1.033824729919433594e+01,8.589074134826660156e+00,nan,nan,nan,nan,nan,nan,nan,nan,nan,nan,nan,nan,nan,nan,nan,nan,nan,nan,nan,nan
nan,nan,nan,nan,nan,nan,nan,nan,nan,nan,nan,nan,nan,nan,nan,nan,nan,nan,nan,nan,nan,nan,nan,nan,nan,nan,nan,nan,nan,nan,nan,nan,2.530678749084472656e+01,2.266123390197753906e+01,3.148548507690429688e+01,3.070867347717285156e+01,2.347980880737304688e+01,1.484975719451904297e+01,1.118631649017333984e+01,8.525623321533203125e+00,2.889549970626831055e+00,-2.216504335403442383e+00,-9.615735054016113281e+00,-1.459125804901123047e+01,-1.623664474487304688e+01,-1.888043212890625000e+01,-2.374284362792968750e+01,-2.906485557556152344e+01,-2.801789283752441406e+01,-2.515244102478027344e+01,-2.360739517211914062e+01,-2.575803184509277344e+01,-2.697611808776855469e+01,-2.659213256835937500e+01,-2.905335998535156250e+01,-3.039389991760253906e+01,-3.404166793823242188e+01,-3.355731201171875000e+01,-3.712027740478515625e+01,-3.870683288574218750e+01,-3.785058212280273438e+01,-2.396910858154296875e+01,-2.688075256347656250e+01,-2.587634277343750000e+01,-2.554269981384277344e+01,-1.415314769744873047e+01,-1.096119213104248047e+01,-8.507865667343139648e-01,-1.045033073425292969e+01,nan,nan,nan,nan,nan,nan,nan,nan,nan,nan,nan,nan,nan,nan,nan,nan,nan,nan,nan,nan,nan,nan,nan,nan,nan,nan,2.119540214538574219e+00,-2.123810768127441406e+00,-8.704779744148254395e-01,4.064375877380371094e+00,8.042015075683593750e+00,nan,nan,nan,nan,nan,nan,nan,nan,nan,nan,nan,nan,nan,nan,nan,nan,nan,nan,nan,nan,nan,nan,nan,nan,nan
nan,nan,nan,nan,nan,nan,nan,nan,nan,nan,nan,nan,nan,nan,nan,nan,nan,nan,nan,nan,nan,nan,nan,nan,nan,nan,nan,nan,nan,nan,nan,nan,nan,2.987400054931640625e+01,3.349626541137695312e+01,3.312518310546875000e+01,2.926564788818359375e+01,1.339225673675537109e+01,1.148784923553466797e+01,8.777677536010742188e+00,1.779895782470703125e+00,-3.135521650314331055e+00,-1.042992019653320312e+01,-1.545635318756103516e+01,-1.856395339965820312e+01,-2.105038452148437500e+01,-2.477865409851074219e+01,-3.179567718505859375e+01,-2.883701133728027344e+01,-2.580838584899902344e+01,-2.600067901611328125e+01,-2.644096374511718750e+01,-2.780613517761230469e+01,-3.106898880004882812e+01,-3.226664352416992188e+01,-3.412163543701171875e+01,-3.898040390014648438e+01,-4.652765655517578125e+01,-4.673645019531250000e+01,-4.236437225341796875e+01,-3.523728942871093750e+01,-2.861760711669921875e+01,-3.332674407958984375e+01,-2.565282440185546875e+01,-2.559063148498535156e+01,-1.482719421386718750e+01,-1.143489074707031250e+01,-3.812877416610717773e+00,nan,nan,nan,nan,nan,nan,nan,nan,nan,nan,nan,nan,nan,nan,nan,nan,nan,nan,nan,nan,nan,nan,nan,nan,nan,nan,nan,nan,2.429611682891845703e-01,-5.540705680847167969e+00,3.129193067550659180e+00,nan,nan,nan,nan,nan,nan,nan,nan,nan,nan,nan,nan,nan,nan,nan,nan,nan,nan,nan,nan,nan,nan,nan,nan,nan,nan
nan,nan,nan,nan,nan,nan,nan,nan,nan,nan,nan,nan,nan,nan,nan,nan,nan,nan,nan,nan,nan,nan,nan,nan,nan,nan,nan,nan,nan,nan,nan,nan,nan,2.492624092102050781e+01,3.318499755859375000e+01,3.350710678100585938e+01,2.253392410278320312e+01,1.596315956115722656e+01,1.384444427490234375e+01,7.728741645812988281e+00,-2.594840824604034424e-01,-6.037384986877441406e+00,-1.414070892333984375e+01,-1.533213043212890625e+01,-1.880873298645019531e+01,-1.990361976623535156e+01,-2.012644577026367188e+01,-2.385946655273437500e+01,-2.624074935913085938e+01,-2.654922676086425781e+01,-2.641043853759765625e+01,-2.735629463195800781e+01,-2.811876678466796875e+01,-3.118335723876953125e+01,-3.345723724365234375e+01,-3.710477066040039062e+01,-3.911363601684570312e+01,-4.561187744140625000e+01,-4.681684494018554688e+01,-4.159603500366210938e+01,-4.393751525878906250e+01,-2.999924468994140625e+01,-3.539459991455078125e+01,-2.992838287353515625e+01,-2.626733398437500000e+01,-2.026004028320312500e+01,-1.899815750122070312e+01,nan,nan,nan,nan,nan,nan,nan,nan,nan,nan,nan,nan,nan,nan,nan,nan,nan,nan,nan,nan,nan,nan,nan,nan,nan,nan,nan,nan,6.551586389541625977e-01,-1.221428513526916504e+00,2.214362859725952148e+00,3.006985664367675781e+00,nan,nan,nan,nan,nan,nan,nan,nan,nan,nan,nan,nan,nan,nan,nan,nan,nan,nan,nan,nan,nan,nan,nan,nan,nan,nan
nan,nan,nan,nan,nan,nan,nan,nan,nan,nan,nan,nan,nan,nan,nan,nan,nan,nan,nan,nan,nan,nan,nan,nan,nan,nan,nan,nan,nan,nan,nan,nan,nan,2.381901931762695312e+01,3.197407722473144531e+01,3.266740417480468750e+01,1.701470565795898438e+01,1.362631511688232422e+01,1.124372005462646484e+01,4.916265010833740234e+00,1.377952098846435547e+00,-4.699608802795410156e+00,-9.621219635009765625e+00,-1.634538078308105469e+01,-2.374685668945312500e+01,-2.401998901367187500e+01,-1.976675987243652344e+01,-1.809101104736328125e+01,-2.216690826416015625e+01,-2.272685623168945312e+01,-2.408487319946289062e+01,-2.632041549682617188e+01,-2.627274513244628906e+01,-2.711064147949218750e+01,-2.901995086669921875e+01,-3.637985229492187500e+01,-3.980088043212890625e+01,-4.447375488281250000e+01,-4.665184783935546875e+01,-4.243811035156250000e+01,-4.392571258544921875e+01,-4.079525375366210938e+01,-2.802063179016113281e+01,-1.301185989379882812e+01,-2.013374900817871094e+01,-2.057740974426269531e+01,-1.562315559387207031e+01,nan,nan,nan,nan,nan,nan,nan,nan,nan,nan,nan,nan,nan,nan,nan,nan,nan,nan,nan,nan,nan,nan,nan,nan,nan,nan,nan,-3.372864052653312683e-02,-4.878439903259277344e+00,1.514375209808349609e-01,3.830011785030364990e-01,nan,nan,nan,nan,nan,nan,nan,nan,nan,nan,nan,nan,nan,nan,nan,nan,nan,nan,nan,nan,nan,nan,nan,nan,nan,nan,nan
nan,nan,nan,nan,nan,nan,nan,nan,nan,nan,nan,nan,nan,nan,nan,nan,nan,nan,nan,nan,nan,nan,nan,nan,nan,nan,nan,nan,nan,nan,nan,nan,nan,2.283306884765625000e+01,2.457468605041503906e+01,2.188366317749023438e+01,2.045260238647460938e+01,1.706664276123046875e+01,1.092291545867919922e+01,2.327169656753540039e+00,-6.450790166854858398e-01,-4.825443744659423828e+00,-1.216980361938476562e+01,-1.452414035797119141e+01,-2.028453063964843750e+01,-2.386383819580078125e+01,-1.853485107421875000e+01,-1.977926445007324219e+01,-2.240539550781250000e+01,-2.420258331298828125e+01,-2.350241279602050781e+01,-2.449410438537597656e+01,-2.575098800659179688e+01,-2.519461441040039062e+01,-3.334805297851562500e+01,-3.815054321289062500e+01,-3.839345550537109375e+01,-4.254535675048828125e+01,-4.492402648925781250e+01,-3.908633804321289062e+01,-4.060959243774414062e+01,5.313785552978515625e+00,-2.964249610900878906e+00,-4.473364353179931641e-01,9.909813404083251953e-01,5.377463817596435547e+00,nan,nan,nan,nan,nan,nan,nan,nan,nan,nan,nan,nan,nan,nan,nan,nan,nan,nan,nan,nan,nan,nan,nan,nan,nan,nan,nan,nan,2.927583932876586914e+00,-4.579219341278076172e+00,3.656924962997436523e-01,nan,nan,nan,nan,nan,nan,nan,nan,nan,nan,nan,nan,nan,nan,nan,nan,nan,nan,nan,nan,nan,nan,nan,nan,nan,nan,nan,nan
nan,nan,nan,nan,nan,nan,nan,nan,nan,nan,nan,nan,nan,nan,nan,nan,nan,nan,nan,nan,nan,nan,nan,nan,nan,nan,nan,nan,nan,nan,nan,nan,nan,3.630529785156250000e+01,2.871593666076660156e+01,2.022112464904785156e+01,2.055098915100097656e+01,1.233003616333007812e+01,2.845476865768432617e+00,-2.246540784835815430e+00,-3.687343835830688477e+00,-4.963715076446533203e+00,-7.203543186187744141e+00,-1.251789379119873047e+01,-1.058954715728759766e+01,-1.963846588134765625e+01,-1.600179100036621094e+01,-1.558203792572021484e+01,-2.337629699707031250e+01,-2.302317428588867188e+01,-2.658558082580566406e+01,-2.483880043029785156e+01,-2.794900512695312500e+01,-2.748944473266601562e+01,-3.182079315185546875e+01,-3.423706817626953125e+01,-3.506442260742187500e+01,-4.184378814697265625e+01,-4.139005279541015625e+01,-3.487673187255859375e+01,-2.688094139099121094e+01,5.776796340942382812e+00,-3.485999822616577148e+00,-4.397785663604736328e+00,-2.213192582130432129e-01,9.334524154663085938e+00,-1.858780097961425781e+01,nan,nan,nan,nan,nan,nan,nan,nan,nan,nan,nan,nan,nan,nan,nan,nan,nan,nan,nan,nan,nan,nan,nan,nan,1.187849903106689453e+01,nan,nan,4.777342319488525391e+00,3.045448780059814453e+00,nan,nan,nan,nan,nan,nan,nan,nan,nan,nan,nan,nan,nan,nan,nan,nan,nan,nan,nan,nan,nan,nan,nan,nan,nan,nan,nan,nan,nan
nan,nan,nan,nan,nan,nan,nan,nan,nan,nan,nan,nan,nan,nan,nan,nan,nan,nan,nan,nan,nan,nan,nan,nan,nan,nan,nan,nan,nan,nan,nan,nan,nan,3.012333106994628906e+01,2.223037338256835938e+01,1.183806896209716797e+01,5.880143642425537109e+00,6.195055484771728516e+00,9.196624755859375000e+00,1.856110453605651855e+00,-2.094683885574340820e+00,-4.135696887969970703e+00,-8.948241233825683594e+00,-8.988187789916992188e+00,-1.087635993957519531e+01,-1.474592304229736328e+01,-1.433014106750488281e+01,-1.486882591247558594e+01,-1.981560516357421875e+01,-2.304634284973144531e+01,-2.217512512207031250e+01,-2.229481506347656250e+01,-2.409056282043457031e+01,-2.536252975463867188e+01,-3.161993598937988281e+01,-3.605290603637695312e+01,-4.062751007080078125e+01,-3.855038070678710938e+01,-3.831311035156250000e+01,-3.630378341674804688e+01,-3.342556762695312500e+01,-5.328076362609863281e+00,-3.140636444091796875e+01,-3.737265014648437500e+01,-1.448506069183349609e+01,5.983009815216064453e+00,-1.963802146911621094e+01,nan,nan,nan,nan,nan,nan,nan,nan,nan,nan,nan,nan,nan,nan,nan,nan,nan,nan,nan,nan,nan,nan,1.477823257446289062e+01,1.460512447357177734e+01,1.318753814697265625e+01,1.231164073944091797e+01,1.159956455230712891e+01,9.911412239074707031e+00,nan,nan,nan,nan,nan,nan,nan,nan,nan,nan,nan,nan,nan,nan,nan,nan,nan,nan,nan,nan,nan,nan,nan,nan,nan,nan,nan,nan,nan,nan
nan,nan,nan,nan,nan,nan,nan,nan,nan,nan,nan,nan,nan,nan,nan,nan,nan,nan,nan,nan,nan,nan,nan,nan,nan,nan,nan,nan,nan,nan,nan,nan,nan,1.589869689941406250e+01,1.946829795837402344e+01,9.509838104248046875e+00,7.983319282531738281e+00,2.554531335830688477e+00,5.060077667236328125e+00,1.118416786193847656e+00,-2.580721855163574219e+00,-6.698453903198242188e+00,-8.020453453063964844e+00,-9.981991767883300781e+00,-8.536584854125976562e+00,-8.180965423583984375e+00,-1.066447544097900391e+01,-1.397586250305175781e+01,-2.463062667846679688e+01,-2.622132110595703125e+01,-2.630745124816894531e+01,-1.895012855529785156e+01,-2.209245872497558594e+01,-2.812674140930175781e+01,-3.143935394287109375e+01,-3.294784545898437500e+01,-3.306039428710937500e+01,-3.227388763427734375e+01,-4.035496902465820312e+01,-4.068979644775390625e+01,-4.126794433593750000e+01,-3.517234802246093750e+01,-3.633003997802734375e+01,-4.445848846435546875e+01,-4.749289703369140625e+01,-4.157431793212890625e+01,-2.052504539489746094e+01,-3.223903656005859375e+01,-1.352726268768310547e+01,nan,nan,nan,nan,nan,nan,nan,nan,nan,nan,nan,nan,nan,nan,nan,nan,nan,nan,1.255947303771972656e+01,1.370520401000976562e+01,1.053131580352783203e+01,1.513522243499755859e+01,1.331331443786621094e+01,nan,1.292913818359375000e+01,1.172692012786865234e+01,nan,nan,nan,nan,nan,nan,nan,nan,nan,nan,nan,nan,nan,nan,nan,nan,nan,nan,nan,nan,nan,nan,nan,nan,nan,nan,nan,nan,nan,nan
nan,nan,nan,nan,nan,nan,nan,nan,nan,nan,nan,nan,nan,nan,nan,nan,nan,nan,nan,nan,nan,nan,nan,nan,nan,nan,nan,nan,nan,nan,nan,nan,1.536213302612304688e+01,2.486073684692382812e+01,1.447192478179931641e+01,8.688468933105468750e+00,7.473801136016845703e+00,-2.943623781204223633e+00,-3.128843307495117188e+00,-4.890935897827148438e+00,-6.283743381500244141e+00,-7.452754020690917969e+00,-1.175202846527099609e+01,-9.441946983337402344e+00,-7.842185974121093750e+00,-4.777887821197509766e+00,-1.184725093841552734e+01,-3.070732116699218750e+00,-1.697289848327636719e+01,-2.326387596130371094e+01,-2.532428359985351562e+01,-1.542828655242919922e+01,-1.762601089477539062e+01,-2.163595199584960938e+01,-2.604255104064941406e+01,-2.704897117614746094e+01,-2.954296112060546875e+01,-3.308041763305664062e+01,-3.891547775268554688e+01,-4.151137542724609375e+01,-3.929547500610351562e+01,-4.089851760864257812e+01,-3.759585952758789062e+01,-4.064686584472656250e+01,-4.393944168090820312e+01,-4.356731796264648438e+01,-3.074336624145507812e+01,-1.759093284606933594e+01,-1.006742382049560547e+01,-2.559546947479248047e+00,-2.580571651458740234e+00,8.591336607933044434e-01,1.193859100341796875e+00,3.180004656314849854e-01,nan,nan,nan,nan,nan,nan,nan,9.423248291015625000e+00,9.396470069885253906e+00,nan,nan,nan,1.086146736145019531e+01,1.204655551910400391e+01,nan,7.295881748199462891e+00,1.749709701538085938e+01,2.322996139526367188e+01,1.932920265197753906e+01,1.044981384277343750e+01,1.333871173858642578e+01,nan,nan,nan,nan,nan,nan,nan,nan,nan,nan,nan,nan,nan,nan,nan,nan,nan,nan,nan,nan,nan,nan,nan,nan,nan,nan,nan,nan,nan,nan
nan,nan,nan,nan,nan,nan,nan,nan,nan,nan,nan,nan,nan,nan,nan,nan,nan,nan,nan,nan,nan,nan,nan,nan,nan,nan,nan,nan,nan,nan,nan,nan,3.002694129943847656e+01,2.136471557617187500e+01,1.324422073364257812e+01,5.824097633361816406e+00,5.363554000854492188e+00,2.802069425582885742e+00,1.703264951705932617e+00,-6.475320339202880859e+00,-7.346620082855224609e+00,-7.319167613983154297e+00,-6.122811317443847656e+00,-8.010482788085937500e+00,-5.165553092956542969e+00,-2.851414442062377930e+00,-2.440033674240112305e+00,-1.518746614456176758e+00,-5.125252723693847656e+00,-1.826991271972656250e+01,-1.592506980895996094e+01,-1.315844440460205078e+01,-1.351783752441406250e+01,-1.953271484375000000e+01,-2.724886131286621094e+01,-3.228631210327148438e+01,-3.417809295654296875e+01,-3.249586868286132812e+01,-3.190482521057128906e+01,-4.036881637573242188e+01,-3.791888427734375000e+01,-3.625043487548828125e+01,-3.981620025634765625e+01,-3.552294921875000000e+01,-3.609891128540039062e+01,-3.912949752807617188e+01,-1.194314193725585938e+01,-1.932867616415023804e-02,-4.908033847808837891e+00,-8.185572624206542969e+00,-6.224886894226074219e+00,-2.568590641021728516e+00,-1.184276938438415527e+00,-4.499613344669342041e-01,6.077024936676025391e-01,2.879253149032592773e+00,1.411552619934082031e+01,8.300835609436035156e+00,9.140879631042480469e+00,5.035466670989990234e+00,2.001550674438476562e+00,6.343280315399169922e+00,2.329939126968383789e+00,nan,nan,1.037610530853271484e+01,1.108879375457763672e+01,1.201698589324951172e+01,2.196578264236450195e+00,2.001392555236816406e+01,1.713004875183105469e+01,1.661864089965820312e+01,1.738410758972167969e+01,1.572237873077392578e+01,nan,nan,nan,nan,nan,nan,nan,nan,nan,nan,nan,nan,nan,nan,nan,nan,nan,nan,nan,nan,nan,nan,nan,nan,nan,nan,nan,nan,nan,nan,nan
nan,nan,nan,nan,nan,nan,nan,nan,nan,nan,nan,nan,nan,nan,nan,nan,nan,nan,nan,nan,nan,nan,nan,nan,nan,nan,nan,nan,nan,nan,nan,nan,1.039374732971191406e+01,2.255817985534667969e+01,1.140968608856201172e+01,4.261591434478759766e+00,-4.212270736694335938e+00,2.189507961273193359e+00,9.165037870407104492e-01,-2.666027069091796875e+00,-6.027929782867431641e+00,-5.595423221588134766e+00,-4.920739173889160156e+00,-4.447101593017578125e+00,-4.971764087677001953e+00,-4.209726810455322266e+00,-1.859264612197875977e+00,-7.966278553009033203e+00,-8.485500335693359375e+00,-1.232891750335693359e+01,-1.284639072418212891e+01,-1.165510463714599609e+01,-1.376165866851806641e+01,-1.988817405700683594e+01,-2.803846549987792969e+01,-3.528603744506835938e+01,-3.554534912109375000e+01,-3.187862014770507812e+01,-3.222919464111328125e+01,-3.897758483886718750e+01,-4.400198364257812500e+01,-4.005862426757812500e+01,-3.710296249389648438e+01,-3.383525085449218750e+01,-3.115615844726562500e+01,-2.433916473388671875e+01,-7.934597492218017578e+00,-1.728094220161437988e+00,-1.462320423126220703e+01,-1.237345504760742188e+01,-6.879461765289306641e+00,-5.600606441497802734e+00,-2.447461843490600586e+00,-6.791911125183105469e-01,1.949207901954650879e+00,7.093275070190429688e+00,1.003177356719970703e+01,1.103498744964599609e+01,1.052233219146728516e+01,9.581845283508300781e+00,1.053550338745117188e+01,-7.741436362266540527e-01,2.621142864227294922e+00,-6.404166221618652344e-01,6.711923599243164062e+00,1.755185699462890625e+01,1.573779106140136719e+01,1.192929840087890625e+01,4.561527729034423828e+00,2.833288383483886719e+01,1.459041023254394531e+01,1.218248844146728516e+01,1.522348499298095703e+01,1.557917690277099609e+01,nan,nan,nan,nan,nan,nan,nan,nan,nan,nan,nan,nan,nan,nan,nan,nan,nan,nan,nan,nan,nan,nan,nan,nan,nan,nan,nan,nan,nan,nan,nan
nan,nan,nan,nan,nan,nan,nan,nan,nan,nan,nan,nan,nan,nan,nan,nan,nan,nan,nan,nan,nan,nan,nan,nan,nan,nan,nan,nan,nan,nan,nan,nan,7.656098365783691406e+00,1.259806156158447266e+01,5.008803367614746094e+00,-6.522421836853027344e-01,-2.660311698913574219e+00,-3.422611713409423828e+00,-6.605462074279785156e+00,-3.798766851425170898e+00,-2.551674842834472656e+00,-3.546561717987060547e+00,-2.319553613662719727e+00,-2.796622991561889648e+00,-4.655385971069335938e+00,-3.554497003555297852e+00,-2.923133373260498047e+00,-9.025184631347656250e+00,-9.538283348083496094e+00,-9.120846748352050781e+00,-1.171240806579589844e+01,-1.506026840209960938e+01,-1.617968368530273438e+01,-1.903604125976562500e+01,-2.424684333801269531e+01,-2.805800056457519531e+01,-2.795254135131835938e+01,-3.012989425659179688e+01,-3.472012710571289062e+01,-3.995040512084960938e+01,-4.464045333862304688e+01,-3.285216140747070312e+01,-3.461373138427734375e+01,-3.332882308959960938e+01,-3.314423751831054688e+01,-2.891108894348144531e+01,-1.040095710754394531e+01,nan,nan,-1.315697002410888672e+01,-9.459663391113281250e+00,-4.815387248992919922e+00,-5.817473411560058594e+00,-6.365023612976074219e+00,2.769491672515869141e+00,7.708983898162841797e+00,1.432371997833251953e+01,1.392518424987792969e+01,1.393905639648437500e+01,1.730386543273925781e+01,1.481372737884521484e+01,1.219198322296142578e+01,7.525507450103759766e+00,4.883499741554260254e-01,8.016273498535156250e+00,1.794455718994140625e+01,1.864657211303710938e+01,9.122625350952148438e+00,5.001358509063720703e+00,8.505859375000000000e+00,8.216959953308105469e+00,1.313060188293457031e+01,nan,nan,nan,nan,nan,nan,nan,nan,nan,nan,nan,nan,nan,nan,nan,nan,nan,nan,nan,nan,nan,nan,nan,nan,nan,nan,nan,nan,nan,nan,nan,nan,nan
nan,nan,nan,nan,nan,nan,nan,nan,nan,nan,nan,nan,nan,nan,nan,nan,nan,nan,nan,nan,nan,nan,nan,nan,nan,nan,nan,nan,nan,nan,nan,nan,nan,5.431623935699462891e+00,2.203961372375488281e+00,-1.696351319551467896e-01,-1.577987909317016602e+00,-1.398508548736572266e+00,-4.434050559997558594e+00,-2.388134241104125977e+00,-8.683125972747802734e-01,-2.004667043685913086e+00,-3.389233827590942383e+00,-3.968580722808837891e+00,-5.274688720703125000e+00,-4.777800559997558594e+00,-4.258938312530517578e+00,-7.593919754028320312e+00,-9.309460639953613281e+00,-4.885165691375732422e+00,-1.172271919250488281e+01,-1.302804946899414062e+01,-1.735986900329589844e+01,-2.200080108642578125e+01,-3.253207778930664062e+01,-3.174630737304687500e+01,-2.968146896362304688e+01,-3.643746185302734375e+01,-3.808343505859375000e+01,-4.255997467041015625e+01,-4.263483428955078125e+01,-2.760312652587890625e+01,-2.727141952514648438e+01,-3.362173843383789062e+01,-3.571453475952148438e+01,-3.356683349609375000e+01,-2.095727920532226562e+01,nan,nan,-1.069985580444335938e+01,-1.009417152404785156e+01,-6.323145866394042969e+00,nan,nan,3.160250186920166016e+00,8.031764030456542969e+00,1.124155235290527344e+01,2.046617889404296875e+01,1.728576469421386719e+01,2.624913597106933594e+01,2.236942291259765625e+01,1.757926940917968750e+01,1.597614765167236328e+01,9.737592697143554688e+00,1.888657379150390625e+01,1.637200736999511719e+01,1.116446399688720703e+01,3.458705186843872070e+00,1.462872862815856934e+00,1.251250648498535156e+01,nan,nan,nan,nan,nan,nan,nan,nan,nan,nan,nan,nan,nan,nan,nan,nan,nan,nan,nan,nan,nan,nan,nan,nan,nan,nan,nan,nan,nan,nan,nan,nan,nan,nan,nan
nan,nan,nan,nan,nan,nan,nan,nan,nan,nan,nan,nan,nan,nan,nan,nan,nan,nan,nan,nan,nan,nan,nan,nan,nan,nan,nan,nan,nan,nan,nan,nan,nan,1.419463157653808594e+00,6.241099834442138672e-01,1.939947307109832764e-01,-6.436282396316528320e-01,-2.399344444274902344e+00,-8.022553443908691406e+00,-1.982278585433959961e+00,-5.114133358001708984e+00,-8.443566322326660156e+00,-4.997935771942138672e+00,-4.360149860382080078e+00,-5.387708663940429688e+00,-7.181864261627197266e+00,-5.859664916992187500e+00,-5.718176364898681641e+00,-9.516128540039062500e+00,-1.290589427947998047e+01,-2.228386116027832031e+01,-1.724048042297363281e+01,-1.778466033935546875e+01,-2.795756149291992188e+01,-3.532256698608398438e+01,-3.233491516113281250e+01,-3.161725044250488281e+01,-3.455482482910156250e+00,-3.319110107421875000e+01,-1.329120826721191406e+01,-3.751716995239257812e+01,-3.938613510131835938e+01,-3.783201599121093750e+01,-3.315465164184570312e+01,-3.579847335815429688e+01,-3.362239074707031250e+01,-2.779405212402343750e+01,-1.800043678283691406e+01,-9.992634773254394531e+00,-7.665959835052490234e+00,-8.793725967407226562e+00,-6.801731586456298828e+00,-6.972362518310546875e+00,1.815707683563232422e+00,nan,nan,1.788743782043457031e+01,2.656834793090820312e+01,3.367877578735351562e+01,2.169634628295898438e+01,6.971419334411621094e+00,2.186025810241699219e+01,1.197271537780761719e+01,6.159503936767578125e+00,1.845817947387695312e+01,2.129640007019042969e+01,9.387482643127441406e+00,1.174265384674072266e+01,nan,nan,nan,nan,nan,nan,nan,nan,nan,nan,nan,nan,nan,nan,nan,nan,nan,nan,nan,nan,nan,nan,nan,nan,nan,nan,nan,nan,nan,nan,nan,nan,nan,nan,nan,nan,nan
nan,nan,nan,nan,nan,nan,nan,nan,nan,nan,nan,nan,nan,nan,nan,nan,nan,nan,nan,nan,nan,nan,nan,nan,nan,nan,nan,nan,nan,nan,nan,nan,nan,-1.208695530891418457e+00,-2.530006408691406250e+00,-7.046591043472290039e-01,-1.007351875305175781e+00,-3.885407209396362305e+00,-8.851108551025390625e+00,-1.037340641021728516e+01,-1.001053619384765625e+01,-9.981385231018066406e+00,-5.831994056701660156e+00,-4.110911369323730469e+00,-4.822933197021484375e+00,-8.611616134643554688e+00,-1.258145999908447266e+01,-5.050601482391357422e+00,-9.526468276977539062e+00,-1.515695476531982422e+01,-1.762340736389160156e+01,-2.185055160522460938e+01,-1.689442634582519531e+01,-3.887857055664062500e+01,-1.772721290588378906e+01,-2.370891761779785156e+01,1.702267265319824219e+01,-2.598360443115234375e+01,-2.394601249694824219e+01,-1.561670112609863281e+01,nan,-2.983174896240234375e+01,-3.483635711669921875e+01,-3.111378669738769531e+01,-3.816530990600585938e+01,-3.154090309143066406e+01,-2.391996192932128906e+01,-2.227095794677734375e+01,-9.000315666198730469e+00,-6.150504112243652344e+00,-7.613000392913818359e+00,-6.663836479187011719e+00,1.665120720863342285e+00,1.970025658607482910e+00,nan,nan,4.016336917877197266e+00,2.032366371154785156e+01,2.211305236816406250e+01,2.108411979675292969e+01,1.159846115112304688e+01,1.563425159454345703e+01,1.002473163604736328e+01,7.615628242492675781e+00,1.676548957824707031e+01,1.292925930023193359e+01,nan,nan,nan,nan,nan,nan,nan,nan,nan,nan,nan,nan,nan,nan,nan,nan,nan,nan,nan,nan,nan,nan,nan,nan,nan,nan,nan,nan,nan,nan,nan,nan,nan,nan,nan,nan,nan,nan,nan
nan,nan,nan,nan,nan,nan,nan,nan,nan,nan,nan,nan,nan,nan,nan,nan,nan,nan,nan,nan,nan,nan,nan,nan,nan,nan,nan,nan,nan,nan,nan,nan,nan,nan,-1.617993545532226562e+01,-6.728791236877441406e+00,-4.076796054840087891e+00,-2.633113622665405273e+00,-6.722601413726806641e+00,-9.342065811157226562e+00,-9.144279479980468750e+00,-1.261871433258056641e+01,-8.840838432312011719e+00,-4.615183830261230469e+00,-6.151664733886718750e+00,-8.417812347412109375e+00,-1.668445777893066406e+01,-1.712320137023925781e+01,-1.128136444091796875e+01,nan,nan,nan,nan,nan,nan,-2.265349578857421875e+01,3.007680654525756836e+00,-1.583094978332519531e+01,-2.170341873168945312e+01,-8.995780944824218750e+00,-1.115131282806396484e+01,-3.238349151611328125e+01,-4.991873550415039062e+01,-2.939762878417968750e+01,-3.210281753540039062e+01,-3.333307647705078125e+01,-2.352442550659179688e+01,-2.290587425231933594e+01,-1.339158725738525391e+01,-1.129827117919921875e+01,-7.642421722412109375e+00,-4.797199249267578125e+00,2.703793764114379883e+00,6.763149738311767578e+00,7.300042152404785156e+00,7.810813426971435547e+00,1.852468872070312500e+01,2.238562202453613281e+01,2.128077507019042969e+01,1.651177978515625000e+01,1.692107391357421875e+01,2.097290802001953125e+01,1.559056758880615234e+01,1.404196166992187500e+01,1.364233875274658203e+01,1.303406143188476562e+01,nan,nan,nan,nan,nan,nan,nan,nan,nan,nan,nan,nan,nan,nan,nan,nan,nan,nan,nan,nan,nan,nan,nan,nan,nan,nan,nan,nan,nan,nan,nan,nan,nan,nan,nan,nan,nan,nan,nan
nan,nan,nan,nan,nan,nan,nan,nan,nan,nan,nan,nan,nan,nan,nan,nan,nan,nan,nan,nan,nan,nan,nan,nan,nan,nan,nan,nan,nan,nan,nan,nan,nan,nan,-5.154268741607666016e+00,-1.570017623901367188e+01,-6.448480129241943359e+00,-6.153538227081298828e+00,-9.815974235534667969e+00,-9.728463172912597656e+00,-1.023868942260742188e+01,-1.351441478729248047e+01,-1.551460552215576172e+01,-1.292834854125976562e+01,-8.719596862792968750e+00,-9.091463088989257812e+00,-1.600669670104980469e+01,-1.561629390716552734e+01,nan,nan,nan,nan,nan,nan,nan,nan,nan,-3.525359344482421875e+01,-3.322273254394531250e+01,-2.430077171325683594e+01,-1.653247261047363281e+01,-1.697378730773925781e+01,-2.260518074035644531e+01,-1.612772750854492188e+01,-2.796187782287597656e+01,-3.741347503662109375e+01,-2.247890472412109375e+01,-1.837816047668457031e+01,-1.154010295867919922e+01,-1.182322692871093750e+01,-6.806851863861083984e+00,-2.734841346740722656e+00,1.649967551231384277e+00,3.777984142303466797e+00,9.059388160705566406e+00,9.227168083190917969e+00,1.535241699218750000e+01,1.895555877685546875e+01,2.136756324768066406e+01,2.126223945617675781e+01,1.615794944763183594e+01,1.538697052001953125e+01,1.586344909667968750e+01,1.551075363159179688e+01,1.427383041381835938e+01,nan,nan,nan,nan,nan,nan,nan,nan,nan,nan,nan,nan,nan,nan,nan,nan,nan,nan,nan,nan,nan,nan,nan,nan,nan,nan,nan,nan,nan,nan,nan,nan,nan,nan,nan,nan,nan,nan,nan,nan
nan,nan,nan,nan,nan,nan,nan,nan,nan,nan,nan,nan,nan,nan,nan,nan,nan,nan,nan,nan,nan,nan,nan,nan,nan,nan,nan,nan,nan,nan,nan,nan,nan,nan,nan,-6.722376346588134766e+00,-4.621949195861816406e+00,-6.171013355255126953e+00,-1.480072307586669922e+01,-1.049099063873291016e+01,nan,nan,nan,nan,nan,nan,-1.054748249053955078e+01,-1.148207664489746094e+01,-1.274914836883544922e+01,nan,nan,nan,nan,nan,nan,nan,nan,-2.013106346130371094e+01,nan,nan,-2.398361396789550781e+01,nan,-2.821224594116210938e+01,-1.620494079589843750e+01,-2.733614540100097656e+01,-4.180989456176757812e+01,-2.214438629150390625e+01,-1.657438850402832031e+01,-1.171295738220214844e+01,-6.242489814758300781e+00,-7.083670616149902344e+00,-3.815573930740356445e+00,-1.144479155540466309e+00,1.506891846656799316e+00,1.033702087402343750e+01,1.075304698944091797e+01,1.826975440979003906e+01,1.820630836486816406e+01,2.107419586181640625e+01,2.444212341308593750e+01,2.048432159423828125e+01,1.189573764801025391e+01,1.677583885192871094e+01,1.571763229370117188e+01,nan,nan,nan,nan,nan,nan,nan,nan,nan,nan,nan,nan,nan,nan,nan,nan,nan,nan,nan,nan,nan,nan,nan,nan,nan,nan,nan,nan,nan,nan,nan,nan,nan,nan,nan,nan,nan,nan,nan,nan,nan
nan,nan,nan,nan,nan,nan,nan,nan,nan,nan,nan,nan,nan,nan,nan,nan,nan,nan,nan,nan,nan,nan,nan,nan,nan,nan,nan,nan,nan,nan,nan,nan,nan,nan,nan,nan,-7.900801658630371094e+00,-9.283443450927734375e+00,-8.643679618835449219e+00,nan,nan,nan,nan,nan,nan,nan,nan,nan,nan,nan,nan,nan,nan,nan,nan,nan,nan,nan,nan,nan,nan,nan,nan,nan,-3.019744110107421875e+01,-4.055489349365234375e+01,-3.321578598022460938e+01,-3.095347595214843750e+01,-1.648535156250000000e+01,-5.779737949371337891e+00,-1.391026020050048828e+00,8.480167388916015625e+00,1.128212356567382812e+01,1.276139736175537109e+01,1.012006378173828125e+01,8.923406600952148438e+00,1.607286643981933594e+01,1.712557983398437500e+01,2.092392539978027344e+01,2.478104591369628906e+01,1.774345970153808594e+01,1.757838058471679688e+01,nan,nan,nan,nan,nan,nan,nan,nan,nan,nan,nan,nan,nan,nan,nan,nan,nan,nan,nan,nan,nan,nan,nan,nan,nan,nan,nan,nan,nan,nan,nan,nan,nan,nan,nan,nan,nan,nan,nan,nan,nan,nan,nan
nan,nan,nan,nan,nan,nan,nan,nan,nan,nan,nan,nan,nan,nan,nan,nan,nan,nan,nan,nan,nan,nan,nan,nan,nan,nan,nan,nan,nan,nan,nan,nan,nan,nan,nan,nan,nan,nan,nan,nan,nan,nan,nan,nan,nan,nan,nan,nan,nan,nan,nan,nan,nan,nan,nan,nan,nan,nan,nan,nan,nan,nan,nan,nan,nan,-2.963820457458496094e+01,-3.250061798095703125e+01,-3.529459762573242188e+01,-2.126191139221191406e+01,-1.125839328765869141e+01,-5.291493892669677734e+00,6.245209693908691406e+00,1.340418720245361328e+01,1.840202522277832031e+01,1.962349510192871094e+01,8.596950531005859375e+00,8.295220375061035156e+00,9.956080436706542969e+00,1.569212341308593750e+01,1.713047027587890625e+01,nan,nan,nan,nan,nan,nan,nan,nan,nan,nan,nan,nan,nan,nan,nan,nan,nan,nan,nan,nan,nan,nan,nan,nan,nan,nan,nan,nan,nan,nan,nan,nan,nan,nan,nan,nan,nan,nan,nan,nan,nan,nan,nan,nan,nan
nan,nan,nan,nan,nan,nan,nan,nan,nan,nan,nan,nan,nan,nan,nan,nan,nan,nan,nan,nan,nan,nan,nan,nan,nan,nan,nan,nan,nan,nan,nan,nan,nan,nan,nan,nan,nan,nan,nan,nan,nan,nan,nan,nan,nan,nan,nan,nan,nan,nan,nan,nan,nan,nan,nan,nan,nan,nan,nan,nan,nan,nan,nan,nan,nan,nan,-2.396708869934082031e+01,-2.054417037963867188e+01,nan,nan,nan,nan,4.861023902893066406e+00,nan,nan,1.249540042877197266e+01,1.412788295745849609e+01,nan,nan,nan,nan,nan,nan,nan,nan,nan,nan,nan,nan,nan,nan,nan,nan,nan,nan,nan,nan,nan,nan,nan,nan,nan,nan,nan,nan,nan,nan,nan,nan,nan,nan,nan,nan,nan,nan,nan,nan,nan,nan,nan,nan,nan,nan,nan,nan
nan,nan,nan,nan,nan,nan,nan,nan,nan,nan,nan,nan,nan,nan,nan,nan,nan,nan,nan,nan,nan,nan,nan,nan,nan,nan,nan,nan,nan,nan,nan,nan,nan,nan,nan,nan,nan,nan,nan,nan,nan,nan,nan,nan,nan,nan,nan,nan,nan,nan,nan,nan,nan,nan,nan,nan,nan,nan,nan,nan,nan,nan,nan,nan,nan,nan,nan,nan,nan,nan,nan,nan,nan,nan,nan,nan,nan,nan,nan,nan,nan,nan,nan,nan,nan,nan,nan,nan,nan,nan,nan,nan,nan,nan,nan,nan,nan,nan,nan,nan,nan,nan,nan,nan,nan,nan,nan,nan,nan,nan,nan,nan,nan,nan,nan,nan,nan,nan,nan,nan,nan,nan,nan,nan,nan
nan,nan,nan,nan,nan,nan,nan,nan,nan,nan,nan,nan,nan,nan,nan,nan,nan,nan,nan,nan,nan,nan,nan,nan,nan,nan,nan,nan,nan,nan,nan,nan,nan,nan,nan,nan,nan,nan,nan,nan,nan,nan,nan,nan,nan,nan,nan,nan,nan,nan,nan,nan,nan,nan,nan,nan,nan,nan,nan,nan,nan,nan,nan,nan,nan,nan,nan,nan,nan,nan,nan,nan,nan,nan,nan,nan,nan,nan,nan,nan,nan,nan,nan,nan,nan,nan,nan,nan,nan,nan,nan,nan,nan,nan,nan,nan,nan,nan,nan,nan,nan,nan,nan,nan,nan,nan,nan,nan,nan,nan,nan,nan,nan,nan,nan,nan,nan,nan,nan,nan,nan,nan,nan,nan,nan
nan,nan,nan,nan,nan,nan,nan,nan,nan,nan,nan,nan,nan,nan,nan,nan,nan,nan,nan,nan,nan,nan,nan,nan,nan,nan,nan,nan,nan,nan,nan,nan,nan,nan,nan,nan,nan,nan,nan,nan,nan,nan,nan,nan,nan,nan,nan,nan,nan,nan,nan,nan,nan,nan,nan,nan,nan,nan,nan,nan,nan,nan,nan,nan,nan,nan,nan,nan,nan,nan,nan,nan,nan,nan,nan,nan,nan,nan,nan,nan,nan,nan,nan,nan,nan,nan,nan,nan,nan,nan,nan,nan,nan,nan,nan,nan,nan,nan,nan,nan,nan,nan,nan,nan,nan,nan,nan,nan,nan,nan,nan,nan,nan,nan,nan,nan,nan,nan,nan,nan,nan,nan,nan,nan,nan
nan,nan,nan,nan,nan,nan,nan,nan,nan,nan,nan,nan,nan,nan,nan,nan,nan,nan,nan,nan,nan,nan,nan,nan,nan,nan,nan,nan,nan,nan,nan,nan,nan,nan,nan,nan,nan,nan,nan,nan,nan,nan,nan,nan,nan,nan,nan,nan,nan,nan,nan,nan,nan,nan,nan,nan,nan,nan,nan,nan,nan,nan,nan,nan,nan,nan,nan,nan,nan,nan,nan,nan,nan,nan,nan,nan,nan,nan,nan,nan,nan,nan,nan,nan,nan,nan,nan,nan,nan,nan,nan,nan,nan,nan,nan,nan,nan,nan,nan,nan,nan,nan,nan,nan,nan,nan,nan,nan,nan,nan,nan,nan,nan,nan,nan,nan,nan,nan,nan,nan,nan,nan,nan,nan,nan
nan,nan,nan,nan,nan,nan,nan,nan,nan,nan,nan,nan,nan,nan,nan,nan,nan,nan,nan,nan,nan,nan,nan,nan,nan,nan,nan,nan,nan,nan,nan,nan,nan,nan,nan,nan,nan,nan,nan,nan,nan,nan,nan,nan,nan,nan,nan,nan,nan,nan,nan,nan,nan,nan,nan,nan,nan,nan,nan,nan,nan,nan,nan,nan,nan,nan,nan,nan,nan,nan,nan,nan,nan,nan,nan,nan,nan,nan,nan,nan,nan,nan,nan,nan,nan,nan,nan,nan,nan,nan,nan,nan,nan,nan,nan,nan,nan,nan,nan,nan,nan,nan,nan,nan,nan,nan,nan,nan,nan,nan,nan,nan,nan,nan,nan,nan,nan,nan,nan,nan,nan,nan,nan,nan,nan
nan,nan,nan,nan,nan,nan,nan,nan,nan,nan,nan,nan,nan,nan,nan,nan,nan,nan,nan,nan,nan,nan,nan,nan,nan,nan,nan,nan,nan,nan,nan,nan,nan,nan,nan,nan,nan,nan,nan,nan,nan,nan,nan,nan,nan,nan,nan,nan,nan,nan,nan,nan,nan,nan,nan,nan,nan,nan,nan,nan,nan,nan,nan,nan,nan,nan,nan,nan,nan,nan,nan,nan,nan,nan,nan,nan,nan,nan,nan,nan,nan,nan,nan,nan,nan,nan,nan,nan,nan,nan,nan,nan,nan,nan,nan,nan,nan,nan,nan,nan,nan,nan,nan,nan,nan,nan,nan,nan,nan,nan,nan,nan,nan,nan,nan,nan,nan,nan,nan,nan,nan,nan,nan,nan,nan
nan,nan,nan,nan,nan,nan,nan,nan,nan,nan,nan,nan,nan,nan,nan,nan,nan,nan,nan,nan,nan,nan,nan,nan,nan,nan,nan,nan,nan,nan,nan,nan,nan,nan,nan,nan,nan,nan,nan,nan,nan,nan,nan,nan,nan,nan,nan,nan,nan,nan,nan,nan,nan,nan,nan,nan,nan,nan,nan,nan,nan,nan,nan,nan,nan,nan,nan,nan,nan,nan,nan,nan,nan,nan,nan,nan,nan,nan,nan,nan,nan,nan,nan,nan,nan,nan,nan,nan,nan,nan,nan,nan,nan,nan,nan,nan,nan,nan,nan,nan,nan,nan,nan,nan,nan,nan,nan,nan,nan,nan,nan,nan,nan,nan,nan,nan,nan,nan,nan,nan,nan,nan,nan,nan,nan
nan,nan,nan,nan,nan,nan,nan,nan,nan,nan,nan,nan,nan,nan,nan,nan,nan,nan,nan,nan,nan,nan,nan,nan,nan,nan,nan,nan,nan,nan,nan,nan,nan,nan,nan,nan,nan,nan,nan,nan,nan,nan,nan,nan,nan,nan,nan,nan,nan,nan,nan,nan,nan,nan,nan,nan,nan,nan,nan,nan,nan,nan,nan,nan,nan,nan,nan,nan,nan,nan,nan,nan,nan,nan,nan,nan,nan,nan,nan,nan,nan,nan,nan,nan,nan,nan,nan,nan,nan,nan,nan,nan,nan,nan,nan,nan,nan,nan,nan,nan,nan,nan,nan,nan,nan,nan,nan,nan,nan,nan,nan,nan,nan,nan,nan,nan,nan,nan,nan,nan,nan,nan,nan,nan,nan
nan,nan,nan,nan,nan,nan,nan,nan,nan,nan,nan,nan,nan,nan,nan,nan,nan,nan,nan,nan,nan,nan,nan,nan,nan,nan,nan,nan,nan,nan,nan,nan,nan,nan,nan,nan,nan,nan,nan,nan,nan,nan,nan,nan,nan,nan,nan,nan,nan,nan,nan,nan,nan,nan,nan,nan,nan,nan,nan,nan,nan,nan,nan,nan,nan,nan,nan,nan,nan,nan,nan,nan,nan,nan,nan,nan,nan,nan,nan,nan,nan,nan,nan,nan,nan,nan,nan,nan,nan,nan,nan,nan,nan,nan,nan,nan,nan,nan,nan,nan,nan,nan,nan,nan,nan,nan,nan,nan,nan,nan,nan,nan,nan,nan,nan,nan,nan,nan,nan,nan,nan,nan,nan,nan,nan
nan,nan,nan,nan,nan,nan,nan,nan,nan,nan,nan,nan,nan,nan,nan,nan,nan,nan,nan,nan,nan,nan,nan,nan,nan,nan,nan,nan,nan,nan,nan,nan,nan,nan,nan,nan,nan,nan,nan,nan,nan,nan,nan,nan,nan,nan,nan,nan,nan,nan,nan,nan,nan,nan,nan,nan,nan,nan,nan,nan,nan,nan,nan,nan,nan,nan,nan,nan,nan,nan,nan,nan,nan,nan,nan,nan,nan,nan,nan,nan,nan,nan,nan,nan,nan,nan,nan,nan,nan,nan,nan,nan,nan,nan,nan,nan,nan,nan,nan,nan,nan,nan,nan,nan,nan,nan,nan,nan,nan,nan,nan,nan,nan,nan,nan,nan,nan,nan,nan,nan,nan,nan,nan,nan,nan
nan,nan,nan,nan,nan,nan,nan,nan,nan,nan,nan,nan,nan,nan,nan,nan,nan,nan,nan,nan,nan,nan,nan,nan,nan,nan,nan,nan,nan,nan,nan,nan,nan,nan,nan,nan,nan,nan,nan,nan,nan,nan,nan,nan,nan,nan,nan,nan,nan,nan,nan,nan,nan,nan,nan,nan,nan,nan,nan,nan,nan,nan,nan,nan,nan,nan,nan,nan,nan,nan,nan,nan,nan,nan,nan,nan,nan,nan,nan,nan,nan,nan,nan,nan,nan,nan,nan,nan,nan,nan,nan,nan,nan,nan,nan,nan,nan,nan,nan,nan,nan,nan,nan,nan,nan,nan,nan,nan,nan,nan,nan,nan,nan,nan,nan,nan,nan,nan,nan,nan,nan,nan,nan,nan,nan
nan,nan,nan,nan,nan,nan,nan,nan,nan,nan,nan,nan,nan,nan,nan,nan,nan,nan,nan,nan,nan,nan,nan,nan,nan,nan,nan,nan,nan,nan,nan,nan,nan,nan,nan,nan,nan,nan,nan,nan,nan,nan,nan,nan,nan,nan,nan,nan,nan,nan,nan,nan,nan,nan,nan,nan,nan,nan,nan,nan,nan,nan,nan,nan,nan,nan,nan,nan,nan,nan,nan,nan,nan,nan,nan,nan,nan,nan,nan,nan,nan,nan,nan,nan,nan,nan,nan,nan,nan,nan,nan,nan,nan,nan,nan,nan,nan,nan,nan,nan,nan,nan,nan,nan,nan,nan,nan,nan,nan,nan,nan,nan,nan,nan,nan,nan,nan,nan,nan,nan,nan,nan,nan,nan,nan
nan,nan,nan,nan,nan,nan,nan,nan,nan,nan,nan,nan,nan,nan,nan,nan,nan,nan,nan,nan,nan,nan,nan,nan,nan,nan,nan,nan,nan,nan,nan,nan,nan,nan,nan,nan,nan,nan,nan,nan,nan,nan,nan,nan,nan,nan,nan,nan,nan,nan,nan,nan,nan,nan,nan,nan,nan,nan,nan,nan,nan,nan,nan,nan,nan,nan,nan,nan,nan,nan,nan,nan,nan,nan,nan,nan,nan,nan,nan,nan,nan,nan,nan,nan,nan,nan,nan,nan,nan,nan,nan,nan,nan,nan,nan,nan,nan,nan,nan,nan,nan,nan,nan,nan,nan,nan,nan,nan,nan,nan,nan,nan,nan,nan,nan,nan,nan,nan,nan,nan,nan,nan,nan,nan,nan
nan,nan,nan,nan,nan,nan,nan,nan,nan,nan,nan,nan,nan,nan,nan,nan,nan,nan,nan,nan,nan,nan,nan,nan,nan,nan,nan,nan,nan,nan,nan,nan,nan,nan,nan,nan,nan,nan,nan,nan,nan,nan,nan,nan,nan,nan,nan,nan,nan,nan,nan,nan,nan,nan,nan,nan,nan,nan,nan,nan,nan,nan,nan,nan,nan,nan,nan,nan,nan,nan,nan,nan,nan,nan,nan,nan,nan,nan,nan,nan,nan,nan,nan,nan,nan,nan,nan,nan,nan,nan,nan,nan,nan,nan,nan,nan,nan,nan,nan,nan,nan,nan,nan,nan,nan,nan,nan,nan,nan,nan,nan,nan,nan,nan,nan,nan,nan,nan,nan,nan,nan,nan,nan,nan,nan
nan,nan,nan,nan,nan,nan,nan,nan,nan,nan,nan,nan,nan,nan,nan,nan,nan,nan,nan,nan,nan,nan,nan,nan,nan,nan,nan,nan,nan,nan,nan,nan,nan,nan,nan,nan,nan,nan,nan,nan,nan,nan,nan,nan,nan,nan,nan,nan,nan,nan,nan,nan,nan,nan,nan,nan,nan,nan,nan,nan,nan,nan,nan,nan,nan,nan,nan,nan,nan,nan,nan,nan,nan,nan,nan,nan,nan,nan,nan,nan,nan,nan,nan,nan,nan,nan,nan,nan,nan,nan,nan,nan,nan,nan,nan,nan,nan,nan,nan,nan,nan,nan,nan,nan,nan,nan,nan,nan,nan,nan,nan,nan,nan,nan,nan,nan,nan,nan,nan,nan,nan,nan,nan,nan,nan
nan,nan,nan,nan,nan,nan,nan,nan,nan,nan,nan,nan,nan,nan,nan,nan,nan,nan,nan,nan,nan,nan,nan,nan,nan,nan,nan,nan,nan,nan,nan,nan,nan,nan,nan,nan,nan,nan,nan,nan,nan,nan,nan,nan,nan,nan,nan,nan,nan,nan,nan,nan,nan,nan,nan,nan,nan,nan,nan,nan,nan,nan,nan,nan,nan,nan,nan,nan,nan,nan,nan,nan,nan,nan,nan,nan,nan,nan,nan,nan,nan,nan,nan,nan,nan,nan,nan,nan,nan,nan,nan,nan,nan,nan,nan,nan,nan,nan,nan,nan,nan,nan,nan,nan,nan,nan,nan,nan,nan,nan,nan,nan,nan,nan,nan,nan,nan,nan,nan,nan,nan,nan,nan,nan,nan
