nan,nan,nan,nan,nan,nan,nan,nan,nan,nan,nan,nan,nan,nan,nan,nan,nan,nan,nan,nan,nan,nan,nan,nan,nan,nan,nan,nan,nan,nan,nan,nan,nan,nan,nan,nan,nan,nan,nan,nan,nan,nan,nan,nan,nan,nan,nan,nan,nan,nan,nan,nan,nan,nan,nan,nan,nan,nan,nan,nan,nan,nan,nan,nan,nan,nan,nan,nan,nan,nan,nan,nan,nan,nan,nan,nan,nan,nan,nan,nan,nan,nan,nan,nan,nan,nan,nan,nan,nan,nan,nan,nan,nan,nan,nan,nan,nan,nan,nan,nan,nan,nan,nan,nan,nan,nan,nan,nan,nan,nan,nan,nan,nan,nan,nan,nan,nan,nan,nan,nan,nan,nan,nan,nan,nan
nan,nan,nan,nan,nan,nan,nan,nan,nan,nan,nan,nan,nan,nan,nan,nan,nan,nan,nan,nan,nan,nan,nan,nan,nan,nan,nan,nan,nan,nan,nan,nan,nan,nan,nan,nan,nan,nan,nan,nan,nan,nan,nan,nan,nan,nan,nan,nan,nan,nan,nan,nan,nan,nan,nan,nan,nan,nan,nan,nan,nan,nan,nan,nan,nan,nan,nan,nan,nan,nan,nan,nan,nan,nan,nan,nan,nan,nan,nan,nan,nan,nan,nan,nan,nan,nan,nan,nan,nan,nan,nan,nan,nan,nan,nan,nan,nan,nan,nan,nan,nan,nan,nan,nan,nan,nan,nan,nan,nan,nan,nan,nan,nan,nan,nan,nan,nan,nan,nan,nan,nan,nan,nan,nan,nan
nan,nan,nan,nan,nan,nan,nan,nan,nan,nan,nan,nan,nan,nan,nan,nan,nan,nan,nan,nan,nan,nan,nan,nan,nan,nan,nan,nan,nan,nan,nan,nan,nan,nan,nan,nan,nan,nan,nan,nan,nan,nan,nan,nan,nan,nan,nan,nan,nan,nan,nan,nan,nan,nan,nan,nan,nan,nan,nan,nan,nan,nan,nan,nan,nan,nan,nan,nan,nan,nan,nan,nan,nan,nan,nan,nan,nan,nan,nan,nan,nan,nan,nan,nan,nan,nan,nan,nan,nan,nan,nan,nan,nan,nan,nan,nan,nan,nan,nan,nan,nan,nan,nan,nan,nan,nan,nan,nan,nan,nan,nan,nan,nan,nan,nan,nan,nan,nan,nan,nan,nan,nan,nan,nan,nan
nan,nan,nan,nan,nan,nan,nan,nan,nan,nan,nan,nan,nan,nan,nan,nan,nan,nan,nan,nan,nan,nan,nan,nan,nan,nan,nan,nan,nan,nan,nan,nan,nan,nan,nan,nan,nan,nan,nan,nan,nan,nan,nan,nan,nan,nan,nan,nan,nan,nan,nan,nan,nan,nan,nan,nan,nan,nan,nan,nan,nan,nan,nan,nan,nan,nan,nan,nan,nan,nan,nan,nan,nan,nan,nan,nan,nan,nan,nan,nan,nan,nan,nan,nan,nan,nan,nan,nan,nan,nan,nan,nan,nan,nan,nan,nan,nan,nan,nan,nan,nan,nan,nan,nan,nan,nan,nan,nan,nan,nan,nan,nan,nan,nan,nan,nan,nan,nan,nan,nan,nan,nan,nan,nan,nan
nan,nan,nan,nan,nan,nan,nan,nan,nan,nan,nan,nan,nan,nan,nan,nan,nan,nan,nan,nan,nan,nan,nan,nan,nan,nan,nan,nan,nan,nan,nan,nan,nan,nan,nan,nan,nan,nan,nan,nan,nan,nan,nan,nan,nan,nan,nan,nan,nan,nan,nan,nan,nan,nan,nan,nan,nan,nan,nan,nan,nan,nan,nan,nan,nan,nan,nan,nan,nan,nan,nan,nan,nan,nan,nan,nan,nan,nan,nan,nan,nan,nan,nan,nan,nan,nan,nan,nan,nan,nan,nan,nan,nan,nan,nan,nan,nan,nan,nan,nan,nan,nan,nan,nan,nan,nan,nan,nan,nan,nan,nan,nan,nan,nan,nan,nan,nan,nan,nan,nan,nan,nan,nan,nan,nan
nan,nan,nan,nan,nan,nan,nan,nan,nan,nan,nan,nan,nan,nan,nan,nan,nan,nan,nan,nan,nan,nan,nan,nan,nan,nan,nan,nan,nan,nan,nan,nan,nan,nan,nan,nan,nan,nan,nan,nan,nan,nan,nan,nan,nan,nan,nan,nan,nan,nan,nan,nan,nan,nan,nan,nan,nan,nan,nan,nan,nan,nan,nan,nan,nan,nan,nan,nan,nan,nan,nan,nan,nan,nan,nan,nan,nan,nan,nan,nan,nan,nan,nan,nan,nan,nan,nan,nan,nan,nan,nan,nan,nan,nan,nan,nan,nan,nan,nan,nan,nan,nan,nan,nan,nan,nan,nan,nan,nan,nan,nan,nan,nan,nan,nan,nan,nan,nan,nan,nan,nan,nan,nan,nan,nan
nan,nan,nan,nan,nan,nan,nan,nan,nan,nan,nan,nan,nan,nan,nan,nan,nan,nan,nan,nan,nan,nan,nan,nan,nan,nan,nan,nan,nan,nan,nan,nan,nan,nan,nan,nan,nan,nan,nan,nan,nan,nan,nan,nan,nan,nan,nan,nan,nan,nan,nan,nan,nan,nan,nan,nan,nan,nan,nan,nan,nan,nan,nan,nan,nan,nan,nan,nan,nan,nan,nan,nan,nan,nan,nan,nan,nan,nan,nan,nan,nan,nan,nan,nan,nan,nan,nan,nan,nan,nan,nan,nan,nan,nan,nan,nan,nan,nan,nan,nan,nan,nan,nan,nan,nan,nan,nan,nan,nan,nan,nan,nan,nan,nan,nan,nan,nan,nan,nan,nan,nan,nan,nan,nan,nan
nan,nan,nan,nan,nan,nan,nan,nan,nan,nan,nan,nan,nan,nan,nan,nan,nan,nan,nan,nan,nan,nan,nan,nan,nan,nan,nan,nan,nan,nan,nan,nan,nan,nan,nan,nan,nan,nan,nan,nan,nan,nan,nan,nan,nan,nan,nan,nan,nan,nan,nan,nan,nan,nan,nan,nan,nan,nan,nan,nan,nan,nan,nan,nan,nan,nan,nan,nan,nan,nan,nan,nan,nan,nan,nan,nan,nan,nan,nan,nan,nan,nan,nan,nan,nan,nan,nan,nan,nan,nan,nan,nan,nan,nan,nan,nan,nan,nan,nan,nan,nan,nan,nan,nan,nan,nan,nan,nan,nan,nan,nan,nan,nan,nan,nan,nan,nan,nan,nan,nan,nan,nan,nan,nan,nan
nan,nan,nan,nan,nan,nan,nan,nan,nan,nan,nan,nan,nan,nan,nan,nan,nan,nan,nan,nan,nan,nan,nan,nan,nan,nan,nan,nan,nan,nan,nan,nan,nan,nan,nan,nan,nan,nan,nan,nan,nan,nan,nan,nan,nan,nan,nan,nan,nan,nan,nan,nan,nan,nan,nan,nan,nan,nan,nan,nan,nan,nan,nan,nan,nan,nan,nan,nan,nan,nan,nan,nan,nan,nan,nan,nan,nan,nan,nan,nan,nan,nan,nan,nan,nan,nan,nan,nan,nan,nan,nan,nan,nan,nan,nan,nan,nan,nan,nan,nan,nan,nan,nan,nan,nan,nan,nan,nan,nan,nan,nan,nan,nan,nan,nan,nan,nan,nan,nan,nan,nan,nan,nan,nan,nan
nan,nan,nan,nan,nan,nan,nan,nan,nan,nan,nan,nan,nan,nan,nan,nan,nan,nan,nan,nan,nan,nan,nan,nan,nan,nan,nan,nan,nan,nan,nan,nan,nan,nan,nan,nan,nan,nan,nan,nan,nan,nan,nan,nan,nan,nan,nan,nan,nan,nan,nan,nan,nan,nan,nan,nan,nan,nan,nan,nan,nan,nan,nan,nan,nan,nan,nan,nan,nan,nan,nan,nan,nan,nan,nan,nan,nan,nan,nan,nan,nan,nan,nan,nan,nan,nan,nan,nan,nan,nan,nan,nan,nan,nan,nan,nan,nan,nan,nan,nan,nan,nan,nan,nan,nan,nan,nan,nan,nan,nan,nan,nan,nan,nan,nan,nan,nan,nan,nan,nan,nan,nan,nan,nan,nan
nan,nan,nan,nan,nan,nan,nan,nan,nan,nan,nan,nan,nan,nan,nan,nan,nan,nan,nan,nan,nan,nan,nan,nan,nan,nan,nan,nan,nan,nan,nan,nan,nan,nan,nan,nan,nan,nan,nan,nan,nan,nan,nan,nan,nan,nan,nan,nan,nan,nan,nan,nan,nan,nan,nan,nan,nan,nan,nan,nan,nan,nan,nan,nan,nan,nan,nan,nan,nan,nan,nan,nan,nan,nan,nan,nan,nan,nan,nan,nan,nan,nan,nan,nan,nan,nan,nan,nan,nan,nan,nan,nan,nan,nan,nan,nan,nan,nan,nan,nan,nan,nan,nan,nan,nan,nan,nan,nan,nan,nan,nan,nan,nan,nan,nan,nan,nan,nan,nan,nan,nan,nan,nan,nan,nan
nan,nan,nan,nan,nan,nan,nan,nan,nan,nan,nan,nan,nan,nan,nan,nan,nan,nan,nan,nan,nan,nan,nan,nan,nan,nan,nan,nan,nan,nan,nan,nan,nan,nan,nan,nan,nan,nan,nan,nan,nan,nan,nan,nan,nan,nan,nan,nan,nan,nan,nan,nan,nan,nan,nan,nan,nan,nan,nan,nan,4.748240280151367188e+01,nan,nan,nan,nan,nan,nan,nan,nan,2.144739389419555664e+00,6.122913360595703125e-01,nan,nan,nan,nan,nan,nan,nan,nan,nan,nan,nan,nan,nan,nan,nan,nan,nan,nan,nan,nan,nan,nan,nan,nan,nan,nan,nan,nan,nan,nan,nan,nan,nan,nan,nan,nan,nan,nan,nan,nan,nan,nan,nan,nan,nan,nan,nan,nan,nan,nan,nan,nan,nan,nan
nan,nan,nan,nan,nan,nan,nan,nan,nan,nan,nan,nan,nan,nan,nan,nan,nan,nan,nan,nan,nan,nan,nan,nan,nan,nan,nan,nan,nan,nan,nan,nan,nan,nan,nan,nan,nan,nan,nan,nan,nan,nan,nan,nan,nan,nan,nan,nan,nan,nan,nan,nan,nan,nan,nan,4.988259124755859375e+01,nan,nan,5.111131286621093750e+01,3.316249847412109375e+01,4.608457565307617188e+01,nan,nan,nan,nan,7.362619400024414062e+00,7.252932548522949219e+00,7.009356021881103516e+00,-1.592313885688781738e+00,4.327302932739257812e+00,1.883610367774963379e+00,-9.395875930786132812e-01,nan,nan,nan,nan,nan,nan,nan,nan,nan,nan,nan,nan,nan,nan,nan,nan,nan,nan,nan,nan,nan,nan,nan,nan,nan,nan,nan,nan,nan,nan,nan,nan,nan,nan,nan,nan,nan,nan,nan,nan,nan,nan,nan,nan,nan,nan,nan,nan,nan,nan,nan,nan,nan
nan,nan,nan,nan,nan,nan,nan,nan,nan,nan,nan,nan,nan,nan,nan,nan,nan,nan,nan,nan,nan,nan,nan,nan,nan,nan,nan,nan,nan,nan,nan,nan,nan,nan,nan,nan,nan,nan,nan,nan,nan,nan,nan,nan,nan,nan,nan,nan,nan,nan,nan,nan,4.168112564086914062e+01,4.965251922607421875e+01,5.408939743041992188e+01,5.259544754028320312e+01,5.122827911376953125e+01,5.657639312744140625e+01,5.743840408325195312e+01,4.904145050048828125e+01,2.208516120910644531e+01,3.672531127929687500e+01,2.766974067687988281e+01,1.770173645019531250e+01,1.015585231781005859e+01,8.274744987487792969e+00,7.877768516540527344e+00,1.937996268272399902e+00,8.897926330566406250e+00,5.245703220367431641e+00,2.450639486312866211e+00,1.794221639633178711e+00,-4.913170814514160156e+00,nan,nan,nan,nan,nan,nan,nan,nan,nan,nan,nan,nan,nan,nan,nan,nan,nan,nan,nan,nan,nan,nan,nan,nan,nan,nan,nan,nan,nan,nan,nan,nan,nan,nan,nan,nan,nan,nan,nan,nan,nan,nan,nan,nan,nan,nan,nan,nan,nan,nan,nan,nan
nan,nan,nan,nan,nan,nan,nan,nan,nan,nan,nan,nan,nan,nan,nan,nan,nan,nan,nan,nan,nan,nan,nan,nan,nan,nan,nan,nan,nan,nan,nan,nan,nan,3.518540573120117188e+01,nan,nan,nan,nan,nan,nan,nan,nan,nan,nan,nan,2.118918991088867188e+01,2.363310623168945312e+01,2.588196563720703125e+01,2.841936111450195312e+01,3.132686996459960938e+01,3.613471984863281250e+01,3.178855133056640625e+01,3.434862518310546875e+01,4.659216690063476562e+01,4.916416168212890625e+01,5.145563888549804688e+01,5.234097290039062500e+01,5.980270004272460938e+01,5.719100952148437500e+01,6.075513076782226562e+01,4.270223999023437500e+01,3.543450164794921875e+01,2.690876770019531250e+01,1.826783943176269531e+01,1.189785575866699219e+01,9.949783325195312500e+00,9.567853927612304688e+00,9.170949935913085938e+00,7.997635841369628906e+00,6.513939857482910156e+00,8.178032875061035156e+00,4.998310565948486328e+00,-7.600048065185546875e+00,-5.470376491546630859e+00,-1.318804073333740234e+01,nan,nan,nan,nan,nan,nan,nan,nan,nan,nan,nan,nan,nan,nan,nan,nan,nan,nan,nan,nan,nan,nan,nan,nan,nan,nan,nan,nan,nan,nan,nan,nan,nan,nan,nan,nan,nan,nan,nan,nan,nan,nan,nan,nan,nan,nan,nan,nan,nan,nan
nan,nan,nan,nan,nan,nan,nan,nan,nan,nan,nan,nan,nan,nan,nan,nan,nan,nan,nan,nan,nan,nan,nan,nan,nan,nan,nan,nan,nan,nan,nan,nan,3.801433181762695312e+01,2.965612030029296875e+01,nan,2.609656524658203125e+01,2.277521705627441406e+01,2.003110885620117188e+01,nan,nan,nan,nan,nan,nan,1.989029312133789062e+01,2.145063400268554688e+01,2.349128341674804688e+01,9.753969192504882812e+00,3.359198379516601562e+01,3.948415374755859375e+01,4.206721115112304688e+01,3.213798522949218750e+01,3.365094375610351562e+01,3.953993225097656250e+01,4.484754943847656250e+01,5.266972351074218750e+01,5.443981170654296875e+01,6.436464691162109375e+01,5.834057998657226562e+01,5.283311843872070312e+01,4.831372070312500000e+01,3.481321716308593750e+01,2.712886619567871094e+01,1.967022895812988281e+01,-1.475781250000000000e+01,2.802237272262573242e+00,1.579174900054931641e+01,1.451243972778320312e+01,8.065823554992675781e+00,5.965312004089355469e+00,1.589196443557739258e+00,4.051815986633300781e+00,-1.757247543334960938e+01,-1.606960105895996094e+01,-1.862887191772460938e+01,-1.742320251464843750e+01,nan,nan,nan,nan,nan,nan,nan,nan,nan,nan,nan,nan,nan,nan,nan,nan,nan,nan,nan,nan,nan,nan,nan,nan,nan,nan,nan,nan,nan,nan,nan,nan,nan,nan,nan,nan,nan,nan,nan,nan,nan,nan,nan,nan,nan,nan,nan,nan,nan
nan,nan,nan,nan,nan,nan,nan,nan,nan,nan,nan,nan,nan,nan,nan,nan,nan,nan,nan,nan,nan,nan,nan,nan,nan,nan,nan,nan,nan,nan,nan,nan,3.785046768188476562e+01,4.235229492187500000e+01,3.419236755371093750e+01,nan,nan,-8.486124992370605469e+00,2.493496656417846680e+00,1.596796989440917969e+01,nan,nan,1.787613105773925781e+01,8.082163810729980469e+00,1.097502326965332031e+01,1.057799530029296875e+01,2.590666007995605469e+01,2.930902290344238281e+01,3.157379150390625000e+01,2.899847984313964844e+01,3.421137237548828125e+01,3.406825637817382812e+01,3.618075180053710938e+01,3.889794540405273438e+01,4.768456649780273438e+01,5.061787033081054688e+01,5.528649520874023438e+01,5.728007888793945312e+01,5.644087600708007812e+01,5.440838241577148438e+01,4.095336151123046875e+01,2.939989662170410156e+01,2.135647010803222656e+01,2.146660804748535156e+01,-6.140359401702880859e+00,-5.398805141448974609e+00,6.618664741516113281e+00,1.630812644958496094e+01,3.360831069946289062e+01,4.076370239257812500e+01,7.156415581703186035e-01,-8.356984853744506836e-01,-1.097537612915039062e+01,-2.473885345458984375e+01,-3.042237854003906250e+01,-2.760387039184570312e+01,nan,nan,nan,nan,nan,nan,nan,nan,nan,nan,nan,nan,nan,nan,nan,nan,nan,nan,nan,nan,nan,nan,nan,nan,nan,nan,nan,nan,nan,nan,nan,nan,nan,nan,nan,nan,nan,nan,nan,nan,nan,nan,nan,nan,nan,nan,nan,nan,nan
nan,nan,nan,nan,nan,nan,nan,nan,nan,nan,nan,nan,nan,nan,nan,nan,nan,nan,nan,nan,nan,nan,nan,nan,nan,nan,nan,nan,nan,nan,nan,nan,nan,4.854420852661132812e+01,4.787475204467773438e+01,3.529584884643554688e+01,2.671334838867187500e+01,nan,-4.369521617889404297e+00,-1.474992036819458008e-01,-5.695918662240728736e-05,1.837293052673339844e+01,1.888467216491699219e+01,1.605356025695800781e+01,1.791104698181152344e+01,2.796465682983398438e+01,1.513167572021484375e+01,1.509359359741210938e+01,2.200860404968261719e+01,2.889833641052246094e+01,3.584730529785156250e+01,3.709053421020507812e+01,3.677658081054687500e+01,3.872152709960937500e+01,4.258151245117187500e+01,4.675027465820312500e+01,5.163856887817382812e+01,5.200497055053710938e+01,5.285883331298828125e+01,5.104779052734375000e+01,4.531835937500000000e+01,2.984846878051757812e+01,2.190205001831054688e+01,2.003505706787109375e+00,-6.736187458038330078e+00,-2.256099462509155273e+00,1.858185768127441406e+01,1.913409423828125000e+01,8.148261070251464844e+00,4.984369754791259766e+00,-1.077965199947357178e-01,-5.860115051269531250e+00,-1.069314956665039062e+01,-1.410179328918457031e+01,-1.703198814392089844e+01,-1.997522735595703125e+01,-2.093949317932128906e+01,nan,nan,nan,nan,nan,nan,nan,nan,nan,nan,nan,nan,nan,nan,nan,nan,nan,nan,nan,nan,nan,nan,nan,nan,nan,nan,nan,nan,nan,nan,nan,nan,nan,nan,nan,nan,nan,nan,nan,nan,nan,nan,nan,nan,nan,nan,nan,nan
nan,nan,nan,nan,nan,nan,nan,nan,nan,nan,nan,nan,nan,nan,nan,nan,nan,nan,nan,nan,nan,nan,nan,nan,nan,nan,nan,nan,nan,nan,nan,nan,nan,4.188717651367187500e+01,4.700493240356445312e+01,3.022534751892089844e+01,1.771480941772460938e+01,nan,-4.828793048858642578e+00,1.149099922180175781e+01,2.561308670043945312e+01,2.242770767211914062e+01,2.042712402343750000e+01,2.060662269592285156e+01,3.029100608825683594e+01,3.191835021972656250e+01,1.656530570983886719e+01,1.426034927368164062e+01,2.093832397460937500e+01,2.956164169311523438e+01,3.096115684509277344e+01,3.487482452392578125e+01,3.712147903442382812e+01,3.736055374145507812e+01,3.820664978027343750e+01,4.057146072387695312e+01,4.442558670043945312e+01,4.985470581054687500e+01,5.039971160888671875e+01,4.933245849609375000e+01,5.163830566406250000e+01,3.426042938232421875e+01,1.097414588928222656e+01,1.755061912536621094e+01,1.105697250366210938e+01,2.143515586853027344e+01,2.064584732055664062e+01,2.032863426208496094e+01,8.050169944763183594e+00,4.421295642852783203e+00,-8.799107670783996582e-01,-6.598459720611572266e+00,-1.110239982604980469e+01,-1.413891792297363281e+01,-2.019914817810058594e+01,-2.185770034790039062e+01,-2.756329154968261719e+01,-2.685260772705078125e+01,-2.227634239196777344e+01,nan,nan,nan,nan,nan,nan,nan,nan,nan,nan,nan,nan,nan,nan,nan,nan,nan,nan,nan,nan,nan,nan,nan,nan,nan,nan,nan,nan,nan,nan,nan,nan,nan,nan,nan,nan,nan,nan,nan,nan,nan,nan,nan,nan,nan,nan
nan,nan,nan,nan,nan,nan,nan,nan,nan,nan,nan,nan,nan,nan,nan,nan,nan,nan,nan,nan,nan,nan,nan,nan,nan,nan,nan,nan,nan,nan,nan,3.620582199096679688e+01,3.601634597778320312e+01,3.510012054443359375e+01,3.816193389892578125e+01,3.147764587402343750e+01,3.022076416015625000e+01,1.296061897277832031e+01,nan,2.891707801818847656e+01,3.016031646728515625e+01,1.930048561096191406e+01,2.740322875976562500e+01,1.759648132324218750e+01,1.587059974670410156e+01,2.335256004333496094e+01,2.568321609497070312e+01,2.775601768493652344e+01,2.943862533569335938e+01,2.206955909729003906e+01,2.375920295715332031e+01,2.727595138549804688e+01,3.203566741943359375e+01,3.366744232177734375e+01,3.522669219970703125e+01,3.594382476806640625e+01,4.073410034179687500e+01,4.339899063110351562e+01,4.819129562377929688e+01,4.683894348144531250e+01,5.416756820678710938e+01,3.948954010009765625e+01,2.056252098083496094e+01,1.480048370361328125e+01,2.616911125183105469e+01,2.922067451477050781e+01,1.948297500610351562e+01,1.115709304809570312e+01,3.799040079116821289e+00,-1.126023864746093750e+01,-1.398693370819091797e+01,-7.156138896942138672e+00,-5.888823986053466797e+00,-1.953865242004394531e+01,-2.142105865478515625e+01,-2.896158981323242188e+01,-2.726995468139648438e+01,-2.538653755187988281e+01,-1.991347312927246094e+01,-2.186080741882324219e+01,nan,nan,nan,nan,nan,nan,nan,nan,nan,nan,nan,nan,nan,nan,nan,nan,nan,nan,nan,nan,nan,nan,nan,nan,nan,nan,nan,nan,nan,nan,nan,nan,nan,nan,nan,nan,nan,nan,nan,nan,nan,nan,nan,nan,nan
nan,nan,nan,nan,nan,nan,nan,nan,nan,nan,nan,nan,nan,nan,nan,nan,nan,nan,nan,nan,nan,nan,nan,nan,nan,nan,nan,nan,nan,nan,nan,3.581409072875976562e+01,3.792724990844726562e+01,3.020545768737792969e+01,4.000203704833984375e+01,4.140599060058593750e+01,3.719125747680664062e+01,nan,3.391076278686523438e+01,3.248464965820312500e+01,2.712968635559082031e+01,1.033782100677490234e+01,1.866960906982421875e+01,2.879347991943359375e+01,1.861123466491699219e+01,2.083845901489257812e+01,3.110456657409667969e+01,2.468227577209472656e+01,2.588058090209960938e+01,2.231678199768066406e+01,1.999287414550781250e+01,2.298349952697753906e+01,2.611627388000488281e+01,2.675161552429199219e+01,3.108575057983398438e+01,3.872350311279296875e+01,3.817395782470703125e+01,3.726613235473632812e+01,4.362635040283203125e+01,4.769200134277343750e+01,5.175320816040039062e+01,4.686381912231445312e+01,3.233864974975585938e+01,2.585850334167480469e+01,3.107355880737304688e+01,2.848455047607421875e+01,1.865855026245117188e+01,1.689018630981445312e+01,8.296406269073486328e-01,-9.315682411193847656e+00,-1.407632923126220703e+01,-5.114346504211425781e+00,-7.938324451446533203e+00,-8.066878318786621094e+00,-1.212219429016113281e+01,-2.874073982238769531e+01,-2.598353767395019531e+01,-2.537834167480468750e+01,-2.481301116943359375e+01,-2.258657836914062500e+01,nan,nan,nan,nan,nan,nan,nan,nan,nan,nan,nan,nan,nan,nan,nan,nan,nan,nan,nan,nan,nan,nan,nan,nan,nan,nan,nan,nan,nan,nan,nan,nan,nan,nan,nan,nan,nan,nan,nan,nan,nan,nan,nan,nan,nan
nan,nan,nan,nan,nan,nan,nan,nan,nan,nan,nan,nan,nan,nan,nan,nan,nan,nan,nan,nan,nan,nan,nan,nan,nan,nan,nan,nan,nan,nan,nan,3.179209327697753906e+01,3.170345878601074219e+01,2.962493515014648438e+01,3.258489227294921875e+01,4.018420028686523438e+01,3.771036529541015625e+01,3.300600814819335938e+01,3.087938499450683594e+01,3.193913841247558594e+01,2.774172973632812500e+01,2.036665916442871094e+01,3.378890991210937500e+01,3.439540100097656250e+01,2.460095024108886719e+01,2.012758445739746094e+01,2.157468986511230469e+01,2.220399665832519531e+01,2.281604957580566406e+01,2.325796699523925781e+01,2.397372436523437500e+01,2.501466560363769531e+01,2.254139328002929688e+01,2.496289443969726562e+01,3.040935325622558594e+01,3.095733451843261719e+01,3.198608016967773438e+01,3.372650146484375000e+01,4.353285217285156250e+01,4.468899154663085938e+01,4.259544372558593750e+01,4.271345138549804688e+01,3.312840270996093750e+01,2.661526679992675781e+01,1.896395301818847656e+01,1.878873443603515625e+01,1.794298362731933594e+01,1.768773078918457031e+01,7.720580577850341797e+00,3.560025930404663086e+00,-1.477914524078369141e+01,-1.278319549560546875e+01,-6.239535808563232422e+00,-4.169668674468994141e+00,-8.515965461730957031e+00,-1.877136039733886719e+01,-1.938873863220214844e+01,-2.503403854370117188e+01,-3.226090240478515625e+01,-1.955832672119140625e+01,-1.883609962463378906e+01,nan,nan,nan,nan,nan,nan,nan,nan,nan,nan,nan,nan,nan,nan,nan,nan,nan,nan,nan,nan,nan,nan,nan,nan,nan,nan,nan,nan,nan,nan,nan,nan,nan,nan,nan,nan,nan,nan,nan,nan,nan,nan,nan,nan
nan,nan,nan,nan,nan,nan,nan,nan,nan,nan,nan,nan,nan,nan,nan,nan,nan,nan,nan,nan,nan,nan,nan,nan,nan,nan,nan,nan,3.122190093994140625e+01,2.869313621520996094e+01,2.451599121093750000e+01,3.910178756713867188e+01,3.900462341308593750e+01,3.447496032714843750e+01,3.250340652465820312e+01,3.633626937866210938e+01,3.658180618286132812e+01,3.587849044799804688e+01,3.270436096191406250e+01,3.114208412170410156e+01,2.729402923583984375e+01,2.858399391174316406e+01,2.973330688476562500e+01,3.473696136474609375e+01,3.034945106506347656e+01,2.891138076782226562e+01,2.450196266174316406e+01,2.188754081726074219e+01,2.169554138183593750e+01,2.226489639282226562e+01,2.239246749877929688e+01,2.453826904296875000e+01,2.554932403564453125e+01,2.656498718261718750e+01,2.745855712890625000e+01,2.707345581054687500e+01,3.068962097167968750e+01,3.233724594116210938e+01,3.313739395141601562e+01,3.257120895385742188e+01,3.753096771240234375e+01,3.684025955200195312e+01,3.483443450927734375e+01,3.185372924804687500e+01,2.120613670349121094e+01,1.841608238220214844e+01,1.862598609924316406e+01,1.121182441711425781e+01,1.004174900054931641e+01,4.330547332763671875e+00,-1.474629402160644531e+01,-6.521812915802001953e+00,-5.270892620086669922e+00,3.504435777664184570e+00,-7.213992595672607422e+00,-8.474039077758789062e+00,-6.429409503936767578e+00,-1.739272880554199219e+01,-1.697624397277832031e+01,-1.792016601562500000e+01,-1.721329498291015625e+01,nan,nan,nan,nan,nan,nan,nan,nan,nan,nan,nan,nan,nan,nan,nan,nan,nan,nan,nan,nan,nan,nan,nan,nan,nan,nan,nan,nan,nan,nan,nan,nan,nan,nan,nan,nan,nan,nan,nan,nan,nan,nan,nan,nan
nan,nan,nan,nan,nan,nan,nan,nan,nan,nan,nan,nan,nan,nan,nan,nan,nan,nan,nan,nan,nan,nan,nan,nan,nan,nan,nan,nan,3.102161598205566406e+01,3.184547805786132812e+01,3.360922622680664062e+01,3.931857681274414062e+01,3.884231185913085938e+01,3.745326232910156250e+01,3.723805618286132812e+01,3.616856765747070312e+01,3.563341903686523438e+01,3.340803909301757812e+01,3.130454635620117188e+01,3.014421272277832031e+01,2.998331642150878906e+01,3.016634368896484375e+01,2.872840690612792969e+01,2.919793319702148438e+01,3.183814620971679688e+01,2.860008430480957031e+01,2.499017524719238281e+01,2.431843566894531250e+01,2.117375373840332031e+01,2.134028244018554688e+01,2.078351974487304688e+01,2.307879257202148438e+01,2.493599319458007812e+01,2.750721549987792969e+01,2.785720634460449219e+01,2.798383140563964844e+01,2.978594017028808594e+01,3.216130828857421875e+01,3.390007400512695312e+01,3.319170761108398438e+01,3.651928329467773438e+01,3.251367950439453125e+01,3.147508239746093750e+01,3.441931915283203125e+01,2.917358589172363281e+01,2.193791580200195312e+01,2.133311271667480469e+01,3.783350229263305664e+00,-4.242792606353759766e+00,-7.006694316864013672e+00,4.778463363647460938e+00,-5.160469532012939453e+00,-6.110847473144531250e+00,-6.967086315155029297e+00,-3.787242412567138672e+00,-1.058315753936767578e+01,-8.404764175415039062e+00,-7.905510902404785156e+00,-1.467424488067626953e+01,-1.795172500610351562e+01,-2.313568115234375000e+01,-3.298385238647460938e+01,-2.092024040222167969e+01,-2.274858474731445312e+01,nan,nan,nan,nan,nan,nan,nan,nan,nan,nan,nan,nan,nan,nan,nan,nan,nan,nan,nan,nan,nan,nan,nan,nan,nan,nan,nan,nan,nan,nan,nan,nan,nan,nan,nan,nan,nan,nan,nan,nan,nan
nan,nan,nan,nan,nan,nan,nan,nan,nan,nan,nan,nan,nan,nan,nan,nan,nan,nan,nan,nan,nan,nan,nan,nan,nan,nan,nan,nan,3.146673583984375000e+01,3.002349090576171875e+01,3.353392410278320312e+01,3.743310165405273438e+01,3.810116958618164062e+01,3.766427993774414062e+01,3.779499435424804688e+01,3.620347213745117188e+01,3.541242218017578125e+01,3.221382904052734375e+01,3.103801536560058594e+01,3.006594085693359375e+01,3.006056022644042969e+01,3.029763221740722656e+01,3.021216773986816406e+01,3.175771522521972656e+01,3.353891754150390625e+01,2.747653007507324219e+01,2.713477516174316406e+01,2.161816406250000000e+01,2.215281105041503906e+01,2.145362472534179688e+01,2.109655570983886719e+01,2.451978302001953125e+01,2.442696189880371094e+01,2.614074897766113281e+01,2.530391883850097656e+01,2.673570442199707031e+01,2.652242279052734375e+01,2.679859352111816406e+01,3.190682983398437500e+01,3.612780380249023438e+01,3.223737335205078125e+01,2.911964035034179688e+01,3.530972290039062500e+01,4.310632324218750000e+01,2.984812545776367188e+01,2.358086776733398438e+01,1.274681758880615234e+01,6.450141906738281250e+00,9.078132629394531250e+00,1.029451274871826172e+01,-1.161773920059204102e+00,3.856988430023193359e+00,1.240169429779052734e+01,-5.111002445220947266e+00,-1.605315327644348145e+00,-1.010337352752685547e+01,-1.079953575134277344e+01,2.619976520538330078e+00,-3.469089984893798828e+00,-9.604421615600585938e+00,-1.017259311676025391e+01,-2.990177917480468750e+01,-2.926472282409667969e+01,-2.710148811340332031e+01,nan,nan,nan,nan,nan,nan,nan,nan,nan,nan,nan,nan,nan,nan,nan,nan,nan,nan,nan,nan,nan,nan,nan,nan,nan,nan,nan,nan,nan,nan,nan,nan,nan,nan,nan,nan,nan,nan,nan,nan,nan
nan,nan,nan,nan,nan,nan,nan,nan,nan,nan,nan,nan,nan,nan,nan,nan,nan,nan,nan,nan,nan,nan,nan,nan,nan,nan,2.238907241821289062e+01,2.941220664978027344e+01,2.628260803222656250e+01,2.506794929504394531e+01,3.085786247253417969e+01,3.444554519653320312e+01,3.779984664916992188e+01,3.907981109619140625e+01,3.836078643798828125e+01,3.555520248413085938e+01,3.222592544555664062e+01,3.229087829589843750e+01,3.160035705566406250e+01,3.021288871765136719e+01,3.011334037780761719e+01,3.107963371276855469e+01,2.899230575561523438e+01,3.031923675537109375e+01,3.127003669738769531e+01,3.046427726745605469e+01,2.896692276000976562e+01,2.138765525817871094e+01,2.204757881164550781e+01,2.204959487915039062e+01,2.386017036437988281e+01,2.105239105224609375e+01,2.059491348266601562e+01,2.247682952880859375e+01,2.071650123596191406e+01,2.535187911987304688e+01,2.548488044738769531e+01,2.773617744445800781e+01,3.248437500000000000e+01,3.367848587036132812e+01,3.116684150695800781e+01,2.676042556762695312e+01,3.635781478881835938e+01,2.851067543029785156e+01,3.152470207214355469e+01,2.921759796142578125e+01,2.397639656066894531e+01,1.173536777496337891e+01,1.173306751251220703e+01,1.672554779052734375e+01,3.882629871368408203e+00,4.281360149383544922e+00,4.204133033752441406e+00,-1.302597999572753906e+00,1.042470693588256836e+00,3.043161153793334961e+00,3.524857521057128906e+00,9.134747505187988281e+00,-7.041144371032714844e+00,-7.182287693023681641e+00,-5.511119365692138672e+00,-1.324971675872802734e+01,-2.767377090454101562e+01,-3.018999290466308594e+01,-2.221403503417968750e+01,nan,nan,nan,nan,nan,nan,nan,nan,nan,nan,nan,nan,nan,nan,nan,nan,nan,nan,nan,nan,nan,nan,nan,nan,nan,nan,nan,nan,nan,nan,nan,nan,nan,nan,nan,nan,nan,nan,nan,nan
nan,nan,nan,nan,nan,nan,nan,nan,nan,nan,nan,nan,nan,nan,nan,nan,nan,nan,nan,nan,nan,nan,nan,nan,nan,1.922819900512695312e+01,1.333964633941650391e+01,2.254345321655273438e+01,2.454561614990234375e+01,2.487608528137207031e+01,2.670876121520996094e+01,3.251370239257812500e+01,3.742478561401367188e+01,3.658137512207031250e+01,3.569429779052734375e+01,3.487771987915039062e+01,3.083440971374511719e+01,2.898105812072753906e+01,3.102472305297851562e+01,3.020853424072265625e+01,2.946218681335449219e+01,3.049187088012695312e+01,2.910098075866699219e+01,2.840969657897949219e+01,2.912529754638671875e+01,2.945295333862304688e+01,2.838844108581542969e+01,2.258310508728027344e+01,2.178342056274414062e+01,2.223599433898925781e+01,2.357579040527343750e+01,2.072191238403320312e+01,2.288609886169433594e+01,2.299956703186035156e+01,2.310075569152832031e+01,2.440272331237792969e+01,2.574149513244628906e+01,2.957716178894042969e+01,3.184929847717285156e+01,3.042900848388671875e+01,2.919463539123535156e+01,2.875577545166015625e+01,3.631025314331054688e+01,3.855175018310546875e+01,3.383967208862304688e+01,2.928415107727050781e+01,2.739734458923339844e+01,6.220334529876708984e+00,1.250115394592285156e+01,8.439606666564941406e+00,7.670238018035888672e+00,3.691062450408935547e+00,8.700120925903320312e+00,1.338448333740234375e+01,9.081477165222167969e+00,4.153527259826660156e+00,6.068578720092773438e+00,3.141109704971313477e+00,-4.314760208129882812e+00,-7.022219181060791016e+00,-1.037253761291503906e+01,-1.565043163299560547e+01,-2.567246627807617188e+01,-2.836821556091308594e+01,-3.389277648925781250e+01,nan,nan,nan,nan,nan,nan,nan,nan,nan,nan,nan,nan,nan,nan,nan,nan,nan,nan,nan,nan,nan,nan,nan,nan,nan,nan,nan,nan,nan,nan,nan,nan,nan,nan,nan,nan,nan,nan,nan,nan
nan,nan,nan,nan,nan,nan,nan,nan,nan,nan,nan,nan,nan,nan,nan,nan,nan,nan,nan,nan,nan,nan,nan,nan,nan,5.478048801422119141e+00,1.306333732604980469e+01,2.080735778808593750e+01,2.476941299438476562e+01,2.435090446472167969e+01,2.451853752136230469e+01,2.892405509948730469e+01,3.627993774414062500e+01,3.552162933349609375e+01,3.306602096557617188e+01,3.462672424316406250e+01,3.096462631225585938e+01,2.838009834289550781e+01,2.821309280395507812e+01,2.824892616271972656e+01,2.746331787109375000e+01,3.000687026977539062e+01,3.020715904235839844e+01,3.117679023742675781e+01,3.219329071044921875e+01,3.066756439208984375e+01,2.879880332946777344e+01,2.150966262817382812e+01,2.195836257934570312e+01,2.085568809509277344e+01,2.330913162231445312e+01,2.109647369384765625e+01,2.314352035522460938e+01,2.248771095275878906e+01,2.149754905700683594e+01,2.151371765136718750e+01,2.242533493041992188e+01,2.648017120361328125e+01,3.221407318115234375e+01,2.982586479187011719e+01,2.276545143127441406e+01,2.100757980346679688e+01,2.209761238098144531e+01,3.379901885986328125e+01,3.177514076232910156e+01,2.856075477600097656e+01,6.433095932006835938e+00,5.404395103454589844e+00,5.835937500000000000e+00,1.875238060951232910e+00,-2.310964584350585938e+00,3.180727720260620117e+00,2.747604608535766602e+00,8.163925170898437500e+00,1.357645797729492188e+01,4.205192089080810547e+00,-3.198646306991577148e+00,-5.257789134979248047e+00,1.831728553771972656e+01,-4.969950199127197266e+00,-4.894513607025146484e+00,-1.924667167663574219e+01,-2.485715103149414062e+01,-3.286794662475585938e+01,-3.393645477294921875e+01,-3.196190452575683594e+01,nan,nan,nan,nan,nan,nan,nan,nan,nan,nan,nan,nan,nan,nan,nan,nan,nan,nan,nan,nan,nan,nan,nan,nan,nan,nan,nan,nan,nan,nan,nan,nan,nan,nan,nan,nan,nan,nan,nan
nan,nan,nan,nan,nan,nan,nan,nan,nan,nan,nan,nan,nan,nan,nan,nan,nan,nan,nan,nan,nan,nan,nan,nan,nan,8.792384147644042969e+00,7.142256259918212891e+00,1.935573196411132812e+01,2.213536643981933594e+01,2.253163528442382812e+01,2.618692398071289062e+01,3.002901840209960938e+01,3.273440551757812500e+01,3.209151077270507812e+01,3.246148300170898438e+01,3.281578826904296875e+01,3.069041824340820312e+01,2.957802391052246094e+01,2.592065048217773438e+01,2.755632781982421875e+01,2.745203018188476562e+01,2.758046913146972656e+01,2.998716926574707031e+01,3.230897140502929688e+01,3.343526458740234375e+01,3.097530937194824219e+01,2.643700790405273438e+01,2.394667625427246094e+01,2.328221130371093750e+01,1.621638679504394531e+01,1.730912780761718750e+01,1.957161521911621094e+01,2.160288619995117188e+01,2.029364395141601562e+01,2.069683456420898438e+01,1.895333862304687500e+01,1.918687820434570312e+01,2.449249076843261719e+01,2.576558113098144531e+01,2.473870849609375000e+01,2.651008033752441406e+01,2.042247390747070312e+01,1.543530941009521484e+01,2.085407638549804688e+01,2.080383110046386719e+01,1.896718025207519531e+01,8.651212692260742188e+00,-1.227372765541076660e+00,-1.060489892959594727e+00,-5.526674270629882812e+00,1.066797447204589844e+01,6.974493026733398438e+00,1.333747029304504395e+00,-4.622745037078857422e+00,-5.193999767303466797e+00,-6.812146663665771484e+00,-5.816189289093017578e+00,7.148481607437133789e-01,1.246438217163085938e+01,5.991994380950927734e+00,-9.214611053466796875e+00,-3.761940240859985352e+00,-1.379542732238769531e+01,-2.174499511718750000e+01,-2.431230735778808594e+01,-3.231374359130859375e+01,-1.702001571655273438e+01,-2.582193565368652344e+01,nan,nan,nan,nan,nan,nan,nan,nan,nan,nan,nan,nan,nan,nan,nan,nan,nan,nan,nan,nan,nan,nan,nan,nan,nan,nan,nan,nan,nan,nan,nan,nan,nan,nan,nan,nan,nan
nan,nan,nan,nan,nan,nan,nan,nan,nan,nan,nan,nan,nan,nan,nan,nan,nan,nan,nan,nan,nan,nan,nan,nan,nan,5.880780696868896484e+00,1.497893714904785156e+01,1.933390235900878906e+01,2.127801322937011719e+01,2.474107360839843750e+01,2.859024810791015625e+01,2.946840286254882812e+01,3.119070434570312500e+01,3.185317611694335938e+01,2.822043037414550781e+01,2.826684379577636719e+01,2.792506980895996094e+01,2.803791236877441406e+01,2.893184471130371094e+01,2.893874168395996094e+01,2.850855445861816406e+01,3.011706352233886719e+01,2.929748916625976562e+01,3.076134300231933594e+01,3.325757217407226562e+01,3.170973014831542969e+01,2.712699890136718750e+01,2.712493896484375000e+01,2.432890892028808594e+01,1.821862602233886719e+01,1.314580154418945312e+01,1.369117164611816406e+01,2.023132133483886719e+01,2.011653137207031250e+01,1.944299507141113281e+01,1.900442314147949219e+01,1.811018943786621094e+01,1.844294738769531250e+01,1.888234519958496094e+01,2.161887931823730469e+01,1.925672340393066406e+01,1.820686912536621094e+01,2.334014701843261719e+01,2.251491355895996094e+01,1.726914024353027344e+01,1.780857849121093750e+01,1.077602195739746094e+01,7.010286808013916016e+00,4.521078586578369141e+00,6.141873836517333984e+00,1.402528667449951172e+01,9.102571487426757812e+00,7.521855354309082031e+00,1.952933549880981445e+00,-7.731575489044189453e+00,-6.139767646789550781e+00,2.529236793518066406e+00,7.200384616851806641e+00,6.628842353820800781e+00,6.748067378997802734e+00,3.408837616443634033e-01,7.127861976623535156e+00,-2.604843378067016602e+00,-1.193255329132080078e+01,-1.782502937316894531e+01,-2.270536422729492188e+01,-1.309478569030761719e+01,-3.034967422485351562e+01,-2.604973602294921875e+01,nan,nan,nan,nan,nan,nan,nan,nan,nan,nan,nan,nan,nan,nan,nan,nan,nan,nan,nan,nan,nan,nan,nan,nan,nan,nan,nan,nan,nan,nan,nan,nan,nan,nan,nan,nan
nan,nan,nan,nan,nan,nan,nan,nan,nan,nan,nan,nan,nan,nan,nan,nan,nan,nan,nan,nan,nan,nan,nan,nan,nan,1.532576370239257812e+01,5.053737640380859375e+00,1.414576530456542969e+01,2.128977012634277344e+01,2.688927459716796875e+01,2.959932518005371094e+01,3.076344871520996094e+01,3.194565010070800781e+01,2.898837089538574219e+01,2.905587959289550781e+01,2.817145538330078125e+01,2.739755249023437500e+01,2.730504608154296875e+01,2.773954010009765625e+01,2.802409362792968750e+01,3.062761116027832031e+01,3.328083419799804688e+01,3.215540313720703125e+01,3.147581291198730469e+01,3.322381210327148438e+01,3.135371017456054688e+01,2.968702316284179688e+01,3.080776786804199219e+01,2.905879783630371094e+01,2.153006172180175781e+01,1.449792861938476562e+01,1.258504772186279297e+01,1.596956443786621094e+01,1.735930442810058594e+01,1.653552246093750000e+01,1.526899719238281250e+01,1.592061710357666016e+01,1.553001880645751953e+01,1.257870101928710938e+01,1.192890357971191406e+01,1.199040794372558594e+01,1.762520599365234375e+01,2.237495803833007812e+01,2.019090461730957031e+01,1.386289596557617188e+01,1.204592609405517578e+01,7.256726264953613281e+00,8.075178146362304688e+00,4.787298679351806641e+00,9.133231163024902344e+00,1.690969085693359375e+01,1.056293773651123047e+01,1.127202320098876953e+01,6.632676124572753906e+00,6.404240131378173828e+00,-1.025612801313400269e-01,-3.412888526916503906e+00,-3.593126535415649414e-01,4.180141448974609375e+00,3.948070526123046875e+00,1.169889926910400391e+01,1.447697734832763672e+01,1.316228485107421875e+01,-7.576230049133300781e+00,-1.907534599304199219e+01,-2.921100234985351562e+01,-2.973831558227539062e+01,-4.110029220581054688e+01,nan,nan,nan,nan,nan,nan,nan,nan,nan,nan,nan,nan,nan,nan,nan,nan,nan,nan,nan,nan,nan,nan,nan,nan,nan,nan,nan,nan,nan,nan,nan,nan,nan,nan,nan,nan,nan
nan,nan,nan,nan,nan,nan,nan,nan,nan,nan,nan,nan,nan,nan,nan,nan,nan,nan,nan,nan,nan,nan,nan,nan,nan,1.483070087432861328e+01,nan,1.919910430908203125e+01,2.075669670104980469e+01,2.625691986083984375e+01,2.963625717163085938e+01,3.090522575378417969e+01,3.067735290527343750e+01,3.058890533447265625e+01,2.858981323242187500e+01,2.843076705932617188e+01,2.724424171447753906e+01,2.785912704467773438e+01,2.768336486816406250e+01,2.800105285644531250e+01,3.058210945129394531e+01,3.205733108520507812e+01,3.335981750488281250e+01,3.505738830566406250e+01,3.313211059570312500e+01,3.066462516784667969e+01,2.867208862304687500e+01,2.932629776000976562e+01,2.926060295104980469e+01,2.478305816650390625e+01,1.878636932373046875e+01,1.392533302307128906e+01,1.483869934082031250e+01,1.398984050750732422e+01,1.304203319549560547e+01,1.153159523010253906e+01,1.175233554840087891e+01,1.043544864654541016e+01,8.141942977905273438e+00,1.030014705657958984e+01,5.447147369384765625e+00,1.560831356048583984e+01,2.179878425598144531e+01,1.984913444519042969e+01,1.264096069335937500e+01,7.337136745452880859e+00,7.758363246917724609e+00,6.568785667419433594e+00,6.026588439941406250e+00,6.696282863616943359e+00,1.265837764739990234e+01,7.885057926177978516e+00,9.428914070129394531e+00,1.008285427093505859e+01,5.165623188018798828e+00,3.641015291213989258e+00,8.085692524909973145e-01,1.609715819358825684e-01,7.309634238481521606e-02,4.565108299255371094e+00,6.909884929656982422e+00,-5.067340850830078125e+00,-7.348891735076904297e+00,-7.952192783355712891e+00,-2.645651817321777344e+01,-2.659599494934082031e+01,-2.617058753967285156e+01,-3.498689651489257812e+01,-4.293079376220703125e+01,-2.065528488159179688e+01,nan,nan,nan,nan,nan,nan,nan,nan,nan,nan,nan,nan,nan,nan,nan,nan,nan,nan,nan,nan,nan,nan,nan,nan,nan,nan,nan,nan,nan,nan,nan,nan,nan,nan,nan
nan,nan,nan,nan,nan,nan,nan,nan,nan,nan,nan,nan,nan,nan,nan,nan,nan,nan,nan,nan,nan,nan,nan,nan,1.244992923736572266e+01,nan,nan,1.073834514617919922e+01,1.969632720947265625e+01,2.716900253295898438e+01,2.996729469299316406e+01,3.014792823791503906e+01,3.076361465454101562e+01,3.023724555969238281e+01,2.905403137207031250e+01,2.803570175170898438e+01,2.821021652221679688e+01,2.881067466735839844e+01,2.940217781066894531e+01,2.957541084289550781e+01,3.601356506347656250e+01,3.369297409057617188e+01,3.199140357971191406e+01,3.406140518188476562e+01,3.186213493347167969e+01,3.230843734741210938e+01,3.253741836547851562e+01,3.347608184814453125e+01,2.707829093933105469e+01,2.783438873291015625e+01,2.223590087890625000e+01,1.709178161621093750e+01,1.575188732147216797e+01,1.554994201660156250e+01,1.326492500305175781e+01,1.305251789093017578e+01,8.779183387756347656e+00,3.887422323226928711e+00,2.700490236282348633e+00,4.468264102935791016e+00,-6.229281425476074219e-01,nan,nan,1.309730339050292969e+01,3.033141374588012695e+00,7.831751108169555664e-01,2.072774887084960938e+00,1.000803852081298828e+01,8.808012962341308594e+00,-1.829171627759933472e-01,-2.887603282928466797e+00,5.410138368606567383e-01,1.571895360946655273e+00,8.951685905456542969e+00,6.845405101776123047e+00,5.095584392547607422e+00,5.827624797821044922e+00,-6.807008385658264160e-01,-8.731616020202636719e+00,-5.278664112091064453e+00,-1.332272815704345703e+01,-4.351934432983398438e+00,-6.189614295959472656e+00,-7.364614963531494141e+00,-5.377368927001953125e+00,-2.153596496582031250e+01,-2.630545616149902344e+01,-3.092417335510253906e+01,-2.955260086059570312e+01,-1.348284530639648438e+01,nan,nan,nan,nan,nan,nan,nan,nan,nan,nan,nan,nan,nan,nan,nan,nan,nan,nan,nan,nan,nan,nan,nan,nan,nan,nan,nan,nan,nan,nan,nan,nan,nan,nan,nan
nan,nan,nan,nan,nan,nan,nan,nan,nan,nan,nan,nan,nan,nan,nan,nan,nan,nan,nan,nan,nan,nan,nan,nan,7.821819782257080078e-01,-9.927986264228820801e-01,8.012102127075195312e+00,1.262317848205566406e+01,1.987625503540039062e+01,2.752808380126953125e+01,3.020443916320800781e+01,3.074425888061523438e+01,3.088622665405273438e+01,2.994819068908691406e+01,2.839225387573242188e+01,2.761829566955566406e+01,2.764972686767578125e+01,2.867058181762695312e+01,2.888075828552246094e+01,3.058105659484863281e+01,3.284619140625000000e+01,3.414489364624023438e+01,3.346372222900390625e+01,3.602766418457031250e+01,3.122510910034179688e+01,2.981551170349121094e+01,3.062214660644531250e+01,3.193421745300292969e+01,2.619017982482910156e+01,2.469009208679199219e+01,1.881684112548828125e+01,1.469812202453613281e+01,2.029242134094238281e+01,1.766448974609375000e+01,9.423651695251464844e+00,8.019354820251464844e+00,nan,-1.883213162422180176e+00,8.998842239379882812e-01,-3.665322661399841309e-01,1.043860435485839844e+01,nan,nan,nan,nan,1.031452083587646484e+01,nan,7.922056198120117188e+00,nan,6.762295246124267578e+00,nan,nan,nan,-1.054672975442372262e-04,3.694257259368896484e+00,1.067150783538818359e+01,-1.448818564414978027e+00,-1.114246726036071777e+00,-1.116629791259765625e+01,-1.189015293121337891e+01,-1.040659141540527344e+01,-1.043601608276367188e+01,-1.348911643028259277e+00,-2.201852947473526001e-01,2.116207629442214966e-01,-4.756845951080322266e+00,-1.744544029235839844e+01,-2.148073959350585938e+01,-2.499568748474121094e+01,-1.299625396728515625e+01,-1.169254398345947266e+01,nan,nan,nan,nan,nan,nan,nan,nan,nan,nan,nan,nan,nan,nan,nan,nan,nan,nan,nan,nan,nan,nan,nan,nan,nan,nan,nan,nan,nan,nan,nan,nan,nan,nan
nan,nan,nan,nan,nan,nan,nan,nan,nan,nan,nan,nan,nan,nan,nan,nan,nan,nan,nan,nan,nan,nan,nan,1.091213703155517578e+01,1.515663242340087891e+01,5.464091300964355469e+00,1.385285091400146484e+01,1.542504882812500000e+01,1.782920455932617188e+01,2.251119995117187500e+01,2.750761032104492188e+01,3.105054092407226562e+01,2.957722854614257812e+01,2.915826606750488281e+01,2.567262268066406250e+01,2.380410385131835938e+01,2.644194412231445312e+01,2.697735214233398438e+01,2.872932624816894531e+01,3.092774200439453125e+01,3.259920883178710938e+01,3.264920806884765625e+01,3.534497070312500000e+01,3.484026718139648438e+01,3.589970016479492188e+01,3.077735900878906250e+01,2.838040351867675781e+01,2.911969184875488281e+01,2.323223114013671875e+01,2.446669006347656250e+01,1.904739379882812500e+01,1.995611190795898438e+01,2.169490242004394531e+01,8.859662055969238281e+00,7.731262207031250000e+00,-6.619038581848144531e-01,-9.347837448120117188e+00,5.558947563171386719e+00,nan,nan,nan,nan,nan,nan,nan,nan,nan,nan,nan,nan,nan,nan,nan,nan,-2.551126241683959961e+00,-3.588887929916381836e+00,2.526520252227783203e+00,-1.434776687622070312e+01,-7.873227119445800781e+00,-3.047888994216918945e+00,-3.293008804321289062e+00,-1.310359239578247070e+00,-2.167927503585815430e+00,-1.340097665786743164e+00,4.933907508850097656e+00,-2.389759421348571777e-01,-4.236657142639160156e+00,-6.309896469116210938e+00,-9.452578544616699219e+00,3.713287353515625000e+00,-9.032751083374023438e+00,-7.159709453582763672e+00,nan,nan,nan,nan,nan,nan,nan,nan,nan,nan,nan,nan,nan,nan,nan,nan,nan,nan,nan,nan,nan,nan,nan,nan,nan,nan,nan,nan,nan,nan,nan,nan,nan
nan,nan,nan,nan,nan,nan,nan,nan,nan,nan,nan,nan,nan,nan,nan,nan,nan,nan,nan,nan,nan,nan,nan,nan,1.967725563049316406e+01,1.483776664733886719e+01,1.033049011230468750e+01,1.368876457214355469e+01,1.752537918090820312e+01,2.088237953186035156e+01,2.195933341979980469e+01,2.655436325073242188e+01,2.773141288757324219e+01,2.662421226501464844e+01,2.636833381652832031e+01,2.320685386657714844e+01,2.642062950134277344e+01,2.716364669799804688e+01,3.006010818481445312e+01,3.212816238403320312e+01,3.280137252807617188e+01,3.195470619201660156e+01,3.266794967651367188e+01,3.592534255981445312e+01,3.400975418090820312e+01,2.955250167846679688e+01,2.971425437927246094e+01,3.126873588562011719e+01,2.427561378479003906e+01,2.349063491821289062e+01,2.070357131958007812e+01,1.777151107788085938e+01,1.430114173889160156e+01,2.358461141586303711e+00,-8.914627075195312500e+00,-1.127637290954589844e+01,nan,nan,nan,nan,nan,nan,nan,nan,nan,nan,nan,nan,nan,nan,nan,nan,nan,nan,nan,-9.616003632545471191e-01,-5.724297046661376953e+00,-9.132526397705078125e+00,-2.982903242111206055e+00,-4.078041553497314453e+00,-2.820463895797729492e+00,6.474455595016479492e-01,1.052985429763793945e+00,-1.608319520950317383e+00,7.496695518493652344e-01,-4.780223369598388672e+00,-3.987009525299072266e+00,-8.104148864746093750e+00,-2.688508749008178711e+00,1.747671961784362793e+00,4.224815368652343750e+00,-5.703932762145996094e+00,nan,nan,nan,nan,nan,nan,nan,nan,nan,nan,nan,nan,nan,nan,nan,nan,nan,nan,nan,nan,nan,nan,nan,nan,nan,nan,nan,nan,nan,nan,nan,nan,nan
nan,nan,nan,nan,nan,nan,nan,nan,nan,nan,nan,nan,nan,nan,nan,nan,nan,nan,nan,nan,nan,nan,nan,nan,1.716370201110839844e+01,1.252614974975585938e+01,1.001893043518066406e+01,9.698324203491210938e+00,1.470054340362548828e+01,1.856427955627441406e+01,2.075797462463378906e+01,2.402845573425292969e+01,2.503996086120605469e+01,2.569651031494140625e+01,2.643560791015625000e+01,2.630147171020507812e+01,2.740012168884277344e+01,2.882179260253906250e+01,3.098264312744140625e+01,3.139399337768554688e+01,3.279900741577148438e+01,3.145873832702636719e+01,3.451437377929687500e+01,3.338350677490234375e+01,3.276572036743164062e+01,3.306118774414062500e+01,3.151224708557128906e+01,3.145076370239257812e+01,2.284392929077148438e+01,1.866910934448242188e+01,1.716717147827148438e+01,1.490444660186767578e+01,4.824433803558349609e+00,-2.729341030120849609e+00,-8.390559196472167969e+00,4.522288799285888672e+00,nan,nan,nan,nan,nan,nan,nan,nan,nan,nan,nan,nan,nan,nan,nan,nan,nan,nan,nan,nan,nan,-4.150959014892578125e+00,-4.578634738922119141e+00,-5.050192832946777344e+00,-1.093758106231689453e+01,-7.808822631835937500e+00,-4.058101773262023926e-01,-6.078579425811767578e+00,-1.122258377075195312e+01,-1.036729240417480469e+01,-1.790653800964355469e+01,-5.944750308990478516e+00,6.075871467590332031e+00,7.517274379730224609e+00,8.345444202423095703e-01,6.223440647125244141e+00,-4.292667388916015625e+00,nan,nan,nan,nan,nan,nan,nan,nan,nan,nan,nan,nan,nan,nan,nan,nan,nan,nan,nan,nan,nan,nan,nan,nan,nan,nan,nan,nan,nan,nan,nan,nan
nan,nan,nan,nan,nan,nan,nan,nan,nan,nan,nan,nan,nan,nan,nan,nan,nan,nan,nan,nan,nan,nan,nan,nan,1.319707202911376953e+01,1.053805065155029297e+01,8.966360092163085938e+00,9.987885475158691406e+00,1.415914440155029297e+01,1.778897666931152344e+01,2.124724197387695312e+01,2.318215751647949219e+01,2.455912590026855469e+01,2.548647880554199219e+01,2.469574356079101562e+01,2.609433174133300781e+01,2.755585098266601562e+01,3.009921264648437500e+01,3.084266090393066406e+01,3.082923126220703125e+01,3.286054229736328125e+01,3.357176589965820312e+01,3.352037811279296875e+01,3.530596923828125000e+01,3.110671043395996094e+01,3.261562728881835938e+01,3.469741058349609375e+01,2.908106613159179688e+01,1.879048538208007812e+01,1.670008277893066406e+01,1.006239700317382812e+01,8.354218482971191406e+00,-8.406301736831665039e-01,-3.428937911987304688e+00,4.961209297180175781e+00,nan,nan,nan,nan,nan,nan,nan,nan,nan,nan,nan,nan,nan,nan,nan,nan,nan,nan,nan,nan,nan,nan,nan,nan,nan,nan,nan,nan,nan,-9.967216491699218750e+00,-8.949421882629394531e+00,-1.077064514160156250e+01,-4.493076324462890625e+00,-4.215682029724121094e+00,5.028861522674560547e+00,8.281614303588867188e+00,-1.725401759147644043e+00,-4.852300167083740234e+00,-4.915620326995849609e+00,nan,nan,nan,nan,nan,nan,nan,nan,nan,nan,nan,nan,nan,nan,nan,nan,nan,nan,nan,nan,nan,nan,nan,nan,nan,nan,nan,nan,nan,nan,nan
nan,nan,nan,nan,nan,nan,nan,nan,nan,nan,nan,nan,nan,nan,nan,nan,nan,nan,nan,nan,nan,nan,nan,9.552121162414550781e+00,1.052931785583496094e+01,7.812699317932128906e+00,7.910621166229248047e+00,1.008528804779052734e+01,1.083286094665527344e+01,1.430771541595458984e+01,1.757607078552246094e+01,2.268785476684570312e+01,2.558007240295410156e+01,2.235200309753417969e+01,2.257689666748046875e+01,2.275936889648437500e+01,2.711084175109863281e+01,2.979550552368164062e+01,3.242312240600585938e+01,3.325171279907226562e+01,3.627723693847656250e+01,3.666186904907226562e+01,3.555995941162109375e+01,3.689403915405273438e+01,3.106081581115722656e+01,3.071794700622558594e+01,3.189945793151855469e+01,2.738332557678222656e+01,2.318904876708984375e+01,1.629281616210937500e+01,9.546079635620117188e+00,5.468364715576171875e+00,8.593079566955566406e+00,5.940905094146728516e+00,nan,nan,nan,nan,nan,nan,nan,nan,nan,nan,nan,nan,nan,nan,nan,nan,nan,nan,nan,nan,nan,nan,nan,nan,nan,nan,nan,nan,nan,nan,nan,-3.879938125610351562e+00,-7.790566444396972656e+00,-2.497855663299560547e+00,-1.130188560485839844e+01,-4.537117481231689453e+00,-7.297934532165527344e+00,-3.973248243331909180e+00,-1.165872097015380859e+01,-2.616781044006347656e+01,nan,nan,nan,nan,nan,nan,nan,nan,nan,nan,nan,nan,nan,nan,nan,nan,nan,nan,nan,nan,nan,nan,nan,nan,nan,nan,nan,nan,nan,nan,nan
nan,nan,nan,nan,nan,nan,nan,nan,nan,nan,nan,nan,nan,nan,nan,nan,nan,nan,nan,nan,nan,nan,nan,8.267851829528808594e+00,9.698651313781738281e+00,7.247455596923828125e+00,6.829488754272460938e+00,8.532957077026367188e+00,9.834031105041503906e+00,1.277993965148925781e+01,2.021752357482910156e+01,2.148623657226562500e+01,2.109342002868652344e+01,2.211302375793457031e+01,2.293640708923339844e+01,2.477858734130859375e+01,2.799732398986816406e+01,2.970162200927734375e+01,3.295449829101562500e+01,3.243953323364257812e+01,3.434934616088867188e+01,3.756423187255859375e+01,3.818785476684570312e+01,4.019639587402343750e+01,3.319609832763671875e+01,2.970567512512207031e+01,2.433074951171875000e+01,2.643609428405761719e+01,2.249738693237304688e+01,1.480420875549316406e+01,7.512857437133789062e+00,4.385010242462158203e+00,7.637642383575439453e+00,nan,nan,nan,nan,nan,nan,nan,nan,nan,nan,nan,nan,nan,nan,nan,nan,nan,nan,nan,nan,nan,nan,nan,nan,nan,nan,nan,nan,nan,nan,nan,nan,-5.604495525360107422e+00,-6.813658714294433594e+00,-4.293200492858886719e+00,-3.995218038558959961e+00,-3.467717409133911133e+00,-2.533340454101562500e+00,-1.042146015167236328e+01,-7.263742446899414062e+00,-1.996339797973632812e+01,-8.468995094299316406e+00,-1.145942974090576172e+01,nan,nan,nan,nan,nan,nan,nan,nan,nan,nan,nan,nan,nan,nan,nan,nan,nan,nan,nan,nan,nan,nan,nan,nan,nan,nan,nan,nan,nan
nan,nan,nan,nan,nan,nan,nan,nan,nan,nan,nan,nan,nan,nan,nan,nan,nan,nan,nan,nan,nan,nan,nan,6.651566505432128906e+00,4.862933635711669922e+00,5.796438217163085938e+00,6.174293994903564453e+00,7.449155330657958984e+00,9.108494758605957031e+00,1.196330451965332031e+01,1.470582675933837891e+01,1.423976325988769531e+01,1.585065174102783203e+01,1.976567268371582031e+01,1.878734970092773438e+01,2.358731269836425781e+01,2.646861267089843750e+01,2.888613128662109375e+01,3.213650894165039062e+01,3.224758148193359375e+01,3.327527236938476562e+01,3.606030273437500000e+01,3.753220367431640625e+01,3.446178436279296875e+01,3.162208175659179688e+01,3.036663055419921875e+01,2.864942550659179688e+01,2.394288063049316406e+01,2.102012443542480469e+01,1.326443004608154297e+01,6.235467910766601562e+00,-4.265810489654541016e+00,nan,nan,nan,nan,nan,nan,nan,nan,nan,nan,nan,nan,nan,nan,nan,nan,nan,nan,nan,nan,nan,nan,nan,nan,nan,nan,nan,nan,nan,nan,nan,nan,nan,nan,nan,nan,nan,-5.133574485778808594e+00,-5.338198184967041016e+00,-5.433442592620849609e+00,-6.423095703125000000e+00,-7.326082229614257812e+00,-8.544898986816406250e+00,-9.304670333862304688e+00,-8.902488708496093750e+00,nan,nan,-2.711651802062988281e+00,nan,nan,nan,nan,nan,nan,nan,nan,nan,nan,nan,nan,nan,nan,nan,nan,nan,nan,nan,nan,nan,nan,nan,nan,nan
nan,nan,nan,nan,nan,nan,nan,nan,nan,nan,nan,nan,nan,nan,nan,nan,nan,nan,nan,nan,nan,nan,nan,nan,nan,3.761939048767089844e+00,5.644646644592285156e+00,5.980056762695312500e+00,9.401035308837890625e+00,1.004241847991943359e+01,1.161003971099853516e+01,1.330802059173583984e+01,1.379623699188232422e+01,1.702509117126464844e+01,2.223466491699218750e+01,2.522750854492187500e+01,3.010076522827148438e+01,2.917694854736328125e+01,2.944388198852539062e+01,2.944605636596679688e+01,3.105881500244140625e+01,3.368032455444335938e+01,3.479019165039062500e+01,3.236513137817382812e+01,3.280861663818359375e+01,3.068883514404296875e+01,2.927828025817871094e+01,1.941798782348632812e+01,1.787567710876464844e+01,1.017222213745117188e+01,-6.075465202331542969e+00,-7.436416625976562500e+00,nan,nan,nan,nan,nan,nan,nan,nan,nan,nan,nan,nan,nan,nan,nan,nan,nan,nan,nan,nan,nan,nan,nan,nan,nan,nan,nan,nan,nan,nan,nan,nan,nan,nan,nan,nan,nan,nan,nan,nan,nan,nan,-8.808499336242675781e+00,-7.086738109588623047e+00,-4.026850223541259766e+00,-1.722859859466552734e+00,-9.031763076782226562e-01,-3.702352523803710938e+00,-7.047667503356933594e+00,nan,nan,nan,nan,nan,nan,nan,nan,nan,nan,nan,nan,nan,nan,nan,nan,nan,nan,nan,nan,nan,nan,nan,nan
nan,nan,nan,nan,nan,nan,nan,nan,nan,nan,nan,nan,nan,nan,nan,nan,nan,nan,nan,nan,nan,nan,nan,nan,nan,-8.143080472946166992e-01,4.562712192535400391e+00,4.532925605773925781e+00,6.573232650756835938e+00,8.659214019775390625e+00,9.611348152160644531e+00,1.232033920288085938e+01,1.529502105712890625e+01,1.874861335754394531e+01,2.310833549499511719e+01,2.984767532348632812e+01,3.044476890563964844e+01,2.791192626953125000e+01,2.749265861511230469e+01,2.865321350097656250e+01,2.971856498718261719e+01,3.207928848266601562e+01,3.556636810302734375e+01,3.237504577636718750e+01,3.002452468872070312e+01,3.046868896484375000e+01,2.713598060607910156e+01,1.957625961303710938e+01,1.738981246948242188e+01,9.820460677146911621e-01,-5.478941917419433594e+00,1.046200370788574219e+01,nan,nan,nan,nan,nan,nan,nan,nan,nan,nan,nan,nan,nan,nan,nan,nan,nan,nan,nan,nan,nan,nan,nan,nan,nan,nan,nan,nan,nan,nan,nan,nan,nan,nan,nan,nan,nan,nan,nan,nan,nan,nan,nan,nan,-8.919196128845214844e-01,-3.697392344474792480e-01,-1.479975342750549316e+00,-4.147758483886718750e+00,-7.519607067108154297e+00,-9.720937728881835938e+00,-1.201900768280029297e+01,nan,nan,nan,nan,nan,nan,nan,nan,nan,nan,nan,nan,nan,nan,nan,nan,nan,nan,nan,nan,nan,nan
nan,nan,nan,nan,nan,nan,nan,nan,nan,nan,nan,nan,nan,nan,nan,nan,nan,nan,nan,nan,nan,nan,nan,nan,nan,-9.922218322753906250e-01,9.991640448570251465e-01,9.909738302230834961e-01,4.794874191284179688e+00,7.007057666778564453e+00,1.198876571655273438e+01,1.240804004669189453e+01,1.401198863983154297e+01,1.515330791473388672e+01,2.414922332763671875e+01,2.534036636352539062e+01,2.649960517883300781e+01,2.611419677734375000e+01,2.754737472534179688e+01,2.883009529113769531e+01,2.883428573608398438e+01,3.619738769531250000e+01,3.173801231384277344e+01,3.170894050598144531e+01,2.986736488342285156e+01,2.945921516418457031e+01,2.541170883178710938e+01,2.140030860900878906e+01,1.869492912292480469e+01,5.163542270660400391e+00,nan,nan,nan,nan,nan,nan,nan,nan,nan,nan,nan,nan,nan,nan,nan,nan,nan,nan,nan,nan,nan,nan,nan,nan,nan,nan,nan,nan,nan,nan,nan,nan,nan,nan,nan,nan,nan,nan,nan,nan,nan,nan,nan,nan,nan,nan,nan,1.612528800964355469e+00,-7.596692442893981934e-01,-3.161409616470336914e+00,-6.085165500640869141e+00,-7.990071773529052734e+00,-9.938463211059570312e+00,-1.314355850219726562e+01,nan,nan,nan,nan,nan,nan,nan,nan,nan,nan,nan,nan,nan,nan,nan,nan,nan,nan,nan,nan,nan
nan,nan,nan,nan,nan,nan,nan,nan,nan,nan,nan,nan,nan,nan,nan,nan,nan,nan,nan,nan,nan,nan,nan,nan,nan,-1.703236937522888184e+00,1.082784652709960938e+00,8.925347328186035156e-01,2.596131324768066406e+00,6.322056293487548828e+00,1.057130336761474609e+01,1.354943943023681641e+01,1.430486774444580078e+01,1.613893699645996094e+01,1.805515098571777344e+01,2.050966835021972656e+01,2.142407608032226562e+01,2.558624839782714844e+01,2.545552253723144531e+01,2.703748703002929688e+01,2.996919250488281250e+01,3.358046340942382812e+01,3.777634429931640625e+01,3.188231658935546875e+01,2.956163215637207031e+01,2.873394584655761719e+01,2.332385826110839844e+01,2.237655448913574219e+01,2.223761177062988281e+01,1.035940170288085938e+01,nan,nan,nan,nan,nan,nan,nan,nan,nan,nan,nan,nan,nan,nan,nan,nan,nan,nan,nan,nan,nan,nan,nan,nan,nan,nan,nan,nan,nan,nan,nan,nan,nan,nan,nan,nan,nan,nan,nan,nan,nan,nan,nan,nan,nan,nan,nan,nan,1.251588439941406250e+01,9.701177597045898438e+00,-3.443496227264404297e+00,-1.488427066802978516e+01,-2.698481559753417969e+01,-1.097999668121337891e+01,-1.402893447875976562e+01,nan,nan,nan,nan,nan,nan,nan,nan,nan,nan,nan,nan,nan,nan,nan,nan,nan,nan,nan,nan
nan,nan,nan,nan,nan,nan,nan,nan,nan,nan,nan,nan,nan,nan,nan,nan,nan,nan,nan,nan,nan,nan,nan,nan,nan,1.783758163452148438e+00,-1.109231948852539062e+00,-1.538015604019165039e-01,-4.318043887615203857e-01,3.067261219024658203e+00,1.068905067443847656e+01,1.179137516021728516e+01,1.281440925598144531e+01,1.231910037994384766e+01,1.499043560028076172e+01,1.511191558837890625e+01,2.100060462951660156e+01,2.172594833374023438e+01,2.177704048156738281e+01,2.854000091552734375e+01,3.574631881713867188e+01,3.212239837646484375e+01,3.216741943359375000e+01,3.129364204406738281e+01,2.999794960021972656e+01,2.830758285522460938e+01,2.740001106262207031e+01,2.428714370727539062e+01,2.384305572509765625e+01,5.299250602722167969e+00,1.719095420837402344e+01,nan,nan,nan,nan,nan,nan,nan,nan,nan,nan,nan,nan,nan,nan,nan,nan,nan,nan,nan,nan,nan,nan,nan,nan,nan,nan,nan,nan,nan,nan,nan,nan,nan,nan,nan,nan,nan,nan,nan,nan,nan,nan,nan,nan,nan,nan,nan,-3.750312316697090864e-04,1.151660728454589844e+01,-1.786610603332519531e+00,-8.515452384948730469e+00,-1.491309642791748047e+01,-3.561309051513671875e+01,-4.463484573364257812e+01,-1.384608078002929688e+01,nan,nan,nan,nan,nan,nan,nan,nan,nan,nan,nan,nan,nan,nan,nan,nan,nan,nan,nan
nan,nan,nan,nan,nan,nan,nan,nan,nan,nan,nan,nan,nan,nan,nan,nan,nan,nan,nan,nan,nan,nan,nan,nan,nan,nan,1.937111020088195801e+00,-2.209074497222900391e+00,2.331580519676208496e-01,2.035933017730712891e+00,4.766669750213623047e+00,6.774118900299072266e+00,8.553542137145996094e+00,9.674616813659667969e+00,1.263111877441406250e+01,1.484369564056396484e+01,1.718245124816894531e+01,1.905450439453125000e+01,2.132798004150390625e+01,2.650852584838867188e+01,3.261177825927734375e+01,3.432150650024414062e+01,3.117113876342773438e+01,3.332894897460937500e+01,3.212825393676757812e+01,3.195740127563476562e+01,3.080755424499511719e+01,3.070805168151855469e+01,1.928801727294921875e+01,6.433279991149902344e+00,nan,nan,nan,nan,nan,nan,nan,nan,nan,nan,nan,nan,nan,nan,nan,nan,nan,nan,nan,nan,nan,nan,nan,nan,nan,nan,nan,nan,nan,nan,nan,nan,nan,nan,nan,nan,nan,nan,nan,nan,nan,nan,nan,nan,nan,nan,nan,nan,3.708074092864990234e-01,5.637559890747070312e+00,-8.438307762145996094e+00,-7.842488765716552734e+00,-1.396974849700927734e+01,-1.735654830932617188e+01,-3.199644470214843750e+01,-1.252600765228271484e+01,nan,nan,nan,nan,nan,nan,nan,nan,nan,nan,nan,nan,nan,nan,nan,nan,nan,nan,nan
nan,nan,nan,nan,nan,nan,nan,nan,nan,nan,nan,nan,nan,nan,nan,nan,nan,nan,nan,nan,nan,nan,nan,nan,nan,nan,1.364429831504821777e+00,2.266558647155761719e+00,-1.589477539062500000e+00,8.237622976303100586e-01,1.389171719551086426e+00,2.997922182083129883e+00,6.972259044647216797e+00,8.357474327087402344e+00,1.271500205993652344e+01,1.386294174194335938e+01,1.444190025329589844e+01,1.627958297729492188e+01,2.091253662109375000e+01,2.689971733093261719e+01,2.853474807739257812e+01,3.202459335327148438e+01,3.144217681884765625e+01,3.087445449829101562e+01,3.133187103271484375e+01,3.087757873535156250e+01,3.257494735717773438e+01,3.209325408935546875e+01,1.611861991882324219e+01,1.074755287170410156e+01,nan,nan,nan,nan,nan,nan,nan,nan,nan,nan,nan,nan,nan,nan,nan,nan,nan,nan,nan,nan,nan,nan,nan,nan,nan,nan,nan,nan,nan,nan,nan,nan,nan,nan,nan,nan,nan,nan,nan,nan,nan,nan,nan,nan,nan,nan,nan,1.713046789169311523e+00,7.727456569671630859e+00,1.017908000946044922e+01,4.650915145874023438e+00,-6.531255245208740234e+00,-8.887804985046386719e+00,-9.707475900650024414e-01,1.688447117805480957e+00,-1.167280864715576172e+01,-1.198620510101318359e+01,nan,nan,nan,nan,nan,nan,nan,nan,nan,nan,nan,nan,nan,nan,nan,nan,nan,nan
nan,nan,nan,nan,nan,nan,nan,nan,nan,nan,nan,nan,nan,nan,nan,nan,nan,nan,nan,nan,nan,nan,nan,nan,nan,nan,nan,nan,2.704533815383911133e+00,-1.115689396858215332e+00,-2.419082224369049072e-01,-4.284184873104095459e-01,4.250502109527587891e+00,7.649675846099853516e+00,9.267000198364257812e+00,1.150722026824951172e+01,1.364695549011230469e+01,1.540296268463134766e+01,1.972386169433593750e+01,2.372705841064453125e+01,2.917776107788085938e+01,3.244136428833007812e+01,3.191092300415039062e+01,3.512952804565429688e+01,3.224111938476562500e+01,3.093681907653808594e+01,3.201612091064453125e+01,3.043681144714355469e+01,2.043708419799804688e+01,1.906999206542968750e+01,nan,nan,nan,nan,nan,nan,nan,nan,nan,nan,nan,nan,nan,nan,nan,nan,nan,nan,nan,nan,nan,nan,nan,nan,nan,nan,nan,nan,nan,nan,nan,nan,nan,nan,nan,nan,nan,nan,nan,nan,nan,nan,nan,nan,nan,nan,nan,1.117638349533081055e+00,8.681042671203613281e+00,8.883162498474121094e+00,1.054894062690436840e-03,-9.500854492187500000e+00,-7.638478755950927734e+00,1.956183075904846191e+00,3.061186075210571289e-01,1.460520267486572266e+00,-1.129245281219482422e+01,nan,nan,nan,nan,nan,nan,nan,nan,nan,nan,nan,nan,nan,nan,nan,nan,nan,nan
nan,nan,nan,nan,nan,nan,nan,nan,nan,nan,nan,nan,nan,nan,nan,nan,nan,nan,nan,nan,nan,nan,nan,nan,nan,nan,nan,nan,nan,nan,nan,nan,1.809449076652526855e+00,2.172804355621337891e+00,4.832314014434814453e+00,8.749860763549804688e+00,1.434614181518554688e+01,1.511165809631347656e+01,2.270285224914550781e+01,2.416207122802734375e+01,2.873943328857421875e+01,3.207306671142578125e+01,3.381279373168945312e+01,3.329486465454101562e+01,3.075978851318359375e+01,2.445771026611328125e+01,2.971759414672851562e+01,2.783087539672851562e+01,2.415283012390136719e+01,2.432494354248046875e+01,nan,nan,nan,nan,nan,nan,nan,nan,nan,nan,nan,nan,nan,nan,nan,nan,nan,nan,nan,nan,nan,nan,nan,nan,nan,nan,nan,nan,nan,nan,nan,nan,nan,nan,nan,nan,nan,nan,nan,nan,nan,nan,nan,nan,nan,nan,nan,3.240711092948913574e-01,2.065271139144897461e+00,4.274142742156982422e+00,-6.300939083099365234e+00,-7.890808105468750000e+00,-5.394795894622802734e+00,-2.637437582015991211e+00,-1.088829231262207031e+01,-7.741447925567626953e+00,-1.426847457885742188e+01,nan,nan,nan,nan,nan,nan,nan,nan,nan,nan,nan,nan,nan,nan,nan,nan,nan,nan
nan,nan,nan,nan,nan,nan,nan,nan,nan,nan,nan,nan,nan,nan,nan,nan,nan,nan,nan,nan,nan,nan,nan,nan,nan,nan,nan,nan,nan,nan,nan,nan,5.272984981536865234e+00,-1.911428809165954590e+00,5.389678478240966797e-02,2.112354993820190430e+00,1.005300998687744141e+01,1.389888763427734375e+01,1.993194389343261719e+01,2.217512130737304688e+01,2.671348762512207031e+01,3.281732177734375000e+01,3.136558151245117188e+01,3.292516708374023438e+01,2.656581306457519531e+01,1.689830589294433594e+01,2.051101303100585938e+01,2.536349868774414062e+01,2.068857765197753906e+01,2.099041748046875000e+01,nan,nan,nan,nan,nan,nan,nan,nan,nan,nan,nan,nan,nan,nan,nan,nan,nan,nan,nan,nan,nan,nan,nan,nan,nan,nan,nan,nan,nan,nan,nan,nan,nan,nan,nan,nan,nan,nan,nan,nan,nan,nan,nan,nan,nan,nan,nan,nan,5.745914459228515625e+00,6.300921440124511719e+00,6.161735534667968750e+00,-1.152903461456298828e+01,-9.078242301940917969e+00,-1.153859233856201172e+01,-1.267517757415771484e+01,-1.189958572387695312e+01,-1.315726470947265625e+01,-1.028900146484375000e+01,-1.176421642303466797e+01,nan,nan,nan,nan,nan,nan,nan,nan,nan,nan,nan,nan,nan,nan,nan,nan
nan,nan,nan,nan,nan,nan,nan,nan,nan,nan,nan,nan,nan,nan,nan,nan,nan,nan,nan,nan,6.197370886802673340e-01,nan,nan,nan,nan,nan,nan,nan,nan,nan,nan,nan,nan,5.948690414428710938e+00,7.882185459136962891e+00,1.238148093223571777e+00,3.787012100219726562e+00,1.045259189605712891e+01,1.694205474853515625e+01,2.082258224487304688e+01,2.549746704101562500e+01,3.208473587036132812e+01,3.269256973266601562e+01,2.674545669555664062e+01,1.561850738525390625e+01,5.296296596527099609e+00,1.593619251251220703e+01,1.309677886962890625e+01,1.999744033813476562e+01,nan,nan,nan,nan,nan,nan,nan,nan,nan,nan,nan,nan,nan,nan,nan,nan,nan,nan,nan,nan,nan,nan,nan,nan,nan,nan,nan,nan,nan,nan,nan,nan,nan,nan,nan,nan,nan,nan,nan,nan,nan,nan,nan,nan,nan,nan,nan,nan,nan,-2.042651176452636719e+00,-1.799465775489807129e+00,-6.661474227905273438e+00,-1.650814437866210938e+01,-1.076008605957031250e+01,-1.214937877655029297e+01,-8.783487319946289062e+00,-1.237290287017822266e+01,-1.717968368530273438e+01,-9.983563423156738281e+00,-1.159988594055175781e+01,-1.359493064880371094e+01,-1.609477043151855469e+01,nan,nan,nan,nan,nan,nan,nan,nan,nan,nan,nan,nan,nan,nan
nan,nan,nan,nan,nan,nan,nan,nan,nan,nan,nan,nan,nan,nan,nan,nan,nan,nan,nan,nan,1.349492669105529785e-01,1.055461120605468750e+01,3.889953494071960449e-01,nan,nan,nan,nan,nan,nan,nan,nan,nan,nan,nan,nan,nan,1.134706115722656250e+01,3.494611501693725586e+00,1.211982727050781250e+01,1.581607723236083984e+01,2.398345756530761719e+01,3.167519378662109375e+01,2.983483505249023438e+01,2.341776847839355469e+01,7.282927989959716797e+00,3.200729131698608398e+00,2.442524909973144531e+00,1.888186073303222656e+01,nan,nan,nan,nan,nan,nan,nan,nan,nan,nan,nan,nan,nan,nan,nan,nan,nan,nan,nan,nan,nan,nan,nan,nan,nan,nan,nan,nan,nan,nan,nan,nan,nan,nan,nan,nan,nan,nan,nan,nan,nan,nan,nan,nan,nan,nan,nan,nan,nan,nan,nan,-3.018242835998535156e+00,-6.012971878051757812e+00,-1.508393383026123047e+01,-4.384773731231689453e+00,-5.041560173034667969e+00,-1.549385786056518555e+00,-3.376435756683349609e+00,-1.850128173828125000e+01,-1.685697364807128906e+01,-2.623011016845703125e+01,-1.418124961853027344e+01,nan,nan,nan,nan,nan,nan,nan,nan,nan,nan,nan,nan,nan,nan,nan
nan,nan,nan,nan,nan,nan,nan,nan,nan,nan,nan,nan,nan,nan,nan,nan,nan,nan,nan,nan,-2.732263088226318359e+00,1.992605328559875488e+00,3.973876476287841797e+00,5.701166391372680664e-01,nan,nan,nan,nan,nan,nan,nan,nan,nan,nan,nan,nan,nan,1.304927444458007812e+01,2.520116806030273438e+00,3.431706905364990234e+00,9.627120018005371094e+00,1.302033615112304688e+01,1.739821434020996094e+01,1.515281200408935547e+01,1.693061828613281250e+01,-5.390705466270446777e-01,1.763835144042968750e+01,nan,nan,nan,nan,nan,nan,nan,nan,nan,nan,nan,nan,nan,nan,nan,nan,nan,nan,nan,nan,nan,nan,nan,nan,nan,nan,nan,nan,nan,nan,nan,nan,nan,nan,nan,nan,nan,nan,nan,nan,nan,nan,nan,nan,nan,nan,nan,nan,nan,nan,nan,nan,-3.675857782363891602e+00,-5.194930076599121094e+00,-1.040008831024169922e+01,-3.502691507339477539e+00,1.170153319835662842e-01,-1.899172663688659668e+00,-1.434052228927612305e+00,-3.220350742340087891e+00,-1.521305084228515625e+01,-1.251609420776367188e+01,-2.205636787414550781e+01,nan,nan,nan,nan,nan,nan,nan,nan,nan,nan,nan,nan,nan,nan,nan
nan,nan,nan,nan,nan,nan,nan,nan,nan,nan,nan,nan,nan,nan,nan,nan,nan,nan,nan,-1.059101104736328125e+00,-4.867358207702636719e+00,-2.245803356170654297e+00,-6.304257512092590332e-01,4.900458812713623047e+00,nan,nan,nan,nan,nan,nan,nan,nan,nan,nan,nan,nan,nan,nan,nan,1.618215179443359375e+01,1.680137515068054199e+00,1.771156120300292969e+01,1.787219047546386719e+01,nan,nan,nan,nan,nan,nan,nan,nan,nan,nan,nan,nan,nan,nan,nan,nan,nan,nan,nan,nan,nan,nan,nan,nan,nan,nan,nan,nan,nan,nan,nan,nan,nan,nan,nan,nan,nan,nan,nan,nan,nan,nan,nan,nan,nan,nan,nan,nan,nan,nan,nan,nan,nan,nan,nan,nan,-3.801981210708618164e+00,1.103333473205566406e+00,-4.570659637451171875e+00,-2.923004627227783203e+00,-1.552221298217773438e+00,-1.725153565406799316e+00,-3.445507049560546875e+00,-6.669452667236328125e+00,-1.260433292388916016e+01,-1.358257389068603516e+01,-2.110082054138183594e+01,-1.773984336853027344e+01,-1.954638290405273438e+01,nan,nan,nan,nan,nan,nan,nan,nan,nan,nan,nan,nan,nan
nan,nan,nan,nan,nan,nan,nan,nan,nan,nan,nan,nan,nan,nan,nan,nan,nan,nan,nan,nan,nan,-9.947853088378906250e+00,-3.811272144317626953e+00,5.511348724365234375e+00,-1.284650802612304688e+00,1.617044329643249512e+00,nan,nan,nan,nan,nan,nan,nan,nan,nan,nan,nan,nan,nan,nan,nan,nan,nan,nan,nan,nan,nan,nan,nan,nan,nan,nan,nan,nan,nan,nan,nan,nan,nan,nan,nan,nan,nan,nan,nan,nan,nan,nan,nan,nan,nan,nan,nan,nan,nan,nan,nan,nan,nan,nan,nan,nan,nan,nan,nan,nan,nan,nan,nan,nan,nan,nan,nan,nan,nan,nan,nan,nan,nan,nan,1.885398983955383301e+00,3.342213630676269531e+00,1.812195777893066406e+00,7.689051032066345215e-01,2.453011751174926758e+00,3.531193971633911133e+00,-3.788580417633056641e+00,-6.118443012237548828e+00,-1.575635910034179688e+01,-2.131836891174316406e+01,-1.862880516052246094e+01,-1.716137886047363281e+01,-2.003095626831054688e+01,nan,nan,nan,nan,nan,nan,nan,nan,nan,nan,nan,nan
nan,nan,nan,nan,nan,nan,nan,nan,nan,nan,nan,nan,nan,nan,nan,nan,nan,nan,nan,nan,-1.216821908950805664e+00,-4.750787258148193359e+00,-3.482108116149902344e-01,3.169483184814453125e+00,5.144271850585937500e-01,-2.391205787658691406e+00,2.141752719879150391e+00,nan,nan,nan,nan,nan,nan,nan,nan,nan,nan,nan,nan,nan,nan,nan,nan,nan,nan,nan,nan,nan,nan,nan,nan,nan,nan,nan,nan,nan,nan,nan,nan,nan,nan,nan,nan,nan,nan,nan,nan,nan,nan,nan,nan,nan,nan,nan,nan,nan,nan,nan,nan,nan,nan,nan,nan,nan,nan,nan,nan,nan,nan,nan,nan,nan,nan,nan,nan,nan,nan,nan,-2.937365531921386719e+00,-3.557242870330810547e+00,6.785029172897338867e-01,3.765460968017578125e+00,-5.582016468048095703e+00,-4.778589248657226562e+00,5.187016963958740234e+00,-4.639526605606079102e-01,-6.885521411895751953e+00,-5.796921730041503906e+00,-1.457579708099365234e+01,-2.107472038269042969e+01,-2.367066192626953125e+01,-2.853955268859863281e+01,-2.710582733154296875e+01,-1.923314476013183594e+01,nan,nan,nan,nan,nan,nan,nan,nan,nan,nan,nan
nan,nan,nan,nan,nan,nan,nan,nan,nan,nan,nan,nan,nan,nan,nan,nan,nan,nan,nan,nan,-2.311491584777832031e+01,6.996883392333984375e+00,5.564950942993164062e+00,5.994624614715576172e+00,4.010543346405029297e+00,5.139325141906738281e+00,2.498687744140625000e+00,nan,nan,nan,nan,nan,nan,nan,nan,nan,nan,nan,nan,nan,nan,nan,nan,nan,nan,nan,nan,nan,nan,nan,nan,nan,nan,nan,nan,nan,nan,nan,nan,nan,nan,nan,nan,nan,nan,nan,nan,nan,nan,nan,nan,nan,nan,nan,nan,nan,nan,nan,nan,nan,nan,nan,nan,nan,nan,nan,nan,nan,nan,nan,nan,nan,nan,nan,nan,nan,nan,nan,nan,nan,1.755791709001641721e-05,-6.320437431335449219e+00,-1.471049594879150391e+01,-8.540912628173828125e+00,-1.934266328811645508e+00,-6.049740314483642578e+00,-9.321833610534667969e+00,-1.212409973144531250e+01,-1.427704238891601562e+01,-2.175543594360351562e+01,-2.356919288635253906e+01,-2.905124092102050781e+01,-3.061549186706542969e+01,-2.156904792785644531e+01,nan,nan,nan,nan,nan,nan,nan,nan,nan,nan,nan
nan,nan,nan,nan,nan,nan,nan,nan,nan,nan,nan,nan,nan,nan,nan,nan,nan,nan,nan,-2.580816984176635742e+00,nan,-6.412289142608642578e+00,4.513440608978271484e+00,1.629309535026550293e+00,3.329006671905517578e+00,6.409231185913085938e+00,-1.988036036491394043e+00,9.537937045097351074e-01,nan,nan,nan,nan,nan,nan,nan,nan,nan,nan,nan,nan,nan,nan,nan,nan,nan,nan,nan,nan,nan,nan,nan,nan,nan,nan,nan,nan,nan,nan,nan,nan,nan,nan,nan,nan,nan,nan,nan,nan,nan,nan,nan,nan,nan,nan,nan,nan,nan,nan,nan,nan,nan,nan,nan,nan,nan,nan,nan,nan,nan,nan,nan,nan,nan,nan,nan,nan,nan,nan,nan,-3.588669061660766602e+00,1.413482069969177246e+00,-8.249398231506347656e+00,-1.460506534576416016e+01,-1.158169078826904297e+01,-1.169922637939453125e+01,-1.033732223510742188e+01,-1.205625915527343750e+01,-2.079227447509765625e+01,-1.944879722595214844e+01,-1.868677520751953125e+01,-2.420917701721191406e+01,-1.116991615295410156e+01,-1.742146492004394531e+01,-1.413284587860107422e+01,-1.631988716125488281e+01,nan,nan,nan,nan,nan,nan,nan,nan,nan,nan
nan,nan,nan,nan,nan,nan,nan,nan,nan,nan,nan,nan,nan,nan,nan,nan,nan,nan,nan,nan,nan,-6.378784179687500000e+00,-1.793100871145725250e-02,8.017790317535400391e-01,3.327972412109375000e+00,5.183532238006591797e+00,3.027514457702636719e+00,-1.937171816825866699e+00,nan,nan,nan,nan,nan,nan,nan,nan,nan,nan,nan,nan,nan,nan,nan,nan,nan,nan,nan,nan,nan,nan,nan,nan,nan,nan,nan,nan,nan,nan,nan,nan,nan,nan,nan,nan,nan,nan,nan,nan,nan,nan,nan,nan,nan,nan,nan,nan,nan,nan,nan,nan,nan,nan,nan,nan,nan,nan,nan,nan,nan,nan,nan,nan,nan,nan,nan,nan,nan,nan,nan,-3.967230558395385742e+00,-1.165543317794799805e+00,-3.845505952835083008e+00,-6.864322662353515625e+00,-1.255090808868408203e+01,-1.946789741516113281e+01,-1.389797210693359375e+01,-8.038550376892089844e+00,-2.033955383300781250e+01,-2.021294403076171875e+01,-1.249449729919433594e+01,-1.660500717163085938e+01,-1.225071811676025391e+01,-6.833735942840576172e+00,-9.905980110168457031e+00,-1.543677139282226562e+01,-1.478013896942138672e+01,nan,nan,nan,nan,nan,nan,nan,nan,nan
nan,nan,nan,nan,nan,nan,nan,nan,nan,nan,nan,nan,nan,nan,nan,nan,nan,nan,nan,nan,nan,-1.444194889068603516e+01,6.719750761985778809e-01,-2.229154109954833984e+00,-2.440041303634643555e+00,2.364911317825317383e+00,6.001945018768310547e+00,3.857430696487426758e+00,nan,nan,nan,nan,nan,nan,nan,nan,nan,nan,nan,nan,nan,nan,nan,nan,nan,nan,nan,nan,nan,nan,nan,nan,nan,nan,nan,nan,nan,nan,nan,nan,nan,nan,nan,nan,nan,nan,nan,nan,nan,nan,nan,nan,nan,nan,nan,nan,nan,nan,nan,nan,nan,nan,nan,nan,nan,nan,nan,nan,nan,nan,nan,nan,nan,nan,nan,nan,nan,nan,-3.169285058975219727e+00,-4.628202438354492188e+00,-5.708018302917480469e+00,1.996183767914772034e-02,2.171699523925781250e+00,-1.443639373779296875e+01,-1.946543312072753906e+01,-6.850295543670654297e+00,-8.962010383605957031e+00,-1.196320343017578125e+01,-1.641963386535644531e+01,-1.712164497375488281e+01,-1.659892654418945312e+01,-1.264605140686035156e+01,-5.224960803985595703e+00,-7.841678142547607422e+00,-1.491049861907958984e+01,-1.452708435058593750e+01,nan,nan,nan,nan,nan,nan,nan,nan,nan
nan,nan,nan,nan,nan,nan,nan,nan,nan,nan,nan,nan,nan,nan,nan,nan,nan,nan,nan,nan,-3.608836889266967773e+00,9.041311740875244141e-01,1.479900956153869629e+00,-1.608124256134033203e+00,-6.818939685821533203e+00,-1.411296486854553223e+00,4.574265003204345703e+00,1.598593592643737793e+00,-7.946910858154296875e-01,-8.986235857009887695e-01,-2.891352415084838867e+00,-1.262494921684265137e+00,-1.856932640075683594e+00,nan,nan,nan,nan,nan,nan,nan,nan,nan,nan,nan,nan,nan,nan,nan,nan,nan,nan,nan,nan,nan,nan,nan,nan,nan,nan,nan,nan,nan,nan,nan,nan,nan,nan,nan,nan,nan,nan,nan,nan,nan,nan,nan,nan,nan,nan,nan,nan,nan,nan,nan,nan,nan,nan,nan,nan,nan,nan,nan,nan,nan,nan,nan,nan,nan,nan,nan,nan,-7.491307258605957031e+00,-8.722177505493164062e+00,-1.343545079231262207e+00,-1.122729182243347168e+00,-9.577021598815917969e+00,-1.359068775177001953e+01,-1.619760131835937500e+01,-2.137316703796386719e+01,-2.181597709655761719e+01,-1.611615943908691406e+01,-1.442513561248779297e+01,-1.293181419372558594e+01,-1.436847686767578125e+01,-1.365163803100585938e+01,-1.351134967803955078e+01,nan,nan,nan,nan,nan,nan,nan,nan,nan
nan,nan,nan,nan,nan,nan,nan,nan,nan,nan,nan,nan,nan,nan,nan,nan,nan,nan,nan,nan,nan,-4.392339229583740234e+00,3.251819849014282227e+00,-1.219913005828857422e+01,-8.960921287536621094e+00,-4.208693981170654297e+00,-1.788586020469665527e+00,1.562933437526226044e-02,-1.120642542839050293e+00,-2.331696271896362305e+00,-1.152112841606140137e+00,-6.595829010009765625e+00,nan,nan,nan,nan,nan,nan,nan,nan,nan,nan,nan,nan,nan,nan,nan,nan,nan,nan,nan,nan,nan,nan,nan,nan,nan,nan,nan,nan,nan,nan,nan,nan,nan,nan,nan,nan,nan,nan,nan,nan,nan,nan,nan,nan,nan,nan,nan,nan,nan,nan,nan,nan,nan,nan,nan,nan,nan,nan,nan,nan,nan,nan,nan,nan,nan,nan,nan,nan,nan,-7.737284183502197266e+00,nan,nan,nan,-1.092831420898437500e+01,-1.379122829437255859e+01,-3.213924407958984375e+01,-2.908627510070800781e+01,-2.202140617370605469e+01,-1.251665115356445312e+01,-2.026592731475830078e+00,-5.182374477386474609e+00,-1.333899116516113281e+01,-1.253133869171142578e+01,-1.259618568420410156e+01,nan,nan,nan,nan,nan,nan,nan,nan,nan
nan,nan,nan,nan,nan,nan,nan,nan,nan,nan,nan,nan,nan,nan,nan,nan,nan,nan,nan,nan,nan,-5.641845703125000000e+00,-5.974506378173828125e+00,-6.995550155639648438e+00,-6.057980060577392578e+00,-4.866302490234375000e+00,2.738538265228271484e+00,-1.227132916450500488e+00,-1.795114398002624512e+00,-3.165840148925781250e+00,-7.511553764343261719e+00,-4.727402210235595703e+00,nan,nan,nan,nan,nan,nan,nan,nan,nan,nan,nan,nan,nan,nan,nan,nan,nan,nan,nan,nan,nan,nan,nan,nan,nan,nan,nan,nan,nan,nan,nan,nan,nan,nan,nan,nan,nan,nan,nan,nan,nan,nan,nan,nan,nan,nan,nan,nan,nan,nan,nan,nan,nan,nan,nan,nan,nan,nan,nan,nan,nan,nan,nan,nan,nan,nan,nan,nan,nan,nan,nan,nan,nan,-1.246658897399902344e+01,-1.900301361083984375e+01,-2.750214385986328125e+01,-1.964699363708496094e+01,-2.089071655273437500e+01,-1.208948802947998047e+01,-7.294399261474609375e+00,-1.663306808471679688e+01,-2.603160667419433594e+01,-1.278234481811523438e+01,-1.309639453887939453e+01,nan,nan,nan,nan,nan,nan,nan,nan,nan
nan,nan,nan,nan,nan,nan,nan,nan,nan,nan,nan,nan,nan,nan,nan,nan,nan,nan,nan,nan,nan,nan,-4.539628028869628906e+00,-1.525092697143554688e+01,-2.699800014495849609e+00,-5.786128044128417969e+00,2.239848375320434570e+00,3.972716093063354492e+00,-1.497116804122924805e+00,-1.954271435737609863e+00,-4.658775806427001953e+00,5.327970504760742188e+00,5.010140687227249146e-02,nan,nan,nan,nan,nan,nan,nan,nan,nan,nan,nan,nan,nan,nan,nan,nan,nan,nan,nan,nan,nan,nan,nan,nan,nan,nan,nan,nan,nan,nan,nan,nan,nan,nan,nan,nan,nan,nan,nan,nan,nan,nan,nan,nan,nan,nan,nan,nan,nan,nan,nan,nan,nan,nan,nan,nan,nan,nan,nan,nan,nan,nan,nan,nan,nan,nan,nan,nan,nan,nan,nan,-1.468756866455078125e+01,-1.334602355957031250e+01,-1.627327728271484375e+01,-1.714548301696777344e+01,-2.043039512634277344e+01,-1.976145553588867188e+01,-1.356351757049560547e+01,-1.622471427917480469e+01,-2.086750793457031250e+01,-2.203405761718750000e+01,-1.337905883789062500e+01,nan,nan,nan,nan,nan,nan,nan,nan,nan,nan
nan,nan,nan,nan,nan,nan,nan,nan,nan,nan,nan,nan,nan,nan,nan,nan,nan,nan,nan,nan,nan,nan,-1.420654487609863281e+01,-1.284773635864257812e+01,-5.866518974304199219e+00,-5.774668216705322266e+00,-2.611168861389160156e+00,5.617753982543945312e+00,2.278644084930419922e+00,2.513255357742309570e+00,2.353755474090576172e+00,6.165742874145507812e+00,5.693514347076416016e-01,nan,nan,nan,nan,nan,nan,nan,nan,nan,nan,nan,nan,nan,nan,nan,nan,nan,nan,nan,nan,nan,nan,nan,nan,nan,nan,nan,nan,nan,nan,nan,nan,nan,nan,nan,nan,nan,nan,nan,nan,nan,nan,nan,nan,nan,nan,nan,nan,nan,nan,nan,nan,nan,nan,nan,nan,nan,nan,nan,nan,nan,nan,nan,nan,nan,nan,nan,nan,nan,nan,nan,nan,-9.295573234558105469e+00,-1.562746143341064453e+01,-1.856038284301757812e+01,-1.808825874328613281e+01,-1.474401855468750000e+01,-1.069327545166015625e+01,-8.704716682434082031e+00,-7.257939815521240234e+00,-1.391792392730712891e+01,nan,nan,nan,nan,nan,nan,nan,nan,nan,nan,nan
nan,nan,nan,nan,nan,nan,nan,nan,nan,nan,nan,nan,nan,nan,nan,nan,nan,nan,nan,nan,nan,-6.323094367980957031e+00,-1.478669261932373047e+01,-9.547668457031250000e+00,-6.765946865081787109e+00,-7.614326953887939453e+00,-2.074746370315551758e+00,2.412796020507812500e+00,2.098670482635498047e+00,8.765927314758300781e+00,6.045860767364501953e+00,-4.831271171569824219e+00,nan,nan,nan,nan,nan,nan,nan,nan,nan,nan,nan,nan,nan,nan,nan,nan,nan,nan,nan,nan,nan,nan,nan,nan,nan,nan,nan,nan,nan,nan,nan,nan,nan,nan,nan,nan,nan,nan,nan,nan,nan,nan,nan,nan,nan,nan,nan,nan,nan,nan,nan,nan,nan,nan,nan,nan,nan,nan,nan,nan,nan,nan,nan,nan,nan,nan,nan,nan,nan,nan,nan,nan,nan,-1.183858966827392578e+01,-1.790550041198730469e+01,-1.807966804504394531e+01,-1.323772525787353516e+01,-1.545947265625000000e+01,-8.032826423645019531e+00,-1.411569881439208984e+01,-7.889990806579589844e+00,nan,nan,nan,nan,nan,nan,nan,nan,nan,nan,nan,nan
nan,nan,nan,nan,nan,nan,nan,nan,nan,nan,nan,nan,nan,nan,nan,nan,nan,nan,nan,nan,nan,nan,-6.047220230102539062e+00,-5.922979354858398438e+00,-8.820079803466796875e+00,-1.356326866149902344e+01,-7.180183410644531250e+00,3.212100028991699219e+00,5.443670272827148438e+00,7.185975074768066406e+00,5.351171493530273438e+00,2.338572740554809570e+00,nan,nan,nan,nan,nan,nan,nan,nan,nan,nan,nan,nan,nan,nan,nan,nan,nan,nan,nan,nan,nan,nan,nan,nan,nan,nan,nan,nan,nan,nan,nan,nan,nan,nan,nan,nan,nan,nan,nan,nan,nan,nan,nan,nan,nan,nan,nan,nan,nan,nan,nan,nan,nan,nan,nan,nan,nan,nan,nan,nan,nan,nan,nan,nan,nan,nan,nan,nan,nan,nan,nan,nan,nan,-1.386988639831542969e+01,-1.861939620971679688e+01,-1.657464027404785156e+01,-2.095027542114257812e+01,-1.940214538574218750e+01,-1.533355045318603516e+01,-1.609749984741210938e+01,-1.995266723632812500e+01,nan,nan,nan,nan,nan,nan,nan,nan,nan,nan,nan,nan
nan,nan,nan,nan,nan,nan,nan,nan,nan,nan,nan,nan,nan,nan,nan,nan,nan,nan,nan,nan,nan,nan,-3.467611074447631836e+00,8.043247222900390625e+00,-9.128818511962890625e+00,nan,-6.306081771850585938e+00,1.896286129951477051e+00,4.799360752105712891e+00,nan,nan,nan,nan,nan,nan,nan,nan,nan,nan,nan,nan,nan,nan,nan,nan,nan,nan,nan,nan,nan,nan,nan,nan,nan,nan,nan,nan,nan,nan,nan,nan,nan,nan,nan,nan,nan,nan,nan,nan,nan,nan,nan,nan,nan,nan,nan,nan,nan,nan,nan,nan,nan,nan,nan,nan,nan,nan,nan,nan,nan,nan,nan,nan,nan,nan,nan,nan,nan,nan,nan,nan,nan,nan,nan,-1.538318634033203125e+01,-7.950931549072265625e+00,-1.224090385437011719e+01,-1.923557472229003906e+01,-2.826042556762695312e+01,-1.450014495849609375e+01,-1.164224624633789062e+01,-1.484500980377197266e+01,-1.618117523193359375e+01,nan,nan,nan,nan,nan,nan,nan,nan,nan,nan,nan,nan
nan,nan,nan,nan,nan,nan,nan,nan,nan,nan,nan,nan,nan,nan,nan,nan,nan,nan,nan,nan,nan,nan,nan,2.888089895248413086e+00,7.008631229400634766e+00,nan,2.349105358123779297e+00,4.384818077087402344e+00,1.603165507316589355e+00,-1.894325017929077148e-01,4.042464256286621094e+00,nan,nan,nan,nan,nan,nan,nan,nan,nan,nan,nan,nan,nan,nan,nan,nan,nan,nan,nan,nan,nan,nan,nan,nan,nan,nan,nan,nan,nan,nan,nan,nan,nan,nan,nan,nan,nan,nan,nan,nan,nan,nan,nan,nan,nan,nan,nan,nan,nan,nan,nan,nan,nan,nan,nan,nan,nan,nan,nan,nan,nan,nan,nan,nan,nan,nan,nan,nan,nan,nan,nan,nan,nan,-1.528386402130126953e+01,-9.913249969482421875e+00,-1.283864688873291016e+01,-1.843703842163085938e+01,-1.278629493713378906e+01,-9.038854598999023438e+00,-2.042168140411376953e+00,-1.108684539794921875e+01,-8.206131935119628906e+00,-1.294687747955322266e+01,nan,nan,nan,nan,nan,nan,nan,nan,nan,nan,nan
nan,nan,nan,nan,nan,nan,nan,nan,nan,nan,nan,nan,nan,nan,nan,nan,nan,nan,nan,nan,nan,nan,5.115828663110733032e-02,4.298904895782470703e+00,5.532271385192871094e+00,3.784759640693664551e-01,2.508492231369018555e+00,9.637897491455078125e+00,4.621965289115905762e-01,-4.023718357086181641e+00,4.922282695770263672e+00,5.037405014038085938e+00,nan,nan,nan,nan,nan,nan,nan,nan,nan,nan,nan,nan,nan,nan,nan,nan,nan,nan,nan,nan,nan,nan,nan,nan,nan,nan,nan,nan,nan,nan,nan,nan,nan,nan,nan,nan,nan,nan,nan,nan,nan,nan,nan,nan,nan,nan,nan,nan,nan,nan,nan,nan,nan,nan,nan,nan,nan,nan,nan,nan,nan,nan,nan,nan,nan,nan,nan,nan,nan,nan,nan,nan,-1.516015148162841797e+01,nan,-2.085967826843261719e+01,-1.823134803771972656e+01,-1.384602642059326172e+01,-1.033998298645019531e+01,-4.940628051757812500e+00,-7.511096000671386719e+00,-1.397951698303222656e+01,nan,nan,nan,nan,nan,nan,nan,nan,nan,nan,nan,nan
nan,nan,nan,nan,nan,nan,nan,nan,nan,nan,nan,nan,nan,nan,nan,nan,nan,nan,nan,nan,nan,nan,nan,1.990263342857360840e+00,6.953064918518066406e+00,-9.989103674888610840e-01,4.358233451843261719e+00,9.681276321411132812e+00,1.876808929443359375e+01,-3.706132411956787109e+00,nan,nan,nan,nan,nan,nan,nan,nan,nan,nan,nan,nan,nan,nan,nan,nan,nan,nan,nan,nan,nan,nan,nan,nan,nan,nan,nan,nan,nan,nan,nan,nan,nan,nan,nan,nan,nan,nan,nan,nan,nan,nan,nan,nan,nan,nan,nan,nan,nan,nan,nan,nan,nan,nan,nan,nan,nan,nan,nan,nan,nan,nan,nan,nan,nan,nan,nan,nan,nan,nan,nan,nan,nan,nan,-1.486714553833007812e+01,-1.547725868225097656e+01,-2.054678344726562500e+01,-1.674629020690917969e+01,-1.572889709472656250e+01,-2.228300094604492188e+01,-1.245186614990234375e+01,-6.940105915069580078e+00,-1.578604793548583984e+01,nan,nan,nan,nan,nan,nan,nan,nan,nan,nan,nan,nan
nan,nan,nan,nan,nan,nan,nan,nan,nan,nan,nan,nan,nan,nan,nan,nan,nan,nan,nan,nan,nan,nan,nan,5.045967102050781250e+00,-3.344461679458618164e+00,2.633209705352783203e+00,6.560357570648193359e+00,1.209093093872070312e+01,1.154975032806396484e+01,9.755221366882324219e+00,5.776724815368652344e+00,nan,nan,nan,nan,nan,nan,nan,nan,nan,nan,nan,nan,nan,nan,nan,nan,nan,nan,nan,nan,nan,nan,nan,nan,nan,nan,nan,nan,nan,nan,nan,nan,nan,nan,nan,nan,nan,nan,nan,nan,nan,nan,nan,nan,nan,nan,nan,nan,nan,nan,nan,nan,nan,nan,nan,nan,nan,nan,nan,nan,nan,nan,nan,nan,nan,nan,nan,nan,nan,nan,nan,nan,nan,nan,nan,nan,-5.671113014221191406e+00,-8.748872756958007812e+00,-2.057835388183593750e+01,-2.060869407653808594e+01,-1.581140422821044922e+01,-1.465665721893310547e+01,nan,nan,nan,nan,nan,nan,nan,nan,nan,nan,nan,nan
nan,nan,nan,nan,nan,nan,nan,nan,nan,nan,nan,nan,nan,nan,nan,nan,nan,nan,nan,nan,nan,nan,nan,nan,nan,6.836353302001953125e+00,1.070618438720703125e+01,1.421198177337646484e+01,1.148662948608398438e+01,5.098299980163574219e+00,nan,nan,nan,nan,nan,nan,nan,nan,nan,nan,nan,nan,nan,nan,nan,nan,nan,nan,nan,nan,nan,nan,nan,nan,nan,nan,nan,nan,nan,nan,nan,nan,nan,nan,nan,nan,nan,nan,nan,nan,nan,nan,nan,nan,nan,nan,nan,nan,nan,nan,nan,nan,nan,nan,nan,nan,nan,nan,nan,nan,nan,nan,nan,nan,nan,nan,nan,nan,nan,nan,nan,nan,nan,nan,nan,nan,nan,-1.437757492065429688e+01,-1.520322132110595703e+01,-2.344461631774902344e+01,-2.924260330200195312e+01,-1.674371719360351562e+01,nan,nan,-1.428766632080078125e+01,nan,nan,nan,nan,nan,nan,nan,nan,nan,nan
nan,nan,nan,nan,nan,nan,nan,nan,nan,nan,nan,nan,nan,nan,nan,nan,nan,nan,nan,nan,nan,nan,nan,nan,nan,7.028223991394042969e+00,1.989974594116210938e+01,1.446172618865966797e+01,1.061349201202392578e+01,-2.261238813400268555e+00,4.714502334594726562e+00,nan,nan,nan,nan,nan,nan,nan,nan,nan,nan,nan,nan,nan,nan,nan,nan,nan,nan,nan,nan,nan,nan,nan,nan,nan,nan,nan,nan,nan,nan,nan,nan,nan,nan,nan,nan,nan,nan,nan,nan,nan,nan,nan,nan,nan,nan,nan,nan,nan,nan,nan,nan,nan,nan,nan,nan,nan,nan,nan,nan,nan,nan,nan,nan,nan,nan,nan,nan,nan,nan,nan,nan,nan,nan,nan,nan,nan,-8.423783302307128906e+00,-2.163092613220214844e+01,-2.584657669067382812e+01,-1.033703422546386719e+01,-1.566461277008056641e+01,nan,nan,nan,nan,nan,nan,nan,nan,nan,nan,nan,nan
nan,nan,nan,nan,nan,nan,nan,nan,nan,nan,nan,nan,nan,nan,nan,nan,nan,nan,nan,nan,nan,nan,nan,nan,nan,nan,6.941190242767333984e+00,9.355250358581542969e+00,4.826025485992431641e+00,-1.413231492042541504e+00,4.013949394226074219e+00,nan,nan,nan,nan,nan,nan,nan,nan,nan,nan,nan,nan,nan,nan,nan,nan,nan,nan,nan,nan,nan,nan,nan,nan,nan,nan,nan,nan,nan,nan,nan,nan,nan,nan,nan,nan,nan,nan,nan,nan,nan,nan,nan,nan,nan,nan,nan,nan,nan,nan,nan,nan,nan,nan,nan,nan,nan,nan,nan,nan,nan,nan,nan,nan,nan,nan,nan,nan,nan,nan,nan,nan,nan,nan,nan,nan,nan,-8.813009262084960938e+00,-2.105330467224121094e+01,-1.718904495239257812e+01,-8.285790443420410156e+00,-8.716898918151855469e+00,nan,nan,nan,nan,nan,nan,nan,nan,nan,nan,nan,nan
nan,nan,nan,nan,nan,nan,nan,nan,nan,nan,nan,nan,nan,nan,nan,nan,nan,nan,nan,nan,nan,nan,nan,nan,nan,nan,6.477573871612548828e+00,1.331427860260009766e+01,5.529124736785888672e+00,-2.501091659069061279e-01,-2.403048276901245117e+00,-2.704698562622070312e+00,2.838096380233764648e+00,1.527016460895538330e-01,nan,nan,nan,nan,nan,nan,nan,nan,nan,nan,nan,nan,nan,nan,nan,nan,nan,nan,nan,nan,nan,nan,nan,nan,nan,nan,nan,nan,nan,nan,nan,nan,nan,nan,nan,nan,nan,nan,nan,nan,nan,nan,nan,nan,nan,nan,nan,nan,nan,nan,nan,nan,nan,nan,nan,nan,nan,nan,nan,nan,nan,nan,nan,nan,nan,nan,nan,nan,nan,nan,nan,-8.453995704650878906e+00,-6.088092327117919922e+00,-8.023589134216308594e+00,-1.580422973632812500e+01,-9.137588500976562500e+00,-1.710757255554199219e+01,-2.750552368164062500e+01,-1.599090576171875000e+01,nan,nan,nan,nan,nan,nan,nan,nan,nan,nan,nan,nan
nan,nan,nan,nan,nan,nan,nan,nan,nan,nan,nan,nan,nan,nan,nan,nan,nan,nan,nan,nan,nan,nan,nan,nan,nan,nan,nan,1.354216003417968750e+01,2.038231611251831055e+00,-4.593733310699462891e+00,-2.103253364562988281e+00,-2.440398931503295898e+00,5.807880684733390808e-02,-9.785747528076171875e-02,9.874483942985534668e-01,nan,nan,nan,nan,nan,nan,nan,nan,nan,nan,nan,nan,nan,nan,nan,nan,nan,nan,nan,nan,nan,nan,nan,nan,nan,nan,nan,nan,nan,nan,nan,nan,nan,nan,nan,nan,nan,nan,nan,nan,nan,nan,nan,nan,nan,nan,nan,nan,nan,nan,nan,nan,nan,nan,nan,nan,nan,nan,nan,nan,nan,nan,nan,nan,nan,nan,nan,nan,nan,nan,-9.648518562316894531e+00,-7.298223972320556641e+00,-3.843967914581298828e+00,-6.244579315185546875e+00,-1.514213466644287109e+01,nan,nan,nan,nan,nan,nan,nan,nan,nan,nan,nan,nan,nan,nan,nan
nan,nan,nan,nan,nan,nan,nan,nan,nan,nan,nan,nan,nan,nan,nan,nan,nan,nan,nan,nan,nan,nan,nan,nan,nan,nan,nan,6.934911251068115234e+00,6.454013347625732422e+00,4.779594898223876953e+00,2.303471803665161133e+00,-2.048264503479003906e+00,-6.733663678169250488e-01,-4.210852980613708496e-01,-1.820697426795959473e+00,nan,nan,nan,nan,nan,nan,nan,nan,nan,nan,nan,nan,nan,nan,nan,nan,nan,nan,nan,nan,nan,nan,nan,nan,nan,nan,nan,nan,nan,nan,nan,nan,nan,nan,nan,nan,nan,nan,nan,nan,nan,nan,nan,nan,nan,nan,nan,nan,nan,nan,nan,nan,nan,nan,nan,nan,nan,nan,nan,nan,nan,nan,nan,nan,nan,nan,nan,nan,nan,nan,4.614806175231933594e+00,-6.611929893493652344e+00,-5.875968933105468750e+00,-6.914093971252441406e+00,-2.086467361450195312e+01,-1.237972545623779297e+01,nan,nan,nan,nan,nan,nan,nan,nan,nan,nan,nan,nan,nan,nan
nan,nan,nan,nan,nan,nan,nan,nan,nan,nan,nan,nan,nan,nan,nan,nan,nan,nan,nan,nan,nan,nan,nan,nan,nan,nan,nan,5.626771926879882812e+00,6.444906234741210938e+00,2.980240345001220703e+00,1.994644999504089355e+00,1.847694814205169678e-01,-7.689204812049865723e-01,9.343744069337844849e-02,3.284505605697631836e-01,3.701691865921020508e+00,nan,nan,nan,nan,nan,nan,nan,nan,nan,nan,nan,nan,nan,nan,nan,nan,nan,nan,nan,nan,nan,nan,nan,nan,nan,nan,nan,nan,nan,nan,nan,nan,nan,nan,nan,nan,nan,nan,nan,nan,nan,nan,nan,nan,nan,nan,nan,nan,nan,nan,nan,nan,nan,nan,nan,nan,nan,nan,nan,nan,nan,nan,nan,nan,nan,nan,nan,nan,nan,-3.924939632415771484e+00,-4.212693214416503906e+00,-6.429000377655029297e+00,-7.226653099060058594e+00,-1.540622711181640625e+01,-1.226221084594726562e+01,nan,nan,nan,nan,nan,nan,nan,nan,nan,nan,nan,nan,nan,nan
nan,nan,nan,nan,nan,nan,nan,nan,nan,nan,nan,nan,nan,nan,nan,nan,nan,nan,nan,nan,nan,nan,nan,nan,nan,nan,nan,2.796691417694091797e+00,-7.101250290870666504e-01,7.126682758331298828e+00,-1.573689937591552734e+00,-3.936331346631050110e-02,1.124489784240722656e+00,1.210513710975646973e+00,3.781299114227294922e+00,6.432861804962158203e+00,nan,nan,nan,nan,nan,nan,nan,nan,nan,nan,nan,nan,nan,nan,nan,nan,nan,nan,nan,nan,nan,nan,nan,nan,nan,nan,nan,nan,nan,nan,nan,nan,nan,nan,nan,nan,nan,nan,nan,nan,nan,nan,nan,nan,nan,nan,nan,nan,nan,nan,nan,nan,nan,nan,nan,nan,nan,nan,nan,nan,nan,nan,nan,nan,nan,nan,nan,-7.941492080688476562e+00,-1.118945553898811340e-01,-1.555670619010925293e+00,-1.109429550170898438e+01,-8.146684646606445312e+00,-1.067939567565917969e+01,-1.146523475646972656e+01,-1.246105861663818359e+01,nan,nan,nan,nan,nan,nan,nan,nan,nan,nan,nan,nan,nan,nan
nan,nan,nan,nan,nan,nan,nan,nan,nan,nan,nan,nan,nan,nan,nan,nan,nan,nan,nan,nan,nan,nan,nan,nan,nan,nan,nan,1.045390605926513672e+01,1.342445278167724609e+01,1.852386856079101562e+01,1.255515766143798828e+01,5.087398052215576172e+00,5.862385749816894531e+00,7.411125183105468750e+00,6.186553478240966797e+00,5.491394519805908203e+00,6.098161697387695312e+00,nan,nan,nan,nan,nan,nan,nan,nan,nan,nan,nan,nan,nan,nan,nan,nan,nan,nan,nan,nan,nan,nan,nan,nan,nan,nan,nan,nan,nan,nan,nan,nan,nan,nan,nan,nan,nan,nan,nan,nan,nan,nan,nan,nan,nan,nan,nan,nan,nan,nan,nan,nan,nan,nan,nan,nan,nan,nan,nan,nan,nan,nan,nan,nan,nan,-6.954910755157470703e+00,-6.014811992645263672e+00,-3.647660017013549805e+00,-1.567107868194580078e+01,-9.305849075317382812e+00,-6.852513313293457031e+00,-1.101163101196289062e+01,nan,nan,nan,nan,nan,nan,nan,nan,nan,nan,nan,nan,nan,nan,nan,nan
nan,nan,nan,nan,nan,nan,nan,nan,nan,nan,nan,nan,nan,nan,nan,nan,nan,nan,nan,nan,nan,nan,nan,nan,nan,nan,nan,nan,1.984111595153808594e+01,2.059017372131347656e+01,2.106815910339355469e+01,1.229702949523925781e+01,8.735504150390625000e+00,1.072774791717529297e+01,7.745602607727050781e+00,4.964094161987304688e+00,4.987621307373046875e+00,nan,nan,nan,nan,nan,nan,nan,nan,nan,nan,nan,nan,nan,nan,nan,nan,nan,nan,nan,nan,nan,nan,nan,nan,nan,nan,nan,nan,nan,nan,nan,nan,nan,nan,nan,nan,nan,nan,nan,nan,nan,nan,nan,nan,nan,nan,nan,nan,nan,nan,nan,nan,nan,nan,nan,nan,nan,nan,nan,nan,nan,nan,nan,nan,nan,nan,-3.275660991668701172e+00,-8.386270523071289062e+00,-1.510730552673339844e+01,-2.024865913391113281e+01,-3.001960754394531250e+01,nan,nan,nan,nan,nan,nan,nan,nan,nan,nan,nan,nan,nan,nan,nan,nan,nan
nan,nan,nan,nan,nan,nan,nan,nan,nan,nan,nan,nan,nan,nan,nan,nan,nan,nan,nan,nan,nan,nan,nan,nan,nan,nan,nan,nan,1.593103313446044922e+01,2.707781982421875000e+01,2.934004211425781250e+01,2.886704254150390625e+01,1.784612464904785156e+01,1.308148860931396484e+01,8.528581619262695312e+00,5.091497898101806641e+00,3.577567815780639648e+00,7.130249977111816406e+00,nan,nan,nan,nan,nan,nan,nan,nan,nan,nan,nan,nan,nan,nan,nan,nan,nan,nan,nan,nan,nan,nan,nan,nan,nan,nan,nan,nan,nan,nan,nan,nan,nan,nan,nan,nan,nan,nan,nan,nan,nan,nan,nan,nan,nan,nan,nan,nan,nan,nan,nan,nan,nan,nan,nan,nan,nan,nan,nan,nan,nan,nan,nan,nan,-6.485671520233154297e+00,-3.716910362243652344e+00,-9.525711059570312500e+00,-1.646454238891601562e+01,-1.879687500000000000e+01,-2.806641387939453125e+01,-1.283648395538330078e+01,nan,nan,nan,nan,nan,nan,nan,nan,nan,nan,nan,nan,nan,nan,nan,nan
nan,nan,nan,nan,nan,nan,nan,nan,nan,nan,nan,nan,nan,nan,nan,nan,nan,nan,nan,nan,nan,nan,nan,nan,nan,nan,nan,nan,nan,nan,3.295713806152343750e+01,3.424214553833007812e+01,2.431317138671875000e+01,1.553226375579833984e+01,1.008841228485107422e+01,6.539222717285156250e+00,3.162906169891357422e+00,1.183097809553146362e-01,nan,nan,nan,nan,nan,nan,nan,nan,nan,nan,nan,nan,nan,nan,nan,nan,nan,nan,nan,nan,nan,nan,nan,nan,nan,nan,nan,nan,nan,nan,nan,nan,nan,nan,nan,nan,nan,nan,nan,nan,nan,nan,nan,nan,nan,nan,nan,nan,nan,nan,nan,nan,nan,nan,nan,nan,nan,nan,nan,nan,nan,nan,nan,nan,-5.467746734619140625e+00,1.493140101432800293e+00,-8.918481826782226562e+00,-6.456450462341308594e+00,-1.248499488830566406e+01,-1.150683784484863281e+01,nan,nan,nan,nan,nan,nan,nan,nan,nan,nan,nan,nan,nan,nan,nan,nan,nan
nan,nan,nan,nan,nan,nan,nan,nan,nan,nan,nan,nan,nan,nan,nan,nan,nan,nan,nan,nan,nan,nan,nan,nan,nan,nan,nan,nan,nan,nan,nan,3.320250320434570312e+01,3.129680442810058594e+01,2.023613739013671875e+01,1.264916610717773438e+01,9.895207405090332031e+00,5.807302951812744141e+00,2.502901077270507812e+00,nan,nan,nan,nan,nan,nan,nan,nan,nan,nan,nan,nan,nan,nan,nan,nan,nan,nan,nan,nan,nan,nan,nan,nan,nan,nan,nan,nan,nan,nan,nan,nan,nan,nan,nan,nan,nan,nan,nan,nan,nan,nan,nan,nan,nan,nan,nan,nan,nan,nan,nan,nan,nan,nan,nan,nan,nan,nan,nan,nan,nan,nan,nan,nan,-1.060876250267028809e+00,3.869414329528808594e+00,-1.245215320587158203e+01,-9.982378959655761719e+00,nan,nan,nan,nan,nan,nan,nan,nan,nan,nan,nan,nan,nan,nan,nan,nan,nan,nan,nan
nan,nan,nan,nan,nan,nan,nan,nan,nan,nan,nan,nan,nan,nan,nan,nan,nan,nan,nan,nan,nan,nan,nan,nan,nan,nan,nan,nan,nan,nan,nan,nan,2.881935501098632812e+01,2.491866111755371094e+01,1.360461807250976562e+01,1.085151290893554688e+01,5.897654533386230469e+00,3.738145351409912109e+00,nan,nan,6.382109165191650391e+00,nan,nan,nan,nan,nan,nan,nan,nan,nan,nan,nan,nan,nan,nan,nan,nan,nan,nan,nan,nan,nan,nan,nan,nan,nan,nan,nan,nan,nan,nan,nan,nan,nan,nan,nan,nan,nan,nan,nan,nan,nan,nan,nan,nan,nan,nan,nan,nan,nan,nan,nan,nan,nan,nan,nan,nan,nan,nan,nan,-1.032503470778465271e-01,1.001796126365661621e+00,-4.194637298583984375e+00,-4.607899665832519531e+00,-1.156367683410644531e+01,nan,nan,nan,nan,nan,nan,nan,nan,nan,nan,nan,nan,nan,nan,nan,nan,nan,nan,nan,nan
nan,nan,nan,nan,nan,nan,nan,nan,nan,nan,nan,nan,nan,nan,nan,nan,nan,nan,nan,nan,nan,nan,nan,nan,nan,nan,nan,nan,nan,nan,nan,nan,1.615272712707519531e+01,2.714957809448242188e+01,1.770242500305175781e+01,1.383634281158447266e+01,9.695402145385742188e+00,5.367175579071044922e+00,2.123154163360595703e+00,2.199169874191284180e+00,3.536412239074707031e+00,6.442107677459716797e+00,nan,nan,nan,nan,nan,nan,nan,nan,nan,nan,nan,nan,nan,nan,nan,nan,nan,nan,nan,nan,nan,nan,nan,nan,nan,nan,nan,nan,nan,nan,nan,nan,nan,nan,nan,nan,nan,nan,nan,nan,nan,nan,nan,nan,nan,nan,nan,nan,nan,nan,nan,nan,nan,nan,nan,nan,nan,nan,4.691501617431640625e+00,1.666265249252319336e+00,-3.277950525283813477e+00,-8.393660545349121094e+00,-1.117300796508789062e+01,nan,nan,nan,nan,nan,nan,nan,nan,nan,nan,nan,nan,nan,nan,nan,nan,nan,nan,nan,nan
nan,nan,nan,nan,nan,nan,nan,nan,nan,nan,nan,nan,nan,nan,nan,nan,nan,nan,nan,nan,nan,nan,nan,nan,nan,nan,nan,nan,nan,nan,nan,nan,nan,1.778184890747070312e+01,1.712627983093261719e+01,1.129364967346191406e+01,8.690846443176269531e+00,9.245851516723632812e+00,1.030056953430175781e+01,8.486457824707031250e+00,5.777336120605468750e+00,5.524551391601562500e+00,6.231233119964599609e+00,nan,nan,nan,nan,nan,nan,nan,nan,nan,nan,nan,nan,nan,nan,nan,nan,nan,nan,nan,nan,nan,nan,nan,nan,nan,nan,nan,nan,nan,nan,nan,nan,nan,nan,nan,nan,nan,nan,nan,nan,nan,nan,nan,nan,nan,nan,nan,nan,nan,nan,nan,nan,nan,nan,nan,4.310176849365234375e+00,3.923186779022216797e+00,6.627782821655273438e+00,6.757369518280029297e+00,1.897494912147521973e+00,-5.493400096893310547e+00,-8.382405281066894531e+00,nan,nan,nan,nan,nan,nan,nan,nan,nan,nan,nan,nan,nan,nan,nan,nan,nan,nan,nan,nan
nan,nan,nan,nan,nan,nan,nan,nan,nan,nan,nan,nan,nan,nan,nan,nan,nan,nan,nan,nan,nan,nan,nan,nan,nan,nan,nan,nan,nan,nan,nan,nan,nan,1.550735950469970703e+01,7.090018272399902344e+00,9.749466896057128906e+00,1.162134170532226562e+01,1.297285366058349609e+01,1.202339649200439453e+01,9.902159690856933594e+00,7.701208114624023438e+00,4.758076667785644531e+00,3.030708789825439453e+00,4.335031032562255859e+00,2.802670478820800781e+00,1.589131474494934082e+00,2.120829820632934570e+00,nan,nan,nan,nan,1.576967686414718628e-01,-4.873311221599578857e-01,nan,nan,-3.894738674163818359e+00,-2.514203952159732580e-04,-7.017073631286621094e+00,-8.159028053283691406e+00,-8.645999908447265625e+00,-8.930319786071777344e+00,nan,nan,nan,nan,nan,nan,nan,nan,nan,nan,nan,nan,nan,nan,nan,nan,nan,nan,nan,nan,nan,nan,nan,nan,nan,nan,nan,nan,nan,nan,nan,nan,nan,nan,nan,nan,nan,nan,-1.765099763870239258e+00,8.361359596252441406e+00,3.312735795974731445e+00,6.672638416290283203e+00,-7.294012546539306641e+00,3.490294218063354492e-01,nan,nan,nan,nan,nan,nan,nan,nan,nan,nan,nan,nan,nan,nan,nan,nan,nan,nan,nan,nan
nan,nan,nan,nan,nan,nan,nan,nan,nan,nan,nan,nan,nan,nan,nan,nan,nan,nan,nan,nan,nan,nan,nan,nan,nan,nan,nan,nan,nan,nan,nan,nan,nan,5.203637599945068359e+00,-1.416785120964050293e+00,1.678172230720520020e+00,1.240444850921630859e+01,1.213588333129882812e+01,1.408100223541259766e+01,1.227577590942382812e+01,9.598402976989746094e+00,6.638702392578125000e+00,4.921022891998291016e+00,3.243382453918457031e+00,4.341584205627441406e+00,2.227404594421386719e+00,-1.123363852500915527e+00,2.498493671417236328e+00,1.145824313163757324e+00,2.791478335857391357e-01,-7.385185360908508301e-02,3.817910432815551758e+00,4.538287639617919922e+00,1.058222889900207520e+00,-4.368435859680175781e+00,-1.570205330848693848e+00,-2.791021347045898438e+00,-2.829911231994628906e+00,-5.439790248870849609e+00,-3.040377378463745117e+00,-1.126828670501708984e+01,-2.418788671493530273e+00,-8.746772766113281250e+00,nan,nan,nan,nan,nan,-7.514448165893554688e+00,nan,nan,nan,nan,nan,nan,nan,nan,nan,nan,nan,nan,nan,nan,nan,nan,nan,nan,nan,nan,nan,nan,nan,nan,nan,nan,nan,nan,nan,nan,-1.862704396247863770e+00,7.637029170989990234e+00,1.310881710052490234e+01,1.001515007019042969e+01,4.793548107147216797e+00,1.867700695991516113e+00,nan,nan,nan,nan,nan,nan,nan,nan,nan,nan,nan,nan,nan,nan,nan,nan,nan,nan,nan,nan
nan,nan,nan,nan,nan,nan,nan,nan,nan,nan,nan,nan,nan,nan,nan,nan,nan,nan,nan,nan,nan,nan,nan,nan,nan,nan,nan,nan,nan,nan,nan,nan,nan,3.776444911956787109e+00,-5.235356092453002930e-01,3.417569398880004883e+00,1.230409431457519531e+01,1.430532741546630859e+01,1.639693450927734375e+01,1.627590942382812500e+01,9.205712318420410156e+00,8.810074806213378906e+00,4.586322307586669922e+00,4.032356739044189453e+00,6.364056468009948730e-01,-1.264158487319946289e+00,-1.650100946426391602e+00,2.087705373764038086e+00,1.435227632522583008e+00,-1.374047994613647461e+00,1.272521615028381348e+00,3.578761100769042969e+00,2.519542694091796875e+00,9.927529096603393555e-01,-8.057634234428405762e-01,-1.963466405868530273e+00,-4.997057437896728516e+00,-9.203583717346191406e+00,-1.156166648864746094e+01,-1.167975711822509766e+01,-1.617182350158691406e+01,-9.752883911132812500e+00,-3.243253946304321289e+00,1.198575258255004883e+00,-2.011145830154418945e+00,-2.505110979080200195e+00,-6.869026184082031250e+00,-7.169480323791503906e+00,-7.941842079162597656e+00,nan,nan,nan,nan,nan,nan,nan,nan,nan,nan,nan,nan,nan,nan,nan,nan,nan,nan,nan,nan,nan,nan,nan,nan,nan,nan,nan,nan,nan,4.945528984069824219e+00,4.602577209472656250e+00,nan,4.333255767822265625e+00,2.690584182739257812e+01,3.831115961074829102e+00,nan,nan,nan,nan,nan,nan,nan,nan,nan,nan,nan,nan,nan,nan,nan,nan,nan,nan,nan,nan,nan
nan,nan,nan,nan,nan,nan,nan,nan,nan,nan,nan,nan,nan,nan,nan,nan,nan,nan,nan,nan,nan,nan,nan,nan,nan,nan,nan,nan,nan,nan,nan,nan,nan,-7.733023643493652344e+00,-3.178131282329559326e-01,8.516472816467285156e+00,1.447661018371582031e+01,1.766191291809082031e+01,1.669891357421875000e+01,1.611274909973144531e+01,1.224106311798095703e+01,1.425647926330566406e+01,1.535771560668945312e+01,6.596154212951660156e+00,3.377660989761352539e+00,-3.487701117992401123e-01,1.045182108879089355e+00,1.975162029266357422e+00,2.282512664794921875e+00,-2.574230909347534180e+00,-3.392210483551025391e+00,-4.190412998199462891e+00,-7.149986028671264648e-01,9.543095827102661133e-01,-7.441832423210144043e-01,-4.334042072296142578e+00,-6.610169410705566406e+00,-9.561876296997070312e+00,-1.915421295166015625e+01,-1.865720367431640625e+01,-1.398014640808105469e+01,-6.697047710418701172e+00,-1.085119819641113281e+01,-3.894256114959716797e+00,-1.072469520568847656e+01,-5.189985752105712891e+00,-8.476384282112121582e-01,nan,nan,nan,nan,nan,nan,nan,nan,nan,nan,nan,nan,nan,nan,nan,nan,nan,nan,nan,nan,nan,nan,nan,nan,nan,nan,nan,nan,nan,nan,nan,5.003507137298583984e+00,5.132321834564208984e+00,nan,nan,nan,5.874486923217773438e+00,nan,nan,nan,nan,nan,nan,nan,nan,nan,nan,nan,nan,nan,nan,nan,nan,nan,nan,nan,nan,nan
nan,nan,nan,nan,nan,nan,nan,nan,nan,nan,nan,nan,nan,nan,nan,nan,nan,nan,nan,nan,nan,nan,nan,nan,nan,nan,nan,nan,nan,nan,nan,nan,nan,6.955771923065185547e+00,-5.379335880279541016e+00,1.023194694519042969e+01,1.537160968780517578e+01,1.794108200073242188e+01,1.813159751892089844e+01,1.753283882141113281e+01,1.691715240478515625e+01,1.444713592529296875e+01,1.609433746337890625e+01,1.043855667114257812e+01,4.642407894134521484e+00,3.503341197967529297e+00,2.194489955902099609e+00,2.505789756774902344e+00,5.964860320091247559e-01,-3.583517968654632568e-01,-2.950208425521850586e+00,-3.498980522155761719e+00,-2.118139982223510742e+00,1.876422047615051270e+00,-1.731776118278503418e+00,-5.865373611450195312e+00,-8.841320991516113281e+00,-1.615472793579101562e+01,-1.959180641174316406e+01,-1.918642997741699219e+01,-1.321833229064941406e+01,-9.640195846557617188e+00,-8.624996185302734375e+00,-5.986313343048095703e+00,-1.243437671661376953e+01,-1.561349105834960938e+01,-8.267958641052246094e+00,-7.703986644744873047e+00,nan,nan,nan,nan,nan,nan,nan,nan,nan,nan,nan,nan,nan,nan,nan,nan,nan,nan,nan,nan,nan,nan,nan,nan,nan,nan,nan,nan,nan,1.898258566856384277e+00,4.533689022064208984e+00,nan,nan,nan,nan,nan,nan,nan,nan,nan,nan,nan,nan,nan,nan,nan,nan,nan,nan,nan,nan,nan,nan,nan,nan,nan,nan
nan,nan,nan,nan,nan,nan,nan,nan,nan,nan,nan,nan,nan,nan,nan,nan,nan,nan,nan,nan,nan,nan,nan,nan,nan,nan,nan,nan,nan,nan,nan,nan,nan,nan,-8.795655369758605957e-01,2.710555076599121094e+00,1.040191555023193359e+01,1.916437530517578125e+01,1.693601799011230469e+01,1.458649063110351562e+01,1.444235610961914062e+01,1.505992031097412109e+01,1.475728607177734375e+01,1.539065074920654297e+01,1.016436767578125000e+01,9.458081245422363281e+00,6.920801639556884766e+00,-8.322361707687377930e-01,-6.157114982604980469e+00,-5.457791328430175781e+00,-3.162406921386718750e+00,-4.336615085601806641e+00,-9.967529773712158203e-01,-1.788666605949401855e+00,-4.355281352996826172e+00,-8.104307174682617188e+00,-9.302481651306152344e+00,-1.769081115722656250e+01,-1.742827987670898438e+01,-1.577267551422119141e+01,-9.724039077758789062e+00,-9.533308982849121094e+00,-5.066741466522216797e+00,-4.408961772918701172e+00,-8.858252525329589844e+00,-1.445828342437744141e+01,-1.652762222290039062e+01,-5.388414859771728516e+00,-7.832247257232666016e+00,nan,nan,nan,nan,nan,nan,nan,nan,nan,nan,nan,nan,nan,nan,nan,nan,nan,nan,nan,nan,nan,nan,nan,nan,nan,nan,2.836123667657375336e-02,-3.178728222846984863e-01,-6.345473527908325195e-01,4.025576591491699219e+00,nan,nan,nan,nan,nan,nan,nan,nan,nan,nan,nan,nan,nan,nan,nan,nan,nan,nan,nan,nan,nan,nan,nan,nan,nan,nan
nan,nan,nan,nan,nan,nan,nan,nan,nan,nan,nan,nan,nan,nan,nan,nan,nan,nan,nan,nan,nan,nan,nan,nan,nan,nan,nan,nan,nan,nan,nan,nan,nan,nan,4.548337936401367188e+00,5.670240879058837891e+00,9.298195838928222656e+00,1.780901145935058594e+01,1.801598548889160156e+01,1.523519039154052734e+01,1.278856945037841797e+01,1.609975242614746094e+01,1.528823661804199219e+01,1.306200122833251953e+01,1.470692348480224609e+01,1.374074935913085938e+01,7.004570007324218750e+00,4.264068126678466797e+00,-6.004310250282287598e-01,-5.829530715942382812e+00,-5.053358078002929688e+00,-4.903352260589599609e+00,-6.050967216491699219e+00,-9.427346229553222656e+00,-9.707606315612792969e+00,-9.479921340942382812e+00,-1.045302581787109375e+01,-1.250633621215820312e+01,-1.506051254272460938e+01,-1.495772743225097656e+01,-1.054127407073974609e+01,-2.959855794906616211e+00,5.962836742401123047e+00,4.228626728057861328e+00,-6.500154495239257812e+00,-1.333666419982910156e+01,-1.063727188110351562e+01,-4.037477016448974609e+00,nan,nan,nan,nan,nan,nan,nan,nan,nan,nan,nan,nan,nan,nan,nan,nan,nan,nan,nan,nan,nan,nan,nan,nan,nan,nan,nan,nan,1.455060362815856934e+00,1.750948578119277954e-01,nan,nan,nan,nan,nan,nan,nan,nan,nan,nan,nan,nan,nan,nan,nan,nan,nan,nan,nan,nan,nan,nan,nan,nan,nan,nan,nan
nan,nan,nan,nan,nan,nan,nan,nan,nan,nan,nan,nan,nan,nan,nan,nan,nan,nan,nan,nan,nan,nan,nan,nan,nan,nan,nan,nan,nan,nan,nan,nan,nan,nan,8.555646896362304688e+00,9.237562179565429688e+00,1.659498405456542969e+01,1.736109352111816406e+01,1.787095069885253906e+01,1.972766876220703125e+01,1.677283287048339844e+01,1.473115539550781250e+01,1.649967956542968750e+01,1.521256542205810547e+01,1.413934612274169922e+01,1.213453292846679688e+01,7.412372589111328125e+00,5.716816425323486328e+00,1.275449872016906738e+00,-3.635214805603027344e+00,-3.843681573867797852e+00,-3.774707317352294922e+00,-8.738459587097167969e+00,-1.092185974121093750e+01,-1.062959861755371094e+01,-1.186964511871337891e+01,-1.137187194824218750e+01,-1.224233627319335938e+01,-1.405379199981689453e+01,-1.439114189147949219e+01,-1.497701263427734375e+01,-2.382925748825073242e+00,1.407747030258178711e+00,1.961443781852722168e+00,-8.570195198059082031e+00,-7.326029777526855469e+00,-3.432698011398315430e+00,nan,nan,nan,nan,nan,nan,nan,nan,nan,nan,nan,nan,nan,nan,nan,nan,nan,nan,nan,nan,nan,nan,nan,nan,nan,nan,nan,nan,1.598696947097778320e+00,9.017701745033264160e-01,nan,nan,nan,nan,nan,nan,nan,nan,nan,nan,nan,nan,nan,nan,nan,nan,nan,nan,nan,nan,nan,nan,nan,nan,nan,nan,nan,nan
nan,nan,nan,nan,nan,nan,nan,nan,nan,nan,nan,nan,nan,nan,nan,nan,nan,nan,nan,nan,nan,nan,nan,nan,nan,nan,nan,nan,nan,nan,nan,nan,nan,5.140892505645751953e+00,6.317704200744628906e+00,1.264329147338867188e+01,1.091448783874511719e+01,6.742268085479736328e+00,6.809999465942382812e+00,9.519458770751953125e+00,1.269853305816650391e+01,1.252234172821044922e+01,1.340444564819335938e+01,1.584928321838378906e+01,1.702205085754394531e+01,1.446877574920654297e+01,1.157798385620117188e+01,5.353394031524658203e+00,7.222121953964233398e-01,-4.344678401947021484e+00,-4.274246692657470703e+00,-4.302685737609863281e+00,-8.564716339111328125e+00,-1.055467987060546875e+01,-1.015183067321777344e+01,-8.766649246215820312e+00,-1.225623321533203125e+01,-1.214266395568847656e+01,-1.133309459686279297e+01,-1.213388919830322266e+01,-8.198641777038574219e+00,-1.394314098358154297e+01,-6.818109035491943359e+00,-7.328279018402099609e+00,-1.565147995948791504e+00,-5.408160686492919922e+00,-4.976659774780273438e+00,nan,nan,nan,nan,nan,nan,nan,nan,nan,nan,nan,nan,nan,nan,nan,nan,nan,nan,nan,nan,nan,nan,nan,nan,nan,nan,nan,2.846408843994140625e+00,2.163392305374145508e+00,nan,nan,nan,nan,nan,nan,nan,nan,nan,nan,nan,nan,nan,nan,nan,nan,nan,nan,nan,nan,nan,nan,nan,nan,nan,nan,nan,nan,nan
nan,nan,nan,nan,nan,nan,nan,nan,nan,nan,nan,nan,nan,nan,nan,nan,nan,nan,nan,nan,nan,nan,nan,nan,nan,nan,nan,nan,nan,nan,nan,nan,7.042620182037353516e+00,6.841438770294189453e+00,5.909185409545898438e+00,9.773776054382324219e+00,7.550802707672119141e+00,5.945332050323486328e+00,8.622192382812500000e+00,1.009372043609619141e+01,1.132488536834716797e+01,1.311984062194824219e+01,1.419125747680664062e+01,1.745568466186523438e+01,2.451789855957031250e+01,2.142003440856933594e+01,9.308610916137695312e+00,6.781733036041259766e+00,1.240145206451416016e+00,-6.613282680511474609e+00,-9.591753005981445312e+00,-1.046242618560791016e+01,-9.361094474792480469e+00,-8.693903923034667969e+00,-9.386046409606933594e+00,-7.745560646057128906e+00,-9.373620033264160156e+00,-1.026730442047119141e+01,-1.132155895233154297e+01,-1.241167163848876953e+01,-1.320990467071533203e+01,-1.440281391143798828e+01,-5.853971958160400391e+00,-5.710420608520507812e+00,3.983944654464721680e-01,-2.101712465286254883e+00,nan,nan,nan,nan,nan,nan,nan,nan,nan,nan,nan,nan,nan,nan,nan,nan,nan,nan,nan,nan,nan,nan,nan,nan,nan,nan,nan,nan,3.419519901275634766e+00,2.764156103134155273e+00,nan,nan,nan,nan,nan,nan,nan,nan,nan,nan,nan,nan,nan,nan,nan,nan,nan,nan,nan,nan,nan,nan,nan,nan,nan,nan,nan,nan,nan
nan,nan,nan,nan,nan,nan,nan,nan,nan,nan,nan,nan,nan,nan,nan,nan,nan,nan,nan,nan,nan,nan,nan,nan,nan,nan,nan,nan,nan,nan,nan,nan,7.280594348907470703e+00,6.434676647186279297e+00,7.289787292480468750e+00,8.495250701904296875e+00,1.084038734436035156e+01,9.941316604614257812e+00,1.125403499603271484e+01,1.113985729217529297e+01,1.069102859497070312e+01,1.202371120452880859e+01,1.730309486389160156e+01,1.947319030761718750e+01,2.401137161254882812e+01,2.426746559143066406e+01,1.284487819671630859e+01,5.556386470794677734e+00,7.472668886184692383e-01,-6.210487842559814453e+00,-1.073924636840820312e+01,-1.107119178771972656e+01,-9.656560897827148438e+00,-1.140822792053222656e+01,-1.190471649169921875e+01,-1.049840354919433594e+01,-1.161931610107421875e+01,-1.284270381927490234e+01,-1.179124546051025391e+01,-1.180962657928466797e+01,-1.589787769317626953e+01,-1.413080978393554688e+01,-3.237807035446166992e+00,-4.054591178894042969e+00,-2.287630319595336914e+00,1.456376314163208008e+00,-3.934110641479492188e+00,nan,nan,nan,nan,nan,nan,nan,nan,nan,nan,nan,nan,nan,nan,nan,nan,nan,nan,nan,nan,nan,nan,nan,nan,9.487527847290039062e+00,nan,nan,4.422821044921875000e+00,4.132418632507324219e+00,nan,nan,nan,nan,nan,nan,nan,nan,nan,nan,nan,nan,nan,nan,nan,nan,nan,nan,nan,nan,nan,nan,nan,nan,nan,nan,nan,nan,nan
nan,nan,nan,nan,nan,nan,nan,nan,nan,nan,nan,nan,nan,nan,nan,nan,nan,nan,nan,nan,nan,nan,nan,nan,nan,nan,nan,nan,nan,nan,nan,nan,7.887366294860839844e+00,4.393112182617187500e+00,7.086949825286865234e+00,6.224895477294921875e+00,9.982976913452148438e+00,1.177329444885253906e+01,1.083901405334472656e+01,9.974542617797851562e+00,7.812066078186035156e+00,1.222994422912597656e+01,1.701718330383300781e+01,2.137958526611328125e+01,2.603338241577148438e+01,2.503436851501464844e+01,2.187342834472656250e+01,1.136753749847412109e+01,-1.012268811464309692e-01,-4.017044067382812500e+00,-1.327189540863037109e+01,-1.372700214385986328e+01,-1.010029697418212891e+01,-1.229144001007080078e+01,-1.582440757751464844e+01,-1.393759441375732422e+01,-1.695060920715332031e+01,-1.844808959960937500e+01,-1.665195083618164062e+01,-1.479504680633544922e+01,-1.660477828979492188e+01,-1.060487842559814453e+01,-4.727512359619140625e+00,-1.550987005233764648e+00,-2.936037778854370117e+00,2.268992424011230469e+00,-4.423646628856658936e-01,nan,nan,nan,nan,nan,nan,nan,nan,nan,nan,nan,nan,nan,nan,nan,nan,nan,nan,nan,nan,nan,nan,1.204605197906494141e+01,1.130879306793212891e+01,6.288179874420166016e+00,8.499799728393554688e+00,6.424252033233642578e+00,nan,nan,nan,nan,nan,nan,nan,nan,nan,nan,nan,nan,nan,nan,nan,nan,nan,nan,nan,nan,nan,nan,nan,nan,nan,nan,nan,nan,nan,nan,nan
nan,nan,nan,nan,nan,nan,nan,nan,nan,nan,nan,nan,nan,nan,nan,nan,nan,nan,nan,nan,nan,nan,nan,nan,nan,nan,nan,nan,nan,nan,nan,nan,-9.251462817192077637e-01,5.101294517517089844e+00,6.484247684478759766e+00,7.685949325561523438e+00,7.034386634826660156e+00,1.187004280090332031e+01,1.454760074615478516e+01,1.456982803344726562e+01,1.151347446441650391e+01,1.322227096557617188e+01,1.575156879425048828e+01,2.033229637145996094e+01,2.479441642761230469e+01,2.250365638732910156e+01,2.167372894287109375e+01,1.903666877746582031e+01,4.182539463043212891e+00,-3.273919582366943359e+00,-1.387655353546142578e+01,-1.396294498443603516e+01,-1.483669662475585938e+01,-1.775607872009277344e+01,-1.849756050109863281e+01,-2.131792831420898438e+01,-1.880586051940917969e+01,-1.611303138732910156e+01,-1.886450767517089844e+01,-1.581373214721679688e+01,-1.377139091491699219e+01,-1.003683280944824219e+01,-5.405662536621093750e+00,-2.905227661132812500e+00,-5.253173828125000000e+00,-8.525774002075195312e+00,-7.067162990570068359e+00,3.059566974639892578e+00,-1.916191458702087402e+00,nan,nan,nan,nan,nan,nan,nan,nan,nan,nan,nan,nan,nan,nan,nan,nan,nan,nan,1.357629299163818359e+01,1.292325687408447266e+01,1.242439174652099609e+01,5.813421726226806641e+00,-1.248372793197631836e+00,3.423426389694213867e+00,6.578516483306884766e+00,nan,nan,nan,nan,nan,nan,nan,nan,nan,nan,nan,nan,nan,nan,nan,nan,nan,nan,nan,nan,nan,nan,nan,nan,nan,nan,nan,nan,nan,nan,nan
nan,nan,nan,nan,nan,nan,nan,nan,nan,nan,nan,nan,nan,nan,nan,nan,nan,nan,nan,nan,nan,nan,nan,nan,nan,nan,nan,nan,nan,nan,nan,9.215143203735351562e+00,9.584095954895019531e+00,3.450908184051513672e+00,1.083536720275878906e+01,9.627353668212890625e+00,7.490149974822998047e+00,9.984398841857910156e+00,1.046846580505371094e+01,1.131696701049804688e+01,1.216166973114013672e+01,1.385838127136230469e+01,1.929615020751953125e+01,2.353374862670898438e+01,2.280151557922363281e+01,2.288743972778320312e+01,2.378711700439453125e+01,2.365510940551757812e+01,1.084388732910156250e+01,-4.225409626960754395e-01,-7.754143238067626953e+00,-1.302955627441406250e+01,-1.391619682312011719e+01,-1.855986976623535156e+01,-2.410052680969238281e+01,-2.502758979797363281e+01,-1.925491142272949219e+01,-1.959065437316894531e+01,-1.864802360534667969e+01,-1.735434913635253906e+01,-1.465499877929687500e+01,-9.383619308471679688e+00,-1.032368946075439453e+01,-9.712559700012207031e+00,-6.813230514526367188e+00,-1.056655788421630859e+01,-7.255523204803466797e+00,-4.694047927856445312e+00,-1.816352248191833496e+00,-3.319437265396118164e+00,-4.112958908081054688e+00,5.115809917449951172e+00,-1.474202632904052734e+00,-2.968614578247070312e+00,nan,nan,nan,nan,nan,nan,nan,-2.140823364257812500e+00,3.441310644149780273e+00,4.687511444091796875e+00,nan,nan,1.229191875457763672e+01,1.881720352172851562e+01,2.394642639160156250e+01,1.873556518554687500e+01,1.201162052154541016e+01,nan,nan,nan,nan,nan,nan,nan,nan,nan,nan,nan,nan,nan,nan,nan,nan,nan,nan,nan,nan,nan,nan,nan,nan,nan,nan,nan,nan,nan,nan,nan,nan,nan,nan
nan,nan,nan,nan,nan,nan,nan,nan,nan,nan,nan,nan,nan,nan,nan,nan,nan,nan,nan,nan,nan,nan,nan,nan,nan,nan,nan,nan,nan,nan,nan,nan,1.073220252990722656e+01,6.819400310516357422e+00,1.280081939697265625e+01,1.114322662353515625e+01,8.874665260314941406e+00,8.852046012878417969e+00,1.048337364196777344e+01,1.102486801147460938e+01,1.223752117156982422e+01,1.697577857971191406e+01,2.343084144592285156e+01,2.454806709289550781e+01,2.630130386352539062e+01,2.408125495910644531e+01,2.778328514099121094e+01,2.347720527648925781e+01,9.077490806579589844e+00,2.271496057510375977e+00,-4.741461753845214844e+00,-1.132939434051513672e+01,-1.221527004241943359e+01,-1.703596305847167969e+01,-1.963210868835449219e+01,-2.401868820190429688e+01,-2.423619461059570312e+01,-2.196124839782714844e+01,-2.135493850708007812e+01,-1.915051460266113281e+01,-1.774911880493164062e+01,-1.735906982421875000e+01,-1.338866901397705078e+01,-1.175482559204101562e+01,-7.986972332000732422e+00,-5.261479854583740234e+00,-1.281813621520996094e+00,-1.369880557060241699e+00,-1.902159214019775391e+00,1.561994254589080811e-01,-1.719927668571472168e+00,1.505527973175048828e+00,-2.360415935516357422e+00,-5.824437618255615234e+00,-3.546934604644775391e+00,2.557640790939331055e+00,1.378223299980163574e-01,-8.103058815002441406e+00,-2.298332691192626953e+00,-1.660567665100097656e+01,-3.064502954483032227e+00,3.130519628524780273e+00,8.279839515686035156e+00,1.329415988922119141e+01,1.064443016052246094e+01,1.068491363525390625e+01,1.729736709594726562e+01,1.468644428253173828e+01,1.872501754760742188e+01,1.575916194915771484e+01,1.208585071563720703e+01,nan,nan,nan,nan,nan,nan,nan,nan,nan,nan,nan,nan,nan,nan,nan,nan,nan,nan,nan,nan,nan,nan,nan,nan,nan,nan,nan,nan,nan,nan,nan,nan,nan,nan
nan,nan,nan,nan,nan,nan,nan,nan,nan,nan,nan,nan,nan,nan,nan,nan,nan,nan,nan,nan,nan,nan,nan,nan,nan,nan,nan,nan,nan,nan,nan,nan,nan,1.837258720397949219e+01,1.529628753662109375e+01,1.585378646850585938e+01,1.647799682617187500e+01,6.812009811401367188e+00,1.086364459991455078e+01,1.108529472351074219e+01,1.507482147216796875e+01,1.866004371643066406e+01,2.057618522644042969e+01,2.389319038391113281e+01,2.680293464660644531e+01,3.028639984130859375e+01,2.785664558410644531e+01,1.879733467102050781e+01,1.376037788391113281e+01,4.767757892608642578e+00,-1.389663338661193848e+00,-9.705375671386718750e+00,-1.143093776702880859e+01,-1.824079132080078125e+01,-2.081534194946289062e+01,-2.628805732727050781e+01,-2.578808403015136719e+01,-2.821665573120117188e+01,-2.473184967041015625e+01,-2.328949165344238281e+01,-2.061252593994140625e+01,-1.888199043273925781e+01,-1.411616897583007812e+01,-1.319944477081298828e+01,-8.941893577575683594e+00,-8.409358024597167969e+00,4.369069099426269531e+00,1.202564954757690430e+00,-2.360740602016448975e-01,3.051585912704467773e+00,3.308950662612915039e+00,3.151008367538452148e+00,-3.473533630371093750e+00,-4.779509067535400391e+00,3.492932558059692383e+00,-3.303113698959350586e+00,-6.571983814239501953e+00,-1.752078628540039062e+01,-1.307026004791259766e+01,-1.029445266723632812e+01,-1.158292675018310547e+01,3.853972673416137695e+00,1.444532966613769531e+01,1.596906185150146484e+01,1.303255939483642578e+01,5.177444458007812500e+00,1.052423477172851562e+01,1.547996234893798828e+01,1.952666282653808594e+01,4.607725620269775391e+00,nan,nan,nan,nan,nan,nan,nan,nan,nan,nan,nan,nan,nan,nan,nan,nan,nan,nan,nan,nan,nan,nan,nan,nan,nan,nan,nan,nan,nan,nan,nan,nan,nan,nan,nan
nan,nan,nan,nan,nan,nan,nan,nan,nan,nan,nan,nan,nan,nan,nan,nan,nan,nan,nan,nan,nan,nan,nan,nan,nan,nan,nan,nan,nan,nan,nan,nan,1.260137939453125000e+01,1.788599586486816406e+01,1.680473709106445312e+01,1.666472053527832031e+01,1.540794754028320312e+01,1.481554126739501953e+01,1.265590572357177734e+01,1.539581871032714844e+01,2.031060409545898438e+01,2.472163391113281250e+01,2.106702613830566406e+01,2.433937263488769531e+01,2.641285324096679688e+01,3.043015098571777344e+01,2.445847892761230469e+01,1.818529129028320312e+01,1.464241504669189453e+01,9.572804450988769531e+00,-8.289460539817810059e-01,-4.688353538513183594e+00,-1.002842235565185547e+01,-1.607375907897949219e+01,-2.031370925903320312e+01,-2.784310913085937500e+01,-2.685913848876953125e+01,-3.321005249023437500e+01,-2.902158355712890625e+01,-2.584222793579101562e+01,-2.303443908691406250e+01,-2.169427680969238281e+01,-1.233687877655029297e+01,-1.176623916625976562e+01,-9.865987777709960938e+00,-9.980146408081054688e+00,2.878018856048583984e+00,1.899248003959655762e+00,1.044935658574104309e-01,3.615333318710327148e+00,3.987458348274230957e-02,5.021061301231384277e-01,-2.914204120635986328e+00,-2.167632579803466797e+00,-6.182965755462646484e+00,-1.117801570892333984e+01,-1.403965759277343750e+01,-1.769750022888183594e+01,-1.898437500000000000e+01,-2.499869155883789062e+01,-2.589162826538085938e+01,-1.023450374603271484e+01,1.071294879913330078e+01,1.289616489410400391e+01,1.527528095245361328e+01,5.707052230834960938e+00,6.469073295593261719e+00,1.802586555480957031e+01,1.516695117950439453e+01,1.154112243652343750e+01,nan,nan,nan,nan,nan,nan,nan,nan,nan,nan,nan,nan,nan,nan,nan,nan,nan,nan,nan,nan,nan,nan,nan,nan,nan,nan,nan,nan,nan,nan,nan,nan,nan,nan,nan
nan,nan,nan,nan,nan,nan,nan,nan,nan,nan,nan,nan,nan,nan,nan,nan,nan,nan,nan,nan,nan,nan,nan,nan,nan,nan,nan,nan,nan,nan,nan,nan,1.365799999237060547e+01,1.269675350189208984e+01,1.422449874877929688e+01,1.639578056335449219e+01,1.559240627288818359e+01,1.493432235717773438e+01,1.574161529541015625e+01,1.884479331970214844e+01,2.622017478942871094e+01,2.667738533020019531e+01,2.750877952575683594e+01,2.833127212524414062e+01,2.818360900878906250e+01,2.318504142761230469e+01,2.463901138305664062e+01,1.781756973266601562e+01,1.603473472595214844e+01,1.245918178558349609e+01,2.678678333759307861e-01,-6.326189517974853516e+00,-1.086401367187500000e+01,-1.378938865661621094e+01,-2.071987152099609375e+01,-2.330480766296386719e+01,-2.581902694702148438e+01,-2.447554016113281250e+01,-2.690453338623046875e+01,-2.793751716613769531e+01,-2.430020332336425781e+01,-2.513509750366210938e+01,-1.725432395935058594e+01,-1.327304744720458984e+01,-1.098435688018798828e+01,-1.047591018676757812e+01,-3.674081087112426758e+00,1.806563019752502441e+00,4.078863143920898438e+00,3.844449520111083984e+00,1.868331581354141235e-01,-6.264420032501220703e+00,nan,nan,-8.424244880676269531e+00,-1.216047382354736328e+01,-1.256585979461669922e+01,-1.188787364959716797e+01,-1.449150466918945312e+01,-2.795002365112304688e+01,-2.834980010986328125e+01,-2.144812202453613281e+01,-1.649757623672485352e+00,7.977212905883789062e+00,8.261756896972656250e+00,-8.882909417152404785e-01,-2.040633440017700195e+00,6.022092342376708984e+00,1.122193145751953125e+01,1.160801410675048828e+01,nan,nan,nan,nan,nan,nan,nan,nan,nan,nan,nan,nan,nan,nan,nan,nan,nan,nan,nan,nan,nan,nan,nan,nan,nan,nan,nan,nan,nan,nan,nan,nan,nan,nan,nan
nan,nan,nan,nan,nan,nan,nan,nan,nan,nan,nan,nan,nan,nan,nan,nan,nan,nan,nan,nan,nan,nan,nan,nan,nan,nan,nan,nan,nan,nan,nan,nan,nan,1.231000995635986328e+01,9.519330978393554688e+00,1.879403877258300781e+01,2.086702728271484375e+01,1.975191307067871094e+01,1.850900459289550781e+01,1.842213058471679688e+01,2.033971405029296875e+01,2.396179771423339844e+01,2.731621742248535156e+01,2.727611160278320312e+01,2.803013992309570312e+01,2.420183372497558594e+01,2.265305709838867188e+01,1.541595745086669922e+01,1.387423324584960938e+01,1.143587684631347656e+01,-1.541246533393859863e+00,-4.331127166748046875e+00,-9.145998001098632812e+00,-1.394917011260986328e+01,-2.070401000976562500e+01,-2.170322418212890625e+01,-2.902089309692382812e+01,-2.988279914855957031e+01,-2.714237785339355469e+01,-2.238007164001464844e+01,-1.632831382751464844e+01,-2.364531898498535156e+01,-2.124746513366699219e+01,-1.814138221740722656e+01,-1.467219448089599609e+01,-1.063859748840332031e+01,-1.020688247680664062e+01,-1.610729813575744629e+00,3.085328340530395508e+00,3.224947214126586914e+00,8.492397665977478027e-01,-6.148189544677734375e+00,-3.992583513259887695e+00,-8.610458374023437500e+00,nan,-3.837999582290649414e+00,-1.963303184509277344e+01,-2.705603599548339844e+01,-2.195943260192871094e+01,-1.444165611267089844e+01,-1.684552192687988281e+01,-8.715571403503417969e+00,3.090849685668945312e+01,3.022944068908691406e+01,3.699786663055419922e+00,7.286601066589355469e+00,2.552976131439208984e+00,1.041743183135986328e+01,nan,nan,nan,nan,nan,nan,nan,nan,nan,nan,nan,nan,nan,nan,nan,nan,nan,nan,nan,nan,nan,nan,nan,nan,nan,nan,nan,nan,nan,nan,nan,nan,nan,nan,nan,nan,nan
nan,nan,nan,nan,nan,nan,nan,nan,nan,nan,nan,nan,nan,nan,nan,nan,nan,nan,nan,nan,nan,nan,nan,nan,nan,nan,nan,nan,nan,nan,nan,nan,nan,1.541992187500000000e+01,7.129144668579101562e+00,1.445470523834228516e+01,2.096119880676269531e+01,2.006127738952636719e+01,2.423333168029785156e+01,2.271595382690429688e+01,2.481950187683105469e+01,2.091816520690917969e+01,2.807486915588378906e+01,2.881712913513183594e+01,2.663754653930664062e+01,2.693724441528320312e+01,2.369271278381347656e+01,1.879705429077148438e+01,1.031999397277832031e+01,6.283838748931884766e+00,2.090389966964721680e+00,-5.087330818176269531e+00,-9.811453819274902344e+00,-1.599032783508300781e+01,-1.760153007507324219e+01,-2.350342559814453125e+01,-3.073586845397949219e+01,-3.189892196655273438e+01,-2.446825027465820312e+01,-2.316366386413574219e+01,-1.437596797943115234e+01,-1.744501304626464844e+01,-2.417933845520019531e+01,-1.890115547180175781e+01,-1.770262336730957031e+01,-1.254940986633300781e+01,-9.117107391357421875e+00,-3.959104537963867188e+00,-1.944811224937438965e+00,-2.002851247787475586e+00,-7.260751724243164062e+00,-7.723508358001708984e+00,-3.015969991683959961e+00,7.940862178802490234e-01,nan,nan,-8.339138984680175781e+00,-2.432924079895019531e+01,-2.074204635620117188e+01,-2.296508216857910156e+01,-1.888644981384277344e+01,-1.919038772583007812e+01,-1.565876102447509766e+01,-2.471862316131591797e+00,1.779148101806640625e+00,5.708900451660156250e+00,nan,nan,nan,nan,nan,nan,nan,nan,nan,nan,nan,nan,nan,nan,nan,nan,nan,nan,nan,nan,nan,nan,nan,nan,nan,nan,nan,nan,nan,nan,nan,nan,nan,nan,nan,nan,nan,nan,nan
nan,nan,nan,nan,nan,nan,nan,nan,nan,nan,nan,nan,nan,nan,nan,nan,nan,nan,nan,nan,nan,nan,nan,nan,nan,nan,nan,nan,nan,nan,nan,nan,nan,1.564087104797363281e+01,1.138395500183105469e+01,6.305950164794921875e+00,1.327748870849609375e+01,2.182747077941894531e+01,2.556422615051269531e+01,2.583388710021972656e+01,2.847318649291992188e+01,2.767132759094238281e+01,3.300363159179687500e+01,3.177325248718261719e+01,3.203854370117187500e+01,3.611745452880859375e+01,3.555075836181640625e+01,1.639648246765136719e+01,9.312723159790039062e+00,6.186727046966552734e+00,1.055296897888183594e+01,2.443903923034667969e+00,-2.939793586730957031e+00,-1.422869586944580078e+01,-2.061886215209960938e+01,-2.398678207397460938e+01,-2.779351043701171875e+01,-1.758635520935058594e+01,-2.326520156860351562e+01,-1.956225013732910156e+01,-1.413575935363769531e+01,-1.844289207458496094e+01,-2.683081626892089844e+01,-2.307453918457031250e+01,-1.950990486145019531e+01,-1.806248664855957031e+01,-1.280252456665039062e+01,-6.151762485504150391e+00,-4.466567993164062500e+00,-3.653575658798217773e+00,-7.747362136840820312e+00,-1.461002445220947266e+01,-1.665143394470214844e+01,-2.110044240951538086e+00,-1.680070495605468750e+01,-6.582504749298095703e+00,-2.093286323547363281e+01,-2.944105529785156250e+01,-2.542773437500000000e+01,-2.503395843505859375e+01,-2.503177070617675781e+01,nan,-1.869198036193847656e+01,-4.993564605712890625e+00,nan,nan,nan,nan,nan,nan,nan,nan,nan,nan,nan,nan,nan,nan,nan,nan,nan,nan,nan,nan,nan,nan,nan,nan,nan,nan,nan,nan,nan,nan,nan,nan,nan,nan,nan,nan,nan,nan,nan,nan,nan
nan,nan,nan,nan,nan,nan,nan,nan,nan,nan,nan,nan,nan,nan,nan,nan,nan,nan,nan,nan,nan,nan,nan,nan,nan,nan,nan,nan,nan,nan,nan,nan,nan,1.582064056396484375e+01,1.537088394165039062e+01,8.809452056884765625e+00,2.169870758056640625e+01,2.833902359008789062e+01,2.454866981506347656e+01,2.471630668640136719e+01,2.340532875061035156e+01,1.078151416778564453e+01,2.953520393371582031e+01,2.634917068481445312e+01,2.477612495422363281e+01,3.398786544799804688e+01,3.214838790893554688e+01,2.008632850646972656e+01,8.075019836425781250e+00,6.629637718200683594e+00,7.177479267120361328e+00,5.831839442253112793e-01,-6.042870998382568359e+00,-1.732361412048339844e+01,-2.046846199035644531e+01,-2.214581489562988281e+01,-2.072351646423339844e+01,-1.908605194091796875e+01,-1.838692092895507812e+01,-1.859642982482910156e+01,-2.144704818725585938e+01,-2.068484306335449219e+01,-2.212342643737792969e+01,-2.388634109497070312e+01,-2.149729347229003906e+01,-2.109669113159179688e+01,-2.102565002441406250e+01,-1.942019653320312500e+01,-3.791035175323486328e+00,-1.496149539947509766e+00,-3.944723844528198242e+00,-1.914138793945312500e+01,-2.709080123901367188e+01,-2.328323745727539062e+01,-1.899159431457519531e+01,-1.402439403533935547e+01,-1.948851394653320312e+01,-3.572788238525390625e+01,-3.612531280517578125e+01,nan,nan,-1.899703025817871094e+01,-1.367015743255615234e+01,nan,nan,nan,nan,nan,nan,nan,nan,nan,nan,nan,nan,nan,nan,nan,nan,nan,nan,nan,nan,nan,nan,nan,nan,nan,nan,nan,nan,nan,nan,nan,nan,nan,nan,nan,nan,nan,nan,nan,nan,nan,nan
nan,nan,nan,nan,nan,nan,nan,nan,nan,nan,nan,nan,nan,nan,nan,nan,nan,nan,nan,nan,nan,nan,nan,nan,nan,nan,nan,nan,nan,nan,nan,nan,nan,nan,nan,1.447605037689208984e+01,1.940764427185058594e+01,2.545038414001464844e+01,2.686646842956542969e+01,2.851169395446777344e+01,2.339523315429687500e+01,2.664813804626464844e+01,2.646901702880859375e+01,2.652436256408691406e+01,2.459245872497558594e+01,2.162580871582031250e+01,2.826276397705078125e+01,1.664582443237304688e+01,7.025886535644531250e+00,-2.608811259269714355e-01,2.691644668579101562e+00,-9.661921501159667969e+00,-1.252400398254394531e+01,-1.840732765197753906e+01,-5.628736019134521484e+00,-1.596881961822509766e+01,-1.947602844238281250e+01,-1.857063102722167969e+01,-8.667821884155273438e+00,-5.981269359588623047e+00,-8.782803535461425781e+00,-1.821759033203125000e+01,-1.290698242187500000e+01,-1.997566604614257812e+01,-2.288993644714355469e+01,-1.711424064636230469e+01,-2.528240013122558594e+01,-1.673369407653808594e+01,-2.549737215042114258e+00,-3.553450822830200195e+00,-8.671778678894042969e+00,-2.069305801391601562e+01,-2.821280479431152344e+01,-3.157641029357910156e+01,-3.039071464538574219e+01,-2.275036239624023438e+01,-2.454439544677734375e+01,-3.579896163940429688e+01,-3.608201217651367188e+01,nan,nan,-2.242395591735839844e+01,nan,nan,nan,nan,nan,nan,nan,nan,nan,nan,nan,nan,nan,nan,nan,nan,nan,nan,nan,nan,nan,nan,nan,nan,nan,nan,nan,nan,nan,nan,nan,nan,nan,nan,nan,nan,nan,nan,nan,nan,nan,nan,nan
nan,nan,nan,nan,nan,nan,nan,nan,nan,nan,nan,nan,nan,nan,nan,nan,nan,nan,nan,nan,nan,nan,nan,nan,nan,nan,nan,nan,nan,nan,nan,nan,nan,nan,nan,nan,2.371837425231933594e+01,2.002963256835937500e+01,2.047295379638671875e+01,2.962619972229003906e+01,2.459315299987792969e+01,nan,nan,nan,nan,nan,1.696950340270996094e+01,1.232413578033447266e+01,-1.739438176155090332e-01,-3.873790025711059570e+00,-2.382746458053588867e+00,-6.596159458160400391e+00,-1.598167610168457031e+01,-1.928112220764160156e+01,-1.321848583221435547e+01,-1.457231521606445312e+01,-3.143403244018554688e+01,-1.867152023315429688e+01,-2.789190530776977539e+00,-5.932513713836669922e+00,-7.097386360168457031e+00,-1.716393709182739258e+00,nan,nan,-1.437064075469970703e+01,-2.731365013122558594e+01,-2.000613403320312500e+01,-5.324407100677490234e+00,-1.086915779113769531e+01,-1.213283634185791016e+01,-2.199828910827636719e+01,7.666942596435546875e+00,-1.623307228088378906e+01,-2.461643409729003906e+01,-2.967291069030761719e+01,-2.417692947387695312e+01,-3.975207138061523438e+01,-3.821090316772460938e+01,-3.214913558959960938e+01,nan,-2.936379241943359375e+01,-2.855510711669921875e+01,nan,nan,nan,nan,nan,nan,nan,nan,nan,nan,nan,nan,nan,nan,nan,nan,nan,nan,nan,nan,nan,nan,nan,nan,nan,nan,nan,nan,nan,nan,nan,nan,nan,nan,nan,nan,nan,nan,nan,nan,nan,nan,nan
nan,nan,nan,nan,nan,nan,nan,nan,nan,nan,nan,nan,nan,nan,nan,nan,nan,nan,nan,nan,nan,nan,nan,nan,nan,nan,nan,nan,nan,nan,nan,nan,nan,nan,nan,nan,2.125763511657714844e+01,2.177496910095214844e+01,2.175989913940429688e+01,2.343983459472656250e+01,nan,nan,nan,nan,nan,nan,nan,1.075749969482421875e+01,6.396466732025146484e+00,1.994350314140319824e+00,-7.189974188804626465e-01,1.368953883647918701e-01,-1.325401782989501953e+01,-2.009102249145507812e+01,-1.123107910156250000e+01,-1.818505287170410156e+01,-3.625420379638671875e+01,-3.625637435913085938e+01,-9.129813194274902344e+00,-1.287029457092285156e+01,-1.706668663024902344e+01,nan,nan,nan,-1.732838630676269531e+01,-1.690833854675292969e+01,-1.650448417663574219e+01,-1.572189617156982422e+01,-2.589799118041992188e+01,-2.919274330139160156e+01,-2.557950019836425781e+01,-2.692420768737792969e+01,-1.782307815551757812e+01,-2.113787269592285156e+01,-1.590684056282043457e+00,-8.356486320495605469e+00,-4.114388275146484375e+01,-4.099322509765625000e+01,-3.072698211669921875e+01,-3.109896469116210938e+01,nan,nan,nan,nan,nan,nan,nan,nan,nan,nan,nan,nan,nan,nan,nan,nan,nan,nan,nan,nan,nan,nan,nan,nan,nan,nan,nan,nan,nan,nan,nan,nan,nan,nan,nan,nan,nan,nan,nan,nan,nan,nan,nan,nan,nan
nan,nan,nan,nan,nan,nan,nan,nan,nan,nan,nan,nan,nan,nan,nan,nan,nan,nan,nan,nan,nan,nan,nan,nan,nan,nan,nan,nan,nan,nan,nan,nan,nan,nan,nan,nan,nan,2.235406112670898438e+01,nan,nan,nan,nan,nan,nan,nan,nan,nan,nan,nan,nan,nan,nan,-1.098059082031250000e+01,-1.453665924072265625e+01,nan,-1.795263099670410156e+01,-3.230636978149414062e+01,-3.610596084594726562e+01,-1.769572830200195312e+01,nan,nan,nan,nan,nan,nan,-1.725484275817871094e+01,-1.731079101562500000e+01,-1.674124526977539062e+01,-1.663444900512695312e+01,-1.689158630371093750e+01,-2.186143684387207031e+01,-1.739336204528808594e+01,-1.910834693908691406e+01,-2.211700820922851562e+01,-2.493375968933105469e+01,-2.703094673156738281e+01,-2.920464324951171875e+01,-3.520626831054687500e+01,-3.159276390075683594e+01,nan,nan,nan,nan,nan,nan,nan,nan,nan,nan,nan,nan,nan,nan,nan,nan,nan,nan,nan,nan,nan,nan,nan,nan,nan,nan,nan,nan,nan,nan,nan,nan,nan,nan,nan,nan,nan,nan,nan,nan,nan,nan,nan,nan,nan,nan
nan,nan,nan,nan,nan,nan,nan,nan,nan,nan,nan,nan,nan,nan,nan,nan,nan,nan,nan,nan,nan,nan,nan,nan,nan,nan,nan,nan,nan,nan,nan,nan,nan,nan,nan,nan,nan,nan,nan,nan,nan,nan,nan,nan,nan,nan,nan,nan,nan,nan,nan,nan,nan,nan,nan,nan,nan,nan,nan,nan,nan,nan,nan,nan,nan,nan,nan,nan,nan,nan,nan,nan,nan,nan,nan,nan,nan,nan,nan,nan,nan,nan,nan,nan,nan,nan,nan,nan,nan,nan,nan,nan,nan,nan,nan,nan,nan,nan,nan,nan,nan,nan,nan,nan,nan,nan,nan,nan,nan,nan,nan,nan,nan,nan,nan,nan,nan,nan,nan,nan,nan,nan,nan,nan,nan
nan,nan,nan,nan,nan,nan,nan,nan,nan,nan,nan,nan,nan,nan,nan,nan,nan,nan,nan,nan,nan,nan,nan,nan,nan,nan,nan,nan,nan,nan,nan,nan,nan,nan,nan,nan,nan,nan,nan,nan,nan,nan,nan,nan,nan,nan,nan,nan,nan,nan,nan,nan,nan,nan,nan,nan,nan,nan,nan,nan,nan,nan,nan,nan,nan,nan,nan,nan,nan,nan,nan,nan,nan,nan,nan,nan,nan,nan,nan,nan,nan,nan,nan,nan,nan,nan,nan,nan,nan,nan,nan,nan,nan,nan,nan,nan,nan,nan,nan,nan,nan,nan,nan,nan,nan,nan,nan,nan,nan,nan,nan,nan,nan,nan,nan,nan,nan,nan,nan,nan,nan,nan,nan,nan,nan
nan,nan,nan,nan,nan,nan,nan,nan,nan,nan,nan,nan,nan,nan,nan,nan,nan,nan,nan,nan,nan,nan,nan,nan,nan,nan,nan,nan,nan,nan,nan,nan,nan,nan,nan,nan,nan,nan,nan,nan,nan,nan,nan,nan,nan,nan,nan,nan,nan,nan,nan,nan,nan,nan,nan,nan,nan,nan,nan,nan,nan,nan,nan,nan,nan,nan,nan,nan,nan,nan,nan,nan,nan,nan,nan,nan,nan,nan,nan,nan,nan,nan,nan,nan,nan,nan,nan,nan,nan,nan,nan,nan,nan,nan,nan,nan,nan,nan,nan,nan,nan,nan,nan,nan,nan,nan,nan,nan,nan,nan,nan,nan,nan,nan,nan,nan,nan,nan,nan,nan,nan,nan,nan,nan,nan
nan,nan,nan,nan,nan,nan,nan,nan,nan,nan,nan,nan,nan,nan,nan,nan,nan,nan,nan,nan,nan,nan,nan,nan,nan,nan,nan,nan,nan,nan,nan,nan,nan,nan,nan,nan,nan,nan,nan,nan,nan,nan,nan,nan,nan,nan,nan,nan,nan,nan,nan,nan,nan,nan,nan,nan,nan,nan,nan,nan,nan,nan,nan,nan,nan,nan,nan,nan,nan,nan,nan,nan,nan,nan,nan,nan,nan,nan,nan,nan,nan,nan,nan,nan,nan,nan,nan,nan,nan,nan,nan,nan,nan,nan,nan,nan,nan,nan,nan,nan,nan,nan,nan,nan,nan,nan,nan,nan,nan,nan,nan,nan,nan,nan,nan,nan,nan,nan,nan,nan,nan,nan,nan,nan,nan
nan,nan,nan,nan,nan,nan,nan,nan,nan,nan,nan,nan,nan,nan,nan,nan,nan,nan,nan,nan,nan,nan,nan,nan,nan,nan,nan,nan,nan,nan,nan,nan,nan,nan,nan,nan,nan,nan,nan,nan,nan,nan,nan,nan,nan,nan,nan,nan,nan,nan,nan,nan,nan,nan,nan,nan,nan,nan,nan,nan,nan,nan,nan,nan,nan,nan,nan,nan,nan,nan,nan,nan,nan,nan,nan,nan,nan,nan,nan,nan,nan,nan,nan,nan,nan,nan,nan,nan,nan,nan,nan,nan,nan,nan,nan,nan,nan,nan,nan,nan,nan,nan,nan,nan,nan,nan,nan,nan,nan,nan,nan,nan,nan,nan,nan,nan,nan,nan,nan,nan,nan,nan,nan,nan,nan
nan,nan,nan,nan,nan,nan,nan,nan,nan,nan,nan,nan,nan,nan,nan,nan,nan,nan,nan,nan,nan,nan,nan,nan,nan,nan,nan,nan,nan,nan,nan,nan,nan,nan,nan,nan,nan,nan,nan,nan,nan,nan,nan,nan,nan,nan,nan,nan,nan,nan,nan,nan,nan,nan,nan,nan,nan,nan,nan,nan,nan,nan,nan,nan,nan,nan,nan,nan,nan,nan,nan,nan,nan,nan,nan,nan,nan,nan,nan,nan,nan,nan,nan,nan,nan,nan,nan,nan,nan,nan,nan,nan,nan,nan,nan,nan,nan,nan,nan,nan,nan,nan,nan,nan,nan,nan,nan,nan,nan,nan,nan,nan,nan,nan,nan,nan,nan,nan,nan,nan,nan,nan,nan,nan,nan
nan,nan,nan,nan,nan,nan,nan,nan,nan,nan,nan,nan,nan,nan,nan,nan,nan,nan,nan,nan,nan,nan,nan,nan,nan,nan,nan,nan,nan,nan,nan,nan,nan,nan,nan,nan,nan,nan,nan,nan,nan,nan,nan,nan,nan,nan,nan,nan,nan,nan,nan,nan,nan,nan,nan,nan,nan,nan,nan,nan,nan,nan,nan,nan,nan,nan,nan,nan,nan,nan,nan,nan,nan,nan,nan,nan,nan,nan,nan,nan,nan,nan,nan,nan,nan,nan,nan,nan,nan,nan,nan,nan,nan,nan,nan,nan,nan,nan,nan,nan,nan,nan,nan,nan,nan,nan,nan,nan,nan,nan,nan,nan,nan,nan,nan,nan,nan,nan,nan,nan,nan,nan,nan,nan,nan
nan,nan,nan,nan,nan,nan,nan,nan,nan,nan,nan,nan,nan,nan,nan,nan,nan,nan,nan,nan,nan,nan,nan,nan,nan,nan,nan,nan,nan,nan,nan,nan,nan,nan,nan,nan,nan,nan,nan,nan,nan,nan,nan,nan,nan,nan,nan,nan,nan,nan,nan,nan,nan,nan,nan,nan,nan,nan,nan,nan,nan,nan,nan,nan,nan,nan,nan,nan,nan,nan,nan,nan,nan,nan,nan,nan,nan,nan,nan,nan,nan,nan,nan,nan,nan,nan,nan,nan,nan,nan,nan,nan,nan,nan,nan,nan,nan,nan,nan,nan,nan,nan,nan,nan,nan,nan,nan,nan,nan,nan,nan,nan,nan,nan,nan,nan,nan,nan,nan,nan,nan,nan,nan,nan,nan
nan,nan,nan,nan,nan,nan,nan,nan,nan,nan,nan,nan,nan,nan,nan,nan,nan,nan,nan,nan,nan,nan,nan,nan,nan,nan,nan,nan,nan,nan,nan,nan,nan,nan,nan,nan,nan,nan,nan,nan,nan,nan,nan,nan,nan,nan,nan,nan,nan,nan,nan,nan,nan,nan,nan,nan,nan,nan,nan,nan,nan,nan,nan,nan,nan,nan,nan,nan,nan,nan,nan,nan,nan,nan,nan,nan,nan,nan,nan,nan,nan,nan,nan,nan,nan,nan,nan,nan,nan,nan,nan,nan,nan,nan,nan,nan,nan,nan,nan,nan,nan,nan,nan,nan,nan,nan,nan,nan,nan,nan,nan,nan,nan,nan,nan,nan,nan,nan,nan,nan,nan,nan,nan,nan,nan
nan,nan,nan,nan,nan,nan,nan,nan,nan,nan,nan,nan,nan,nan,nan,nan,nan,nan,nan,nan,nan,nan,nan,nan,nan,nan,nan,nan,nan,nan,nan,nan,nan,nan,nan,nan,nan,nan,nan,nan,nan,nan,nan,nan,nan,nan,nan,nan,nan,nan,nan,nan,nan,nan,nan,nan,nan,nan,nan,nan,nan,nan,nan,nan,nan,nan,nan,nan,nan,nan,nan,nan,nan,nan,nan,nan,nan,nan,nan,nan,nan,nan,nan,nan,nan,nan,nan,nan,nan,nan,nan,nan,nan,nan,nan,nan,nan,nan,nan,nan,nan,nan,nan,nan,nan,nan,nan,nan,nan,nan,nan,nan,nan,nan,nan,nan,nan,nan,nan,nan,nan,nan,nan,nan,nan
nan,nan,nan,nan,nan,nan,nan,nan,nan,nan,nan,nan,nan,nan,nan,nan,nan,nan,nan,nan,nan,nan,nan,nan,nan,nan,nan,nan,nan,nan,nan,nan,nan,nan,nan,nan,nan,nan,nan,nan,nan,nan,nan,nan,nan,nan,nan,nan,nan,nan,nan,nan,nan,nan,nan,nan,nan,nan,nan,nan,nan,nan,nan,nan,nan,nan,nan,nan,nan,nan,nan,nan,nan,nan,nan,nan,nan,nan,nan,nan,nan,nan,nan,nan,nan,nan,nan,nan,nan,nan,nan,nan,nan,nan,nan,nan,nan,nan,nan,nan,nan,nan,nan,nan,nan,nan,nan,nan,nan,nan,nan,nan,nan,nan,nan,nan,nan,nan,nan,nan,nan,nan,nan,nan,nan
nan,nan,nan,nan,nan,nan,nan,nan,nan,nan,nan,nan,nan,nan,nan,nan,nan,nan,nan,nan,nan,nan,nan,nan,nan,nan,nan,nan,nan,nan,nan,nan,nan,nan,nan,nan,nan,nan,nan,nan,nan,nan,nan,nan,nan,nan,nan,nan,nan,nan,nan,nan,nan,nan,nan,nan,nan,nan,nan,nan,nan,nan,nan,nan,nan,nan,nan,nan,nan,nan,nan,nan,nan,nan,nan,nan,nan,nan,nan,nan,nan,nan,nan,nan,nan,nan,nan,nan,nan,nan,nan,nan,nan,nan,nan,nan,nan,nan,nan,nan,nan,nan,nan,nan,nan,nan,nan,nan,nan,nan,nan,nan,nan,nan,nan,nan,nan,nan,nan,nan,nan,nan,nan,nan,nan
nan,nan,nan,nan,nan,nan,nan,nan,nan,nan,nan,nan,nan,nan,nan,nan,nan,nan,nan,nan,nan,nan,nan,nan,nan,nan,nan,nan,nan,nan,nan,nan,nan,nan,nan,nan,nan,nan,nan,nan,nan,nan,nan,nan,nan,nan,nan,nan,nan,nan,nan,nan,nan,nan,nan,nan,nan,nan,nan,nan,nan,nan,nan,nan,nan,nan,nan,nan,nan,nan,nan,nan,nan,nan,nan,nan,nan,nan,nan,nan,nan,nan,nan,nan,nan,nan,nan,nan,nan,nan,nan,nan,nan,nan,nan,nan,nan,nan,nan,nan,nan,nan,nan,nan,nan,nan,nan,nan,nan,nan,nan,nan,nan,nan,nan,nan,nan,nan,nan,nan,nan,nan,nan,nan,nan
nan,nan,nan,nan,nan,nan,nan,nan,nan,nan,nan,nan,nan,nan,nan,nan,nan,nan,nan,nan,nan,nan,nan,nan,nan,nan,nan,nan,nan,nan,nan,nan,nan,nan,nan,nan,nan,nan,nan,nan,nan,nan,nan,nan,nan,nan,nan,nan,nan,nan,nan,nan,nan,nan,nan,nan,nan,nan,nan,nan,nan,nan,nan,nan,nan,nan,nan,nan,nan,nan,nan,nan,nan,nan,nan,nan,nan,nan,nan,nan,nan,nan,nan,nan,nan,nan,nan,nan,nan,nan,nan,nan,nan,nan,nan,nan,nan,nan,nan,nan,nan,nan,nan,nan,nan,nan,nan,nan,nan,nan,nan,nan,nan,nan,nan,nan,nan,nan,nan,nan,nan,nan,nan,nan,nan
nan,nan,nan,nan,nan,nan,nan,nan,nan,nan,nan,nan,nan,nan,nan,nan,nan,nan,nan,nan,nan,nan,nan,nan,nan,nan,nan,nan,nan,nan,nan,nan,nan,nan,nan,nan,nan,nan,nan,nan,nan,nan,nan,nan,nan,nan,nan,nan,nan,nan,nan,nan,nan,nan,nan,nan,nan,nan,nan,nan,nan,nan,nan,nan,nan,nan,nan,nan,nan,nan,nan,nan,nan,nan,nan,nan,nan,nan,nan,nan,nan,nan,nan,nan,nan,nan,nan,nan,nan,nan,nan,nan,nan,nan,nan,nan,nan,nan,nan,nan,nan,nan,nan,nan,nan,nan,nan,nan,nan,nan,nan,nan,nan,nan,nan,nan,nan,nan,nan,nan,nan,nan,nan,nan,nan
nan,nan,nan,nan,nan,nan,nan,nan,nan,nan,nan,nan,nan,nan,nan,nan,nan,nan,nan,nan,nan,nan,nan,nan,nan,nan,nan,nan,nan,nan,nan,nan,nan,nan,nan,nan,nan,nan,nan,nan,nan,nan,nan,nan,nan,nan,nan,nan,nan,nan,nan,nan,nan,nan,nan,nan,nan,nan,nan,nan,nan,nan,nan,nan,nan,nan,nan,nan,nan,nan,nan,nan,nan,nan,nan,nan,nan,nan,nan,nan,nan,nan,nan,nan,nan,nan,nan,nan,nan,nan,nan,nan,nan,nan,nan,nan,nan,nan,nan,nan,nan,nan,nan,nan,nan,nan,nan,nan,nan,nan,nan,nan,nan,nan,nan,nan,nan,nan,nan,nan,nan,nan,nan,nan,nan
