nan,nan,nan,nan,nan,nan,nan,nan,nan,nan,nan,nan,nan,nan,nan,nan,nan,nan,nan,nan,nan,nan,nan,nan,nan,nan,nan,nan,nan,nan,nan,nan,nan,nan,nan,nan,nan,nan,nan,nan,nan,nan,nan,nan,nan,nan,nan,nan,nan,nan,nan,nan,nan,nan,nan,nan,nan,nan,nan,nan,nan,nan,nan,nan,nan,nan,nan,nan,nan,nan,nan,nan,nan,nan,nan,nan,nan,nan,nan,nan,nan,nan,nan,nan,nan,nan,nan,nan,nan,nan,nan,nan,nan,nan,nan,nan,nan,nan,nan,nan,nan,nan,nan,nan,nan,nan,nan,nan,nan,nan,nan,nan,nan,nan,nan,nan,nan,nan,nan,nan,nan,nan,nan,nan,nan
nan,nan,nan,nan,nan,nan,nan,nan,nan,nan,nan,nan,nan,nan,nan,nan,nan,nan,nan,nan,nan,nan,nan,nan,nan,nan,nan,nan,nan,nan,nan,nan,nan,nan,nan,nan,nan,nan,nan,nan,nan,nan,nan,nan,nan,nan,nan,nan,nan,nan,nan,nan,nan,nan,nan,nan,nan,nan,nan,nan,nan,nan,nan,nan,nan,nan,nan,nan,nan,nan,nan,nan,nan,nan,nan,nan,nan,nan,nan,nan,nan,nan,nan,nan,nan,nan,nan,nan,nan,nan,nan,nan,nan,nan,nan,nan,nan,nan,nan,nan,nan,nan,nan,nan,nan,nan,nan,nan,nan,nan,nan,nan,nan,nan,nan,nan,nan,nan,nan,nan,nan,nan,nan,nan,nan
nan,nan,nan,nan,nan,nan,nan,nan,nan,nan,nan,nan,nan,nan,nan,nan,nan,nan,nan,nan,nan,nan,nan,nan,nan,nan,nan,nan,nan,nan,nan,nan,nan,nan,nan,nan,nan,nan,nan,nan,nan,nan,nan,nan,nan,nan,nan,nan,nan,nan,nan,nan,nan,nan,nan,nan,nan,nan,nan,nan,nan,nan,nan,nan,nan,nan,nan,nan,nan,nan,nan,nan,nan,nan,nan,nan,nan,nan,nan,nan,nan,nan,nan,nan,nan,nan,nan,nan,nan,nan,nan,nan,nan,nan,nan,nan,nan,nan,nan,nan,nan,nan,nan,nan,nan,nan,nan,nan,nan,nan,nan,nan,nan,nan,nan,nan,nan,nan,nan,nan,nan,nan,nan,nan,nan
nan,nan,nan,nan,nan,nan,nan,nan,nan,nan,nan,nan,nan,nan,nan,nan,nan,nan,nan,nan,nan,nan,nan,nan,nan,nan,nan,nan,nan,nan,nan,nan,nan,nan,nan,nan,nan,nan,nan,nan,nan,nan,nan,nan,nan,nan,nan,nan,nan,nan,nan,nan,nan,nan,nan,nan,nan,nan,nan,nan,nan,nan,nan,nan,nan,nan,nan,nan,nan,nan,nan,nan,nan,nan,nan,nan,nan,nan,nan,nan,nan,nan,nan,nan,nan,nan,nan,nan,nan,nan,nan,nan,nan,nan,nan,nan,nan,nan,nan,nan,nan,nan,nan,nan,nan,nan,nan,nan,nan,nan,nan,nan,nan,nan,nan,nan,nan,nan,nan,nan,nan,nan,nan,nan,nan
nan,nan,nan,nan,nan,nan,nan,nan,nan,nan,nan,nan,nan,nan,nan,nan,nan,nan,nan,nan,nan,nan,nan,nan,nan,nan,nan,nan,nan,nan,nan,nan,nan,nan,nan,nan,nan,nan,nan,nan,nan,nan,nan,nan,nan,nan,nan,nan,nan,nan,nan,nan,nan,nan,nan,nan,nan,nan,nan,nan,nan,nan,nan,nan,nan,nan,nan,nan,nan,nan,nan,nan,nan,nan,nan,nan,nan,nan,nan,nan,nan,nan,nan,nan,nan,nan,nan,nan,nan,nan,nan,nan,nan,nan,nan,nan,nan,nan,nan,nan,nan,nan,nan,nan,nan,nan,nan,nan,nan,nan,nan,nan,nan,nan,nan,nan,nan,nan,nan,nan,nan,nan,nan,nan,nan
nan,nan,nan,nan,nan,nan,nan,nan,nan,nan,nan,nan,nan,nan,nan,nan,nan,nan,nan,nan,nan,nan,nan,nan,nan,nan,nan,nan,nan,nan,nan,nan,nan,nan,nan,nan,nan,nan,nan,nan,nan,nan,nan,nan,nan,nan,nan,nan,nan,nan,nan,nan,nan,nan,nan,nan,nan,nan,nan,nan,nan,nan,nan,nan,nan,nan,nan,nan,nan,nan,nan,nan,nan,nan,nan,nan,nan,nan,nan,nan,nan,nan,nan,nan,nan,nan,nan,nan,nan,nan,nan,nan,nan,nan,nan,nan,nan,nan,nan,nan,nan,nan,nan,nan,nan,nan,nan,nan,nan,nan,nan,nan,nan,nan,nan,nan,nan,nan,nan,nan,nan,nan,nan,nan,nan
nan,nan,nan,nan,nan,nan,nan,nan,nan,nan,nan,nan,nan,nan,nan,nan,nan,nan,nan,nan,nan,nan,nan,nan,nan,nan,nan,nan,nan,nan,nan,nan,nan,nan,nan,nan,nan,nan,nan,nan,nan,nan,nan,nan,nan,nan,nan,nan,nan,nan,nan,nan,nan,nan,nan,nan,nan,nan,nan,nan,nan,nan,nan,nan,nan,nan,nan,nan,nan,nan,nan,nan,nan,nan,nan,nan,nan,nan,nan,nan,nan,nan,nan,nan,nan,nan,nan,nan,nan,nan,nan,nan,nan,nan,nan,nan,nan,nan,nan,nan,nan,nan,nan,nan,nan,nan,nan,nan,nan,nan,nan,nan,nan,nan,nan,nan,nan,nan,nan,nan,nan,nan,nan,nan,nan
nan,nan,nan,nan,nan,nan,nan,nan,nan,nan,nan,nan,nan,nan,nan,nan,nan,nan,nan,nan,nan,nan,nan,nan,nan,nan,nan,nan,nan,nan,nan,nan,nan,nan,nan,nan,nan,nan,nan,nan,nan,nan,nan,nan,nan,nan,nan,nan,nan,nan,nan,nan,nan,nan,nan,nan,nan,nan,nan,nan,nan,nan,nan,nan,nan,nan,nan,nan,nan,nan,nan,nan,nan,nan,nan,nan,nan,nan,nan,nan,nan,nan,nan,nan,nan,nan,nan,nan,nan,nan,nan,nan,nan,nan,nan,nan,nan,nan,nan,nan,nan,nan,nan,nan,nan,nan,nan,nan,nan,nan,nan,nan,nan,nan,nan,nan,nan,nan,nan,nan,nan,nan,nan,nan,nan
nan,nan,nan,nan,nan,nan,nan,nan,nan,nan,nan,nan,nan,nan,nan,nan,nan,nan,nan,nan,nan,nan,nan,nan,nan,nan,nan,nan,nan,nan,nan,nan,nan,nan,nan,nan,nan,nan,nan,nan,nan,nan,nan,nan,nan,nan,nan,nan,nan,nan,nan,nan,nan,nan,nan,nan,nan,nan,nan,nan,nan,nan,nan,nan,nan,nan,nan,nan,nan,nan,nan,nan,nan,nan,nan,nan,nan,nan,nan,nan,nan,nan,nan,nan,nan,nan,nan,nan,nan,nan,nan,nan,nan,nan,nan,nan,nan,nan,nan,nan,nan,nan,nan,nan,nan,nan,nan,nan,nan,nan,nan,nan,nan,nan,nan,nan,nan,nan,nan,nan,nan,nan,nan,nan,nan
nan,nan,nan,nan,nan,nan,nan,nan,nan,nan,nan,nan,nan,nan,nan,nan,nan,nan,nan,nan,nan,nan,nan,nan,nan,nan,nan,nan,nan,nan,nan,nan,nan,nan,nan,nan,nan,nan,nan,nan,nan,nan,nan,nan,nan,nan,nan,nan,nan,nan,nan,nan,nan,nan,nan,nan,nan,nan,nan,nan,nan,nan,nan,nan,nan,nan,nan,nan,nan,nan,nan,nan,nan,nan,nan,nan,nan,nan,nan,nan,nan,nan,nan,nan,nan,nan,nan,nan,nan,nan,nan,nan,nan,nan,nan,nan,nan,nan,nan,nan,nan,nan,nan,nan,nan,nan,nan,nan,nan,nan,nan,nan,nan,nan,nan,nan,nan,nan,nan,nan,nan,nan,nan,nan,nan
nan,nan,nan,nan,nan,nan,nan,nan,nan,nan,nan,nan,nan,nan,nan,nan,nan,nan,nan,nan,nan,nan,nan,nan,nan,nan,nan,nan,nan,nan,nan,nan,nan,nan,nan,nan,nan,nan,nan,nan,nan,nan,nan,nan,nan,nan,nan,nan,nan,nan,nan,nan,nan,nan,nan,nan,nan,nan,nan,nan,nan,nan,nan,nan,nan,nan,nan,nan,nan,nan,nan,nan,nan,nan,nan,nan,nan,nan,nan,nan,nan,nan,nan,nan,nan,nan,nan,nan,nan,nan,nan,nan,nan,nan,nan,nan,nan,nan,nan,nan,nan,nan,nan,nan,nan,nan,nan,nan,nan,nan,nan,nan,nan,nan,nan,nan,nan,nan,nan,nan,nan,nan,nan,nan,nan
nan,nan,nan,nan,nan,nan,nan,nan,nan,nan,nan,nan,nan,nan,nan,nan,nan,nan,nan,nan,nan,nan,nan,nan,nan,nan,nan,nan,nan,nan,nan,nan,nan,nan,nan,nan,nan,nan,nan,nan,nan,nan,nan,nan,nan,nan,nan,nan,nan,nan,nan,nan,nan,nan,nan,nan,nan,nan,nan,nan,nan,nan,nan,nan,nan,nan,nan,nan,nan,nan,nan,nan,nan,nan,nan,nan,nan,nan,nan,nan,nan,nan,nan,nan,nan,nan,nan,nan,nan,nan,nan,nan,nan,nan,nan,nan,nan,nan,nan,nan,nan,nan,nan,nan,nan,nan,nan,nan,nan,nan,nan,nan,nan,nan,nan,nan,nan,nan,nan,nan,nan,nan,nan,nan,nan
nan,nan,nan,nan,nan,nan,nan,nan,nan,nan,nan,nan,nan,nan,nan,nan,nan,nan,nan,nan,nan,nan,nan,nan,nan,nan,nan,nan,nan,nan,nan,nan,nan,nan,nan,nan,nan,nan,nan,nan,nan,nan,nan,nan,nan,nan,nan,nan,nan,nan,nan,nan,nan,nan,nan,nan,nan,nan,nan,nan,nan,nan,nan,nan,nan,-1.807908248901367188e+01,-1.834013938903808594e+01,-1.884042930603027344e+01,nan,nan,nan,nan,nan,nan,nan,nan,nan,nan,nan,nan,nan,nan,nan,nan,nan,nan,nan,nan,nan,nan,nan,nan,nan,nan,nan,nan,nan,nan,nan,nan,nan,nan,nan,nan,nan,nan,nan,nan,nan,nan,nan,nan,nan,nan,nan,nan,nan,nan,nan,nan,nan,nan,nan,nan,nan
nan,nan,nan,nan,nan,nan,nan,nan,nan,nan,nan,nan,nan,nan,nan,nan,nan,nan,nan,nan,nan,nan,nan,nan,nan,nan,nan,nan,nan,nan,nan,nan,nan,nan,nan,nan,nan,nan,nan,nan,nan,nan,nan,nan,nan,nan,nan,nan,nan,nan,nan,nan,nan,nan,nan,-1.471470451354980469e+01,nan,nan,-1.770406723022460938e+01,nan,nan,nan,nan,-1.779097175598144531e+01,-2.568701553344726562e+01,-2.610929679870605469e+01,-1.376870441436767578e+01,-1.843705368041992188e+01,nan,nan,nan,-2.044057655334472656e+01,nan,nan,nan,nan,nan,nan,nan,nan,nan,nan,nan,nan,nan,nan,nan,nan,nan,nan,nan,nan,nan,nan,nan,nan,nan,nan,nan,nan,nan,nan,nan,nan,nan,nan,nan,nan,nan,nan,nan,nan,nan,nan,nan,nan,nan,nan,nan,nan,nan,nan,nan,nan,nan
nan,nan,nan,nan,nan,nan,nan,nan,nan,nan,nan,nan,nan,nan,nan,nan,nan,nan,nan,nan,nan,nan,nan,nan,nan,nan,nan,nan,nan,nan,nan,nan,nan,nan,nan,nan,nan,nan,nan,nan,nan,nan,nan,nan,nan,nan,nan,nan,nan,nan,nan,nan,-1.000101757049560547e+01,-1.247310543060302734e+01,-1.415739440917968750e+01,-1.266060733795166016e+01,-1.620461654663085938e+01,-1.706446838378906250e+01,-1.777476310729980469e+01,-1.815139961242675781e+01,-1.846661949157714844e+01,-1.811309432983398438e+01,-1.788169288635253906e+01,-1.508235263824462891e+01,-2.179491806030273438e+01,-2.447514343261718750e+01,-2.083142471313476562e+01,-1.361500358581542969e+01,nan,-1.930636596679687500e+01,-2.549553489685058594e+01,-1.262616443634033203e+01,-1.484444332122802734e+01,nan,nan,nan,nan,nan,nan,nan,nan,nan,nan,nan,nan,nan,nan,nan,nan,nan,nan,nan,nan,nan,nan,nan,nan,nan,nan,nan,nan,nan,nan,nan,nan,nan,nan,nan,nan,nan,nan,nan,nan,nan,nan,nan,nan,nan,nan,nan,nan,nan,nan,nan,nan
nan,nan,nan,nan,nan,nan,nan,nan,nan,nan,nan,nan,nan,nan,nan,nan,nan,nan,nan,nan,nan,nan,nan,nan,nan,nan,nan,nan,nan,nan,nan,nan,nan,nan,nan,nan,nan,nan,nan,nan,nan,nan,nan,nan,nan,nan,nan,nan,nan,-9.566020369529724121e-01,6.907618522644042969e+00,1.948344349861145020e+00,3.044837117195129395e-01,-7.596341609954833984e+00,-8.109115600585937500e+00,-8.623314857482910156e+00,-1.878078079223632812e+01,-1.710202789306640625e+01,-1.749672508239746094e+01,-2.657751274108886719e+01,-2.995242118835449219e+01,-2.407088470458984375e+01,-1.926265716552734375e+01,-1.735763740539550781e+01,-1.190198230743408203e+01,-9.793306350708007812e+00,-1.710787582397460938e+01,-1.248918151855468750e+01,-1.646483612060546875e+01,-2.559498405456542969e+01,-2.573329544067382812e+01,-2.827969551086425781e+01,-3.036447906494140625e+01,-1.234130287170410156e+01,-1.329228496551513672e+01,nan,nan,nan,nan,nan,nan,nan,nan,nan,nan,nan,nan,nan,nan,nan,nan,nan,nan,nan,nan,nan,nan,nan,nan,nan,nan,nan,nan,nan,nan,nan,nan,nan,nan,nan,nan,nan,nan,nan,nan,nan,nan,nan,nan,nan,nan,nan,nan,nan,nan
nan,nan,nan,nan,nan,nan,nan,nan,nan,nan,nan,nan,nan,nan,nan,nan,nan,nan,nan,nan,nan,nan,nan,nan,nan,nan,nan,nan,nan,nan,nan,nan,nan,nan,nan,nan,nan,1.338286209106445312e+01,1.316075801849365234e+01,nan,nan,nan,nan,nan,1.408062934875488281e+01,1.227860164642333984e+01,1.111733627319335938e+01,8.330860137939453125e+00,1.426207733154296875e+01,1.049371719360351562e+01,5.071692943572998047e+00,-1.322255611419677734e+01,-1.813892555236816406e+01,-1.836786460876464844e+01,-1.985529136657714844e+01,-1.724094200134277344e+01,-1.990371322631835938e+01,-1.830710220336914062e+01,-1.608148574829101562e+01,-7.822302818298339844e+00,-9.884196281433105469e+00,-2.574188232421875000e+01,-2.007804870605468750e+01,-1.691783142089843750e+01,-1.150466442108154297e+01,-5.952596187591552734e+00,-1.820462417602539062e+01,-1.343272113800048828e+01,-2.089315414428710938e+01,-2.379441261291503906e+01,-2.610901260375976562e+01,-3.100015068054199219e+01,-2.643910789489746094e+01,-1.177172946929931641e+01,-1.136454391479492188e+01,-7.969975471496582031e+00,nan,nan,nan,nan,nan,nan,nan,nan,nan,nan,nan,nan,nan,nan,nan,nan,nan,nan,nan,nan,nan,nan,nan,nan,nan,nan,nan,nan,nan,nan,nan,nan,nan,nan,nan,nan,nan,nan,nan,nan,nan,nan,nan,nan,nan,nan,nan,nan,nan
nan,nan,nan,nan,nan,nan,nan,nan,nan,nan,nan,nan,nan,nan,nan,nan,nan,nan,nan,nan,nan,nan,nan,nan,nan,nan,nan,nan,nan,nan,nan,nan,nan,nan,nan,nan,1.982835388183593750e+01,nan,1.607148361206054688e+01,1.576350975036621094e+01,nan,nan,1.494187068939208984e+01,1.586882400512695312e+01,1.691804695129394531e+01,1.250750541687011719e+01,1.891907501220703125e+01,1.422920608520507812e+01,8.420203208923339844e+00,3.264153599739074707e-01,-8.914731979370117188e+00,-1.607275772094726562e+01,-1.707714271545410156e+01,-2.068481826782226562e+01,-1.858492660522460938e+01,-1.773168182373046875e+01,-2.037634849548339844e+01,-2.139322853088378906e+01,-1.831026649475097656e+01,-5.202738285064697266e+00,-7.608850002288818359e+00,-2.162961959838867188e+01,-2.922019004821777344e+01,-1.752712249755859375e+01,-9.087742805480957031e+00,-8.325459480285644531e+00,-1.684660530090332031e+01,-1.893924903869628906e+01,-1.832217025756835938e+01,-2.073294067382812500e+01,-2.109655189514160156e+01,-2.236606025695800781e+01,-1.849278068542480469e+01,-1.735246467590332031e+01,-1.033804225921630859e+01,-2.451020956039428711e+00,-1.403243064880371094e+00,nan,nan,nan,nan,nan,nan,nan,nan,nan,nan,nan,nan,nan,nan,nan,nan,nan,nan,nan,nan,nan,nan,nan,nan,nan,nan,nan,nan,nan,nan,nan,nan,nan,nan,nan,nan,nan,nan,nan,nan,nan,nan,nan,nan,nan,nan,nan,nan
nan,nan,nan,nan,nan,nan,nan,nan,nan,nan,nan,nan,nan,nan,nan,nan,nan,nan,nan,nan,nan,nan,nan,nan,nan,nan,nan,nan,nan,nan,nan,nan,nan,nan,nan,2.544075584411621094e+01,2.210609436035156250e+01,nan,1.702297592163085938e+01,1.597568607330322266e+01,nan,1.277818965911865234e+01,1.336394309997558594e+01,1.738201141357421875e+01,1.660350799560546875e+01,1.328609085083007812e+01,1.708082771301269531e+01,1.224567413330078125e+01,3.452292203903198242e+00,-1.270503711700439453e+01,-1.561201190948486328e+01,-1.574914073944091797e+01,-1.546354866027832031e+01,-1.596081638336181641e+01,-2.123153495788574219e+01,-2.075001144409179688e+01,-1.877337074279785156e+01,-1.942870140075683594e+01,-2.201238059997558594e+01,-1.577861976623535156e+01,-6.607184886932373047e+00,-1.676783561706542969e+01,-2.565684700012207031e+01,-2.561409950256347656e+01,-1.620406723022460938e+01,-9.569921493530273438e+00,-1.220417594909667969e+01,-1.877549934387207031e+01,-1.191901016235351562e+01,-1.561356639862060547e+01,-1.887094879150390625e+01,-1.881523895263671875e+01,-1.879372024536132812e+01,-1.314366817474365234e+01,-1.043963432312011719e+00,7.523509979248046875e+00,5.988277435302734375e+00,7.131528377532958984e+00,4.117284297943115234e+00,nan,nan,nan,nan,nan,nan,nan,nan,nan,nan,nan,nan,nan,nan,nan,nan,nan,nan,nan,nan,nan,nan,nan,nan,nan,nan,nan,nan,nan,nan,nan,nan,nan,nan,nan,nan,nan,nan,nan,nan,nan,nan,nan,nan,nan,nan
nan,nan,nan,nan,nan,nan,nan,nan,nan,nan,nan,nan,nan,nan,nan,nan,nan,nan,nan,nan,nan,nan,nan,nan,nan,nan,nan,nan,nan,nan,nan,nan,nan,nan,nan,2.566052246093750000e+01,2.257040977478027344e+01,1.941256141662597656e+01,nan,2.021951913833618164e+00,6.671094894409179688e+00,5.544386863708496094e+00,1.284887218475341797e+01,2.486297607421875000e+01,1.659467506408691406e+01,1.400501728057861328e+01,1.848008918762207031e+01,1.250599384307861328e+01,5.654388293623924255e-02,-1.329578208923339844e+01,-1.817318153381347656e+01,-1.704358100891113281e+01,-1.460733890533447266e+01,-1.416693115234375000e+01,-1.615962409973144531e+01,-1.910104751586914062e+01,-1.772589683532714844e+01,-1.879385375976562500e+01,-1.838516616821289062e+01,-1.429821872711181641e+01,-5.672382831573486328e+00,-8.422836303710937500e+00,-2.619709587097167969e+01,-3.293419647216796875e+01,-3.328503036499023438e+01,-1.550311565399169922e+01,-1.609658622741699219e+01,-1.646936225891113281e+01,-1.820245361328125000e+01,-2.199559974670410156e+01,-2.840358543395996094e+01,-2.238409423828125000e+01,-1.871256446838378906e+01,-9.683467864990234375e+00,3.710055351257324219e+00,2.365737915039062500e+00,3.217505216598510742e+00,2.758435726165771484e+00,1.892622828483581543e+00,nan,nan,nan,nan,nan,nan,nan,nan,nan,nan,nan,nan,nan,nan,nan,nan,nan,nan,nan,nan,nan,nan,nan,nan,nan,nan,nan,nan,nan,nan,nan,nan,nan,nan,nan,nan,nan,nan,nan,nan,nan,nan,nan,nan,nan,nan
nan,nan,nan,nan,nan,nan,nan,nan,nan,nan,nan,nan,nan,nan,nan,nan,nan,nan,nan,nan,nan,nan,nan,nan,nan,nan,nan,nan,nan,nan,nan,nan,nan,nan,2.750975990295410156e+01,2.888488197326660156e+01,2.637960815429687500e+01,nan,1.529209899902343750e+01,1.420687484741210938e+01,4.969443798065185547e+00,1.848074340820312500e+01,2.925550270080566406e+01,2.766897201538085938e+01,1.674244308471679688e+01,1.079494857788085938e+01,1.237096118927001953e+01,8.642057418823242188e+00,-9.135259628295898438e+00,-1.312253093719482422e+01,-1.554862308502197266e+01,-1.619784164428710938e+01,-1.550976467132568359e+01,-1.287518215179443359e+01,-1.129208564758300781e+01,-1.337823867797851562e+01,-1.628024864196777344e+01,-1.532257366180419922e+01,-1.466116333007812500e+01,-1.168920707702636719e+01,-1.514878940582275391e+01,-1.429615783691406250e+01,-1.643596649169921875e+01,-2.432726287841796875e+01,-3.330474090576171875e+01,-1.400200653076171875e+01,-1.482122993469238281e+01,-1.533732414245605469e+01,-1.575104999542236328e+01,-1.756941604614257812e+01,-1.811559104919433594e+01,-1.858108139038085938e+01,-9.519948005676269531e+00,-7.051960945129394531e+00,-6.013219356536865234e+00,-8.827660083770751953e-01,-3.559790372848510742e+00,2.774303245544433594e+01,1.182728409767150879e+00,4.113111495971679688e+00,nan,nan,nan,nan,nan,nan,nan,nan,nan,nan,nan,nan,nan,nan,nan,nan,nan,nan,nan,nan,nan,nan,nan,nan,nan,nan,nan,nan,nan,nan,nan,nan,nan,nan,nan,nan,nan,nan,nan,nan,nan,nan,nan,nan,nan
nan,nan,nan,nan,nan,nan,nan,nan,nan,nan,nan,nan,nan,nan,nan,nan,nan,nan,nan,nan,nan,nan,nan,nan,nan,nan,nan,nan,nan,nan,nan,nan,2.820439147949218750e+01,2.761853981018066406e+01,2.940087890625000000e+01,3.278731918334960938e+01,3.760838699340820312e+01,2.645592689514160156e+01,1.484093093872070312e+01,1.241064167022705078e+01,1.033509349822998047e+01,1.891941833496093750e+01,1.896270942687988281e+01,2.115513801574707031e+01,1.522280120849609375e+01,6.512485980987548828e+00,3.860198020935058594e+00,-1.540066123008728027e+00,-8.192877769470214844e+00,-9.844522476196289062e+00,-1.309004306793212891e+01,-1.309162807464599609e+01,-1.201664924621582031e+01,-1.308067893981933594e+01,-1.206241893768310547e+01,-7.869829654693603516e+00,-7.259371757507324219e+00,-6.902107715606689453e+00,-1.384007453918457031e+01,-8.962869644165039062e+00,-1.400460624694824219e+01,-7.477373123168945312e+00,-1.614697265625000000e+01,-1.758795738220214844e+01,-4.355809211730957031e+00,-5.519119739532470703e+00,-7.439580440521240234e+00,-1.174424552917480469e+01,-1.826425743103027344e+01,-2.165531158447265625e+01,-2.072977256774902344e+01,-1.743045043945312500e+01,-8.258499145507812500e+00,-4.847003936767578125e+00,1.509451007843017578e+01,1.118679332733154297e+01,1.240226745605468750e+01,2.970731556415557861e-01,3.008317470550537109e+00,3.102406740188598633e+00,-1.761282563209533691e+00,nan,nan,nan,nan,nan,nan,nan,nan,nan,nan,nan,nan,nan,nan,nan,nan,nan,nan,nan,nan,nan,nan,nan,nan,nan,nan,nan,nan,nan,nan,nan,nan,nan,nan,nan,nan,nan,nan,nan,nan,nan,nan,nan,nan
nan,nan,nan,nan,nan,nan,nan,nan,nan,nan,nan,nan,nan,nan,nan,nan,nan,nan,nan,nan,nan,nan,nan,nan,nan,nan,nan,nan,nan,nan,2.587437057495117188e+01,1.543620967864990234e+01,3.281735992431640625e+01,3.412467193603515625e+01,3.983672332763671875e+01,3.932299423217773438e+01,3.147016906738281250e+01,1.982313919067382812e+01,1.378734779357910156e+01,1.279995059967041016e+01,7.186210155487060547e+00,5.676744937896728516e+00,9.394208908081054688e+00,1.303043365478515625e+01,1.007715797424316406e+01,1.028782939910888672e+01,1.002077198028564453e+01,7.593129158020019531e+00,-1.605628132820129395e+00,-5.865505218505859375e+00,-5.587496757507324219e+00,-6.629179954528808594e+00,-4.873533248901367188e+00,-1.684841537475585938e+01,-9.170970916748046875e+00,-8.617983818054199219e+00,-3.135054111480712891e+00,-2.455779790878295898e+00,-6.193799972534179688e+00,-1.428501725196838379e+00,-1.010714292526245117e+00,-4.198185920715332031e+00,-1.098886966705322266e+01,-5.543595314025878906e+00,-2.301894903182983398e+00,-6.799247741699218750e+00,-9.523045539855957031e+00,-7.244951248168945312e+00,-9.337026596069335938e+00,-2.162958526611328125e+01,-2.299897003173828125e+01,-1.512029933929443359e+01,-1.372657680511474609e+01,-3.326501607894897461e+00,3.083682060241699219e-01,3.500756502151489258e+00,7.766618728637695312e+00,3.134920120239257812e+00,6.184751987457275391e+00,8.370464324951171875e+00,8.144573211669921875e+00,1.211662769317626953e+01,7.631982326507568359e+00,nan,nan,nan,nan,nan,nan,nan,nan,nan,nan,nan,nan,nan,nan,nan,nan,nan,nan,nan,nan,nan,nan,nan,nan,nan,nan,nan,nan,nan,nan,nan,nan,nan,nan,nan,nan,nan,nan,nan,nan,nan,nan
nan,nan,nan,nan,nan,nan,nan,nan,nan,nan,nan,nan,nan,nan,nan,nan,nan,nan,nan,nan,nan,nan,nan,nan,nan,nan,nan,nan,nan,2.357883262634277344e+01,1.700241088867187500e+01,2.340254402160644531e+01,3.158509635925292969e+01,3.235881423950195312e+01,3.348128890991210938e+01,3.133047485351562500e+01,2.587613677978515625e+01,1.633705520629882812e+01,1.205610847473144531e+01,8.841942787170410156e+00,6.202630996704101562e+00,6.502899646759033203e+00,8.329570770263671875e+00,1.122876739501953125e+01,8.919153213500976562e+00,1.105916976928710938e+01,8.285468101501464844e+00,4.014057636260986328e+00,-3.813415467739105225e-01,-2.783526659011840820e+00,-4.236201286315917969e+00,-7.109042406082153320e-01,-1.587276816368103027e+00,-6.821868419647216797e+00,-8.143140792846679688e+00,-6.361906528472900391e+00,-2.280514955520629883e+00,-1.332747697830200195e+00,-2.897446155548095703e+00,-2.230572462081909180e+00,-4.619059085845947266e+00,-6.238934397697448730e-01,-7.440095424652099609e+00,-8.009842872619628906e+00,-2.248190641403198242e+00,-1.062202548980712891e+01,-1.471222019195556641e+01,-5.542534828186035156e+00,-9.639181137084960938e+00,-1.418074131011962891e+01,-2.042964172363281250e+01,-1.261959743499755859e+01,-1.669774055480957031e+01,-1.254519844055175781e+01,1.253473091125488281e+01,1.244580745697021484e+01,7.346130847930908203e+00,3.404017448425292969e+00,5.661989688873291016e+00,8.928274154663085938e+00,5.950758934020996094e+00,1.223600959777832031e+01,2.303072929382324219e+01,6.857857227325439453e+00,nan,nan,nan,nan,nan,nan,nan,nan,nan,nan,nan,nan,nan,nan,nan,nan,nan,nan,nan,nan,nan,nan,nan,nan,nan,nan,nan,nan,nan,nan,nan,nan,nan,nan,nan,nan,nan,nan,nan,nan,nan
nan,nan,nan,nan,nan,nan,nan,nan,nan,nan,nan,nan,nan,nan,nan,nan,nan,nan,nan,nan,nan,nan,nan,nan,nan,nan,nan,nan,2.163073158264160156e+01,3.768009567260742188e+01,3.072648620605468750e+01,2.902190971374511719e+01,3.200374984741210938e+01,2.779964065551757812e+01,2.717081642150878906e+01,2.010490036010742188e+01,1.683247184753417969e+01,1.320861530303955078e+01,1.221846199035644531e+01,7.928579330444335938e+00,5.378983974456787109e+00,5.281356811523437500e+00,7.131546974182128906e+00,7.851871967315673828e+00,7.869703769683837891e+00,8.408757209777832031e+00,6.175605297088623047e+00,4.729645729064941406e+00,3.422858953475952148e+00,1.411205649375915527e+00,-1.127417087554931641e+00,-1.348536372184753418e+00,-4.388656616210937500e+00,-3.222005367279052734e+00,-3.482643127441406250e+00,4.447018146514892578e+00,1.123569130897521973e+00,1.392963528633117676e+00,-5.948489904403686523e-01,-1.748540997505187988e+00,3.813846826553344727e+00,6.520569801330566406e+00,1.045355987548828125e+01,1.136263942718505859e+01,-4.377141892910003662e-01,-7.540095329284667969e+00,-1.889225959777832031e+01,-1.687044715881347656e+01,-1.594952869415283203e+01,-1.184165573120117188e+01,5.322999954223632812e+00,-5.155524253845214844e+00,-1.385070323944091797e+01,1.651089429855346680e+00,6.257367610931396484e+00,1.526494693756103516e+01,2.055527877807617188e+01,1.803392028808593750e+01,1.598167419433593750e+01,3.014708042144775391e+00,5.227505683898925781e+00,3.010699748992919922e+00,8.527868270874023438e+00,1.013902187347412109e+01,5.732308387756347656e+00,4.680599689483642578e+00,nan,nan,nan,nan,nan,nan,nan,nan,nan,nan,nan,nan,nan,nan,nan,nan,nan,nan,nan,nan,nan,nan,nan,nan,nan,nan,nan,nan,nan,nan,nan,nan,nan,nan,nan,nan,nan,nan,nan
nan,nan,nan,nan,nan,nan,nan,nan,nan,nan,nan,nan,nan,nan,nan,nan,nan,nan,nan,nan,nan,nan,nan,nan,nan,nan,nan,2.820555305480957031e+01,2.911963462829589844e+01,2.648448562622070312e+01,1.720810317993164062e+01,1.986496734619140625e+01,2.522702217102050781e+01,2.372734642028808594e+01,2.036560440063476562e+01,1.372186374664306641e+01,1.259594154357910156e+01,1.235217475891113281e+01,1.123625373840332031e+01,7.850615978240966797e+00,6.301141738891601562e+00,5.831057548522949219e+00,8.364490509033203125e+00,8.889576911926269531e+00,6.863923072814941406e+00,5.245601177215576172e+00,3.918492317199707031e+00,6.741203308105468750e+00,8.693630218505859375e+00,5.089732170104980469e+00,2.825735092163085938e+00,-1.010016083717346191e+00,-2.484777927398681641e+00,-1.771628297865390778e-02,3.427330017089843750e+00,6.376519203186035156e+00,7.054734706878662109e+00,9.886054039001464844e+00,8.246765136718750000e+00,1.225812792778015137e+00,-3.264238119125366211e+00,-3.861423254013061523e+00,8.576074600219726562e+00,1.117021942138671875e+01,7.052378654479980469e+00,-1.038792610168457031e+00,-1.183157444000244141e+01,-4.888895988464355469e+00,-7.593569755554199219e+00,-1.317200660705566406e+01,2.780531167984008789e+00,-2.771009445190429688e+00,3.279888331890106201e-01,8.458967208862304688e-01,2.134320735931396484e+00,1.294673538208007812e+01,2.220651626586914062e+01,2.015273094177246094e+01,2.023344039916992188e+01,2.469361686706542969e+01,1.975912094116210938e+01,4.305749893188476562e+00,-5.547532081604003906e+00,-1.504245519638061523e+00,1.453206157684326172e+01,nan,nan,nan,nan,nan,nan,nan,nan,nan,nan,nan,nan,nan,nan,nan,nan,nan,nan,nan,nan,nan,nan,nan,nan,nan,nan,nan,nan,nan,nan,nan,nan,nan,nan,nan,nan,nan,nan,nan,nan
nan,nan,nan,nan,nan,nan,nan,nan,nan,nan,nan,nan,nan,nan,nan,nan,nan,nan,nan,nan,nan,nan,nan,nan,nan,nan,2.565726470947265625e+01,2.257111549377441406e+01,2.214845657348632812e+01,1.752606010437011719e+01,1.349795436859130859e+01,1.527143859863281250e+01,1.943842124938964844e+01,2.082946968078613281e+01,1.752192497253417969e+01,1.190811729431152344e+01,1.190506553649902344e+01,1.156143569946289062e+01,9.959642410278320312e+00,6.378296375274658203e+00,5.949636936187744141e+00,6.476738929748535156e+00,7.662312507629394531e+00,8.092998504638671875e+00,8.674533843994140625e+00,8.624983787536621094e+00,5.222085475921630859e+00,9.644751548767089844e+00,9.685138702392578125e+00,5.544843196868896484e+00,4.310312747955322266e+00,-9.170693755149841309e-01,-3.634496927261352539e+00,1.323241472244262695e+00,4.534463405609130859e+00,7.806498050689697266e+00,7.712890148162841797e+00,7.720068931579589844e+00,9.170813560485839844e+00,4.962636470794677734e+00,6.433147907257080078e+00,3.910813570022583008e+00,1.063866424560546875e+01,1.289636325836181641e+01,1.228314304351806641e+01,3.706502914428710938e+00,-2.219215202331542969e+01,-1.242989349365234375e+01,-1.209214687347412109e+01,-1.378633213043212891e+01,-9.235377311706542969e-01,-5.067789554595947266e-01,6.259382247924804688e+00,6.236167907714843750e+00,4.741962909698486328e+00,1.182110595703125000e+01,1.481606292724609375e+01,1.637282180786132812e+01,1.454762172698974609e+01,2.603113746643066406e+01,2.282543945312500000e+01,4.904729843139648438e+00,-4.813178539276123047e+00,-7.751941204071044922e+00,-4.994221210479736328e+00,6.774589538574218750e+00,6.474732875823974609e+00,6.225259304046630859e+00,nan,nan,nan,nan,nan,nan,nan,nan,nan,nan,nan,nan,nan,nan,nan,nan,nan,nan,nan,nan,nan,nan,nan,nan,nan,nan,nan,nan,nan,nan,nan,nan,nan,nan,nan,nan,nan
nan,nan,nan,nan,nan,nan,nan,nan,nan,nan,nan,nan,nan,nan,nan,nan,nan,nan,nan,nan,nan,nan,nan,nan,nan,1.821487998962402344e+01,2.175596427917480469e+01,1.834068679809570312e+01,1.826963615417480469e+01,1.268668460845947266e+01,1.173424339294433594e+01,1.317265224456787109e+01,1.609201049804687500e+01,1.701131439208984375e+01,1.180561637878417969e+01,4.931037902832031250e+00,7.617269039154052734e+00,7.284415721893310547e+00,3.936121463775634766e+00,3.943645000457763672e+00,5.510019779205322266e+00,6.270620822906494141e+00,6.367476940155029297e+00,8.599740028381347656e+00,9.203484535217285156e+00,1.083644676208496094e+01,9.067849159240722656e+00,1.298758316040039062e+01,1.198328590393066406e+01,8.070502281188964844e+00,5.876062870025634766e+00,4.624832153320312500e+00,1.027760580182075500e-01,3.970715999603271484e+00,7.601458549499511719e+00,8.195105552673339844e+00,1.089506530761718750e+01,1.168713760375976562e+01,9.898701667785644531e+00,1.791695976257324219e+01,8.756908416748046875e+00,7.536580085754394531e+00,1.724530982971191406e+01,1.395437431335449219e+01,1.498415946960449219e+01,8.584283828735351562e+00,-2.634243392944335938e+01,-1.314166545867919922e+01,-5.503227710723876953e+00,-2.027452230453491211e+00,2.622202396392822266e+00,1.054777050018310547e+01,1.039214992523193359e+01,7.758109092712402344e+00,5.825341224670410156e+00,9.374013900756835938e+00,9.029127120971679688e+00,2.027821922302246094e+01,2.349603843688964844e+01,2.411255455017089844e+01,1.477270412445068359e+01,7.745491981506347656e+00,7.785818576812744141e+00,6.359199523925781250e+00,-3.745201110839843750e+00,-5.420367240905761719e+00,7.146966934204101562e+00,6.803590774536132812e+00,6.519800662994384766e+00,nan,nan,nan,nan,nan,nan,nan,nan,nan,nan,nan,nan,nan,nan,nan,nan,nan,nan,nan,nan,nan,nan,nan,nan,nan,nan,nan,nan,nan,nan,nan,nan,nan,nan,nan,nan
nan,nan,nan,nan,nan,nan,nan,nan,nan,nan,nan,nan,nan,nan,nan,nan,nan,nan,nan,nan,nan,nan,nan,nan,nan,nan,1.855074882507324219e+01,1.662428855895996094e+01,1.850098037719726562e+01,1.276104450225830078e+01,9.974182128906250000e+00,9.944742202758789062e+00,1.084109783172607422e+01,1.157237529754638672e+01,2.375802993774414062e+00,-2.979323081672191620e-02,1.187219262123107910e+00,1.777297973632812500e+00,2.778971910476684570e+00,2.962623596191406250e+00,3.535008192062377930e+00,5.149181842803955078e+00,6.142924308776855469e+00,6.893795490264892578e+00,7.897753715515136719e+00,8.828987121582031250e+00,1.229220485687255859e+01,1.305870437622070312e+01,1.114785385131835938e+01,8.523327827453613281e+00,9.610892295837402344e+00,3.915076255798339844e+00,9.217001914978027344e+00,8.830554008483886719e+00,1.096366977691650391e+01,9.873420715332031250e+00,1.356761455535888672e+01,-5.888676643371582031e+00,9.638998985290527344e+00,2.178266334533691406e+01,1.661685562133789062e+01,1.829711914062500000e+01,1.548044109344482422e+01,1.288689517974853516e+01,9.824827194213867188e+00,3.525623798370361328e+00,-3.361404657363891602e+00,-7.218517661094665527e-01,-1.727558135986328125e+00,-4.469206333160400391e-01,-4.047426700592041016e+00,8.825217247009277344e+00,1.159500980377197266e+01,1.235777950286865234e+01,6.362441062927246094e+00,9.802181243896484375e+00,1.788728141784667969e+01,2.403735733032226562e+01,3.009350013732910156e+01,3.085602951049804688e+01,1.574497985839843750e+01,1.214172649383544922e+01,1.779397392272949219e+01,1.255522346496582031e+01,7.091536521911621094e+00,7.808310985565185547e+00,7.335389614105224609e+00,6.845048427581787109e+00,6.243816375732421875e+00,nan,nan,nan,nan,nan,nan,nan,nan,nan,nan,nan,nan,nan,nan,nan,nan,nan,nan,nan,nan,nan,nan,nan,nan,nan,nan,nan,nan,nan,nan,nan,nan,nan,nan,nan,nan
nan,nan,nan,nan,nan,nan,nan,nan,nan,nan,nan,nan,nan,nan,nan,nan,nan,nan,nan,nan,nan,nan,nan,nan,nan,1.359907054901123047e+01,1.463778400421142578e+01,1.376942920684814453e+01,1.735195922851562500e+01,1.291956996917724609e+01,1.004087543487548828e+01,8.083865165710449219e+00,4.998226642608642578e+00,2.989457845687866211e+00,7.391903549432754517e-02,-2.958084821701049805e+00,1.971427500247955322e-01,-1.147233724594116211e+00,5.970010161399841309e-01,1.564632654190063477e+00,3.175001382827758789e+00,5.232311248779296875e+00,5.188561916351318359e+00,6.321925640106201172e+00,7.719123363494873047e+00,9.655237197875976562e+00,1.033136844635009766e+01,1.385380363464355469e+01,1.038346767425537109e+01,9.356536865234375000e+00,1.297277927398681641e+01,1.108723831176757812e+01,1.316400814056396484e+01,9.426999092102050781e+00,8.313844680786132812e+00,8.687009811401367188e+00,1.360660195350646973e+00,6.885611057281494141e+00,5.343311786651611328e+00,1.536209392547607422e+01,1.490993785858154297e+01,1.059270286560058594e+01,1.222280406951904297e+01,1.042584133148193359e+01,7.433853149414062500e+00,-4.561081886291503906e+00,-8.961723327636718750e+00,-5.000890254974365234e+00,2.113491296768188477e+00,3.260397911071777344e-01,-8.746281266212463379e-01,8.149710655212402344e+00,1.511261940002441406e+01,1.175555515289306641e+01,5.181968212127685547e+00,7.645286560058593750e+00,1.609982299804687500e+01,2.195542335510253906e+01,2.612366867065429688e+01,2.678472137451171875e+01,2.044146156311035156e+01,1.766095924377441406e+01,2.011766433715820312e+01,2.121966934204101562e+01,9.259054183959960938e+00,8.123281478881835938e+00,1.590355205535888672e+01,2.762896060943603516e+00,7.547254562377929688e+00,9.542194366455078125e+00,3.069661617279052734e+00,2.421329170465469360e-01,5.055698871612548828e+00,nan,nan,nan,nan,nan,nan,nan,nan,nan,nan,nan,nan,nan,nan,nan,nan,nan,nan,nan,nan,nan,nan,nan,nan,nan,nan,nan,nan,nan,nan,nan,nan
nan,nan,nan,nan,nan,nan,nan,nan,nan,nan,nan,nan,nan,nan,nan,nan,nan,nan,nan,nan,nan,nan,nan,nan,nan,1.049929428100585938e+01,7.552341461181640625e+00,9.897192001342773438e+00,1.095075321197509766e+01,1.290513420104980469e+01,1.012385177612304688e+01,4.718636035919189453e+00,1.002606034278869629e+00,3.944720327854156494e-01,-5.211975574493408203e-01,9.472752362489700317e-02,-2.632372617721557617e+00,-2.265320062637329102e+00,-6.125800013542175293e-01,4.034576117992401123e-01,2.659662008285522461e+00,4.718237400054931641e+00,4.172336578369140625e+00,5.769311428070068359e+00,7.539340019226074219e+00,8.676071166992187500e+00,9.930557250976562500e+00,1.199710273742675781e+01,1.611477088928222656e+01,1.319909191131591797e+01,1.817986679077148438e+01,1.959502983093261719e+01,1.725297927856445312e+01,1.003135871887207031e+01,8.384306907653808594e+00,1.159375000000000000e+01,8.391461372375488281e+00,4.528546333312988281e+00,7.212520122528076172e+00,8.369361877441406250e+00,9.616792678833007812e+00,9.148784637451171875e+00,1.107622814178466797e+01,7.758261203765869141e+00,7.642148137092590332e-01,-1.713632583618164062e+00,-5.542899608612060547e+00,-5.981587409973144531e+00,-6.863184452056884766e+00,-7.122521400451660156e+00,6.208254337310791016e+00,6.156525611877441406e+00,1.387109088897705078e+01,1.970493125915527344e+01,1.440327358245849609e+01,5.942372322082519531e+00,1.980202293395996094e+01,2.151391983032226562e+01,2.050457191467285156e+01,1.884234046936035156e+01,1.690573883056640625e+01,1.467986965179443359e+01,1.535816955566406250e+01,1.532119941711425781e+01,9.821869850158691406e+00,1.222988247871398926e+00,1.310598182678222656e+01,1.724105072021484375e+01,1.359673118591308594e+01,1.214904403686523438e+01,9.267399787902832031e+00,5.237954616546630859e+00,-4.599780082702636719e+00,nan,nan,nan,nan,nan,nan,nan,nan,nan,nan,nan,nan,nan,nan,nan,nan,nan,nan,nan,nan,nan,nan,nan,nan,nan,nan,nan,nan,nan,nan,nan,nan
nan,nan,nan,nan,nan,nan,nan,nan,nan,nan,nan,nan,nan,nan,nan,nan,nan,nan,nan,nan,nan,nan,nan,nan,nan,7.552321434020996094e+00,nan,9.685358047485351562e+00,1.017882633209228516e+01,1.030797290802001953e+01,7.263684749603271484e+00,3.477919816970825195e+00,2.073735594749450684e-01,6.047074198722839355e-01,-3.329354226589202881e-01,-3.358543634414672852e+00,-3.019006252288818359e+00,-2.768317937850952148e+00,-2.877453088760375977e+00,8.029538989067077637e-01,2.902324438095092773e+00,1.542723417282104492e+00,2.399622917175292969e+00,5.034910202026367188e+00,6.926146984100341797e+00,8.461894035339355469e+00,1.047754764556884766e+01,1.032292938232421875e+01,1.069161510467529297e+01,1.488587951660156250e+01,2.111030387878417969e+01,1.665437889099121094e+01,1.425585842132568359e+01,1.356188106536865234e+01,1.187238407135009766e+01,5.763425350189208984e+00,3.787675142288208008e+00,1.994881629943847656e+00,4.128061294555664062e+00,8.563688278198242188e+00,1.119838237762451172e+00,7.487293481826782227e-01,9.133279800415039062e+00,9.875587463378906250e+00,6.931349277496337891e+00,1.081208944320678711e+00,-1.420719385147094727e+00,1.639544963836669922e+00,-4.869325637817382812e+00,-3.633909702301025391e+00,7.175853252410888672e+00,1.026109790802001953e+01,2.045389366149902344e+01,2.626902961730957031e+01,1.985782051086425781e+01,1.767913436889648438e+01,1.700731468200683594e+01,2.259686851501464844e+01,1.962954330444335938e+01,1.585198020935058594e+01,1.431187820434570312e+01,1.296666908264160156e+01,1.597413539886474609e+01,1.490167140960693359e+01,1.208477020263671875e+01,5.476146697998046875e+00,9.810721397399902344e+00,7.665262699127197266e+00,-4.253760337829589844e+00,-1.627373814582824707e+00,1.667944526672363281e+01,1.347564697265625000e+01,4.646689414978027344e+00,nan,nan,nan,nan,nan,nan,nan,nan,nan,nan,nan,nan,nan,nan,nan,nan,nan,nan,nan,nan,nan,nan,nan,nan,nan,nan,nan,nan,nan,nan,nan,nan
nan,nan,nan,nan,nan,nan,nan,nan,nan,nan,nan,nan,nan,nan,nan,nan,nan,nan,nan,nan,nan,nan,nan,nan,4.145596504211425781e+00,nan,nan,7.584619522094726562e+00,9.181668281555175781e+00,7.541662216186523438e+00,6.385243892669677734e+00,1.515182733535766602e+00,-1.419883251190185547e+00,-2.389040708541870117e+00,-2.499118804931640625e+00,-2.640363931655883789e+00,-2.878443002700805664e+00,-2.840965986251831055e+00,-3.010470390319824219e+00,1.039050459861755371e+00,3.905812025070190430e+00,1.511513710021972656e+00,2.900159120559692383e+00,5.790253639221191406e+00,7.576249599456787109e+00,8.595522880554199219e+00,1.019004631042480469e+01,1.040791225433349609e+01,1.039937973022460938e+01,1.525715732574462891e+01,1.890478515625000000e+01,1.764220428466796875e+01,1.521831703186035156e+01,1.336607170104980469e+01,7.336632251739501953e+00,1.284617805480957031e+01,3.585117816925048828e+00,3.442294299602508545e-01,5.473810434341430664e-01,-4.785342216491699219e-01,-5.970499992370605469e+00,nan,nan,4.813114166259765625e+00,3.206362485885620117e+00,7.731925249099731445e-01,-4.226414148433832452e-06,-7.298465352505445480e-04,-2.047286510467529297e+00,-3.664176464080810547e-01,7.061356306076049805e-01,1.344379043579101562e+01,3.022261428833007812e+01,2.558082199096679688e+01,2.257296752929687500e+01,2.145862579345703125e+01,1.764792823791503906e+01,1.873432922363281250e+01,1.850601577758789062e+01,1.462611579895019531e+01,1.804861831665039062e+01,1.683071136474609375e+01,1.603682136535644531e+01,1.455940151214599609e+01,1.037691211700439453e+01,6.730646133422851562e+00,5.968786716461181641e+00,7.877305150032043457e-01,-9.756915092468261719e+00,5.223253726959228516e+00,1.010309410095214844e+01,5.598174095153808594e+00,2.053350687026977539e+00,1.120318222045898438e+01,nan,nan,nan,nan,nan,nan,nan,nan,nan,nan,nan,nan,nan,nan,nan,nan,nan,nan,nan,nan,nan,nan,nan,nan,nan,nan,nan,nan,nan,nan,nan
nan,nan,nan,nan,nan,nan,nan,nan,nan,nan,nan,nan,nan,nan,nan,nan,nan,nan,nan,nan,nan,nan,nan,nan,-6.176966667175292969e+00,-4.870560169219970703e+00,-4.883570671081542969e+00,6.783279418945312500e+00,6.672536373138427734e+00,6.410323143005371094e+00,4.936567783355712891e+00,1.358187079429626465e+00,-1.793462991714477539e+00,-2.205698013305664062e+00,-1.849637746810913086e+00,-1.287819385528564453e+00,-1.961036801338195801e+00,-2.006803750991821289e+00,-2.578916311264038086e+00,5.620881319046020508e-01,1.077833533287048340e+00,2.921398639678955078e+00,3.565158128738403320e+00,3.085140466690063477e+00,6.695881366729736328e+00,4.463236808776855469e+00,9.833328247070312500e+00,1.273252487182617188e+01,1.461521625518798828e+01,1.686687469482421875e+01,1.805691337585449219e+01,1.794652938842773438e+01,1.208056163787841797e+01,6.853416442871093750e+00,7.793714046478271484e+00,1.025671672821044922e+01,nan,-2.124099254608154297e+00,1.471028089523315430e+00,1.472738027572631836e+00,4.453391075134277344e+00,nan,nan,nan,nan,1.220605611801147461e+00,nan,3.413223624229431152e-01,nan,4.220894813537597656e+00,nan,nan,nan,1.836887168884277344e+01,2.002220344543457031e+01,1.939130783081054688e+01,1.697228622436523438e+01,1.350956058502197266e+01,1.297418975830078125e+01,2.401302337646484375e+00,3.883953332901000977e+00,1.321705532073974609e+01,1.275599861145019531e+01,1.492945480346679688e+01,8.781413078308105469e+00,3.826716423034667969e+00,-2.645632505416870117e+00,-3.803324937820434570e+00,9.336748123168945312e+00,1.008300209045410156e+01,4.552301883697509766e+00,-1.870814204216003418e+00,4.392996311187744141e+00,4.025686740875244141e+00,1.566313171386718750e+01,nan,nan,nan,nan,nan,nan,nan,nan,nan,nan,nan,nan,nan,nan,nan,nan,nan,nan,nan,nan,nan,nan,nan,nan,nan,nan,nan,nan,nan,nan
nan,nan,nan,nan,nan,nan,nan,nan,nan,nan,nan,nan,nan,nan,nan,nan,nan,nan,nan,nan,nan,nan,nan,-4.717107117176055908e-01,1.434574246406555176e+00,-2.400880008935928345e-01,3.234649658203125000e+00,4.627236843109130859e+00,4.075473308563232422e+00,3.599088907241821289e+00,3.253183364868164062e+00,-1.327285289764404297e+00,-2.598372459411621094e+00,-2.996173858642578125e+00,-2.245691299438476562e+00,-2.379755735397338867e+00,-2.881977796554565430e+00,-2.519844293594360352e+00,-1.776792645454406738e+00,-1.700982823967933655e-02,7.350772619247436523e-01,7.583320736885070801e-01,-1.549921333789825439e-01,3.341124951839447021e-01,1.652815818786621094e+00,3.440449476242065430e+00,6.728957176208496094e+00,7.549048423767089844e+00,1.340084648132324219e+01,1.584283065795898438e+01,1.893986511230468750e+01,2.009632682800292969e+01,1.674655723571777344e+01,6.026815891265869141e+00,8.395257949829101562e+00,2.374752998352050781e+00,-8.397612571716308594e+00,3.752619504928588867e+00,nan,nan,nan,nan,nan,nan,nan,nan,nan,nan,nan,nan,nan,nan,nan,nan,7.087329387664794922e+00,7.831521034240722656e+00,1.036506938934326172e+01,1.637688064575195312e+01,4.904355525970458984e+00,1.061277103424072266e+01,7.373365879058837891e+00,1.097285366058349609e+01,1.257483386993408203e+01,1.654278945922851562e+01,1.888407707214355469e+01,6.508620738983154297e+00,-5.249578971415758133e-04,1.031722736358642578e+01,1.066052627563476562e+01,1.187855911254882812e+01,1.342006492614746094e+01,1.475600814819335938e+01,1.574336624145507812e+01,1.717876434326171875e+01,1.401068973541259766e+01,1.995945167541503906e+01,2.204929351806640625e+01,nan,nan,nan,nan,nan,nan,nan,nan,nan,nan,nan,nan,nan,nan,nan,nan,nan,nan,nan,nan,nan,nan,nan,nan,nan,nan,nan,nan
nan,nan,nan,nan,nan,nan,nan,nan,nan,nan,nan,nan,nan,nan,nan,nan,nan,nan,nan,nan,nan,nan,nan,-1.349851846694946289e+00,1.438403248786926270e+00,-5.940898418426513672e+00,3.778966188430786133e+00,3.570173978805541992e+00,2.916028022766113281e+00,1.970839858055114746e+00,1.114521384239196777e+00,-2.430847644805908203e+00,-3.648135423660278320e+00,-2.782930850982666016e+00,-9.209948182106018066e-01,-6.859068274497985840e-01,-3.209344625473022461e+00,-3.015726566314697266e+00,-1.808679699897766113e+00,-3.991066217422485352e-01,1.061249449849128723e-01,1.121762171387672424e-01,1.797225594520568848e+00,4.370218276977539062e+00,5.275453090667724609e+00,6.889558792114257812e+00,9.778061866760253906e+00,6.423349857330322266e+00,9.820476531982421875e+00,1.211960411071777344e+01,1.446073818206787109e+01,1.808961486816406250e+01,1.665210342407226562e+01,1.109703445434570312e+01,-2.025011330842971802e-01,-8.570893287658691406e+00,nan,nan,nan,nan,nan,nan,nan,nan,nan,nan,nan,nan,nan,nan,nan,nan,nan,nan,nan,1.385212707519531250e+01,1.087973117828369141e+00,1.005333709716796875e+01,6.181684494018554688e+00,3.920550107955932617e+00,6.207540035247802734e+00,1.085084056854248047e+01,1.213641262054443359e+01,1.442437839508056641e+01,9.257287979125976562e+00,1.916798973083496094e+01,2.015239906311035156e+01,2.293605232238769531e+01,1.143630504608154297e+01,1.299277305603027344e+01,1.122171115875244141e+01,1.820429039001464844e+01,2.945158004760742188e+01,2.912198829650878906e+01,3.114140319824218750e+01,2.132267951965332031e+01,2.301020050048828125e+01,nan,nan,nan,nan,nan,nan,nan,nan,nan,nan,nan,nan,nan,nan,nan,nan,nan,nan,nan,nan,nan,nan,nan,nan,nan,nan,nan,nan
nan,nan,nan,nan,nan,nan,nan,nan,nan,nan,nan,nan,nan,nan,nan,nan,nan,nan,nan,nan,nan,nan,nan,nan,3.842764198780059814e-01,-4.484284877777099609e+00,-2.442076444625854492e+00,2.559952020645141602e+00,2.090793609619140625e+00,2.204257965087890625e+00,1.628343224525451660e+00,-2.749235868453979492e+00,-2.196731805801391602e+00,-7.124615311622619629e-01,-1.460245624184608459e-02,-2.741956949234008789e+00,-1.728789806365966797e+00,-1.240830898284912109e+00,-9.887000322341918945e-01,-1.243179321289062500e+00,2.093276530504226685e-01,8.757100105285644531e-01,4.055337429046630859e+00,3.767270088195800781e+00,3.205718517303466797e+00,6.110569953918457031e+00,6.260490417480468750e+00,9.466353416442871094e+00,1.069793796539306641e+01,1.090329360961914062e+01,1.087187290191650391e+01,1.553012847900390625e+01,1.593044757843017578e+01,6.930833816528320312e+00,-2.321005910634994507e-01,6.293563365936279297e+00,nan,nan,nan,nan,nan,nan,nan,nan,nan,nan,nan,nan,nan,nan,nan,nan,nan,nan,nan,nan,nan,9.858736991882324219e+00,2.745446443557739258e+00,4.203819036483764648e-01,8.825523853302001953e-01,1.037083640694618225e-01,1.744719266891479492e+00,3.128818273544311523e+00,6.472364425659179688e+00,1.035694313049316406e+01,2.168543052673339844e+01,2.588182067871093750e+01,1.231319427490234375e+01,1.241361236572265625e+01,1.649904251098632812e+01,2.343310928344726562e+01,3.191993713378906250e+01,3.314770126342773438e+01,nan,2.436277580261230469e+01,2.197279357910156250e+01,2.225832366943359375e+01,nan,nan,nan,nan,nan,nan,nan,nan,nan,nan,nan,nan,nan,nan,nan,nan,nan,nan,nan,nan,nan,nan,nan,nan,nan,nan,nan
nan,nan,nan,nan,nan,nan,nan,nan,nan,nan,nan,nan,nan,nan,nan,nan,nan,nan,nan,nan,nan,nan,nan,nan,1.245535135269165039e+00,-4.831997394561767578e+00,-7.047081947326660156e+00,-2.048316478729248047e+00,2.482584238052368164e+00,2.421316623687744141e+00,1.623928427696228027e+00,1.386121392250061035e+00,-1.841594576835632324e+00,4.700848102569580078e+00,1.998783111572265625e+00,-8.462134003639221191e-02,-5.376150012016296387e-01,-4.533390998840332031e-01,-4.304384291172027588e-01,-6.501444578170776367e-01,1.395982384681701660e+00,3.318304538726806641e+00,5.249609947204589844e+00,4.292226791381835938e+00,3.427752494812011719e+00,2.971295118331909180e+00,5.179655551910400391e+00,4.004465103149414062e+00,4.335227489471435547e+00,7.966803073883056641e+00,8.404539108276367188e+00,9.193792343139648438e+00,9.941391944885253906e+00,1.493147015571594238e+00,6.984504222869873047e+00,nan,nan,nan,nan,nan,nan,nan,nan,nan,nan,nan,nan,nan,nan,nan,nan,nan,nan,nan,nan,nan,nan,nan,nan,nan,nan,nan,nan,nan,2.980848789215087891e+00,8.544467926025390625e+00,1.394751167297363281e+01,2.584087753295898438e+01,2.468859863281250000e+01,1.794875717163085938e+01,1.626467704772949219e+01,2.207927894592285156e+01,3.822179412841796875e+01,3.904653167724609375e+01,3.218475723266601562e+01,2.066057968139648438e+01,2.176795768737792969e+01,2.175801658630371094e+01,nan,nan,nan,nan,nan,nan,nan,nan,nan,nan,nan,nan,nan,nan,nan,nan,nan,nan,nan,nan,nan,nan,nan,nan,nan,nan,nan
nan,nan,nan,nan,nan,nan,nan,nan,nan,nan,nan,nan,nan,nan,nan,nan,nan,nan,nan,nan,nan,nan,nan,nan,-4.523138523101806641e+00,-7.937484264373779297e+00,-4.236548423767089844e+00,1.564367532730102539e+00,1.502180814743041992e+00,1.757397174835205078e+00,-3.737508654594421387e-01,1.026873707771301270e+00,5.114118576049804688e+00,1.460884332656860352e+00,8.108368515968322754e-02,-6.655486226081848145e-01,1.724964752793312073e-02,1.410122036933898926e+00,1.236584067344665527e+00,7.273566722869873047e-01,-2.057622671127319336e+00,2.145191192626953125e+00,5.506619930267333984e+00,1.903883099555969238e+00,-9.939618706703186035e-01,1.603797554969787598e+00,1.816740751266479492e+00,1.422472715377807617e+00,-1.876526176929473877e-01,3.047572135925292969e+00,5.399431228637695312e+00,3.111689090728759766e+00,6.435401439666748047e+00,6.507087230682373047e+00,nan,nan,nan,nan,nan,nan,nan,nan,nan,nan,nan,nan,nan,nan,nan,nan,nan,nan,nan,nan,nan,nan,nan,nan,nan,nan,nan,nan,nan,nan,nan,2.497899532318115234e-01,3.464584350585937500e-01,1.910605430603027344e+01,1.643846321105957031e+01,1.213477134704589844e+01,9.360916137695312500e+00,1.582079315185546875e+01,1.802735137939453125e+01,2.965796661376953125e+01,2.649113845825195312e+01,1.966216087341308594e+01,1.998400878906250000e+01,1.895136451721191406e+01,nan,nan,nan,nan,nan,nan,nan,nan,nan,nan,nan,nan,nan,nan,nan,nan,nan,nan,nan,nan,nan,nan,nan,nan,nan,nan,nan
nan,nan,nan,nan,nan,nan,nan,nan,nan,nan,nan,nan,nan,nan,nan,nan,nan,nan,nan,nan,nan,nan,nan,-2.380386590957641602e+00,-8.286953926086425781e+00,-7.454779624938964844e+00,-7.067162543535232544e-02,1.321814894676208496e+00,-9.021038413047790527e-01,1.874586492776870728e-01,-3.016738176345825195e+00,1.172039628028869629e+00,5.924039840698242188e+00,2.352607965469360352e+00,7.933149337768554688e-01,-4.903437793254852295e-01,-1.067277491092681885e-01,7.894080281257629395e-01,2.737709283828735352e+00,3.051266908645629883e+00,-8.172550201416015625e-01,-6.213706135749816895e-01,2.363694906234741211e+00,1.620408058166503906e+00,-1.274747729301452637e+00,8.329374790191650391e-01,1.418155670166015625e+00,1.177144289016723633e+00,2.388853549957275391e+00,3.950320482254028320e+00,3.288166761398315430e+00,2.423705816268920898e+00,4.750475883483886719e+00,nan,nan,nan,nan,nan,nan,nan,nan,nan,nan,nan,nan,nan,nan,nan,nan,nan,nan,nan,nan,nan,nan,nan,nan,nan,nan,nan,nan,nan,nan,nan,nan,1.138567829132080078e+01,-1.269979119300842285e+00,1.743475151062011719e+01,3.377202987670898438e+00,1.060437202453613281e+01,5.690365791320800781e+00,-3.611164391040802002e-01,-8.509624600410461426e-01,2.847316932678222656e+01,1.528636264801025391e+01,1.736332511901855469e+01,1.742146492004394531e+01,1.458608436584472656e+01,9.688736915588378906e+00,nan,nan,nan,nan,nan,nan,nan,nan,nan,nan,nan,nan,nan,nan,nan,nan,nan,nan,nan,nan,nan,nan,nan,nan,nan,nan
nan,nan,nan,nan,nan,nan,nan,nan,nan,nan,nan,nan,nan,nan,nan,nan,nan,nan,nan,nan,nan,nan,nan,-2.337332725524902344e+00,-3.996588945388793945e+00,-2.367356300354003906e+00,-1.875063061714172363e+00,1.989549547433853149e-01,-1.649907469749450684e+00,-8.533180356025695801e-01,-1.281794905662536621e+00,-1.871253728866577148e+00,2.129296779632568359e+00,3.074037075042724609e+00,1.348860383033752441e+00,1.312560677528381348e+00,7.988921999931335449e-01,-7.465950846672058105e-01,1.963205218315124512e+00,-1.839987337589263916e-01,1.381570577621459961e+00,-2.036955118179321289e+00,3.861360549926757812e-01,-4.981870949268341064e-01,1.109902024269104004e+00,8.030859231948852539e-01,8.495481014251708984e-01,1.239169001579284668e+00,9.472064375877380371e-01,3.275287628173828125e+00,7.975052297115325928e-02,7.947655022144317627e-02,nan,nan,nan,nan,nan,nan,nan,nan,nan,nan,nan,nan,nan,nan,nan,nan,nan,nan,nan,nan,nan,nan,nan,nan,nan,nan,nan,nan,nan,nan,nan,nan,nan,nan,nan,nan,nan,1.306223678588867188e+01,1.422627162933349609e+01,-3.980237722396850586e+00,9.180917739868164062e-01,-2.525724172592163086e-01,1.577626323699951172e+01,1.123194599151611328e+01,1.291170120239257812e+01,8.993407249450683594e+00,3.775632143020629883e+00,nan,nan,nan,nan,nan,nan,nan,nan,nan,nan,nan,nan,nan,nan,nan,nan,nan,nan,nan,nan,nan,nan,nan,nan,nan,nan
nan,nan,nan,nan,nan,nan,nan,nan,nan,nan,nan,nan,nan,nan,nan,nan,nan,nan,nan,nan,nan,nan,-2.816008090972900391e+00,nan,nan,-7.441797852516174316e-01,-7.130528092384338379e-01,3.502345085144042969e-01,-2.318974494934082031e+00,-1.424990773200988770e+00,1.950594782829284668e+00,1.315277695655822754e+00,-2.623436212539672852e+00,-5.768512487411499023e-01,2.473047494888305664e+00,1.514273524284362793e+00,5.195336341857910156e-01,-1.106515645980834961e+00,3.855153799057006836e+00,3.111609458923339844e+00,3.277289867401123047e+00,2.397799968719482422e+00,1.891839265823364258e+00,1.651142597198486328e+00,1.308642506599426270e+00,2.041878223419189453e+00,1.345560193061828613e+00,1.397962689399719238e+00,8.781080842018127441e-01,7.098533511161804199e-01,-7.883661389350891113e-01,-7.075971364974975586e-01,nan,nan,nan,nan,nan,nan,nan,nan,nan,nan,nan,nan,nan,nan,nan,nan,nan,nan,nan,nan,nan,nan,nan,nan,nan,nan,nan,nan,nan,nan,nan,nan,nan,nan,nan,nan,nan,nan,nan,nan,nan,nan,1.300005817413330078e+01,1.051411437988281250e+01,7.220574855804443359e+00,3.746634244918823242e+00,-7.323928475379943848e-01,-4.550818443298339844e+00,-6.588028430938720703e+00,nan,nan,nan,nan,nan,nan,nan,nan,nan,nan,nan,nan,nan,nan,nan,nan,nan,nan,nan,nan,nan,nan,nan,nan
nan,nan,nan,nan,nan,nan,nan,nan,nan,nan,nan,nan,nan,nan,nan,nan,nan,nan,nan,nan,nan,nan,nan,nan,nan,-1.446114659309387207e+00,-3.969153463840484619e-01,7.560582458972930908e-02,1.259739041328430176e+00,-1.587140202522277832e+00,2.197346925735473633e+00,9.407359957695007324e-01,3.865225240588188171e-02,-2.635724067687988281e+00,3.957694292068481445e+00,1.461027383804321289e+00,1.046688437461853027e+00,2.379699468612670898e+00,3.760051727294921875e+00,3.625391960144042969e+00,1.941330552101135254e+00,1.297486186027526855e+00,1.747712254524230957e+00,4.095887660980224609e+00,7.698691487312316895e-01,8.049086928367614746e-01,1.650666832923889160e+00,-2.949002265930175781e+00,-3.203142404556274414e+00,-2.170868635177612305e+00,-1.076167583465576172e+00,-7.627736330032348633e-01,nan,nan,nan,nan,nan,nan,nan,nan,nan,nan,nan,nan,nan,nan,nan,nan,nan,nan,nan,nan,nan,nan,nan,nan,nan,nan,nan,nan,nan,nan,nan,nan,nan,nan,nan,nan,nan,nan,nan,nan,nan,nan,nan,nan,2.215896606445312500e+00,-5.672047734260559082e-01,-4.624992847442626953e+00,-1.297389411926269531e+01,-5.723026275634765625e+00,-6.092449188232421875e+00,-5.277941703796386719e+00,nan,nan,nan,nan,nan,nan,nan,nan,nan,nan,nan,nan,nan,nan,nan,nan,nan,nan,nan,nan,nan,nan
nan,nan,nan,nan,nan,nan,nan,nan,nan,nan,nan,nan,nan,nan,nan,nan,nan,nan,nan,nan,nan,nan,nan,nan,nan,-2.141687154769897461e+00,2.518459320068359375e+00,1.435624957084655762e+00,8.070302605628967285e-01,8.126056194305419922e-01,1.790424823760986328e+00,2.416704654693603516e+00,2.272721767425537109e+00,3.195483922958374023e+00,4.820240497589111328e+00,4.711616516113281250e+00,2.304704904556274414e+00,1.772790908813476562e+00,1.572705030441284180e+00,2.945147037506103516e+00,4.034423828125000000e+00,2.128230094909667969e+00,-1.681126117706298828e+00,2.846110343933105469e+00,1.777730941772460938e+00,1.137293696403503418e+00,-3.580060601234436035e-01,-3.313228130340576172e+00,-4.538990020751953125e+00,-5.623613357543945312e+00,nan,nan,nan,nan,nan,nan,nan,nan,nan,nan,nan,nan,nan,nan,nan,nan,nan,nan,nan,nan,nan,nan,nan,nan,nan,nan,nan,nan,nan,nan,nan,nan,nan,nan,nan,nan,nan,nan,nan,nan,nan,nan,nan,nan,nan,nan,nan,-3.329914808273315430e+00,-5.193070411682128906e+00,-7.212339878082275391e+00,-1.641860961914062500e+01,1.161551284790039062e+01,-3.399863004684448242e+00,-2.056395292282104492e+00,nan,nan,nan,nan,nan,nan,nan,nan,nan,nan,nan,nan,nan,nan,nan,nan,nan,nan,nan,nan,nan
nan,nan,nan,nan,nan,nan,nan,nan,nan,nan,nan,nan,nan,nan,nan,nan,nan,nan,nan,nan,nan,nan,nan,nan,nan,-9.382675401866436005e-03,-1.823702931404113770e+00,3.294373750686645508e-01,9.897584319114685059e-01,1.678286433219909668e+00,1.997921943664550781e+00,1.859901547431945801e+00,2.997503280639648438e+00,1.831618309020996094e+00,3.142531394958496094e+00,4.399878501892089844e+00,3.946602582931518555e+00,2.406360149383544922e+00,1.162979960441589355e+00,4.836671829223632812e+00,7.055543422698974609e+00,7.423848628997802734e+00,3.852823019027709961e+00,9.663902521133422852e-01,2.636867761611938477e+00,-1.166850514709949493e-02,-1.772211194038391113e+00,-1.478779196739196777e+00,-4.749197006225585938e+00,-3.025387763977050781e+00,nan,nan,nan,nan,nan,nan,nan,nan,nan,nan,nan,nan,nan,nan,nan,nan,nan,nan,nan,nan,nan,nan,nan,nan,nan,nan,nan,nan,nan,nan,nan,nan,nan,nan,nan,nan,nan,nan,nan,nan,nan,nan,nan,nan,nan,nan,nan,nan,-2.724875688552856445e+00,-1.233902072906494141e+01,-1.797346115112304688e+01,-1.445348644256591797e+01,-3.286268949508666992e+00,3.393877148628234863e-01,nan,nan,nan,nan,nan,nan,nan,nan,nan,nan,nan,nan,nan,nan,nan,nan,nan,nan,nan,nan,nan
nan,nan,nan,nan,nan,nan,nan,nan,nan,nan,nan,nan,nan,nan,nan,nan,nan,nan,nan,nan,nan,nan,nan,nan,nan,-2.441398650407791138e-01,5.463107228279113770e-01,-2.122468233108520508e+00,3.937478959560394287e-01,1.135739922523498535e+00,1.559189081192016602e+00,1.302640676498413086e+00,1.675264477729797363e+00,1.849607944488525391e+00,2.158827304840087891e+00,3.095392227172851562e+00,3.397933483123779297e+00,2.942148685455322266e+00,4.426923274993896484e+00,7.470690727233886719e+00,7.694186687469482422e+00,7.754836559295654297e+00,3.950370550155639648e-01,7.633162140846252441e-01,1.882225394248962402e+00,-1.885407924652099609e+00,-4.304653108119964600e-01,-2.877140283584594727e+00,-6.163387298583984375e+00,-5.071257114410400391e+00,-2.868814706802368164e+00,nan,nan,nan,nan,nan,nan,nan,nan,nan,nan,nan,nan,nan,nan,nan,nan,nan,nan,nan,nan,nan,nan,nan,nan,nan,nan,nan,nan,nan,nan,nan,nan,nan,nan,nan,nan,nan,nan,nan,nan,nan,nan,nan,nan,nan,nan,nan,-2.340862989425659180e+00,-1.348071956634521484e+01,-1.939768409729003906e+01,-8.568840026855468750e+00,-7.133172988891601562e+00,2.891709327697753906e+00,5.751217842102050781e+00,nan,nan,nan,nan,nan,nan,nan,nan,nan,nan,nan,nan,nan,nan,nan,nan,nan,nan,nan,nan
nan,nan,nan,nan,nan,nan,nan,nan,nan,nan,nan,nan,nan,nan,nan,nan,nan,nan,nan,nan,nan,nan,nan,nan,nan,nan,-2.325044870376586914e-01,1.600646227598190308e-01,-6.243447065353393555e-01,-4.803211987018585205e-01,-1.671680688858032227e+00,9.770814329385757446e-02,1.156635165214538574e+00,-1.290705800056457520e+00,1.598659038543701172e+00,1.697762250900268555e+00,1.946171045303344727e+00,3.847409486770629883e+00,6.211980819702148438e+00,6.288531780242919922e+00,4.725069999694824219e+00,6.354218482971191406e+00,6.459040641784667969e+00,4.261831283569335938e+00,1.707298755645751953e+00,1.692237019538879395e+00,1.428982257843017578e+00,-2.172334194183349609e+00,-5.058204650878906250e+00,-7.430132865905761719e+00,nan,nan,nan,nan,nan,nan,nan,nan,nan,nan,nan,nan,nan,nan,nan,nan,nan,nan,nan,nan,nan,nan,nan,nan,nan,nan,nan,nan,nan,nan,nan,nan,nan,nan,nan,nan,nan,nan,nan,nan,nan,nan,nan,nan,nan,nan,nan,nan,1.297641158103942871e+00,-7.795720577239990234e+00,-1.534534549713134766e+01,-7.709264755249023438e+00,9.098899841308593750e+00,2.523996162414550781e+01,2.954293632507324219e+01,nan,nan,nan,nan,nan,nan,nan,nan,nan,nan,nan,nan,nan,nan,nan,nan,nan,nan,nan,nan
nan,nan,nan,nan,nan,nan,nan,nan,nan,nan,nan,nan,nan,nan,nan,nan,nan,nan,nan,nan,nan,nan,nan,nan,nan,nan,-3.793917894363403320e-01,-3.551421165466308594e-01,-1.654576420783996582e+00,-2.785342216491699219e+00,-4.251404762268066406e+00,-2.239662170410156250e+00,-1.651462316513061523e+00,-1.208122849464416504e+00,7.015665769577026367e-01,1.569435954093933105e+00,2.687474966049194336e+00,4.242251396179199219e+00,5.436246871948242188e+00,6.161956787109375000e+00,4.037621498107910156e+00,7.382085800170898438e+00,7.656672000885009766e+00,5.709514141082763672e+00,3.624781608581542969e+00,3.387674808502197266e+00,1.154473900794982910e+00,2.665095776319503784e-02,-3.326791286468505859e+00,-5.835191011428833008e-01,nan,nan,nan,nan,nan,nan,nan,nan,nan,nan,nan,nan,nan,nan,nan,nan,nan,nan,nan,nan,nan,nan,nan,nan,nan,nan,nan,nan,nan,nan,nan,nan,nan,nan,nan,nan,nan,nan,nan,nan,nan,nan,nan,nan,nan,nan,nan,-2.188342094421386719e+00,1.699593305587768555e+00,4.796879768371582031e+00,-1.409911060333251953e+01,-5.348464488983154297e+00,1.002194023132324219e+01,1.396142482757568359e+01,1.916376304626464844e+01,1.336062622070312500e+01,nan,nan,nan,nan,nan,nan,nan,nan,nan,nan,nan,nan,nan,nan,nan,nan,nan,nan,nan
nan,nan,nan,nan,nan,nan,nan,nan,nan,nan,nan,nan,nan,nan,nan,nan,nan,nan,nan,nan,nan,nan,nan,nan,nan,nan,nan,nan,-5.176121592521667480e-01,-1.922578573226928711e+00,-1.552923202514648438e+00,-1.303889751434326172e+00,9.822963476181030273e-01,-1.105493187904357910e+00,1.410708427429199219e+00,1.715101838111877441e+00,2.243045091629028320e+00,3.428147792816162109e+00,5.157257556915283203e+00,8.889657020568847656e+00,8.940240859985351562e+00,8.539955139160156250e+00,8.851348876953125000e+00,6.862356662750244141e+00,3.951947927474975586e+00,9.613155722618103027e-01,-1.820161223411560059e+00,-4.664385318756103516e+00,-3.570822477340698242e+00,-5.793687343597412109e+00,nan,nan,nan,nan,nan,nan,nan,nan,nan,nan,nan,nan,nan,nan,nan,nan,nan,nan,nan,nan,nan,nan,nan,nan,nan,nan,nan,nan,nan,nan,nan,nan,nan,nan,nan,nan,nan,nan,nan,nan,nan,nan,nan,nan,nan,nan,nan,-5.747860074043273926e-01,-2.839477539062500000e+00,4.294984817504882812e+00,8.118234634399414062e+00,6.786062717437744141e+00,1.200115585327148438e+01,7.444588184356689453e+00,1.627437210083007812e+01,1.262930202484130859e+01,nan,nan,nan,nan,nan,nan,nan,nan,nan,nan,nan,nan,nan,nan,nan,nan,nan,nan,nan
nan,nan,nan,nan,nan,nan,nan,nan,nan,nan,nan,nan,nan,nan,nan,nan,nan,nan,nan,nan,nan,nan,nan,nan,nan,nan,nan,nan,nan,nan,nan,nan,1.947624683380126953e+00,-4.413142800331115723e-01,7.891968488693237305e-01,1.725254416465759277e+00,9.807583689689636230e-01,2.560002088546752930e+00,7.250122070312500000e+00,1.108374214172363281e+01,1.247845649719238281e+01,1.109419441223144531e+01,8.566053390502929688e+00,6.092845439910888672e+00,4.620681285858154297e+00,-9.129615873098373413e-02,-2.224851369857788086e+00,-6.408093452453613281e+00,-5.874850273132324219e+00,-1.388580322265625000e+00,nan,nan,nan,nan,nan,nan,nan,nan,nan,nan,nan,nan,nan,nan,nan,nan,nan,nan,nan,nan,nan,nan,nan,nan,nan,nan,nan,nan,nan,nan,nan,nan,nan,nan,nan,nan,nan,nan,nan,nan,nan,nan,nan,nan,nan,nan,nan,1.314295172691345215e+00,1.162489056587219238e-01,9.932231903076171875e-01,1.394062805175781250e+01,2.597919654846191406e+01,8.467327117919921875e+00,7.781132698059082031e+00,1.397783088684082031e+01,1.492702293395996094e+01,1.008082294464111328e+01,1.731818962097167969e+01,nan,nan,nan,nan,nan,nan,nan,nan,nan,nan,nan,nan,nan,nan,nan,nan,nan
nan,nan,nan,nan,nan,nan,nan,nan,nan,nan,nan,nan,nan,nan,nan,nan,nan,nan,nan,nan,nan,nan,nan,nan,nan,nan,nan,nan,nan,nan,nan,nan,4.892722237855195999e-03,-3.409431278705596924e-01,4.163409173488616943e-01,7.069014012813568115e-02,1.288803100585937500e+00,6.585268974304199219e+00,7.967198371887207031e+00,1.160519790649414062e+01,1.448903846740722656e+01,1.170342159271240234e+01,8.233499526977539062e+00,5.577317714691162109e+00,2.764022350311279297e+00,-1.635232806205749512e+00,-5.156731128692626953e+00,-5.826416015625000000e+00,-5.824277877807617188e+00,-2.927190780639648438e+00,nan,nan,nan,nan,nan,nan,nan,nan,nan,nan,nan,nan,nan,nan,nan,nan,nan,nan,nan,nan,nan,nan,nan,nan,nan,nan,nan,nan,nan,nan,nan,nan,nan,nan,nan,nan,nan,nan,nan,nan,nan,nan,nan,nan,nan,nan,nan,nan,-2.680483102798461914e+00,-3.946529626846313477e+00,9.701744079589843750e+00,1.943204879760742188e+01,2.201481056213378906e+01,1.585898971557617188e+01,2.087688446044921875e+01,1.667607688903808594e+01,1.710793685913085938e+01,1.515023517608642578e+01,1.633123970031738281e+01,1.501810073852539062e+01,nan,nan,nan,nan,nan,nan,nan,nan,nan,nan,nan,nan,nan,nan,nan
nan,nan,nan,nan,nan,nan,nan,nan,nan,nan,nan,nan,nan,nan,nan,nan,nan,nan,nan,nan,nan,nan,nan,nan,nan,nan,nan,nan,nan,nan,nan,nan,nan,8.537932634353637695e-01,2.129561424255371094e+00,-7.348003983497619629e-01,3.369650363922119141e+00,1.018369865417480469e+01,1.577734851837158203e+01,2.086517524719238281e+01,1.783172225952148438e+01,1.298685073852539062e+01,1.024388694763183594e+01,4.332084655761718750e+00,1.358347773551940918e+00,-1.079182267189025879e+00,-3.045295476913452148e+00,-1.784820556640625000e+00,-2.086384296417236328e+00,nan,nan,nan,nan,nan,nan,nan,nan,nan,nan,nan,nan,nan,nan,nan,nan,nan,nan,nan,nan,nan,nan,nan,nan,nan,nan,nan,nan,nan,nan,nan,nan,nan,nan,nan,nan,nan,nan,nan,nan,nan,nan,nan,nan,nan,nan,nan,nan,nan,6.735840320587158203e+00,-3.851596593856811523e+00,9.444457054138183594e+00,1.771206283569335938e+01,2.321755790710449219e+01,2.328239822387695312e+01,2.181102752685546875e+01,1.777009963989257812e+01,1.622165489196777344e+01,1.401317119598388672e+01,1.483096027374267578e+01,1.711615180969238281e+01,nan,nan,nan,nan,nan,nan,nan,nan,nan,nan,nan,nan,nan,nan,nan
nan,nan,nan,nan,nan,nan,nan,nan,nan,nan,nan,nan,nan,nan,nan,nan,nan,nan,nan,nan,3.933409452438354492e+00,4.634949684143066406e+00,nan,nan,nan,nan,nan,nan,nan,nan,nan,nan,nan,nan,nan,nan,6.663074493408203125e+00,5.530119538307189941e-01,1.262590503692626953e+01,2.036811256408691406e+01,1.926727294921875000e+01,1.272383308410644531e+01,4.998521327972412109e+00,2.476497650146484375e+00,7.647809386253356934e-01,1.634298264980316162e-01,-9.543700218200683594e-01,-1.295097470283508301e+00,nan,nan,nan,nan,nan,nan,nan,nan,nan,nan,nan,nan,nan,nan,nan,nan,nan,nan,nan,nan,nan,nan,nan,nan,nan,nan,nan,nan,nan,nan,nan,nan,nan,nan,nan,nan,nan,nan,nan,nan,nan,nan,nan,nan,nan,nan,nan,nan,nan,nan,nan,-3.468774318695068359e+00,4.792767047882080078e+00,1.183485221862792969e+01,2.597832679748535156e+01,3.480505371093750000e+01,2.308756637573242188e+01,1.699829483032226562e+01,1.494705772399902344e+01,1.769856452941894531e+01,2.154436111450195312e+01,1.558811855316162109e+01,nan,nan,nan,nan,nan,nan,nan,nan,nan,nan,nan,nan,nan,nan,nan
nan,nan,nan,nan,nan,nan,nan,nan,nan,nan,nan,nan,nan,nan,nan,nan,nan,nan,nan,nan,2.501677989959716797e+00,1.874085617065429688e+01,4.461851596832275391e+00,5.409218788146972656e+00,nan,nan,nan,nan,nan,nan,nan,nan,nan,nan,nan,nan,nan,8.768085479736328125e+00,2.963179945945739746e-01,2.089037322998046875e+01,1.575570678710937500e+01,1.328565716743469238e+00,-5.027172565460205078e-01,-1.819919645786285400e-01,-1.360162973403930664e+00,-5.252248048782348633e-01,-1.292365491390228271e-01,nan,nan,nan,nan,nan,nan,nan,nan,nan,nan,nan,nan,nan,nan,nan,nan,nan,nan,nan,nan,nan,nan,nan,nan,nan,nan,nan,nan,nan,nan,nan,nan,nan,nan,nan,nan,nan,nan,nan,nan,nan,nan,nan,nan,nan,nan,nan,nan,nan,nan,nan,nan,1.096959400177001953e+01,1.725395202636718750e+00,1.390567111968994141e+01,3.045197296142578125e+01,3.163058471679687500e+01,3.388228225708007812e+01,3.223852157592773438e+01,2.068266677856445312e+01,2.231426811218261719e+01,1.934619903564453125e+01,-2.136356830596923828e+00,7.702635288238525391e+00,nan,nan,nan,nan,nan,nan,nan,nan,nan,nan,nan,nan,nan,nan
nan,nan,nan,nan,nan,nan,nan,nan,nan,nan,nan,nan,nan,nan,nan,nan,nan,nan,nan,nan,nan,8.284927368164062500e+00,1.089119911193847656e+01,5.558564186096191406e+00,nan,nan,nan,nan,nan,nan,nan,nan,nan,nan,nan,nan,nan,nan,nan,9.812698364257812500e+00,4.659727096557617188e+00,8.126221656799316406e+00,6.754600048065185547e+00,nan,nan,nan,nan,nan,nan,nan,nan,nan,nan,nan,nan,nan,nan,nan,nan,nan,nan,nan,nan,nan,nan,nan,nan,nan,nan,nan,nan,nan,nan,nan,nan,nan,nan,nan,nan,nan,nan,nan,nan,nan,nan,nan,nan,nan,nan,nan,nan,nan,nan,nan,nan,nan,nan,nan,nan,1.065954303741455078e+01,-6.970395088195800781e+00,2.263564109802246094e+00,2.882815170288085938e+01,3.063788986206054688e+01,3.207007217407226562e+01,2.959321022033691406e+01,2.803076362609863281e+01,1.893640708923339844e+01,9.281836509704589844e+00,-7.167315006256103516e+00,-6.080375671386718750e+00,nan,nan,nan,nan,nan,nan,nan,nan,nan,nan,nan,nan,nan,nan
nan,nan,nan,nan,nan,nan,nan,nan,nan,nan,nan,nan,nan,nan,nan,nan,nan,nan,nan,nan,2.322200536727905273e+00,-9.087805747985839844e+00,5.062707662582397461e-01,2.203892707824707031e+01,8.147982597351074219e+00,nan,nan,nan,nan,nan,nan,nan,nan,nan,nan,nan,nan,nan,nan,nan,nan,nan,nan,nan,nan,nan,nan,nan,nan,nan,nan,nan,nan,nan,nan,nan,nan,nan,nan,nan,nan,nan,nan,nan,nan,nan,nan,nan,nan,nan,nan,nan,nan,nan,nan,nan,nan,nan,nan,nan,nan,nan,nan,nan,nan,nan,nan,nan,nan,nan,nan,nan,nan,nan,nan,nan,nan,nan,nan,nan,-1.300462603569030762e+00,3.165861845016479492e+00,2.678333282470703125e+01,2.634558677673339844e+01,2.332108688354492188e+01,1.848197174072265625e+01,1.839509201049804688e+01,1.227363109588623047e+01,9.565754890441894531e+00,-3.985399723052978516e+00,-7.250422954559326172e+00,nan,nan,nan,nan,nan,nan,nan,nan,nan,nan,nan,nan,nan,nan
nan,nan,nan,nan,nan,nan,nan,nan,nan,nan,nan,nan,nan,nan,nan,nan,nan,nan,nan,nan,2.661133289337158203e+00,-5.396838378906250000e+01,9.453824162483215332e-01,1.274750900268554688e+01,2.702942466735839844e+01,nan,nan,nan,nan,nan,nan,nan,nan,nan,nan,nan,nan,nan,nan,nan,nan,nan,nan,nan,nan,nan,nan,nan,nan,nan,nan,nan,nan,nan,nan,nan,nan,nan,nan,nan,nan,nan,nan,nan,nan,nan,nan,nan,nan,nan,nan,nan,nan,nan,nan,nan,nan,nan,nan,nan,nan,nan,nan,nan,nan,nan,nan,nan,nan,nan,nan,nan,nan,nan,nan,nan,nan,nan,4.889845848083496094e+00,8.040767669677734375e+00,2.452905178070068359e+00,7.089279174804687500e+00,1.752212142944335938e+01,1.928116416931152344e+01,2.264388656616210938e+01,2.827465629577636719e+01,1.029167079925537109e+01,1.050572967529296875e+01,-1.857538414001464844e+01,-6.119075775146484375e+00,2.318403482437133789e+00,5.295941352844238281e+00,nan,nan,nan,nan,nan,nan,nan,nan,nan,nan,nan,nan,nan
nan,nan,nan,nan,nan,nan,nan,nan,nan,nan,nan,nan,nan,nan,nan,nan,nan,nan,nan,nan,nan,-4.592507839202880859e+00,-4.396838665008544922e+00,4.030341625213623047e+00,1.260736083984375000e+01,1.622621726989746094e+01,1.438564491271972656e+01,nan,nan,nan,nan,nan,nan,nan,nan,nan,nan,nan,nan,nan,nan,nan,nan,nan,nan,nan,nan,nan,nan,nan,nan,nan,nan,nan,nan,nan,nan,nan,nan,nan,nan,nan,nan,nan,nan,nan,nan,nan,nan,nan,nan,nan,nan,nan,nan,nan,nan,nan,nan,nan,nan,nan,nan,nan,nan,nan,nan,nan,nan,nan,nan,nan,nan,nan,nan,nan,nan,nan,nan,nan,2.951559722423553467e-01,9.566708564758300781e+00,1.670264053344726562e+01,1.787396621704101562e+01,2.182264900207519531e+01,1.547399044036865234e+01,9.792611122131347656e+00,5.430651187896728516e+00,-8.364705085754394531e+00,-7.515913963317871094e+00,-4.432853221893310547e+00,6.766690731048583984e+00,5.515604972839355469e+00,4.707058429718017578e+00,nan,nan,nan,nan,nan,nan,nan,nan,nan,nan,nan
nan,nan,nan,nan,nan,nan,nan,nan,nan,nan,nan,nan,nan,nan,nan,nan,nan,nan,nan,nan,nan,-1.451066285371780396e-01,-5.147325038909912109e+00,9.173025131225585938e+00,2.256397438049316406e+01,1.752190589904785156e+01,1.096731281280517578e+01,1.489775085449218750e+01,nan,nan,nan,nan,nan,nan,nan,nan,nan,nan,nan,nan,nan,nan,nan,nan,nan,nan,nan,nan,nan,nan,nan,nan,nan,nan,nan,nan,nan,nan,nan,nan,nan,nan,nan,nan,nan,nan,nan,nan,nan,nan,nan,nan,nan,nan,nan,nan,nan,nan,nan,nan,nan,nan,nan,nan,nan,nan,nan,nan,nan,nan,nan,nan,nan,nan,nan,nan,nan,nan,nan,4.913027763366699219e+00,-7.034407615661621094e+00,3.116288423538208008e+00,1.067207908630371094e+01,1.641197204589843750e+01,1.983901214599609375e+01,1.490534114837646484e+01,1.152799129486083984e+01,7.218722343444824219e+00,2.672266483306884766e+00,-6.977815151214599609e+00,-6.429345130920410156e+00,1.057591342926025391e+01,7.621412754058837891e+00,1.377259612083435059e+00,nan,nan,nan,nan,nan,nan,nan,nan,nan,nan,nan
nan,nan,nan,nan,nan,nan,nan,nan,nan,nan,nan,nan,nan,nan,nan,nan,nan,nan,nan,nan,nan,6.218143939971923828e+00,5.514636039733886719e+00,2.009240341186523438e+01,2.586953735351562500e+01,2.887124633789062500e+01,1.477180290222167969e+01,1.520001125335693359e+01,nan,nan,nan,nan,nan,nan,nan,nan,nan,nan,nan,nan,nan,nan,nan,nan,nan,nan,nan,nan,nan,nan,nan,nan,nan,nan,nan,nan,nan,nan,nan,nan,nan,nan,nan,nan,nan,nan,nan,nan,nan,nan,nan,nan,nan,nan,nan,nan,nan,nan,nan,nan,nan,nan,nan,nan,nan,nan,nan,nan,nan,nan,nan,nan,nan,nan,nan,nan,nan,nan,nan,3.637765407562255859e+00,-8.760516166687011719e+00,-6.490771293640136719e+00,-3.603388071060180664e+00,9.579802513122558594e+00,1.461584472656250000e+01,1.269023799896240234e+01,1.192552089691162109e+01,8.166242599487304688e+00,3.800501346588134766e+00,1.486960053443908691e+00,6.707825183868408203e+00,1.791710615158081055e+00,1.596214675903320312e+01,1.566408157348632812e+01,nan,nan,nan,nan,nan,nan,nan,nan,nan,nan,nan
nan,nan,nan,nan,nan,nan,nan,nan,nan,nan,nan,nan,nan,nan,nan,nan,nan,nan,nan,nan,nan,5.071247100830078125e+00,4.265966415405273438e+00,6.016839981079101562e+00,1.753726387023925781e+01,2.497948265075683594e+01,2.848612403869628906e+01,9.232247352600097656e+00,nan,nan,nan,nan,nan,nan,nan,nan,nan,nan,nan,nan,nan,nan,nan,nan,nan,nan,nan,nan,nan,nan,nan,nan,nan,nan,nan,nan,nan,nan,nan,nan,nan,nan,nan,nan,nan,nan,nan,nan,nan,nan,nan,nan,nan,nan,nan,nan,nan,nan,nan,nan,nan,nan,nan,nan,nan,nan,nan,nan,nan,nan,nan,nan,nan,nan,nan,nan,nan,nan,1.194679923355579376e-02,2.181343555450439453e+00,4.249475479125976562e+00,-5.746573925018310547e+00,-1.731410145759582520e+00,2.030506610870361328e+00,8.152209281921386719e+00,1.267758464813232422e+01,1.798422813415527344e+01,1.502210140228271484e+01,-1.232757186889648438e+01,-5.603905677795410156e+00,6.243245124816894531e+00,2.711421489715576172e+00,1.923691177368164062e+01,1.567757701873779297e+01,nan,nan,nan,nan,nan,nan,nan,nan,nan,nan,nan
nan,nan,nan,nan,nan,nan,nan,nan,nan,nan,nan,nan,nan,nan,nan,nan,nan,nan,nan,nan,nan,1.392391204833984375e+01,4.710011482238769531e+00,7.910938739776611328e+00,1.738619995117187500e+01,nan,1.740177345275878906e+01,2.592052268981933594e+01,4.949006080627441406e+00,3.260847330093383789e+00,-1.718985080718994141e+00,6.914754867553710938e+00,4.029922485351562500e+00,nan,nan,nan,nan,nan,nan,nan,nan,nan,nan,nan,nan,nan,nan,nan,nan,nan,nan,nan,nan,nan,nan,nan,nan,nan,nan,nan,nan,nan,nan,nan,nan,nan,nan,nan,nan,nan,nan,nan,nan,nan,nan,nan,nan,nan,nan,nan,nan,nan,nan,nan,nan,nan,nan,nan,nan,nan,nan,nan,nan,nan,nan,nan,nan,nan,nan,nan,nan,5.142823219299316406e+00,7.509593963623046875e+00,-8.237699270248413086e-01,4.651841148734092712e-02,1.389952754974365234e+01,1.863746452331542969e+01,1.748259353637695312e+01,-1.781488060951232910e+00,-7.158985137939453125e+00,8.102529525756835938e+00,1.578214454650878906e+01,2.208484077453613281e+01,1.396734428405761719e+01,nan,nan,nan,nan,nan,nan,nan,nan,nan,nan,nan
nan,nan,nan,nan,nan,nan,nan,nan,nan,nan,nan,nan,nan,nan,nan,nan,nan,nan,nan,nan,nan,nan,1.246401596069335938e+01,2.027827644348144531e+01,nan,nan,nan,-4.383399486541748047e+00,1.242320060729980469e+01,7.804880738258361816e-01,2.270337581634521484e+00,-8.005152702331542969e+00,nan,nan,nan,nan,nan,nan,nan,nan,nan,nan,nan,nan,nan,nan,nan,nan,nan,nan,nan,nan,nan,nan,nan,nan,nan,nan,nan,nan,nan,nan,nan,nan,nan,nan,nan,nan,nan,nan,nan,nan,nan,nan,nan,nan,nan,nan,nan,nan,nan,nan,nan,nan,nan,nan,nan,nan,nan,nan,nan,nan,nan,nan,nan,nan,nan,nan,nan,nan,nan,4.100761890411376953e+00,nan,nan,nan,1.047205448150634766e+01,1.864470863342285156e+01,1.706115341186523438e+01,-7.290292739868164062e+00,-8.209078788757324219e+00,8.293712615966796875e+00,2.060118675231933594e+01,2.162135124206542969e+01,1.566171264648437500e+01,nan,nan,nan,nan,nan,nan,nan,nan,nan,nan,nan
nan,nan,nan,nan,nan,nan,nan,nan,nan,nan,nan,nan,nan,nan,nan,nan,nan,nan,nan,nan,nan,nan,3.049770355224609375e+01,2.424810409545898438e+01,2.548552131652832031e+01,2.205308151245117188e+01,3.130943489074707031e+01,2.584955024719238281e+01,1.763761329650878906e+01,9.530022621154785156e+00,8.812421798706054688e+00,9.893815994262695312e+00,nan,nan,nan,nan,nan,nan,nan,nan,nan,nan,nan,nan,nan,nan,nan,nan,nan,nan,nan,nan,nan,nan,nan,nan,nan,nan,nan,nan,nan,nan,nan,nan,nan,nan,nan,nan,nan,nan,nan,nan,nan,nan,nan,nan,nan,nan,nan,nan,nan,nan,nan,nan,nan,nan,nan,nan,nan,nan,nan,nan,nan,nan,nan,nan,nan,nan,nan,nan,nan,nan,nan,nan,nan,1.564719963073730469e+01,1.696231269836425781e+01,1.251662635803222656e+01,5.878987789154052734e+00,9.415632247924804688e+00,1.230257701873779297e+01,1.651577758789062500e+01,1.357630443572998047e+01,1.514968013763427734e+01,nan,nan,nan,nan,nan,nan,nan,nan,nan,nan,nan
nan,nan,nan,nan,nan,nan,nan,nan,nan,nan,nan,nan,nan,nan,nan,nan,nan,nan,nan,nan,nan,nan,2.002134513854980469e+01,2.906344604492187500e+01,2.927840805053710938e+01,2.886540603637695312e+01,3.307627487182617188e+01,2.984886360168457031e+01,1.813358879089355469e+01,1.607390403747558594e+01,nan,nan,8.512866020202636719e+00,nan,nan,nan,nan,nan,nan,nan,nan,nan,nan,nan,nan,nan,nan,nan,nan,nan,nan,nan,nan,nan,nan,nan,nan,nan,nan,nan,nan,nan,nan,nan,nan,nan,nan,nan,nan,nan,nan,nan,nan,nan,nan,nan,nan,nan,nan,nan,nan,nan,nan,nan,nan,nan,nan,nan,nan,nan,nan,nan,nan,nan,nan,nan,nan,nan,nan,nan,nan,nan,nan,nan,1.045105648040771484e+01,8.895538330078125000e+00,1.856740760803222656e+01,1.625890731811523438e+01,6.760352611541748047e+00,5.168558597564697266e+00,9.160143852233886719e+00,8.827907562255859375e+00,6.411461830139160156e+00,6.474282264709472656e+00,1.056851482391357422e+01,nan,nan,nan,nan,nan,nan,nan,nan,nan,nan
nan,nan,nan,nan,nan,nan,nan,nan,nan,nan,nan,nan,nan,nan,nan,nan,nan,nan,nan,nan,nan,nan,2.056685447692871094e+01,2.653839492797851562e+01,2.439409065246582031e+01,2.857482147216796875e+01,3.428984451293945312e+01,nan,nan,1.684840965270996094e+01,nan,1.228327465057373047e+01,9.871745109558105469e+00,nan,nan,nan,nan,nan,nan,nan,nan,nan,nan,nan,nan,nan,nan,nan,nan,nan,nan,nan,nan,nan,nan,nan,nan,nan,nan,nan,nan,nan,nan,nan,nan,nan,nan,nan,nan,nan,nan,nan,nan,nan,nan,nan,nan,nan,nan,nan,nan,nan,nan,nan,nan,nan,nan,nan,nan,nan,nan,nan,nan,nan,nan,nan,nan,nan,nan,nan,nan,nan,nan,nan,nan,2.869293928146362305e+00,1.320179271697998047e+01,1.532100009918212891e+01,8.424758911132812500e+00,6.581744194030761719e+00,6.134432792663574219e+00,4.717050552368164062e+00,3.346112251281738281e+00,9.242085456848144531e+00,nan,nan,nan,nan,nan,nan,nan,nan,nan,nan,nan
nan,nan,nan,nan,nan,nan,nan,nan,nan,nan,nan,nan,nan,nan,nan,nan,nan,nan,nan,nan,nan,2.011907005310058594e+01,2.157782173156738281e+01,2.196412277221679688e+01,2.009583473205566406e+01,2.291485404968261719e+01,2.704115104675292969e+01,2.034022521972656250e+01,2.193174362182617188e+01,1.843692398071289062e+01,1.697057723999023438e+01,1.409449863433837891e+01,nan,nan,nan,nan,nan,nan,nan,nan,nan,nan,nan,nan,nan,nan,nan,nan,nan,nan,nan,nan,nan,nan,nan,nan,nan,nan,nan,nan,nan,nan,nan,nan,nan,nan,nan,nan,nan,nan,nan,nan,nan,nan,nan,nan,nan,nan,nan,nan,nan,nan,nan,nan,nan,nan,nan,nan,nan,nan,nan,nan,nan,nan,nan,nan,nan,nan,nan,nan,nan,nan,nan,nan,nan,9.401743888854980469e+00,1.376293087005615234e+01,9.268603324890136719e+00,1.952146720886230469e+01,1.742645263671875000e+01,4.332756042480468750e+00,-2.579957485198974609e+00,9.368311882019042969e+00,nan,nan,nan,nan,nan,nan,nan,nan,nan,nan,nan,nan
nan,nan,nan,nan,nan,nan,nan,nan,nan,nan,nan,nan,nan,nan,nan,nan,nan,nan,nan,nan,nan,nan,-2.908799362182617188e+01,2.332864189147949219e+01,1.557849502563476562e+01,2.018918991088867188e+01,1.874234580993652344e+01,1.500841999053955078e+01,2.512435531616210938e+01,1.890646553039550781e+01,1.910462951660156250e+01,1.671868324279785156e+01,nan,nan,nan,nan,nan,nan,nan,nan,nan,nan,nan,nan,nan,nan,nan,nan,nan,nan,nan,nan,nan,nan,nan,nan,nan,nan,nan,nan,nan,nan,nan,nan,nan,nan,nan,nan,nan,nan,nan,nan,nan,nan,nan,nan,nan,nan,nan,nan,nan,nan,nan,nan,nan,nan,nan,nan,nan,nan,nan,nan,nan,nan,nan,nan,nan,nan,nan,nan,nan,nan,nan,nan,nan,6.720152854919433594e+00,8.973568916320800781e+00,7.006273746490478516e+00,1.933835601806640625e+01,2.068735122680664062e+01,6.230663776397705078e+00,2.648556947708129883e+00,9.644791603088378906e+00,nan,nan,nan,nan,nan,nan,nan,nan,nan,nan,nan,nan
nan,nan,nan,nan,nan,nan,nan,nan,nan,nan,nan,nan,nan,nan,nan,nan,nan,nan,nan,nan,nan,2.326594924926757812e+01,2.428959846496582031e+01,2.130112266540527344e+01,1.451524353027343750e+01,nan,2.348803329467773438e+01,1.908481979370117188e+01,nan,7.101256847381591797e+00,7.542738914489746094e+00,nan,nan,nan,nan,nan,nan,nan,nan,nan,nan,nan,nan,nan,nan,nan,nan,nan,nan,nan,nan,nan,nan,nan,nan,nan,nan,nan,nan,nan,nan,nan,nan,nan,nan,nan,nan,nan,nan,nan,nan,nan,nan,nan,nan,nan,nan,nan,nan,nan,nan,nan,nan,nan,nan,nan,nan,nan,nan,nan,nan,nan,nan,nan,nan,nan,nan,nan,nan,nan,nan,nan,nan,nan,1.238502311706542969e+01,7.130383014678955078e+00,1.387460803985595703e+01,1.890691375732421875e+01,1.595966529846191406e+01,1.998397636413574219e+01,9.753792762756347656e+00,-3.135666608810424805e+00,1.003983402252197266e+01,nan,nan,nan,nan,nan,nan,nan,nan,nan,nan,nan,nan
nan,nan,nan,nan,nan,nan,nan,nan,nan,nan,nan,nan,nan,nan,nan,nan,nan,nan,nan,nan,nan,nan,2.653000068664550781e+01,1.645073318481445312e+01,1.028949356079101562e+01,nan,2.357865715026855469e+01,2.362252807617187500e+01,1.866492080688476562e+01,6.157944679260253906e+00,2.031317901611328125e+01,nan,nan,nan,nan,nan,nan,nan,nan,nan,nan,nan,nan,nan,nan,nan,nan,nan,nan,nan,nan,nan,nan,nan,nan,nan,nan,nan,nan,nan,nan,nan,nan,nan,nan,nan,nan,nan,nan,nan,nan,nan,nan,nan,nan,nan,nan,nan,nan,nan,nan,nan,nan,nan,nan,nan,nan,nan,nan,nan,nan,nan,nan,nan,nan,nan,nan,nan,nan,nan,nan,nan,nan,nan,1.248611545562744141e+01,6.194652557373046875e+00,1.288447761535644531e+01,2.511734199523925781e+01,2.542988395690917969e+01,2.115647888183593750e+01,1.640097618103027344e+01,-4.317989349365234375e+00,1.127957344055175781e+01,nan,nan,nan,nan,nan,nan,nan,nan,nan,nan,nan,nan
nan,nan,nan,nan,nan,nan,nan,nan,nan,nan,nan,nan,nan,nan,nan,nan,nan,nan,nan,nan,2.509580802917480469e+01,2.403630828857421875e+01,3.136171913146972656e+01,2.901171684265136719e+01,3.197184562683105469e+01,3.241723632812500000e+01,3.617824172973632812e+01,3.278441238403320312e+01,1.746099090576171875e+01,9.364393234252929688e+00,2.129112625122070312e+01,nan,nan,nan,nan,nan,nan,nan,nan,nan,nan,nan,nan,nan,nan,nan,nan,nan,nan,nan,nan,nan,nan,nan,nan,nan,nan,nan,nan,nan,nan,nan,nan,nan,nan,nan,nan,nan,nan,nan,nan,nan,nan,nan,nan,nan,nan,nan,nan,nan,nan,nan,nan,nan,nan,nan,nan,nan,nan,nan,nan,nan,nan,nan,nan,nan,nan,nan,nan,nan,nan,nan,nan,nan,1.263967037200927734e+01,nan,1.006837844848632812e+01,1.484375095367431641e+01,1.994151306152343750e+01,1.899945831298828125e+01,1.732872009277343750e+01,3.405697345733642578e+00,nan,nan,nan,nan,nan,nan,nan,nan,nan,nan,nan,nan,nan
nan,nan,nan,nan,nan,nan,nan,nan,nan,nan,nan,nan,nan,nan,nan,nan,nan,nan,nan,nan,2.583193016052246094e+01,2.768489456176757812e+01,3.064427757263183594e+01,3.428934097290039062e+01,3.825309753417968750e+01,4.019208145141601562e+01,4.124308013916015625e+01,3.063574600219726562e+01,2.239661216735839844e+01,1.837630081176757812e+01,2.271784591674804688e+01,nan,nan,nan,nan,nan,nan,nan,nan,nan,nan,nan,nan,nan,nan,nan,nan,nan,nan,nan,nan,nan,nan,nan,nan,nan,nan,nan,nan,nan,nan,nan,nan,nan,nan,nan,nan,nan,nan,nan,nan,nan,nan,nan,nan,nan,nan,nan,nan,nan,nan,nan,nan,nan,nan,nan,nan,nan,nan,nan,nan,nan,nan,nan,nan,nan,nan,nan,nan,nan,nan,nan,nan,nan,1.252607345581054688e+01,1.388296508789062500e+01,6.342612266540527344e+00,1.694112968444824219e+01,1.864865684509277344e+01,1.476724529266357422e+01,1.262153339385986328e+01,1.139026832580566406e+01,nan,nan,nan,nan,nan,nan,nan,nan,nan,nan,nan,nan,nan
nan,nan,nan,nan,nan,nan,nan,nan,nan,nan,nan,nan,nan,nan,nan,nan,nan,nan,nan,nan,nan,3.024652481079101562e+01,3.362408828735351562e+01,3.441964340209960938e+01,4.295207595825195312e+01,3.250487899780273438e+01,3.553783798217773438e+01,2.934326744079589844e+01,2.291123390197753906e+01,2.132954978942871094e+01,2.327621841430664062e+01,nan,nan,nan,nan,nan,nan,nan,nan,nan,nan,nan,nan,nan,nan,nan,nan,nan,nan,nan,nan,nan,nan,nan,nan,nan,nan,nan,nan,nan,nan,nan,nan,nan,nan,nan,nan,nan,nan,nan,nan,nan,nan,nan,nan,nan,nan,nan,nan,nan,nan,nan,nan,nan,nan,nan,nan,nan,nan,nan,nan,nan,nan,nan,nan,nan,nan,nan,nan,nan,nan,nan,nan,nan,nan,nan,nan,6.272825717926025391e+00,1.621380043029785156e+01,1.249811840057373047e+01,1.305899429321289062e+01,1.409772586822509766e+01,nan,nan,nan,nan,nan,nan,nan,nan,nan,nan,nan,nan,nan
nan,nan,nan,nan,nan,nan,nan,nan,nan,nan,nan,nan,nan,nan,nan,nan,nan,nan,nan,nan,nan,2.238298988342285156e+01,3.635210418701171875e+01,2.532618522644042969e+01,2.351097869873046875e+01,3.231487274169921875e+01,3.226337432861328125e+01,3.288323974609375000e+01,2.848142623901367188e+01,1.658378410339355469e+01,nan,nan,nan,nan,nan,nan,nan,nan,nan,nan,nan,nan,nan,nan,nan,nan,nan,nan,nan,nan,nan,nan,nan,nan,nan,nan,nan,nan,nan,nan,nan,nan,nan,nan,nan,nan,nan,nan,nan,nan,nan,nan,nan,nan,nan,nan,nan,nan,nan,nan,nan,nan,nan,nan,nan,nan,nan,nan,nan,nan,nan,nan,nan,nan,nan,nan,nan,nan,nan,nan,nan,nan,nan,nan,nan,nan,nan,1.387738609313964844e+01,9.014444351196289062e+00,2.224612998962402344e+01,1.601984024047851562e+01,1.645933341979980469e+01,1.365368366241455078e+01,nan,nan,nan,nan,nan,nan,nan,nan,nan,nan,nan,nan
nan,nan,nan,nan,nan,nan,nan,nan,nan,nan,nan,nan,nan,nan,nan,nan,nan,nan,nan,nan,nan,2.699673843383789062e+01,2.337557792663574219e+01,2.086749458312988281e+01,1.636251068115234375e+01,2.831027030944824219e+01,3.623231887817382812e+01,3.310649108886718750e+01,2.739778137207031250e+01,1.982750511169433594e+01,2.176139831542968750e+01,nan,nan,nan,nan,nan,nan,nan,nan,nan,nan,nan,nan,nan,nan,nan,nan,nan,nan,nan,nan,nan,nan,nan,nan,nan,nan,nan,nan,nan,nan,nan,nan,nan,nan,nan,nan,nan,nan,nan,nan,nan,nan,nan,nan,nan,nan,nan,nan,nan,nan,nan,nan,nan,nan,nan,nan,nan,nan,nan,nan,nan,nan,nan,nan,nan,nan,nan,nan,nan,nan,nan,nan,nan,nan,nan,nan,nan,1.284692168235778809e+00,2.130445671081542969e+01,1.982047462463378906e+01,1.197144317626953125e+01,nan,nan,nan,nan,nan,nan,nan,nan,nan,nan,nan,nan,nan
nan,nan,nan,nan,nan,nan,nan,nan,nan,nan,nan,nan,nan,nan,nan,nan,nan,nan,nan,nan,nan,nan,nan,1.383463096618652344e+01,1.909039115905761719e+01,2.599782562255859375e+01,4.366033554077148438e+01,3.325282669067382812e+01,2.620597839355468750e+01,2.274101829528808594e+01,2.043693923950195312e+01,nan,nan,nan,nan,nan,nan,nan,nan,nan,nan,nan,nan,nan,nan,nan,nan,nan,nan,nan,nan,nan,nan,nan,nan,nan,nan,nan,nan,nan,nan,nan,nan,nan,nan,nan,nan,nan,nan,nan,nan,nan,nan,nan,nan,nan,nan,nan,nan,nan,nan,nan,nan,nan,nan,nan,nan,nan,nan,nan,nan,nan,nan,nan,nan,nan,nan,nan,nan,nan,nan,nan,nan,nan,nan,nan,nan,nan,1.018689155578613281e+01,1.738477897644042969e+01,1.393222427368164062e+01,1.315605545043945312e+01,nan,nan,nan,nan,nan,nan,nan,nan,nan,nan,nan,nan,nan
nan,nan,nan,nan,nan,nan,nan,nan,nan,nan,nan,nan,nan,nan,nan,nan,nan,nan,nan,nan,nan,nan,nan,1.132529926300048828e+01,2.476820564270019531e+01,2.787032318115234375e+01,2.603178596496582031e+01,3.060643959045410156e+01,2.559388351440429688e+01,2.409843254089355469e+01,1.324967288970947266e+01,1.270722961425781250e+01,7.797348022460937500e+00,1.227391052246093750e+01,nan,nan,nan,nan,nan,nan,nan,nan,nan,nan,nan,nan,nan,nan,nan,nan,nan,nan,nan,nan,nan,nan,nan,nan,nan,nan,nan,nan,nan,nan,nan,nan,nan,nan,nan,nan,nan,nan,nan,nan,nan,nan,nan,nan,nan,nan,nan,nan,nan,nan,nan,nan,nan,nan,nan,nan,nan,nan,nan,nan,nan,nan,nan,nan,nan,nan,nan,nan,nan,nan,nan,9.596120834350585938e+00,2.247157478332519531e+01,1.058846855163574219e+01,1.097684860229492188e+01,6.040408611297607422e+00,2.745372772216796875e+00,1.188802623748779297e+01,nan,nan,nan,nan,nan,nan,nan,nan,nan,nan,nan,nan,nan
nan,nan,nan,nan,nan,nan,nan,nan,nan,nan,nan,nan,nan,nan,nan,nan,nan,nan,nan,nan,nan,nan,nan,2.311187171936035156e+01,2.394490242004394531e+01,2.261261367797851562e+01,1.423486995697021484e+01,1.886893653869628906e+01,2.118753242492675781e+01,2.280364227294921875e+01,1.760730552673339844e+01,1.284555244445800781e+01,6.676542758941650391e+00,1.426554322242736816e+00,9.473367691040039062e+00,nan,nan,nan,nan,nan,nan,nan,nan,nan,nan,nan,nan,nan,nan,nan,nan,nan,nan,nan,nan,nan,nan,nan,nan,nan,nan,nan,nan,nan,nan,nan,nan,nan,nan,nan,nan,nan,nan,nan,nan,nan,nan,nan,nan,nan,nan,nan,nan,nan,nan,nan,nan,nan,nan,nan,nan,nan,nan,nan,nan,nan,nan,nan,nan,nan,nan,nan,nan,nan,nan,1.688423347473144531e+01,1.593163776397705078e+01,9.219928741455078125e+00,1.128257465362548828e+01,1.149189853668212891e+01,nan,nan,nan,nan,nan,nan,nan,nan,nan,nan,nan,nan,nan,nan,nan
nan,nan,nan,nan,nan,nan,nan,nan,nan,nan,nan,nan,nan,nan,nan,nan,nan,nan,nan,nan,nan,nan,nan,nan,nan,2.078348731994628906e+01,1.203435134887695312e+01,1.673670387268066406e+01,1.774950981140136719e+01,1.630984878540039062e+01,1.865355110168457031e+01,1.615959358215332031e+01,8.279047966003417969e+00,5.746798515319824219e+00,-2.106547594070434570e+00,nan,nan,nan,nan,nan,nan,nan,nan,nan,nan,nan,nan,nan,nan,nan,nan,nan,nan,nan,nan,nan,nan,nan,nan,nan,nan,nan,nan,nan,nan,nan,nan,nan,nan,nan,nan,nan,nan,nan,nan,nan,nan,nan,nan,nan,nan,nan,nan,nan,nan,nan,nan,nan,nan,nan,nan,nan,nan,nan,nan,nan,nan,nan,nan,nan,nan,nan,nan,nan,nan,7.262424468994140625e+00,6.817514419555664062e+00,3.591849565505981445e+00,1.210990238189697266e+01,1.195499229431152344e+01,nan,nan,nan,nan,nan,nan,nan,nan,nan,nan,nan,nan,nan,nan,nan
nan,nan,nan,nan,nan,nan,nan,nan,nan,nan,nan,nan,nan,nan,nan,nan,nan,nan,nan,nan,nan,nan,nan,nan,nan,1.734343910217285156e+01,1.650123596191406250e+01,1.662716484069824219e+01,1.658352088928222656e+01,2.137039756774902344e+01,1.721537780761718750e+01,1.533379936218261719e+01,1.767982864379882812e+01,1.519626045227050781e+01,nan,7.181282520294189453e+00,nan,nan,nan,nan,nan,nan,nan,nan,nan,nan,nan,nan,nan,nan,nan,nan,nan,nan,nan,nan,nan,nan,nan,nan,nan,nan,nan,nan,nan,nan,nan,nan,nan,nan,nan,nan,nan,nan,nan,nan,nan,nan,nan,nan,nan,nan,nan,nan,nan,nan,nan,nan,nan,nan,nan,nan,nan,nan,nan,nan,nan,nan,nan,nan,nan,nan,nan,nan,4.456873893737792969e+00,3.944055080413818359e+00,4.489307880401611328e+00,1.371300697326660156e+00,3.182016134262084961e+00,1.342404842376708984e+01,nan,nan,nan,nan,nan,nan,nan,nan,nan,nan,nan,nan,nan,nan,nan
nan,nan,nan,nan,nan,nan,nan,nan,nan,nan,nan,nan,nan,nan,nan,nan,nan,nan,nan,nan,nan,nan,nan,nan,nan,2.115217018127441406e+01,2.484316253662109375e+01,2.058706474304199219e+01,2.188064956665039062e+01,2.199829101562500000e+01,1.810090637207031250e+01,1.574900627136230469e+01,1.514336109161376953e+01,1.209218025207519531e+01,3.395977616310119629e-01,-3.590986013412475586e+00,nan,nan,nan,nan,nan,nan,nan,nan,nan,nan,nan,nan,nan,nan,nan,nan,nan,nan,nan,nan,nan,nan,nan,nan,nan,nan,nan,nan,nan,nan,nan,nan,nan,nan,nan,nan,nan,nan,nan,nan,nan,nan,nan,nan,nan,nan,nan,nan,nan,nan,nan,nan,nan,nan,nan,nan,nan,nan,nan,nan,nan,nan,nan,nan,nan,nan,nan,1.545551538467407227e+00,6.088634490966796875e+00,4.861738204956054688e+00,1.676710700988769531e+01,1.675227737426757812e+01,1.121294212341308594e+01,1.605799865722656250e+01,nan,nan,nan,nan,nan,nan,nan,nan,nan,nan,nan,nan,nan,nan,nan
nan,nan,nan,nan,nan,nan,nan,nan,nan,nan,nan,nan,nan,nan,nan,nan,nan,nan,nan,nan,nan,nan,nan,nan,2.305318260192871094e+01,2.711758232116699219e+01,2.842981147766113281e+01,2.558427810668945312e+01,2.699053573608398438e+01,1.998562049865722656e+01,1.421085929870605469e+01,1.416143131256103516e+01,1.404736995697021484e+01,1.256269359588623047e+01,3.257977247238159180e+00,-3.130015850067138672e+00,4.853105068206787109e+00,nan,nan,nan,nan,nan,nan,nan,nan,nan,nan,nan,nan,nan,nan,nan,nan,nan,nan,nan,nan,nan,nan,nan,nan,nan,nan,nan,nan,nan,nan,nan,nan,nan,nan,nan,nan,nan,nan,nan,nan,nan,nan,nan,nan,nan,nan,nan,nan,nan,nan,nan,nan,nan,nan,nan,nan,nan,nan,nan,nan,nan,nan,nan,nan,nan,1.920706939697265625e+01,6.106316566467285156e+00,1.435235977172851562e+01,4.238796615600585938e+01,3.966022109985351562e+01,2.016267204284667969e+01,nan,nan,nan,nan,nan,nan,nan,nan,nan,nan,nan,nan,nan,nan,nan,nan,nan
nan,nan,nan,nan,nan,nan,nan,nan,nan,nan,nan,nan,nan,nan,nan,nan,nan,nan,nan,nan,nan,nan,nan,nan,nan,3.174324417114257812e+01,2.708369255065917969e+01,2.783288002014160156e+01,2.896363639831542969e+01,1.900404167175292969e+01,1.448129081726074219e+01,1.079810905456542969e+01,1.122466182708740234e+01,1.341337871551513672e+01,6.187757968902587891e+00,-7.250429391860961914e-01,-4.936672210693359375e+00,nan,nan,nan,nan,nan,nan,nan,nan,nan,nan,nan,nan,nan,nan,nan,nan,nan,nan,nan,nan,nan,nan,nan,nan,nan,nan,nan,nan,nan,nan,nan,nan,nan,nan,nan,nan,nan,nan,nan,nan,nan,nan,nan,nan,nan,nan,nan,nan,nan,nan,nan,nan,nan,nan,nan,nan,nan,nan,nan,nan,nan,nan,nan,nan,nan,5.787650108337402344e+00,6.443137168884277344e+00,2.282871055603027344e+01,3.768776702880859375e+01,3.325100326538085938e+01,1.912069892883300781e+01,nan,nan,nan,nan,nan,nan,nan,nan,nan,nan,nan,nan,nan,nan,nan,nan,nan
nan,nan,nan,nan,nan,nan,nan,nan,nan,nan,nan,nan,nan,nan,nan,nan,nan,nan,nan,nan,nan,nan,nan,nan,nan,nan,2.782766914367675781e+01,2.754643630981445312e+01,2.614334487915039062e+01,1.844593811035156250e+01,1.793378257751464844e+01,1.236133098602294922e+01,1.085567188262939453e+01,1.274039173126220703e+01,8.369445800781250000e+00,3.732125997543334961e+00,1.739492177963256836e+00,2.632213354110717773e+00,nan,nan,nan,nan,nan,nan,nan,nan,nan,nan,nan,nan,nan,nan,nan,nan,nan,nan,nan,nan,nan,nan,nan,nan,nan,nan,nan,nan,nan,nan,nan,nan,nan,nan,nan,nan,nan,nan,nan,nan,nan,nan,nan,nan,nan,nan,nan,nan,nan,nan,nan,nan,nan,nan,nan,nan,nan,nan,nan,nan,nan,nan,nan,nan,6.401843070983886719e+00,1.608842086791992188e+01,3.772022247314453125e+01,3.194452476501464844e+01,2.819382286071777344e+01,2.362657737731933594e+01,2.719965362548828125e+01,nan,nan,nan,nan,nan,nan,nan,nan,nan,nan,nan,nan,nan,nan,nan,nan
nan,nan,nan,nan,nan,nan,nan,nan,nan,nan,nan,nan,nan,nan,nan,nan,nan,nan,nan,nan,nan,nan,nan,nan,nan,nan,2.378979301452636719e+01,2.109398078918457031e+01,2.167613029479980469e+01,1.966184234619140625e+01,1.582102966308593750e+01,1.404991817474365234e+01,1.151491260528564453e+01,1.351537513732910156e+01,7.563050270080566406e+00,1.328572392463684082e+00,8.563003540039062500e-01,-4.038856029510498047e+00,nan,nan,nan,nan,nan,nan,nan,nan,nan,nan,nan,nan,nan,nan,nan,nan,nan,nan,nan,nan,nan,nan,nan,nan,nan,nan,nan,nan,nan,nan,nan,nan,nan,nan,nan,nan,nan,nan,nan,nan,nan,nan,nan,nan,nan,nan,nan,nan,nan,nan,nan,nan,nan,nan,nan,nan,nan,nan,nan,nan,nan,nan,nan,nan,2.693290328979492188e+01,2.446058464050292969e+01,4.419918823242187500e+01,3.321242141723632812e+01,3.012071228027343750e+01,3.097134208679199219e+01,3.063635444641113281e+01,nan,nan,nan,nan,nan,nan,nan,nan,nan,nan,nan,nan,nan,nan,nan,nan
nan,nan,nan,nan,nan,nan,nan,nan,nan,nan,nan,nan,nan,nan,nan,nan,nan,nan,nan,nan,nan,nan,nan,nan,nan,nan,nan,2.191776847839355469e+01,2.123807525634765625e+01,3.057461166381835938e+01,1.916575622558593750e+01,1.221187019348144531e+01,7.845998287200927734e+00,8.596057891845703125e+00,9.228788375854492188e+00,5.605654239654541016e+00,-7.254321575164794922e-01,-2.686032772064208984e+00,nan,nan,nan,nan,nan,nan,nan,nan,nan,nan,nan,nan,nan,nan,nan,nan,nan,nan,nan,nan,nan,nan,nan,nan,nan,nan,nan,nan,nan,nan,nan,nan,nan,nan,nan,nan,nan,nan,nan,nan,nan,nan,nan,nan,nan,nan,nan,nan,nan,nan,nan,nan,nan,nan,nan,nan,nan,nan,nan,nan,nan,nan,nan,nan,1.911973762512207031e+01,3.341466140747070312e+01,4.388182067871093750e+01,3.470297241210937500e+01,3.313758087158203125e+01,3.455664062500000000e+01,nan,nan,nan,nan,nan,nan,nan,nan,nan,nan,nan,nan,nan,nan,nan,nan,nan
nan,nan,nan,nan,nan,nan,nan,nan,nan,nan,nan,nan,nan,nan,nan,nan,nan,nan,nan,nan,nan,nan,nan,nan,nan,nan,nan,nan,nan,2.617133903503417969e+01,2.074738121032714844e+01,1.371657752990722656e+01,4.712652206420898438e+00,6.255120754241943359e+00,7.353081226348876953e+00,4.104835987091064453e+00,7.242505252361297607e-02,-1.008681297302246094e+00,nan,nan,-5.695152759552001953e+00,nan,nan,nan,nan,nan,nan,nan,nan,nan,nan,nan,nan,nan,nan,nan,nan,nan,nan,nan,nan,nan,nan,nan,nan,nan,nan,nan,nan,nan,nan,nan,nan,nan,nan,nan,nan,nan,nan,nan,nan,nan,nan,nan,nan,nan,nan,nan,nan,nan,nan,nan,nan,nan,nan,nan,nan,nan,nan,nan,1.729792022705078125e+01,-8.171374797821044922e-01,5.302661418914794922e+00,1.809057044982910156e+01,3.978301620483398438e+01,3.732256317138671875e+01,3.295614242553710938e+01,nan,nan,nan,nan,nan,nan,nan,nan,nan,nan,nan,nan,nan,nan,nan,nan,nan,nan
nan,nan,nan,nan,nan,nan,nan,nan,nan,nan,nan,nan,nan,nan,nan,nan,nan,nan,nan,nan,nan,nan,nan,nan,nan,nan,nan,nan,nan,1.650075721740722656e+01,1.972536468505859375e+01,1.655835914611816406e+01,1.377644634246826172e+01,8.697162628173828125e+00,7.279372215270996094e+00,4.198329448699951172e+00,2.851146161556243896e-01,-8.482495322823524475e-03,-1.877929568290710449e+00,-5.285451889038085938e+00,-5.914450168609619141e+00,-7.402181148529052734e+00,nan,nan,nan,nan,nan,nan,nan,nan,nan,nan,nan,nan,nan,nan,nan,nan,nan,nan,nan,nan,nan,nan,nan,nan,nan,nan,nan,nan,nan,nan,nan,nan,nan,nan,nan,nan,nan,nan,nan,nan,nan,nan,nan,nan,nan,nan,nan,nan,nan,nan,nan,nan,nan,nan,nan,nan,nan,nan,3.118254423141479492e+00,3.374434471130371094e+00,4.761318683624267578e+00,2.734918022155761719e+01,2.730776786804199219e+01,3.280720138549804688e+01,2.927826499938964844e+01,nan,nan,nan,nan,nan,nan,nan,nan,nan,nan,nan,nan,nan,nan,nan,nan,nan,nan
nan,nan,nan,nan,nan,nan,nan,nan,nan,nan,nan,nan,nan,nan,nan,nan,nan,nan,nan,nan,nan,nan,nan,nan,nan,nan,nan,nan,nan,nan,nan,1.102691841125488281e+01,1.193994903564453125e+01,8.601246833801269531e+00,5.918748378753662109e+00,2.422566890716552734e+00,7.421264648437500000e-01,-1.865621924400329590e+00,-8.739400863647460938e+00,-4.363935947418212891e+00,-6.587314128875732422e+00,-7.322855472564697266e+00,-7.973499298095703125e+00,nan,nan,nan,nan,nan,nan,nan,nan,nan,nan,nan,nan,nan,nan,nan,nan,nan,nan,nan,nan,nan,nan,nan,nan,nan,nan,nan,nan,nan,nan,nan,nan,nan,nan,nan,nan,nan,nan,nan,nan,nan,nan,nan,nan,nan,nan,nan,nan,nan,nan,nan,nan,nan,nan,nan,1.517623710632324219e+01,8.342875480651855469e+00,4.580388545989990234e+00,9.685846328735351562e+00,2.063235855102539062e+01,3.010550880432128906e+01,2.424157142639160156e+01,3.078367042541503906e+01,2.912519073486328125e+01,nan,nan,nan,nan,nan,nan,nan,nan,nan,nan,nan,nan,nan,nan,nan,nan,nan,nan
nan,nan,nan,nan,nan,nan,nan,nan,nan,nan,nan,nan,nan,nan,nan,nan,nan,nan,nan,nan,nan,nan,nan,nan,nan,nan,nan,nan,nan,nan,nan,9.819093704223632812e+00,1.544837379455566406e+01,1.302515792846679688e+01,2.621956348419189453e+00,2.306215286254882812e+00,-4.769423484802246094e+00,-9.717741966247558594e+00,-9.396318435668945312e+00,-1.492593860626220703e+01,-9.389254570007324219e+00,-9.747229576110839844e+00,-8.758088111877441406e+00,-7.117091655731201172e+00,-2.416289091110229492e+00,-5.658046603202819824e-01,-4.945952415466308594e+00,nan,nan,nan,nan,-7.688472270965576172e-01,-6.201809048652648926e-01,nan,nan,-2.555715084075927734e+00,-1.731271624565124512e+00,-4.889510631561279297e+00,-6.445567131042480469e+00,-8.447278976440429688e+00,-1.062515449523925781e+01,nan,nan,nan,nan,nan,nan,nan,nan,nan,nan,nan,nan,nan,nan,nan,nan,nan,nan,nan,nan,nan,nan,nan,nan,nan,nan,nan,nan,nan,nan,nan,nan,nan,nan,nan,nan,nan,1.691951370239257812e+01,8.198862075805664062e+00,1.167146205902099609e+01,1.922565078735351562e+01,2.972325325012207031e+01,2.875444412231445312e+01,2.423813056945800781e+01,3.210303497314453125e+01,nan,nan,nan,nan,nan,nan,nan,nan,nan,nan,nan,nan,nan,nan,nan,nan,nan,nan,nan
nan,nan,nan,nan,nan,nan,nan,nan,nan,nan,nan,nan,nan,nan,nan,nan,nan,nan,nan,nan,nan,nan,nan,nan,nan,nan,nan,nan,nan,nan,nan,nan,5.693723678588867188e+00,9.211819648742675781e+00,1.047027945518493652e+00,3.359127998352050781e+00,1.738844037055969238e+00,-2.170000553131103516e+00,-9.968715667724609375e+00,-1.467421150207519531e+01,-1.293975067138671875e+01,-9.348951339721679688e+00,-9.169220924377441406e+00,-9.794791221618652344e+00,-8.330858230590820312e+00,-5.831121921539306641e+00,-2.543727159500122070e+00,-3.034649372100830078e+00,-1.168617904186248779e-01,-2.028771877288818359e+00,-1.257179021835327148e+00,3.516390562057495117e+00,-1.067698597908020020e+00,-3.055113077163696289e+00,9.456640481948852539e-01,-1.887792825698852539e+00,-5.582307338714599609e+00,-6.996369838714599609e+00,-1.338792610168457031e+01,-7.297630786895751953e+00,-1.102828860282897949e+00,-8.755714416503906250e+00,-1.724647521972656250e+01,nan,nan,nan,nan,nan,-2.777687072753906250e+01,nan,nan,nan,nan,nan,nan,nan,nan,nan,nan,nan,nan,nan,nan,nan,nan,nan,nan,nan,nan,nan,nan,nan,nan,nan,nan,nan,nan,nan,nan,5.401047229766845703e+00,1.827313613891601562e+01,2.790384101867675781e+01,2.326303291320800781e+01,3.030022621154785156e+01,3.217670059204101562e+01,2.605302619934082031e+01,nan,nan,nan,nan,nan,nan,nan,nan,nan,nan,nan,nan,nan,nan,nan,nan,nan,nan,nan
nan,nan,nan,nan,nan,nan,nan,nan,nan,nan,nan,nan,nan,nan,nan,nan,nan,nan,nan,nan,nan,nan,nan,nan,nan,nan,nan,nan,nan,nan,nan,nan,nan,9.640237808227539062e+00,-1.080525517463684082e+00,-2.369717121124267578e+00,-2.423854827880859375e+00,6.361078619956970215e-01,-4.494969844818115234e+00,-1.050327014923095703e+01,-1.254308605194091797e+01,-1.016411781311035156e+01,-7.737392902374267578e+00,-8.502902984619140625e+00,-1.089325332641601562e+01,-8.428119659423828125e+00,-5.440280437469482422e+00,-4.758235454559326172e+00,-4.449750900268554688e+00,-2.186261177062988281e+00,-7.742868065834045410e-01,-1.291314810514450073e-01,-9.076791405677795410e-01,4.270121455192565918e-03,2.648926973342895508e+00,3.342688560485839844e+00,-3.293297290802001953e+00,-4.790462017059326172e+00,-5.443254470825195312e+00,-1.263050842285156250e+01,-1.360246944427490234e+01,-1.242576122283935547e+01,-1.303297328948974609e+01,-1.468868350982666016e+01,-1.043543148040771484e+01,-8.763480186462402344e+00,-2.902670860290527344e+01,-3.009730529785156250e+01,-3.072406578063964844e+01,nan,nan,nan,nan,nan,nan,nan,nan,nan,nan,nan,nan,nan,nan,nan,nan,nan,nan,nan,nan,nan,nan,nan,nan,nan,nan,nan,nan,nan,1.869871711730957031e+01,1.819306373596191406e+01,3.262965011596679688e+01,3.659141540527343750e+01,3.088017463684082031e+01,2.001083755493164062e+01,2.546983146667480469e+01,nan,nan,nan,nan,nan,nan,nan,nan,nan,nan,nan,nan,nan,nan,nan,nan,nan,nan,nan,nan
nan,nan,nan,nan,nan,nan,nan,nan,nan,nan,nan,nan,nan,nan,nan,nan,nan,nan,nan,nan,nan,nan,nan,nan,nan,nan,nan,nan,nan,nan,nan,nan,nan,nan,1.514409542083740234e+00,-7.985731959342956543e-01,-3.636188983917236328e+00,5.622659325599670410e-01,-9.252250194549560547e-01,-7.844066143035888672e+00,-8.407161712646484375e+00,-8.668951034545898438e+00,-9.126815795898437500e+00,-8.272706985473632812e+00,-5.566328525543212891e+00,-6.150335788726806641e+00,-6.000623226165771484e+00,-4.658946514129638672e+00,-4.332552909851074219e+00,-1.678038239479064941e+00,1.145977020263671875e+00,7.586056590080261230e-01,-4.011036753654479980e-01,2.406653612852096558e-01,-1.985090970993041992e-01,-1.043938159942626953e+00,-1.357420206069946289e+00,-2.985425233840942383e+00,-9.471664428710937500e+00,-4.945946693420410156e+00,-2.892620086669921875e+00,-1.319720077514648438e+01,-2.427234268188476562e+01,-2.813333320617675781e+01,-3.039344024658203125e+01,-2.699040222167968750e+01,-1.655423927307128906e+01,nan,nan,nan,nan,nan,nan,nan,nan,nan,nan,nan,nan,nan,nan,nan,nan,nan,nan,nan,nan,nan,nan,nan,nan,nan,nan,nan,nan,nan,nan,nan,7.988362789154052734e+00,2.746681404113769531e+01,3.312313461303710938e+01,3.470392990112304688e+01,2.238370704650878906e+01,1.783114051818847656e+01,2.637837982177734375e+01,nan,nan,nan,nan,nan,nan,nan,nan,nan,nan,nan,nan,nan,nan,nan,nan,nan,nan,nan,nan
nan,nan,nan,nan,nan,nan,nan,nan,nan,nan,nan,nan,nan,nan,nan,nan,nan,nan,nan,nan,nan,nan,nan,nan,nan,nan,nan,nan,nan,nan,nan,nan,nan,nan,-4.217276096343994141e+00,-3.165246009826660156e+00,-2.080557823181152344e+00,-1.625884026288986206e-01,-8.449148535728454590e-01,-2.003755092620849609e+00,-6.250514984130859375e+00,-8.438609123229980469e+00,-5.811290740966796875e+00,-3.177225351333618164e+00,-1.020064353942871094e+00,-5.017361164093017578e+00,-3.940852880477905273e+00,-2.776571035385131836e+00,-3.198968172073364258e+00,-5.358437061309814453e+00,-5.064002871513366699e-01,-8.982294797897338867e-02,-1.312448501586914062e+00,1.303301602602005005e-01,1.293708324432373047e+00,-1.693434476852416992e+00,-2.053658962249755859e+00,-2.455488681793212891e+00,-1.282645893096923828e+01,-1.184984588623046875e+01,-9.386919975280761719e+00,-1.061520671844482422e+01,-2.322680282592773438e+01,-3.259738159179687500e+01,-3.927693176269531250e+01,-3.840718460083007812e+01,-3.534576034545898438e+01,-2.414701843261718750e+01,nan,nan,nan,nan,nan,nan,nan,nan,nan,nan,nan,nan,nan,nan,nan,nan,nan,nan,nan,nan,nan,nan,nan,nan,nan,nan,nan,nan,nan,-3.268655240535736084e-01,9.852134704589843750e+00,3.183769798278808594e+01,3.150559616088867188e+01,3.802411270141601562e+01,2.934836387634277344e+01,1.780350112915039062e+01,2.707076072692871094e+01,nan,nan,nan,nan,nan,nan,nan,nan,nan,nan,nan,nan,nan,nan,nan,nan,nan,nan,nan,nan
nan,nan,nan,nan,nan,nan,nan,nan,nan,nan,nan,nan,nan,nan,nan,nan,nan,nan,nan,nan,nan,nan,nan,nan,nan,nan,nan,nan,nan,nan,nan,nan,-2.057364463806152344e+00,-5.832697868347167969e+00,-4.177923202514648438e+00,-4.196277618408203125e+00,-3.456903934478759766e+00,8.207799792289733887e-01,5.322113633155822754e-01,-7.722496390342712402e-01,-2.683911561965942383e+00,-5.274354934692382812e+00,-3.588646650314331055e+00,2.277520418167114258e+00,-3.944154083728790283e-01,-3.294965624809265137e-01,-3.100162267684936523e+00,-4.059455692768096924e-01,-7.093526124954223633e-01,-8.798360228538513184e-01,-7.763769030570983887e-01,-1.296450734138488770e+00,-1.246748685836791992e+00,2.743893146514892578e+00,2.715107679367065430e+00,1.437321543693542480e+00,-2.871040999889373779e-01,2.960110902786254883e-01,-6.771207332611083984e+00,-8.662119865417480469e+00,-1.503502559661865234e+01,-1.057315921783447266e+01,-2.623453712463378906e+01,-3.607585144042968750e+01,-4.553105545043945312e+01,-4.766020202636718750e+01,-4.469662857055664062e+01,-3.010907173156738281e+01,-3.058791923522949219e+01,nan,nan,nan,nan,nan,nan,nan,nan,nan,nan,nan,nan,nan,nan,nan,nan,nan,nan,nan,nan,nan,nan,nan,nan,nan,nan,1.127768611907958984e+01,2.010318279266357422e+00,5.775413513183593750e+00,1.623935317993164062e+01,2.890318107604980469e+01,2.197813034057617188e+01,nan,nan,nan,nan,nan,nan,nan,nan,nan,nan,nan,nan,nan,nan,nan,nan,nan,nan,nan,nan,nan,nan,nan,nan
nan,nan,nan,nan,nan,nan,nan,nan,nan,nan,nan,nan,nan,nan,nan,nan,nan,nan,nan,nan,nan,nan,nan,nan,nan,nan,nan,nan,nan,nan,nan,nan,-3.287972450256347656e+00,-3.716320037841796875e+00,-4.823482513427734375e+00,-5.148308277130126953e-01,-4.514838695526123047e+00,-3.863410949707031250e+00,1.261821389198303223e+00,2.080851644277572632e-01,-1.025298476219177246e+00,-1.985302329063415527e+00,-1.385544300079345703e+00,-1.338246464729309082e+00,6.970995068550109863e-01,-4.418091297149658203e+00,-2.191465139389038086e+00,-1.394895434379577637e+00,1.260374337434768677e-01,1.733340501785278320e+00,1.988542675971984863e-01,-8.552268892526626587e-02,4.981366395950317383e-01,3.453433990478515625e+00,2.267881631851196289e+00,-1.733466197038069367e-04,3.462244749069213867e+00,3.415404081344604492e+00,-4.878915309906005859e+00,-6.099411964416503906e+00,-9.303626060485839844e+00,-1.939219665527343750e+01,-2.485362243652343750e+01,-2.329595375061035156e+01,-3.462384796142578125e+01,-4.859286117553710938e+01,-4.606708145141601562e+01,-3.475245666503906250e+01,nan,nan,nan,nan,nan,nan,nan,nan,nan,nan,nan,nan,nan,nan,nan,nan,nan,nan,nan,nan,nan,nan,nan,nan,nan,nan,nan,nan,2.445768833160400391e+00,1.593570137023925781e+01,1.945928001403808594e+01,2.560565185546875000e+01,2.143541336059570312e+01,nan,nan,nan,nan,nan,nan,nan,nan,nan,nan,nan,nan,nan,nan,nan,nan,nan,nan,nan,nan,nan,nan,nan,nan
nan,nan,nan,nan,nan,nan,nan,nan,nan,nan,nan,nan,nan,nan,nan,nan,nan,nan,nan,nan,nan,nan,nan,nan,nan,nan,nan,nan,nan,nan,nan,nan,nan,-3.720795154571533203e+00,-1.174733877182006836e+00,6.270659565925598145e-01,-3.703169345855712891e+00,-4.186079502105712891e+00,1.124709367752075195e+00,2.478334426879882812e+00,-2.464461803436279297e+00,2.882652044296264648e+00,4.626930058002471924e-01,-1.255133152008056641e+00,2.561278343200683594e+00,-3.745443582534790039e+00,1.759326338768005371e+00,4.350812435150146484e+00,4.170422077178955078e+00,2.810130834579467773e+00,3.247386693954467773e+00,-6.169191002845764160e-01,2.662726402282714844e+00,2.817972421646118164e+00,1.285873632878065109e-02,2.133424520492553711e+00,5.904992580413818359e+00,5.974535465240478516e+00,2.987358093261718750e+00,1.778025627136230469e+00,-6.574316501617431641e+00,-7.350410938262939453e+00,-1.018021297454833984e+01,-2.125587272644042969e+01,-1.625236892700195312e+01,-4.233779525756835938e+01,-3.322659301757812500e+01,nan,nan,nan,nan,nan,nan,nan,nan,nan,nan,nan,nan,nan,nan,nan,nan,nan,nan,nan,nan,nan,nan,nan,nan,nan,nan,nan,nan,9.642170906066894531e+00,3.651714086532592773e+00,1.935633850097656250e+01,2.929746437072753906e+01,nan,nan,nan,nan,nan,nan,nan,nan,nan,nan,nan,nan,nan,nan,nan,nan,nan,nan,nan,nan,nan,nan,nan,nan,nan,nan
nan,nan,nan,nan,nan,nan,nan,nan,nan,nan,nan,nan,nan,nan,nan,nan,nan,nan,nan,nan,nan,nan,nan,nan,nan,nan,nan,nan,nan,nan,nan,nan,nan,-4.269493579864501953e+00,-3.602192163467407227e+00,5.299832820892333984e+00,-1.612115621566772461e+00,-3.181238412857055664e+00,-1.511102795600891113e+00,4.945026636123657227e-01,-9.750872254371643066e-01,1.279009580612182617e+00,2.979957818984985352e+00,2.367208242416381836e+00,3.038339853286743164e+00,4.848210334777832031e+00,7.675778865814208984e+00,4.618185997009277344e+00,5.952426433563232422e+00,3.987968683242797852e+00,9.682625532150268555e-01,3.778058528900146484e+00,4.052719593048095703e+00,3.177053689956665039e+00,3.336971044540405273e+00,1.976597189903259277e+00,3.425472497940063477e+00,3.016002416610717773e+00,3.652544498443603516e+00,6.450676918029785156e+00,-3.487745046615600586e+00,-7.446249008178710938e+00,-4.973475933074951172e+00,-6.785212516784667969e+00,-2.842072725296020508e+00,1.438627624511718750e+01,-1.569292163848876953e+01,nan,nan,nan,nan,nan,nan,nan,nan,nan,nan,nan,nan,nan,nan,nan,nan,nan,nan,nan,nan,nan,nan,nan,nan,nan,nan,nan,6.122265338897705078e+00,1.282292842864990234e+00,7.637047767639160156e-01,1.883817672729492188e+01,nan,nan,nan,nan,nan,nan,nan,nan,nan,nan,nan,nan,nan,nan,nan,nan,nan,nan,nan,nan,nan,nan,nan,nan,nan,nan,nan
nan,nan,nan,nan,nan,nan,nan,nan,nan,nan,nan,nan,nan,nan,nan,nan,nan,nan,nan,nan,nan,nan,nan,nan,nan,nan,nan,nan,nan,nan,nan,nan,nan,-1.870433235168457031e+01,-1.388550376892089844e+01,6.904211521148681641e+00,-2.127198874950408936e-01,-2.904321432113647461e+00,-3.649796724319458008e+00,-2.546461105346679688e+00,-2.352083444595336914e+00,6.072742864489555359e-02,6.598758220672607422e+00,8.429597854614257812e+00,6.149901866912841797e+00,8.853317260742187500e+00,7.288422107696533203e+00,6.805658340454101562e+00,3.779932737350463867e+00,5.020184993743896484e+00,3.982814073562622070e+00,2.712699651718139648e+00,4.326449871063232422e+00,4.799078464508056641e+00,1.060716724395751953e+01,8.492779731750488281e+00,3.699209928512573242e+00,5.590065002441406250e+00,3.462134361267089844e+00,8.889660835266113281e+00,1.376042556762695312e+01,5.748847484588623047e+00,4.664152622222900391e+00,7.878015995025634766e+00,9.843340873718261719e+00,6.518914699554443359e+00,nan,nan,nan,nan,nan,nan,nan,nan,nan,nan,nan,nan,nan,nan,nan,nan,nan,nan,nan,nan,nan,nan,nan,nan,nan,nan,nan,nan,5.405991077423095703e+00,-1.043678569793701172e+01,8.622797012329101562e+00,nan,nan,nan,nan,nan,nan,nan,nan,nan,nan,nan,nan,nan,nan,nan,nan,nan,nan,nan,nan,nan,nan,nan,nan,nan,nan,nan,nan
nan,nan,nan,nan,nan,nan,nan,nan,nan,nan,nan,nan,nan,nan,nan,nan,nan,nan,nan,nan,nan,nan,nan,nan,nan,nan,nan,nan,nan,nan,nan,nan,nan,-1.219098854064941406e+01,-9.822022438049316406e+00,1.700302958488464355e-01,-2.489471912384033203e+00,1.510797888040542603e-01,-4.360628128051757812e+00,1.702720284461975098e+00,9.273077249526977539e-01,5.151057243347167969e+00,7.605608463287353516e+00,6.697975158691406250e+00,1.013847160339355469e+01,1.056604003906250000e+01,1.246825408935546875e+01,1.046885299682617188e+01,4.528285026550292969e+00,4.767675399780273438e+00,1.731791853904724121e+00,-1.384036302566528320e+00,3.875892162322998047e+00,6.823717594146728516e+00,1.066399002075195312e+01,1.179693317413330078e+01,8.965719223022460938e+00,7.635334014892578125e+00,7.816933155059814453e+00,8.056534767150878906e+00,1.443754005432128906e+01,4.145058631896972656e+00,6.456997394561767578e+00,1.265360927581787109e+01,6.206449985504150391e+00,-1.411921977996826172e+00,-5.079210758209228516e+00,nan,nan,nan,nan,nan,nan,nan,nan,nan,nan,nan,nan,nan,nan,nan,nan,nan,nan,nan,nan,nan,nan,nan,nan,2.046923637390136719e+00,nan,nan,4.019187927246093750e+00,5.480442047119140625e+00,nan,nan,nan,nan,nan,nan,nan,nan,nan,nan,nan,nan,nan,nan,nan,nan,nan,nan,nan,nan,nan,nan,nan,nan,nan,nan,nan,nan,nan
nan,nan,nan,nan,nan,nan,nan,nan,nan,nan,nan,nan,nan,nan,nan,nan,nan,nan,nan,nan,nan,nan,nan,nan,nan,nan,nan,nan,nan,nan,nan,nan,nan,-8.825325965881347656e+00,-9.966626167297363281e+00,-2.986470460891723633e+00,-1.953288555145263672e+00,-5.148172855377197266e+00,-2.338972806930541992e+00,1.458331108093261719e+00,4.060881137847900391e+00,3.605441093444824219e+00,6.899754047393798828e+00,1.192980575561523438e+01,1.119601058959960938e+01,1.260168552398681641e+01,1.015706539154052734e+01,9.952662467956542969e+00,4.338680267333984375e+00,4.206662178039550781e+00,2.647487223148345947e-01,1.185193181037902832e+00,6.880480289459228516e+00,9.441620826721191406e+00,1.350535297393798828e+01,1.567848491668701172e+01,1.226066398620605469e+01,8.417700767517089844e+00,7.108499050140380859e+00,1.114346504211425781e+01,1.125366115570068359e+01,-7.699902653694152832e-01,3.501345157623291016e+00,5.671420097351074219e+00,-2.962957859039306641e+00,8.244894146919250488e-01,2.685943365097045898e+00,nan,nan,nan,nan,nan,nan,nan,nan,nan,nan,nan,nan,nan,nan,nan,nan,nan,nan,nan,nan,nan,nan,5.997377634048461914e-01,1.325122833251953125e+00,-1.394657194614410400e-01,7.896725535392761230e-01,5.298898369073867798e-02,8.750551223754882812e+00,nan,nan,nan,nan,nan,nan,nan,nan,nan,nan,nan,nan,nan,nan,nan,nan,nan,nan,nan,nan,nan,nan,nan,nan,nan,nan,nan,nan,nan,nan
nan,nan,nan,nan,nan,nan,nan,nan,nan,nan,nan,nan,nan,nan,nan,nan,nan,nan,nan,nan,nan,nan,nan,nan,nan,nan,nan,nan,nan,nan,nan,nan,nan,-9.823893547058105469e+00,-1.054455280303955078e+01,-8.756772875785827637e-01,-8.748908638954162598e-01,-1.656750917434692383e+00,5.136659145355224609e-01,2.194332122802734375e+00,5.010643482208251953e+00,5.111596107482910156e+00,5.604858875274658203e+00,1.053154659271240234e+01,9.193675041198730469e+00,1.029017639160156250e+01,1.274930858612060547e+01,1.078909969329833984e+01,6.808014869689941406e+00,1.116455078125000000e+01,1.149619770050048828e+01,6.329884529113769531e+00,8.185807228088378906e+00,1.310337448120117188e+01,1.626446151733398438e+01,1.559996604919433594e+01,1.541990756988525391e+01,1.013372135162353516e+01,8.947279930114746094e+00,8.326257705688476562e+00,5.041466236114501953e+00,-9.418305397033691406e+00,-1.505312252044677734e+01,-2.646392822265625000e+01,-1.151443576812744141e+01,1.218103027343750000e+01,1.774110603332519531e+01,1.856960058212280273e+00,-4.012728214263916016e+00,nan,nan,nan,nan,nan,nan,nan,nan,nan,nan,nan,nan,nan,nan,nan,nan,nan,nan,-1.344844341278076172e+00,-7.896763086318969727e-01,-2.494757175445556641e+00,-2.872478246688842773e+00,9.724782943725585938e+00,6.578146934509277344e+00,6.547787189483642578e+00,5.143629074096679688e+00,nan,nan,nan,nan,nan,nan,nan,nan,nan,nan,nan,nan,nan,nan,nan,nan,nan,nan,nan,nan,nan,nan,nan,nan,nan,nan,nan,nan,nan,nan
nan,nan,nan,nan,nan,nan,nan,nan,nan,nan,nan,nan,nan,nan,nan,nan,nan,nan,nan,nan,nan,nan,nan,nan,nan,nan,nan,nan,nan,nan,nan,nan,nan,1.141647577285766602e+00,8.000037670135498047e-01,6.474903225898742676e-01,-4.583870247006416321e-02,2.575722932815551758e+00,-9.501267075538635254e-01,8.322524070739746094e+00,7.549098491668701172e+00,8.033301353454589844e+00,7.927094459533691406e+00,9.279568672180175781e+00,7.204580783843994141e+00,9.083182334899902344e+00,1.234097480773925781e+01,7.203647613525390625e+00,6.433157920837402344e+00,1.121611690521240234e+01,1.273532390594482422e+01,7.851819515228271484e+00,8.248204231262207031e+00,1.472507667541503906e+01,1.305924129486083984e+01,1.745804786682128906e+01,1.738636589050292969e+01,1.121718692779541016e+01,5.870214939117431641e+00,3.750350475311279297e+00,-4.063036441802978516e+00,-9.423155784606933594e+00,-1.036810207366943359e+01,-2.502610969543457031e+01,-2.902697181701660156e+01,2.614737272262573242e+00,-9.490214347839355469e+00,1.467798423767089844e+01,2.444445371627807617e+00,-4.001426696777343750e+00,-9.001438140869140625e+00,-1.010163021087646484e+01,-4.882575511932373047e+00,-1.003449249267578125e+01,nan,nan,nan,nan,nan,nan,nan,-3.025921106338500977e+00,2.706049919128417969e+00,-2.561809062957763672e+00,nan,nan,-2.658358335494995117e+00,1.341596484184265137e+00,2.400075912475585938e+00,8.968417167663574219e+00,-2.267363786697387695e+00,4.291724205017089844e+00,4.071231365203857422e+00,-1.800439953804016113e+00,1.142731666564941406e+01,nan,nan,nan,nan,nan,nan,nan,nan,nan,nan,nan,nan,nan,nan,nan,nan,nan,nan,nan,nan,nan,nan,nan,nan,nan,nan,nan,nan,nan,nan
nan,nan,nan,nan,nan,nan,nan,nan,nan,nan,nan,nan,nan,nan,nan,nan,nan,nan,nan,nan,nan,nan,nan,nan,nan,nan,nan,nan,nan,nan,nan,nan,nan,-1.620052644284442067e-04,1.771858334541320801e+00,-4.509776592254638672e+00,-4.440053701400756836e-01,-1.357776999473571777e+00,1.674013614654541016e+00,7.671954631805419922e+00,6.961282730102539062e+00,7.547082901000976562e+00,7.059981346130371094e+00,5.349182605743408203e+00,5.313980579376220703e+00,7.031479358673095703e+00,1.101628494262695312e+01,6.232191085815429688e+00,6.014411926269531250e+00,9.789777755737304688e+00,1.195329380035400391e+01,1.181966781616210938e+01,1.200448703765869141e+01,1.096481132507324219e+01,1.504867935180664062e+01,1.442286682128906250e+01,1.261507987976074219e+01,7.936042785644531250e+00,6.112337112426757812e+00,1.616789340972900391e+00,-1.859768509864807129e+00,-1.718202792108058929e-02,-6.681754112243652344e+00,-9.090366363525390625e+00,-7.590118885040283203e+00,-8.728338241577148438e+00,-1.293367862701416016e+00,3.307726383209228516e-01,7.149749279022216797e+00,-9.089852333068847656e+00,-2.114017868041992188e+01,-9.912036895751953125e+00,-7.745468616485595703e+00,-1.136429786682128906e+00,-2.306583166122436523e+00,-3.755161046981811523e+00,-3.838509321212768555e+00,-1.971700906753540039e+00,-4.938130378723144531e+00,1.716853141784667969e+00,-2.411445975303649902e-01,-1.967753916978836060e-01,-4.550190269947052002e-02,-7.393932342529296875e-01,-6.596875667572021484e+00,-6.521020412445068359e+00,1.734871268272399902e+00,2.213219642639160156e+00,1.535256266593933105e+00,1.117571067810058594e+01,-9.471557140350341797e-01,-7.842159867286682129e-01,-9.449448585510253906e+00,-4.163161277770996094e+00,1.427831292152404785e+00,nan,nan,nan,nan,nan,nan,nan,nan,nan,nan,nan,nan,nan,nan,nan,nan,nan,nan,nan,nan,nan,nan,nan,nan,nan,nan,nan,nan,nan,nan
nan,nan,nan,nan,nan,nan,nan,nan,nan,nan,nan,nan,nan,nan,nan,nan,nan,nan,nan,nan,nan,nan,nan,nan,nan,nan,nan,nan,nan,nan,nan,nan,nan,-6.577910780906677246e-01,-1.568078875541687012e+00,-2.772726297378540039e+00,-1.318925738334655762e+00,-1.029507756233215332e+00,7.317355632781982422e+00,7.866726398468017578e+00,5.244415760040283203e+00,7.087725639343261719e+00,6.498284339904785156e+00,3.697817325592041016e+00,6.101792812347412109e+00,6.173787117004394531e+00,7.943946838378906250e+00,7.055182456970214844e+00,9.576619148254394531e+00,1.187150573730468750e+01,1.501015090942382812e+01,1.420326137542724609e+01,1.365368366241455078e+01,9.711726188659667969e+00,1.710939598083496094e+01,1.541156196594238281e+01,1.312629127502441406e+01,3.316812753677368164e+00,2.575159788131713867e+00,1.418667435646057129e+00,-6.122581958770751953e-01,-2.169713258743286133e+00,-9.099733352661132812e+00,-1.284567070007324219e+01,-2.424872970581054688e+01,-5.741769313812255859e+00,-3.076968669891357422e+00,-1.424387741088867188e+01,-1.482178592681884766e+01,-2.706330108642578125e+01,-2.457618713378906250e+01,-1.862035369873046875e+01,-1.117020893096923828e+01,-1.005831813812255859e+01,-5.859190464019775391e+00,-5.444342613220214844e+00,-4.497045993804931641e+00,-7.305115222930908203e+00,-4.607643604278564453e+00,-4.409024238586425781e+00,-2.170868635177612305e+00,-3.788003683090209961e+00,-2.687560915946960449e-01,-1.335770845413208008e+00,-2.250342607498168945e+00,-1.393037915229797363e+00,-7.103141307830810547e+00,-5.705401897430419922e+00,-1.336527347564697266e+01,-7.859492778778076172e+00,3.254963874816894531e+00,1.152732253074645996e+00,7.106732577085494995e-02,-7.056086540222167969e+00,nan,nan,nan,nan,nan,nan,nan,nan,nan,nan,nan,nan,nan,nan,nan,nan,nan,nan,nan,nan,nan,nan,nan,nan,nan,nan,nan,nan,nan,nan,nan
nan,nan,nan,nan,nan,nan,nan,nan,nan,nan,nan,nan,nan,nan,nan,nan,nan,nan,nan,nan,nan,nan,nan,nan,nan,nan,nan,nan,nan,nan,nan,nan,-3.126546042039990425e-03,-1.854792237281799316e-02,1.983180165290832520e+00,7.155086398124694824e-01,8.886310458183288574e-02,1.146545529365539551e+00,5.598315715789794922e+00,7.293835163116455078e+00,6.782915592193603516e+00,5.462176799774169922e+00,1.454293131828308105e+00,-3.108727037906646729e-01,3.137864351272583008e+00,3.160420417785644531e+00,6.276811599731445312e+00,8.694919586181640625e+00,9.602088928222656250e+00,1.088621902465820312e+01,1.520765399932861328e+01,1.235685825347900391e+01,1.468568134307861328e+01,1.723323631286621094e+01,1.589278888702392578e+01,1.998329925537109375e+01,1.761451721191406250e+01,7.874724388122558594e+00,3.556880235671997070e+00,-1.032179594039916992e+00,3.266812860965728760e-01,-3.780569076538085938e+00,-5.917300224304199219e+00,-1.093682861328125000e+01,-2.779467201232910156e+01,-1.191774368286132812e+01,nan,nan,nan,-1.831516265869140625e+01,-2.690006637573242188e+01,-1.770051383972167969e+01,-1.342352294921875000e+01,-1.433349514007568359e+01,-7.607481956481933594e+00,-7.866506099700927734e+00,-7.786283016204833984e+00,-7.992960453033447266e+00,-8.158837318420410156e+00,-7.785693645477294922e+00,-1.499836802482604980e+00,-2.898566484451293945e+00,-3.406303167343139648e+00,-2.259026050567626953e+00,-1.387086153030395508e+00,-4.441965103149414062e+00,-8.390408515930175781e+00,-7.993485450744628906e+00,-1.299980258941650391e+01,-9.054805755615234375e+00,9.929752349853515625e-01,-1.552311539649963379e+00,-9.393746256828308105e-01,nan,nan,nan,nan,nan,nan,nan,nan,nan,nan,nan,nan,nan,nan,nan,nan,nan,nan,nan,nan,nan,nan,nan,nan,nan,nan,nan,nan,nan,nan,nan,nan
nan,nan,nan,nan,nan,nan,nan,nan,nan,nan,nan,nan,nan,nan,nan,nan,nan,nan,nan,nan,nan,nan,nan,nan,nan,nan,nan,nan,nan,nan,nan,nan,nan,6.239794492721557617e-01,4.447712421417236328e+00,3.878207921981811523e+00,-1.178333163261413574e+00,-1.258472800254821777e+00,2.538077116012573242e+00,3.680487155914306641e+00,1.437259078025817871e+00,2.898291945457458496e-01,-2.026641555130481720e-02,4.381891787052154541e-01,3.662619590759277344e-01,4.389935016632080078e+00,3.366400957107543945e+00,7.421018123626708984e+00,7.500148773193359375e+00,1.031591320037841797e+01,1.202755737304687500e+01,1.588560676574707031e+01,1.752958106994628906e+01,1.319551181793212891e+01,1.381866836547851562e+01,1.251978015899658203e+01,1.253990650177001953e+01,7.977618217468261719e+00,2.862231969833374023e+00,2.094173908233642578e+00,2.776505947113037109e-01,-5.137848854064941406e+00,-7.033803939819335938e+00,-1.057316398620605469e+01,-2.976496315002441406e+01,-3.325687026977539062e+01,-2.911785125732421875e+01,nan,nan,-2.166487884521484375e+01,-2.870996665954589844e+01,-2.344813346862792969e+01,nan,nan,-6.666831493377685547e+00,-9.133871078491210938e+00,-9.104652404785156250e+00,-1.080546665191650391e+01,-1.321746540069580078e+01,-1.302472496032714844e+01,-4.127766609191894531e+00,-9.513351917266845703e-01,-6.223878860473632812e+00,-6.249259471893310547e+00,-3.337442398071289062e+00,-1.638900279998779297e+00,-4.562753677368164062e+00,-5.928987979888916016e+00,-1.256460285186767578e+01,-7.927535057067871094e+00,nan,nan,nan,nan,nan,nan,nan,nan,nan,nan,nan,nan,nan,nan,nan,nan,nan,nan,nan,nan,nan,nan,nan,nan,nan,nan,nan,nan,nan,nan,nan,nan,nan,nan,nan
nan,nan,nan,nan,nan,nan,nan,nan,nan,nan,nan,nan,nan,nan,nan,nan,nan,nan,nan,nan,nan,nan,nan,nan,nan,nan,nan,nan,nan,nan,nan,nan,nan,9.321086406707763672e-01,6.512661933898925781e+00,4.575230598449707031e+00,-2.008372306823730469e+00,1.020675778388977051e+00,4.692447662353515625e+00,3.173212289810180664e+00,1.457618713378906250e+00,1.448844671249389648e+00,3.952907562255859375e+00,2.500880002975463867e+00,3.371845722198486328e+00,1.628070235252380371e+00,3.001531600952148438e+00,5.625645637512207031e+00,5.076729774475097656e+00,9.698437690734863281e+00,1.421071910858154297e+01,1.412903690338134766e+01,7.643040657043457031e+00,5.041191577911376953e+00,1.258125019073486328e+01,1.181951236724853516e+01,1.167225074768066406e+01,1.013348960876464844e+01,1.253381252288818359e+01,nan,9.741585850715637207e-01,-1.691242933273315430e+00,-8.477807998657226562e+00,-1.036440753936767578e+01,-1.827671623229980469e+01,-2.638006973266601562e+01,-2.812511062622070312e+01,-2.692676925659179688e+01,-3.123337936401367188e+01,-3.378442764282226562e+01,-2.761460113525390625e+01,-2.786927032470703125e+01,-1.532114982604980469e+01,-1.781664848327636719e+01,nan,nan,-1.315742611885070801e+00,-6.432421207427978516e+00,-1.315980529785156250e+01,-1.595973587036132812e+01,-6.456450462341308594e+00,-7.492693901062011719e+00,-4.467145919799804688e+00,-7.563064098358154297e-01,-3.444818258285522461e+00,2.990862607955932617e+00,4.812038838863372803e-01,-3.996612310409545898e+00,-7.653921842575073242e-01,-4.439301490783691406e+00,nan,nan,nan,nan,nan,nan,nan,nan,nan,nan,nan,nan,nan,nan,nan,nan,nan,nan,nan,nan,nan,nan,nan,nan,nan,nan,nan,nan,nan,nan,nan,nan,nan,nan,nan
nan,nan,nan,nan,nan,nan,nan,nan,nan,nan,nan,nan,nan,nan,nan,nan,nan,nan,nan,nan,nan,nan,nan,nan,nan,nan,nan,nan,nan,nan,nan,nan,nan,1.282290458679199219e+00,-2.335716187953948975e-01,4.275315761566162109e+00,-2.135215140879154205e-02,1.430610418319702148e+00,5.157660484313964844e+00,8.110987663269042969e+00,4.601796627044677734e+00,3.183213233947753906e+00,3.706153869628906250e+00,5.060653209686279297e+00,4.797770977020263672e+00,3.529708147048950195e+00,5.782614946365356445e-01,3.768030643463134766e+00,5.542134761810302734e+00,1.108710479736328125e+01,1.421355247497558594e+01,8.705473899841308594e+00,5.798383712768554688e+00,1.610845375061035156e+01,1.252819252014160156e+01,1.011618041992187500e+01,9.018922805786132812e+00,1.155072021484375000e+01,1.079395008087158203e+01,nan,nan,1.327402889728546143e-01,-8.087163925170898438e+00,-1.384516334533691406e+01,-1.506242942810058594e+01,-2.066140937805175781e+01,-2.252903175354003906e+01,-3.168243408203125000e+01,-3.480083465576171875e+01,-4.043080520629882812e+01,-3.550356292724609375e+01,-3.046367835998535156e+01,-2.434757232666015625e+01,-1.677624511718750000e+01,nan,nan,-3.760461091995239258e+00,-1.152485656738281250e+01,-1.754131317138671875e+01,-9.363181114196777344e+00,-9.137017250061035156e+00,-6.426576524972915649e-02,-2.777287662029266357e-01,6.116333484649658203e+00,-2.992985963821411133e+00,-5.561996459960937500e+00,-1.160089302062988281e+01,nan,nan,nan,nan,nan,nan,nan,nan,nan,nan,nan,nan,nan,nan,nan,nan,nan,nan,nan,nan,nan,nan,nan,nan,nan,nan,nan,nan,nan,nan,nan,nan,nan,nan,nan,nan,nan,nan
nan,nan,nan,nan,nan,nan,nan,nan,nan,nan,nan,nan,nan,nan,nan,nan,nan,nan,nan,nan,nan,nan,nan,nan,nan,nan,nan,nan,nan,nan,nan,nan,nan,nan,-9.492022514343261719e+00,-1.362794995307922363e+00,5.554180145263671875e+00,-4.529331207275390625e+00,2.242161273956298828e+00,3.692095518112182617e+00,1.215573191642761230e+00,1.355735421180725098e+00,-1.038143157958984375e+00,4.641993522644042969e+00,4.944784641265869141e+00,nan,4.114237725734710693e-01,5.097174644470214844e+00,nan,nan,nan,nan,nan,nan,nan,1.120236110687255859e+01,4.801884651184082031e+00,1.917409896850585938e+01,1.172545051574707031e+01,4.704319477081298828e+00,1.232104301452636719e+01,-4.545695781707763672e+00,-5.737409591674804688e+00,-1.561604785919189453e+01,-1.795361137390136719e+01,-1.849556350708007812e+01,-1.555245018005371094e+01,-2.791703224182128906e+01,-2.793476104736328125e+01,-3.161489295959472656e+01,-3.304150772094726562e+01,-3.494169616699218750e+01,-2.613867378234863281e+01,-1.629973793029785156e+01,-1.376593589782714844e+01,-9.538887977600097656e+00,-1.218450355529785156e+01,-2.054676246643066406e+01,-1.771469116210937500e+01,-1.458668327331542969e+01,-1.207729244232177734e+01,-7.252418518066406250e+00,-1.024739074707031250e+01,4.297052919864654541e-01,-3.573479175567626953e+00,-5.416247844696044922e+00,nan,nan,nan,nan,nan,nan,nan,nan,nan,nan,nan,nan,nan,nan,nan,nan,nan,nan,nan,nan,nan,nan,nan,nan,nan,nan,nan,nan,nan,nan,nan,nan,nan,nan,nan,nan,nan,nan,nan
nan,nan,nan,nan,nan,nan,nan,nan,nan,nan,nan,nan,nan,nan,nan,nan,nan,nan,nan,nan,nan,nan,nan,nan,nan,nan,nan,nan,nan,nan,nan,nan,nan,nan,1.887677550315856934e+00,-6.426241874694824219e+00,9.571147918701171875e+00,6.791945934295654297e+00,4.910050928592681885e-01,-6.153437425382435322e-05,-5.506390571594238281e+00,4.559648990631103516e+00,-1.832555174827575684e+00,-5.442047119140625000e-01,2.544088363647460938e+00,nan,4.236902713775634766e+00,nan,nan,nan,nan,nan,nan,nan,nan,nan,nan,nan,6.285675048828125000e+00,1.297621822357177734e+01,-1.846252441406250000e+00,-1.993865609169006348e+00,-2.166407585144042969e+00,-8.276456832885742188e+00,-2.077776145935058594e+01,-2.577098274230957031e+01,-2.503465080261230469e+01,-1.812593841552734375e+01,-2.597674751281738281e+01,-3.095306396484375000e+01,-3.426865386962890625e+01,-3.460190582275390625e+01,-2.756313705444335938e+01,-1.882292938232421875e+01,-1.893335533142089844e+01,-1.957368850708007812e+01,-1.787887191772460938e+01,-1.984755134582519531e+01,-1.764673995971679688e+01,-1.430331516265869141e+01,-8.824862480163574219e+00,-2.011124038696289062e+01,-2.089627075195312500e+01,-8.454730987548828125e+00,nan,nan,nan,nan,nan,nan,nan,nan,nan,nan,nan,nan,nan,nan,nan,nan,nan,nan,nan,nan,nan,nan,nan,nan,nan,nan,nan,nan,nan,nan,nan,nan,nan,nan,nan,nan,nan,nan,nan,nan,nan
nan,nan,nan,nan,nan,nan,nan,nan,nan,nan,nan,nan,nan,nan,nan,nan,nan,nan,nan,nan,nan,nan,nan,nan,nan,nan,nan,nan,nan,nan,nan,nan,nan,nan,nan,nan,1.042554855346679688e+01,9.759934425354003906e+00,-5.005837440490722656e+00,-7.607819043187191710e-06,nan,nan,nan,nan,nan,nan,3.956292629241943359e+00,nan,nan,nan,nan,nan,nan,nan,nan,nan,nan,nan,nan,nan,nan,nan,nan,nan,nan,2.170862853527069092e-01,-9.991006851196289062e+00,-1.952395629882812500e+01,-2.188886642456054688e+01,-3.194049453735351562e+01,-3.216347122192382812e+01,-3.458451080322265625e+01,-2.584991836547851562e+01,-2.338300132751464844e+01,-1.895681190490722656e+01,-2.255201148986816406e+01,-2.292338943481445312e+01,-2.122166633605957031e+01,-1.699176979064941406e+01,-1.276583957672119141e+01,-9.473101615905761719e+00,-2.273874092102050781e+01,-1.926177787780761719e+01,-8.631731033325195312e+00,nan,nan,nan,nan,nan,nan,nan,nan,nan,nan,nan,nan,nan,nan,nan,nan,nan,nan,nan,nan,nan,nan,nan,nan,nan,nan,nan,nan,nan,nan,nan,nan,nan,nan,nan,nan,nan,nan,nan,nan,nan
nan,nan,nan,nan,nan,nan,nan,nan,nan,nan,nan,nan,nan,nan,nan,nan,nan,nan,nan,nan,nan,nan,nan,nan,nan,nan,nan,nan,nan,nan,nan,nan,nan,nan,nan,nan,2.210819244384765625e+00,5.680851459503173828e+00,2.142224788665771484e+00,nan,nan,nan,nan,nan,nan,nan,nan,nan,nan,nan,nan,nan,nan,nan,nan,nan,nan,nan,nan,nan,nan,nan,nan,nan,nan,-1.761271286010742188e+01,-2.074952697753906250e+01,-1.354503035545349121e+00,-2.010320281982421875e+01,-3.276411437988281250e+01,-3.273030853271484375e+01,-3.276147460937500000e+01,-4.284528350830078125e+01,-3.163260459899902344e+01,-2.575816726684570312e+01,-2.543666648864746094e+01,-3.700239562988281250e+01,-3.159133529663085938e+01,-1.923177909851074219e+01,-1.938479614257812500e+01,9.335980415344238281e-01,-1.301561832427978516e+01,nan,nan,nan,nan,nan,nan,nan,nan,nan,nan,nan,nan,nan,nan,nan,nan,nan,nan,nan,nan,nan,nan,nan,nan,nan,nan,nan,nan,nan,nan,nan,nan,nan,nan,nan,nan,nan,nan,nan,nan,nan,nan,nan
nan,nan,nan,nan,nan,nan,nan,nan,nan,nan,nan,nan,nan,nan,nan,nan,nan,nan,nan,nan,nan,nan,nan,nan,nan,nan,nan,nan,nan,nan,nan,nan,nan,nan,nan,nan,nan,nan,nan,nan,nan,nan,nan,nan,nan,nan,nan,nan,nan,nan,nan,nan,nan,nan,nan,nan,nan,nan,nan,nan,nan,nan,nan,nan,nan,nan,nan,-2.267298889160156250e+01,-2.493943977355957031e+01,nan,nan,-2.748583793640136719e+01,-2.762958717346191406e+01,-2.853498077392578125e+01,-2.681509780883789062e+01,-2.362853050231933594e+01,-2.137888717651367188e+01,-1.986097145080566406e+01,-1.985306358337402344e+01,-1.726244926452636719e+01,nan,nan,nan,nan,nan,nan,nan,nan,nan,nan,nan,nan,nan,nan,nan,nan,nan,nan,nan,nan,nan,nan,nan,nan,nan,nan,nan,nan,nan,nan,nan,nan,nan,nan,nan,nan,nan,nan,nan,nan,nan,nan,nan,nan,nan
nan,nan,nan,nan,nan,nan,nan,nan,nan,nan,nan,nan,nan,nan,nan,nan,nan,nan,nan,nan,nan,nan,nan,nan,nan,nan,nan,nan,nan,nan,nan,nan,nan,nan,nan,nan,nan,nan,nan,nan,nan,nan,nan,nan,nan,nan,nan,nan,nan,nan,nan,nan,nan,nan,nan,nan,nan,nan,nan,nan,nan,nan,nan,nan,nan,nan,nan,nan,nan,nan,nan,nan,nan,nan,nan,nan,nan,nan,nan,nan,nan,nan,nan,nan,nan,nan,nan,nan,nan,nan,nan,nan,nan,nan,nan,nan,nan,nan,nan,nan,nan,nan,nan,nan,nan,nan,nan,nan,nan,nan,nan,nan,nan,nan,nan,nan,nan,nan,nan,nan,nan,nan,nan,nan,nan
nan,nan,nan,nan,nan,nan,nan,nan,nan,nan,nan,nan,nan,nan,nan,nan,nan,nan,nan,nan,nan,nan,nan,nan,nan,nan,nan,nan,nan,nan,nan,nan,nan,nan,nan,nan,nan,nan,nan,nan,nan,nan,nan,nan,nan,nan,nan,nan,nan,nan,nan,nan,nan,nan,nan,nan,nan,nan,nan,nan,nan,nan,nan,nan,nan,nan,nan,nan,nan,nan,nan,nan,nan,nan,nan,nan,nan,nan,nan,nan,nan,nan,nan,nan,nan,nan,nan,nan,nan,nan,nan,nan,nan,nan,nan,nan,nan,nan,nan,nan,nan,nan,nan,nan,nan,nan,nan,nan,nan,nan,nan,nan,nan,nan,nan,nan,nan,nan,nan,nan,nan,nan,nan,nan,nan
nan,nan,nan,nan,nan,nan,nan,nan,nan,nan,nan,nan,nan,nan,nan,nan,nan,nan,nan,nan,nan,nan,nan,nan,nan,nan,nan,nan,nan,nan,nan,nan,nan,nan,nan,nan,nan,nan,nan,nan,nan,nan,nan,nan,nan,nan,nan,nan,nan,nan,nan,nan,nan,nan,nan,nan,nan,nan,nan,nan,nan,nan,nan,nan,nan,nan,nan,nan,nan,nan,nan,nan,nan,nan,nan,nan,nan,nan,nan,nan,nan,nan,nan,nan,nan,nan,nan,nan,nan,nan,nan,nan,nan,nan,nan,nan,nan,nan,nan,nan,nan,nan,nan,nan,nan,nan,nan,nan,nan,nan,nan,nan,nan,nan,nan,nan,nan,nan,nan,nan,nan,nan,nan,nan,nan
nan,nan,nan,nan,nan,nan,nan,nan,nan,nan,nan,nan,nan,nan,nan,nan,nan,nan,nan,nan,nan,nan,nan,nan,nan,nan,nan,nan,nan,nan,nan,nan,nan,nan,nan,nan,nan,nan,nan,nan,nan,nan,nan,nan,nan,nan,nan,nan,nan,nan,nan,nan,nan,nan,nan,nan,nan,nan,nan,nan,nan,nan,nan,nan,nan,nan,nan,nan,nan,nan,nan,nan,nan,nan,nan,nan,nan,nan,nan,nan,nan,nan,nan,nan,nan,nan,nan,nan,nan,nan,nan,nan,nan,nan,nan,nan,nan,nan,nan,nan,nan,nan,nan,nan,nan,nan,nan,nan,nan,nan,nan,nan,nan,nan,nan,nan,nan,nan,nan,nan,nan,nan,nan,nan,nan
nan,nan,nan,nan,nan,nan,nan,nan,nan,nan,nan,nan,nan,nan,nan,nan,nan,nan,nan,nan,nan,nan,nan,nan,nan,nan,nan,nan,nan,nan,nan,nan,nan,nan,nan,nan,nan,nan,nan,nan,nan,nan,nan,nan,nan,nan,nan,nan,nan,nan,nan,nan,nan,nan,nan,nan,nan,nan,nan,nan,nan,nan,nan,nan,nan,nan,nan,nan,nan,nan,nan,nan,nan,nan,nan,nan,nan,nan,nan,nan,nan,nan,nan,nan,nan,nan,nan,nan,nan,nan,nan,nan,nan,nan,nan,nan,nan,nan,nan,nan,nan,nan,nan,nan,nan,nan,nan,nan,nan,nan,nan,nan,nan,nan,nan,nan,nan,nan,nan,nan,nan,nan,nan,nan,nan
nan,nan,nan,nan,nan,nan,nan,nan,nan,nan,nan,nan,nan,nan,nan,nan,nan,nan,nan,nan,nan,nan,nan,nan,nan,nan,nan,nan,nan,nan,nan,nan,nan,nan,nan,nan,nan,nan,nan,nan,nan,nan,nan,nan,nan,nan,nan,nan,nan,nan,nan,nan,nan,nan,nan,nan,nan,nan,nan,nan,nan,nan,nan,nan,nan,nan,nan,nan,nan,nan,nan,nan,nan,nan,nan,nan,nan,nan,nan,nan,nan,nan,nan,nan,nan,nan,nan,nan,nan,nan,nan,nan,nan,nan,nan,nan,nan,nan,nan,nan,nan,nan,nan,nan,nan,nan,nan,nan,nan,nan,nan,nan,nan,nan,nan,nan,nan,nan,nan,nan,nan,nan,nan,nan,nan
nan,nan,nan,nan,nan,nan,nan,nan,nan,nan,nan,nan,nan,nan,nan,nan,nan,nan,nan,nan,nan,nan,nan,nan,nan,nan,nan,nan,nan,nan,nan,nan,nan,nan,nan,nan,nan,nan,nan,nan,nan,nan,nan,nan,nan,nan,nan,nan,nan,nan,nan,nan,nan,nan,nan,nan,nan,nan,nan,nan,nan,nan,nan,nan,nan,nan,nan,nan,nan,nan,nan,nan,nan,nan,nan,nan,nan,nan,nan,nan,nan,nan,nan,nan,nan,nan,nan,nan,nan,nan,nan,nan,nan,nan,nan,nan,nan,nan,nan,nan,nan,nan,nan,nan,nan,nan,nan,nan,nan,nan,nan,nan,nan,nan,nan,nan,nan,nan,nan,nan,nan,nan,nan,nan,nan
nan,nan,nan,nan,nan,nan,nan,nan,nan,nan,nan,nan,nan,nan,nan,nan,nan,nan,nan,nan,nan,nan,nan,nan,nan,nan,nan,nan,nan,nan,nan,nan,nan,nan,nan,nan,nan,nan,nan,nan,nan,nan,nan,nan,nan,nan,nan,nan,nan,nan,nan,nan,nan,nan,nan,nan,nan,nan,nan,nan,nan,nan,nan,nan,nan,nan,nan,nan,nan,nan,nan,nan,nan,nan,nan,nan,nan,nan,nan,nan,nan,nan,nan,nan,nan,nan,nan,nan,nan,nan,nan,nan,nan,nan,nan,nan,nan,nan,nan,nan,nan,nan,nan,nan,nan,nan,nan,nan,nan,nan,nan,nan,nan,nan,nan,nan,nan,nan,nan,nan,nan,nan,nan,nan,nan
nan,nan,nan,nan,nan,nan,nan,nan,nan,nan,nan,nan,nan,nan,nan,nan,nan,nan,nan,nan,nan,nan,nan,nan,nan,nan,nan,nan,nan,nan,nan,nan,nan,nan,nan,nan,nan,nan,nan,nan,nan,nan,nan,nan,nan,nan,nan,nan,nan,nan,nan,nan,nan,nan,nan,nan,nan,nan,nan,nan,nan,nan,nan,nan,nan,nan,nan,nan,nan,nan,nan,nan,nan,nan,nan,nan,nan,nan,nan,nan,nan,nan,nan,nan,nan,nan,nan,nan,nan,nan,nan,nan,nan,nan,nan,nan,nan,nan,nan,nan,nan,nan,nan,nan,nan,nan,nan,nan,nan,nan,nan,nan,nan,nan,nan,nan,nan,nan,nan,nan,nan,nan,nan,nan,nan
nan,nan,nan,nan,nan,nan,nan,nan,nan,nan,nan,nan,nan,nan,nan,nan,nan,nan,nan,nan,nan,nan,nan,nan,nan,nan,nan,nan,nan,nan,nan,nan,nan,nan,nan,nan,nan,nan,nan,nan,nan,nan,nan,nan,nan,nan,nan,nan,nan,nan,nan,nan,nan,nan,nan,nan,nan,nan,nan,nan,nan,nan,nan,nan,nan,nan,nan,nan,nan,nan,nan,nan,nan,nan,nan,nan,nan,nan,nan,nan,nan,nan,nan,nan,nan,nan,nan,nan,nan,nan,nan,nan,nan,nan,nan,nan,nan,nan,nan,nan,nan,nan,nan,nan,nan,nan,nan,nan,nan,nan,nan,nan,nan,nan,nan,nan,nan,nan,nan,nan,nan,nan,nan,nan,nan
nan,nan,nan,nan,nan,nan,nan,nan,nan,nan,nan,nan,nan,nan,nan,nan,nan,nan,nan,nan,nan,nan,nan,nan,nan,nan,nan,nan,nan,nan,nan,nan,nan,nan,nan,nan,nan,nan,nan,nan,nan,nan,nan,nan,nan,nan,nan,nan,nan,nan,nan,nan,nan,nan,nan,nan,nan,nan,nan,nan,nan,nan,nan,nan,nan,nan,nan,nan,nan,nan,nan,nan,nan,nan,nan,nan,nan,nan,nan,nan,nan,nan,nan,nan,nan,nan,nan,nan,nan,nan,nan,nan,nan,nan,nan,nan,nan,nan,nan,nan,nan,nan,nan,nan,nan,nan,nan,nan,nan,nan,nan,nan,nan,nan,nan,nan,nan,nan,nan,nan,nan,nan,nan,nan,nan
nan,nan,nan,nan,nan,nan,nan,nan,nan,nan,nan,nan,nan,nan,nan,nan,nan,nan,nan,nan,nan,nan,nan,nan,nan,nan,nan,nan,nan,nan,nan,nan,nan,nan,nan,nan,nan,nan,nan,nan,nan,nan,nan,nan,nan,nan,nan,nan,nan,nan,nan,nan,nan,nan,nan,nan,nan,nan,nan,nan,nan,nan,nan,nan,nan,nan,nan,nan,nan,nan,nan,nan,nan,nan,nan,nan,nan,nan,nan,nan,nan,nan,nan,nan,nan,nan,nan,nan,nan,nan,nan,nan,nan,nan,nan,nan,nan,nan,nan,nan,nan,nan,nan,nan,nan,nan,nan,nan,nan,nan,nan,nan,nan,nan,nan,nan,nan,nan,nan,nan,nan,nan,nan,nan,nan
nan,nan,nan,nan,nan,nan,nan,nan,nan,nan,nan,nan,nan,nan,nan,nan,nan,nan,nan,nan,nan,nan,nan,nan,nan,nan,nan,nan,nan,nan,nan,nan,nan,nan,nan,nan,nan,nan,nan,nan,nan,nan,nan,nan,nan,nan,nan,nan,nan,nan,nan,nan,nan,nan,nan,nan,nan,nan,nan,nan,nan,nan,nan,nan,nan,nan,nan,nan,nan,nan,nan,nan,nan,nan,nan,nan,nan,nan,nan,nan,nan,nan,nan,nan,nan,nan,nan,nan,nan,nan,nan,nan,nan,nan,nan,nan,nan,nan,nan,nan,nan,nan,nan,nan,nan,nan,nan,nan,nan,nan,nan,nan,nan,nan,nan,nan,nan,nan,nan,nan,nan,nan,nan,nan,nan
nan,nan,nan,nan,nan,nan,nan,nan,nan,nan,nan,nan,nan,nan,nan,nan,nan,nan,nan,nan,nan,nan,nan,nan,nan,nan,nan,nan,nan,nan,nan,nan,nan,nan,nan,nan,nan,nan,nan,nan,nan,nan,nan,nan,nan,nan,nan,nan,nan,nan,nan,nan,nan,nan,nan,nan,nan,nan,nan,nan,nan,nan,nan,nan,nan,nan,nan,nan,nan,nan,nan,nan,nan,nan,nan,nan,nan,nan,nan,nan,nan,nan,nan,nan,nan,nan,nan,nan,nan,nan,nan,nan,nan,nan,nan,nan,nan,nan,nan,nan,nan,nan,nan,nan,nan,nan,nan,nan,nan,nan,nan,nan,nan,nan,nan,nan,nan,nan,nan,nan,nan,nan,nan,nan,nan
nan,nan,nan,nan,nan,nan,nan,nan,nan,nan,nan,nan,nan,nan,nan,nan,nan,nan,nan,nan,nan,nan,nan,nan,nan,nan,nan,nan,nan,nan,nan,nan,nan,nan,nan,nan,nan,nan,nan,nan,nan,nan,nan,nan,nan,nan,nan,nan,nan,nan,nan,nan,nan,nan,nan,nan,nan,nan,nan,nan,nan,nan,nan,nan,nan,nan,nan,nan,nan,nan,nan,nan,nan,nan,nan,nan,nan,nan,nan,nan,nan,nan,nan,nan,nan,nan,nan,nan,nan,nan,nan,nan,nan,nan,nan,nan,nan,nan,nan,nan,nan,nan,nan,nan,nan,nan,nan,nan,nan,nan,nan,nan,nan,nan,nan,nan,nan,nan,nan,nan,nan,nan,nan,nan,nan
nan,nan,nan,nan,nan,nan,nan,nan,nan,nan,nan,nan,nan,nan,nan,nan,nan,nan,nan,nan,nan,nan,nan,nan,nan,nan,nan,nan,nan,nan,nan,nan,nan,nan,nan,nan,nan,nan,nan,nan,nan,nan,nan,nan,nan,nan,nan,nan,nan,nan,nan,nan,nan,nan,nan,nan,nan,nan,nan,nan,nan,nan,nan,nan,nan,nan,nan,nan,nan,nan,nan,nan,nan,nan,nan,nan,nan,nan,nan,nan,nan,nan,nan,nan,nan,nan,nan,nan,nan,nan,nan,nan,nan,nan,nan,nan,nan,nan,nan,nan,nan,nan,nan,nan,nan,nan,nan,nan,nan,nan,nan,nan,nan,nan,nan,nan,nan,nan,nan,nan,nan,nan,nan,nan,nan
nan,nan,nan,nan,nan,nan,nan,nan,nan,nan,nan,nan,nan,nan,nan,nan,nan,nan,nan,nan,nan,nan,nan,nan,nan,nan,nan,nan,nan,nan,nan,nan,nan,nan,nan,nan,nan,nan,nan,nan,nan,nan,nan,nan,nan,nan,nan,nan,nan,nan,nan,nan,nan,nan,nan,nan,nan,nan,nan,nan,nan,nan,nan,nan,nan,nan,nan,nan,nan,nan,nan,nan,nan,nan,nan,nan,nan,nan,nan,nan,nan,nan,nan,nan,nan,nan,nan,nan,nan,nan,nan,nan,nan,nan,nan,nan,nan,nan,nan,nan,nan,nan,nan,nan,nan,nan,nan,nan,nan,nan,nan,nan,nan,nan,nan,nan,nan,nan,nan,nan,nan,nan,nan,nan,nan
