nan,nan,nan,nan,nan,nan,nan,nan,nan,nan,nan,nan,nan,nan,nan,nan,nan,nan,nan,nan,nan,nan,nan,nan,nan,nan,nan,nan,nan,nan,nan,nan,nan,nan,nan,nan,nan,nan,nan,nan,nan,nan,nan,nan,nan,nan,nan,nan,nan,nan,nan,nan,nan,nan,nan,nan,nan,nan,nan,nan,nan,nan,nan,nan,nan,nan,nan,nan,nan,nan,nan,nan,nan,nan,nan,nan,nan,nan,nan,nan,nan,nan,nan,nan,nan,nan,nan,nan,nan,nan,nan,nan,nan,nan,nan,nan,nan,nan,nan,nan,nan,nan,nan,nan,nan,nan,nan,nan,nan,nan,nan,nan,nan,nan,nan,nan,nan,nan,nan,nan,nan,nan,nan,nan,nan
nan,nan,nan,nan,nan,nan,nan,nan,nan,nan,nan,nan,nan,nan,nan,nan,nan,nan,nan,nan,nan,nan,nan,nan,nan,nan,nan,nan,nan,nan,nan,nan,nan,nan,nan,nan,nan,nan,nan,nan,nan,nan,nan,nan,nan,nan,nan,nan,nan,nan,nan,nan,nan,nan,nan,nan,nan,nan,nan,nan,nan,nan,nan,nan,nan,nan,nan,nan,nan,nan,nan,nan,nan,nan,nan,nan,nan,nan,nan,nan,nan,nan,nan,nan,nan,nan,nan,nan,nan,nan,nan,nan,nan,nan,nan,nan,nan,nan,nan,nan,nan,nan,nan,nan,nan,nan,nan,nan,nan,nan,nan,nan,nan,nan,nan,nan,nan,nan,nan,nan,nan,nan,nan,nan,nan
nan,nan,nan,nan,nan,nan,nan,nan,nan,nan,nan,nan,nan,nan,nan,nan,nan,nan,nan,nan,nan,nan,nan,nan,nan,nan,nan,nan,nan,nan,nan,nan,nan,nan,nan,nan,nan,nan,nan,nan,nan,nan,nan,nan,nan,nan,nan,nan,nan,nan,nan,nan,nan,nan,nan,nan,nan,nan,nan,nan,nan,nan,nan,nan,nan,nan,nan,nan,nan,nan,nan,nan,nan,nan,nan,nan,nan,nan,nan,nan,nan,nan,nan,nan,nan,nan,nan,nan,nan,nan,nan,nan,nan,nan,nan,nan,nan,nan,nan,nan,nan,nan,nan,nan,nan,nan,nan,nan,nan,nan,nan,nan,nan,nan,nan,nan,nan,nan,nan,nan,nan,nan,nan,nan,nan
nan,nan,nan,nan,nan,nan,nan,nan,nan,nan,nan,nan,nan,nan,nan,nan,nan,nan,nan,nan,nan,nan,nan,nan,nan,nan,nan,nan,nan,nan,nan,nan,nan,nan,nan,nan,nan,nan,nan,nan,nan,nan,nan,nan,nan,nan,nan,nan,nan,nan,nan,nan,nan,nan,nan,nan,nan,nan,nan,nan,nan,nan,nan,nan,nan,nan,nan,nan,nan,nan,nan,nan,nan,nan,nan,nan,nan,nan,nan,nan,nan,nan,nan,nan,nan,nan,nan,nan,nan,nan,nan,nan,nan,nan,nan,nan,nan,nan,nan,nan,nan,nan,nan,nan,nan,nan,nan,nan,nan,nan,nan,nan,nan,nan,nan,nan,nan,nan,nan,nan,nan,nan,nan,nan,nan
nan,nan,nan,nan,nan,nan,nan,nan,nan,nan,nan,nan,nan,nan,nan,nan,nan,nan,nan,nan,nan,nan,nan,nan,nan,nan,nan,nan,nan,nan,nan,nan,nan,nan,nan,nan,nan,nan,nan,nan,nan,nan,nan,nan,nan,nan,nan,nan,nan,nan,nan,nan,nan,nan,nan,nan,nan,nan,nan,nan,nan,nan,nan,nan,nan,nan,nan,nan,nan,nan,nan,nan,nan,nan,nan,nan,nan,nan,nan,nan,nan,nan,nan,nan,nan,nan,nan,nan,nan,nan,nan,nan,nan,nan,nan,nan,nan,nan,nan,nan,nan,nan,nan,nan,nan,nan,nan,nan,nan,nan,nan,nan,nan,nan,nan,nan,nan,nan,nan,nan,nan,nan,nan,nan,nan
nan,nan,nan,nan,nan,nan,nan,nan,nan,nan,nan,nan,nan,nan,nan,nan,nan,nan,nan,nan,nan,nan,nan,nan,nan,nan,nan,nan,nan,nan,nan,nan,nan,nan,nan,nan,nan,nan,nan,nan,nan,nan,nan,nan,nan,nan,nan,nan,nan,nan,nan,nan,nan,nan,nan,nan,nan,nan,nan,nan,nan,nan,nan,nan,nan,nan,nan,nan,nan,nan,nan,nan,nan,nan,nan,nan,nan,nan,nan,nan,nan,nan,nan,nan,nan,nan,nan,nan,nan,nan,nan,nan,nan,nan,nan,nan,nan,nan,nan,nan,nan,nan,nan,nan,nan,nan,nan,nan,nan,nan,nan,nan,nan,nan,nan,nan,nan,nan,nan,nan,nan,nan,nan,nan,nan
nan,nan,nan,nan,nan,nan,nan,nan,nan,nan,nan,nan,nan,nan,nan,nan,nan,nan,nan,nan,nan,nan,nan,nan,nan,nan,nan,nan,nan,nan,nan,nan,nan,nan,nan,nan,nan,nan,nan,nan,nan,nan,nan,nan,nan,nan,nan,nan,nan,nan,nan,nan,nan,nan,nan,nan,nan,nan,nan,nan,nan,nan,nan,nan,nan,nan,nan,nan,nan,nan,nan,nan,nan,nan,nan,nan,nan,nan,nan,nan,nan,nan,nan,nan,nan,nan,nan,nan,nan,nan,nan,nan,nan,nan,nan,nan,nan,nan,nan,nan,nan,nan,nan,nan,nan,nan,nan,nan,nan,nan,nan,nan,nan,nan,nan,nan,nan,nan,nan,nan,nan,nan,nan,nan,nan
nan,nan,nan,nan,nan,nan,nan,nan,nan,nan,nan,nan,nan,nan,nan,nan,nan,nan,nan,nan,nan,nan,nan,nan,nan,nan,nan,nan,nan,nan,nan,nan,nan,nan,nan,nan,nan,nan,nan,nan,nan,nan,nan,nan,nan,nan,nan,nan,nan,nan,nan,nan,nan,nan,nan,nan,nan,nan,nan,nan,nan,nan,nan,nan,nan,nan,nan,nan,nan,nan,nan,nan,nan,nan,nan,nan,nan,nan,nan,nan,nan,nan,nan,nan,nan,nan,nan,nan,nan,nan,nan,nan,nan,nan,nan,nan,nan,nan,nan,nan,nan,nan,nan,nan,nan,nan,nan,nan,nan,nan,nan,nan,nan,nan,nan,nan,nan,nan,nan,nan,nan,nan,nan,nan,nan
nan,nan,nan,nan,nan,nan,nan,nan,nan,nan,nan,nan,nan,nan,nan,nan,nan,nan,nan,nan,nan,nan,nan,nan,nan,nan,nan,nan,nan,nan,nan,nan,nan,nan,nan,nan,nan,nan,nan,nan,nan,nan,nan,nan,nan,nan,nan,nan,nan,nan,nan,nan,nan,nan,nan,nan,nan,nan,nan,nan,nan,nan,nan,nan,nan,nan,nan,nan,nan,nan,nan,nan,nan,nan,nan,nan,nan,nan,nan,nan,nan,nan,nan,nan,nan,nan,nan,nan,nan,nan,nan,nan,nan,nan,nan,nan,nan,nan,nan,nan,nan,nan,nan,nan,nan,nan,nan,nan,nan,nan,nan,nan,nan,nan,nan,nan,nan,nan,nan,nan,nan,nan,nan,nan,nan
nan,nan,nan,nan,nan,nan,nan,nan,nan,nan,nan,nan,nan,nan,nan,nan,nan,nan,nan,nan,nan,nan,nan,nan,nan,nan,nan,nan,nan,nan,nan,nan,nan,nan,nan,nan,nan,nan,nan,nan,nan,nan,nan,nan,nan,nan,nan,nan,nan,nan,nan,nan,nan,nan,nan,nan,nan,nan,nan,nan,nan,nan,nan,nan,nan,nan,nan,nan,nan,nan,nan,nan,nan,nan,nan,nan,nan,nan,nan,nan,nan,nan,nan,nan,nan,nan,nan,nan,nan,nan,nan,nan,nan,nan,nan,nan,nan,nan,nan,nan,nan,nan,nan,nan,nan,nan,nan,nan,nan,nan,nan,nan,nan,nan,nan,nan,nan,nan,nan,nan,nan,nan,nan,nan,nan
nan,nan,nan,nan,nan,nan,nan,nan,nan,nan,nan,nan,nan,nan,nan,nan,nan,nan,nan,nan,nan,nan,nan,nan,nan,nan,nan,nan,nan,nan,nan,nan,nan,nan,nan,nan,nan,nan,nan,nan,nan,nan,nan,nan,nan,nan,nan,nan,nan,nan,nan,nan,nan,nan,nan,nan,nan,nan,nan,nan,nan,nan,nan,nan,nan,nan,nan,nan,nan,nan,nan,nan,nan,nan,nan,nan,nan,nan,nan,nan,nan,nan,nan,nan,nan,nan,nan,nan,nan,nan,nan,nan,nan,nan,nan,nan,nan,nan,nan,nan,nan,nan,nan,nan,nan,nan,nan,nan,nan,nan,nan,nan,nan,nan,nan,nan,nan,nan,nan,nan,nan,nan,nan,nan,nan
nan,nan,nan,nan,nan,nan,nan,nan,nan,nan,nan,nan,nan,nan,nan,nan,nan,nan,nan,nan,nan,nan,nan,nan,nan,nan,nan,nan,nan,nan,nan,nan,nan,nan,nan,nan,nan,nan,nan,nan,nan,nan,nan,nan,nan,nan,nan,nan,nan,nan,nan,nan,nan,nan,nan,nan,nan,nan,nan,nan,nan,nan,nan,nan,nan,nan,nan,nan,nan,nan,nan,nan,nan,nan,nan,nan,nan,nan,nan,nan,nan,nan,nan,nan,nan,nan,nan,nan,nan,nan,nan,nan,nan,nan,nan,nan,nan,nan,nan,nan,nan,nan,nan,nan,nan,nan,nan,nan,nan,nan,nan,nan,nan,nan,nan,nan,nan,nan,nan,nan,nan,nan,nan,nan,nan
nan,nan,nan,nan,nan,nan,nan,nan,nan,nan,nan,nan,nan,nan,nan,nan,nan,nan,nan,nan,nan,nan,nan,nan,nan,nan,nan,nan,nan,nan,nan,nan,nan,nan,nan,nan,nan,nan,nan,nan,nan,nan,nan,nan,nan,nan,nan,nan,nan,nan,nan,nan,nan,nan,nan,nan,nan,nan,nan,nan,nan,nan,nan,nan,nan,nan,-2.408234214782714844e+01,-3.752772903442382812e+01,-2.957225036621093750e+01,-3.234555816650390625e+01,-2.736385917663574219e+01,nan,nan,nan,nan,nan,nan,nan,nan,nan,nan,nan,nan,nan,nan,nan,nan,nan,nan,nan,nan,nan,nan,nan,nan,nan,nan,nan,nan,nan,nan,nan,nan,nan,nan,nan,nan,nan,nan,nan,nan,nan,nan,nan,nan,nan,nan,nan,nan,nan,nan,nan,nan,nan,nan
nan,nan,nan,nan,nan,nan,nan,nan,nan,nan,nan,nan,nan,nan,nan,nan,nan,nan,nan,nan,nan,nan,nan,nan,nan,nan,nan,nan,nan,nan,nan,nan,nan,nan,nan,nan,nan,nan,nan,nan,nan,nan,nan,nan,nan,nan,nan,nan,nan,nan,nan,nan,nan,nan,2.157925224304199219e+01,nan,nan,1.530823326110839844e+01,nan,nan,6.659634590148925781e+00,1.393454074859619141e+00,-3.448289632797241211e+00,-8.683190345764160156e+00,-1.382422161102294922e+01,-3.486768722534179688e+01,-3.234134292602539062e+01,-2.839416122436523438e+01,-3.299102020263671875e+01,-3.618656539916992188e+01,-3.422944259643554688e+01,-2.574065589904785156e+01,nan,nan,nan,nan,nan,nan,nan,nan,nan,nan,nan,nan,nan,nan,nan,nan,nan,nan,nan,nan,nan,nan,nan,nan,nan,nan,nan,nan,nan,nan,nan,nan,nan,nan,nan,nan,nan,nan,nan,nan,nan,nan,nan,nan,nan,nan,nan,nan,nan,nan,nan,nan,nan
nan,nan,nan,nan,nan,nan,nan,nan,nan,nan,nan,nan,nan,nan,nan,nan,nan,nan,nan,nan,nan,nan,nan,nan,nan,nan,nan,nan,nan,nan,nan,nan,nan,nan,nan,nan,nan,nan,nan,nan,nan,nan,nan,nan,nan,nan,nan,nan,nan,nan,nan,nan,2.393576622009277344e+01,2.251451492309570312e+01,2.158403205871582031e+01,2.014922523498535156e+01,1.300407505035400391e+01,1.147758769989013672e+01,8.440684318542480469e+00,2.433994531631469727e+00,8.069622993469238281e+00,5.002575397491455078e+00,1.180440044403076172e+01,7.471101760864257812e+00,-2.168781089782714844e+01,-2.812902069091796875e+01,-2.896595764160156250e+01,-3.097255897521972656e+01,-2.317593955993652344e+01,-2.883616828918457031e+01,-3.131426811218261719e+01,-2.316591262817382812e+01,-2.425440025329589844e+01,nan,nan,nan,nan,nan,nan,nan,nan,nan,nan,nan,nan,nan,nan,nan,nan,nan,nan,nan,nan,nan,nan,nan,nan,nan,nan,nan,nan,nan,nan,nan,nan,nan,nan,nan,nan,nan,nan,nan,nan,nan,nan,nan,nan,nan,nan,nan,nan,nan,nan,nan,nan
nan,nan,nan,nan,nan,nan,nan,nan,nan,nan,nan,nan,nan,nan,nan,nan,nan,nan,nan,nan,nan,nan,nan,nan,nan,nan,nan,nan,nan,nan,nan,nan,nan,nan,nan,nan,nan,nan,nan,nan,nan,nan,nan,nan,nan,nan,nan,nan,2.430657386779785156e+01,2.677441787719726562e+01,2.990890693664550781e+01,3.331148529052734375e+01,2.682880210876464844e+01,1.813161849975585938e+01,1.325424766540527344e+01,1.608464050292968750e+01,2.430427551269531250e+01,1.437729740142822266e+01,8.824259757995605469e+00,-1.657563447952270508e+00,1.974281430244445801e+00,2.670174360275268555e+00,5.381266593933105469e+00,9.635242223739624023e-01,-6.811442852020263672e+00,-2.792043495178222656e+01,-3.102188682556152344e+01,-2.265806388854980469e+01,-1.686518859863281250e+01,-2.114588356018066406e+01,-2.669179534912109375e+01,-1.702953720092773438e+01,-8.303818702697753906e+00,-2.336539649963378906e+01,-2.246184349060058594e+01,nan,nan,nan,nan,nan,nan,nan,nan,nan,nan,nan,nan,nan,nan,nan,nan,nan,nan,nan,nan,nan,nan,nan,nan,nan,nan,nan,nan,nan,nan,nan,nan,nan,nan,nan,nan,nan,nan,nan,nan,nan,nan,nan,nan,nan,nan,nan,nan,nan,nan
nan,nan,nan,nan,nan,nan,nan,nan,nan,nan,nan,nan,nan,nan,nan,nan,nan,nan,nan,nan,nan,nan,nan,nan,nan,nan,nan,nan,nan,nan,nan,nan,nan,nan,nan,nan,nan,5.412669181823730469e+00,5.494505405426025391e+00,nan,nan,nan,nan,nan,nan,1.938366317749023438e+01,2.641940116882324219e+01,2.985310935974121094e+01,3.291498565673828125e+01,2.363875389099121094e+01,2.513876533508300781e+01,2.811939811706542969e+01,2.337132644653320312e+01,1.632302284240722656e+01,2.427287292480468750e+01,3.551729202270507812e+01,3.071664047241210938e+01,1.694722175598144531e+01,1.860964965820312500e+01,9.268436431884765625e+00,9.964554786682128906e+00,3.829058885574340820e+00,-6.202305793762207031e+00,-5.332924365997314453e+00,-5.385794162750244141e+00,-1.226249122619628906e+01,-1.753266716003417969e+01,-2.039348411560058594e+01,-2.884919357299804688e+01,-2.517528343200683594e+01,-2.835046577453613281e+01,-1.776082038879394531e+01,-1.922355079650878906e+01,-2.036677551269531250e+01,-2.256373786926269531e+01,-2.242686080932617188e+01,nan,nan,nan,nan,nan,nan,nan,nan,nan,nan,nan,nan,nan,nan,nan,nan,nan,nan,nan,nan,nan,nan,nan,nan,nan,nan,nan,nan,nan,nan,nan,nan,nan,nan,nan,nan,nan,nan,nan,nan,nan,nan,nan,nan,nan,nan,nan,nan,nan
nan,nan,nan,nan,nan,nan,nan,nan,nan,nan,nan,nan,nan,nan,nan,nan,nan,nan,nan,nan,nan,nan,nan,nan,nan,nan,nan,nan,nan,nan,nan,nan,nan,nan,nan,nan,6.587356567382812500e+00,nan,1.622686743736267090e+00,1.066582393646240234e+01,nan,nan,1.157546901702880859e+01,7.837278246879577637e-01,3.183941125869750977e+00,1.960447692871093750e+01,2.955558395385742188e+01,3.109741973876953125e+01,2.672985458374023438e+01,2.073283386230468750e+01,1.964008903503417969e+01,2.278030014038085938e+01,2.365200805664062500e+01,2.455328559875488281e+01,2.739954376220703125e+01,3.195172882080078125e+01,3.198439788818359375e+01,1.913601684570312500e+01,2.140769958496093750e+01,1.694820213317871094e+01,7.768658161163330078e+00,1.563251495361328125e+00,-8.702110290527343750e+00,6.125313282012939453e+00,-8.729106903076171875e+00,-1.266772079467773438e+01,-1.506376647949218750e+01,-1.770669746398925781e+01,-2.501969909667968750e+01,-2.622650718688964844e+01,-2.022837448120117188e+01,-2.619663810729980469e+01,-2.823184776306152344e+01,-1.929691123962402344e+01,-2.186003684997558594e+01,-2.201363563537597656e+01,-2.286232757568359375e+01,nan,nan,nan,nan,nan,nan,nan,nan,nan,nan,nan,nan,nan,nan,nan,nan,nan,nan,nan,nan,nan,nan,nan,nan,nan,nan,nan,nan,nan,nan,nan,nan,nan,nan,nan,nan,nan,nan,nan,nan,nan,nan,nan,nan,nan,nan,nan,nan
nan,nan,nan,nan,nan,nan,nan,nan,nan,nan,nan,nan,nan,nan,nan,nan,nan,nan,nan,nan,nan,nan,nan,nan,nan,nan,nan,nan,nan,nan,nan,nan,nan,nan,nan,7.098265171051025391e+00,1.306451988220214844e+01,nan,-4.474387168884277344e+00,2.732488155364990234e+00,1.304959964752197266e+01,-3.775090575218200684e-01,-2.090903520584106445e+00,-2.775054454803466797e+00,6.860834121704101562e+00,1.602635002136230469e+01,2.930629158020019531e+01,2.903081703186035156e+01,2.609697914123535156e+01,1.921927070617675781e+01,1.935898971557617188e+01,1.885074424743652344e+01,2.176856231689453125e+01,2.344785118103027344e+01,2.706636619567871094e+01,2.847582817077636719e+01,2.601321411132812500e+01,1.975876235961914062e+01,1.833213996887207031e+01,1.922658920288085938e+01,1.299417781829833984e+01,5.654545307159423828e+00,-1.807413697242736816e+00,-7.918362617492675781e+00,-2.054874229431152344e+01,-1.850971031188964844e+01,-2.331418609619140625e+01,-1.495852470397949219e+01,-1.683924293518066406e+01,-3.227785873413085938e+01,-2.087956047058105469e+01,-2.122577667236328125e+01,-3.033471488952636719e+01,-3.017639160156250000e+01,-8.450632095336914062e+00,-2.190154838562011719e+01,-2.263644409179687500e+01,-2.392984771728515625e+01,-2.400804328918457031e+01,nan,nan,nan,nan,nan,nan,nan,nan,nan,nan,nan,nan,nan,nan,nan,nan,nan,nan,nan,nan,nan,nan,nan,nan,nan,nan,nan,nan,nan,nan,nan,nan,nan,nan,nan,nan,nan,nan,nan,nan,nan,nan,nan,nan,nan,nan
nan,nan,nan,nan,nan,nan,nan,nan,nan,nan,nan,nan,nan,nan,nan,nan,nan,nan,nan,nan,nan,nan,nan,nan,nan,nan,nan,nan,nan,nan,nan,nan,nan,nan,nan,8.312897682189941406e+00,8.394069671630859375e+00,-4.743601799011230469e+00,nan,5.811337471008300781e+00,1.097123813629150391e+01,nan,1.308277320861816406e+01,1.376366710662841797e+01,8.982222557067871094e+00,2.148816680908203125e+01,2.949582672119140625e+01,2.540716171264648438e+01,2.241676330566406250e+01,1.668819427490234375e+01,1.685886001586914062e+01,1.860447120666503906e+01,1.987687683105468750e+01,2.163198471069335938e+01,2.577282333374023438e+01,2.953409004211425781e+01,2.563356971740722656e+01,2.548004150390625000e+01,1.980595016479492188e+01,1.585655212402343750e+01,1.917776298522949219e+01,1.427611160278320312e+01,9.560586929321289062e+00,-5.394423961639404297e+00,-6.502261638641357422e+00,-1.823137283325195312e+01,-1.390953159332275391e+01,-1.268054676055908203e+01,-1.457057666778564453e+01,-1.601346397399902344e+01,-1.857648658752441406e+01,-2.145131683349609375e+01,-1.721869468688964844e+01,-2.058922386169433594e+01,-3.268522644042968750e+01,-3.444768142700195312e+01,-2.172175788879394531e+01,-2.242794990539550781e+01,-2.216710472106933594e+01,nan,nan,nan,nan,nan,nan,nan,nan,nan,nan,nan,nan,nan,nan,nan,nan,nan,nan,nan,nan,nan,nan,nan,nan,nan,nan,nan,nan,nan,nan,nan,nan,nan,nan,nan,nan,nan,nan,nan,nan,nan,nan,nan,nan,nan,nan
nan,nan,nan,nan,nan,nan,nan,nan,nan,nan,nan,nan,nan,nan,nan,nan,nan,nan,nan,nan,nan,nan,nan,nan,nan,nan,nan,nan,nan,nan,nan,nan,nan,9.145236015319824219e+00,1.666574859619140625e+01,4.505663394927978516e+00,8.971248626708984375e+00,nan,-2.872167110443115234e+00,9.187530517578125000e+00,2.067055225372314453e+00,5.257972240447998047e+00,1.913915824890136719e+01,2.799083900451660156e+01,2.715456581115722656e+01,2.104838562011718750e+01,2.725734138488769531e+01,1.997325515747070312e+01,1.503032588958740234e+01,1.707033157348632812e+01,1.746232223510742188e+01,1.655282783508300781e+01,1.856921005249023438e+01,1.864454841613769531e+01,2.302539062500000000e+01,2.855813980102539062e+01,3.250351715087890625e+01,2.707090568542480469e+01,2.620626831054687500e+01,1.834100723266601562e+01,2.012073135375976562e+01,1.345915222167968750e+01,5.855318307876586914e-01,-4.471861839294433594e+00,-4.553761005401611328e+00,-9.188539505004882812e+00,-1.235554218292236328e+00,-8.811754584312438965e-01,-4.489674270153045654e-01,-6.830547809600830078e+00,-1.134097290039062500e+01,-2.569869422912597656e+01,-6.985125541687011719e+00,-1.996727371215820312e+01,-2.935010528564453125e+01,-2.223821640014648438e+01,-3.420274734497070312e+01,-2.110885429382324219e+01,-2.071886062622070312e+01,-2.011783599853515625e+01,nan,nan,nan,nan,nan,nan,nan,nan,nan,nan,nan,nan,nan,nan,nan,nan,nan,nan,nan,nan,nan,nan,nan,nan,nan,nan,nan,nan,nan,nan,nan,nan,nan,nan,nan,nan,nan,nan,nan,nan,nan,nan,nan,nan,nan
nan,nan,nan,nan,nan,nan,nan,nan,nan,nan,nan,nan,nan,nan,nan,nan,nan,nan,nan,nan,nan,nan,nan,nan,nan,nan,nan,nan,nan,nan,nan,1.221830272674560547e+01,1.056922054290771484e+01,2.004935264587402344e+01,8.535236358642578125e+00,6.739952087402343750e+00,9.887415885925292969e+00,3.177922964096069336e+00,1.117315864562988281e+01,1.092591285705566406e+01,3.928892135620117188e+00,4.134288311004638672e+00,1.625371742248535156e+01,2.677680587768554688e+01,2.744449806213378906e+01,2.260682106018066406e+01,2.163832664489746094e+01,2.223275756835937500e+01,1.434177398681640625e+01,1.792062950134277344e+01,1.818511009216308594e+01,1.919743347167968750e+01,2.176583480834960938e+01,2.381598281860351562e+01,2.059544372558593750e+01,2.726921272277832031e+01,2.241264152526855469e+01,2.924417114257812500e+01,2.536454391479492188e+01,1.960123062133789062e+01,2.153719329833984375e+01,1.049528503417968750e+01,-2.173802614212036133e+00,-2.313680171966552734e+00,-1.181116390228271484e+01,-9.557941436767578125e+00,-4.071224689483642578e+00,4.656699001789093018e-01,-5.939698696136474609e+00,-1.317658615112304688e+01,-1.238856410980224609e+01,3.761791706085205078e+00,-5.641565799713134766e+00,-1.565274047851562500e+01,-2.732190704345703125e+01,-2.843803024291992188e+01,-2.007013130187988281e+01,-2.015140342712402344e+01,-1.603721809387207031e+01,-1.555240631103515625e+01,-1.967880058288574219e+01,nan,nan,nan,nan,nan,nan,nan,nan,nan,nan,nan,nan,nan,nan,nan,nan,nan,nan,nan,nan,nan,nan,nan,nan,nan,nan,nan,nan,nan,nan,nan,nan,nan,nan,nan,nan,nan,nan,nan,nan,nan,nan,nan,nan
nan,nan,nan,nan,nan,nan,nan,nan,nan,nan,nan,nan,nan,nan,nan,nan,nan,nan,nan,nan,nan,nan,nan,nan,nan,nan,nan,nan,nan,nan,1.966331672668457031e+01,2.287968397140502930e+00,6.365603446960449219e+00,1.344607353210449219e+01,9.145186424255371094e+00,5.964268684387207031e+00,4.312001705169677734e+00,5.350945949554443359e+00,8.236447334289550781e+00,1.101405048370361328e+01,7.192552089691162109e+00,6.019830703735351562e+00,1.208461666107177734e+01,2.067852783203125000e+01,2.380197143554687500e+01,2.256410217285156250e+01,2.708209037780761719e+01,2.494298171997070312e+01,1.723025894165039062e+01,1.536611843109130859e+01,2.182959938049316406e+01,2.093384742736816406e+01,2.277836608886718750e+01,2.496786880493164062e+01,2.612996864318847656e+01,2.667765617370605469e+01,2.160974121093750000e+01,2.735002899169921875e+01,2.446925544738769531e+01,2.373314476013183594e+01,2.571523666381835938e+01,3.665457725524902344e+00,1.156785607337951660e+00,2.048288822174072266e+00,-7.997558712959289551e-01,-1.101877403259277344e+01,-8.523523330688476562e+00,-4.603518962860107422e+00,-5.527307033538818359e+00,-1.728604316711425781e+01,-2.084287834167480469e+01,-1.554148197174072266e+01,-1.124701309204101562e+01,-1.234801959991455078e+01,-3.024532890319824219e+01,-3.032332992553710938e+01,-1.939060783386230469e+01,-1.950652885437011719e+01,-1.616844940185546875e+01,-1.602272415161132812e+01,-1.841142463684082031e+01,-3.191831588745117188e+01,-2.209431266784667969e+01,nan,nan,nan,nan,nan,nan,nan,nan,nan,nan,nan,nan,nan,nan,nan,nan,nan,nan,nan,nan,nan,nan,nan,nan,nan,nan,nan,nan,nan,nan,nan,nan,nan,nan,nan,nan,nan,nan,nan,nan,nan,nan
nan,nan,nan,nan,nan,nan,nan,nan,nan,nan,nan,nan,nan,nan,nan,nan,nan,nan,nan,nan,nan,nan,nan,nan,nan,nan,nan,nan,1.677770423889160156e+01,2.791016006469726562e+01,2.328187370300292969e+01,8.080254554748535156e+00,7.939645290374755859e+00,1.039691638946533203e+01,4.159941673278808594e+00,4.265776872634887695e-01,3.520846068859100342e-01,3.482228755950927734e+00,4.648867130279541016e+00,7.335805892944335938e+00,1.028557395935058594e+01,1.396070575714111328e+01,1.572362041473388672e+01,1.849501609802246094e+01,1.889436340332031250e+01,1.810704803466796875e+01,2.450482368469238281e+01,2.435875892639160156e+01,1.675096511840820312e+01,1.610043334960937500e+01,1.742492294311523438e+01,2.445344352722167969e+01,2.497163391113281250e+01,2.501056671142578125e+01,2.713652801513671875e+01,3.162185478210449219e+01,2.923771476745605469e+01,2.753088378906250000e+01,2.159256744384765625e+01,2.197869110107421875e+01,1.817931556701660156e+01,3.547875881195068359e+00,-1.046328306198120117e+00,4.590704917907714844e+00,3.974044620990753174e-01,-1.252565860748291016e+01,-1.041568660736083984e+01,-5.158058166503906250e+00,-5.508988380432128906e+00,-9.661331176757812500e+00,-1.107402515411376953e+01,-2.208770370483398438e+01,-2.300835800170898438e+01,-2.902655601501464844e+01,-1.841603469848632812e+01,-1.814816665649414062e+01,-8.312479019165039062e+00,-5.188433647155761719e+00,-1.748032951354980469e+01,-2.407827758789062500e+01,-1.985598945617675781e+01,-2.307932090759277344e+01,-2.692187500000000000e+01,-2.689210700988769531e+01,nan,nan,nan,nan,nan,nan,nan,nan,nan,nan,nan,nan,nan,nan,nan,nan,nan,nan,nan,nan,nan,nan,nan,nan,nan,nan,nan,nan,nan,nan,nan,nan,nan,nan,nan,nan,nan,nan,nan,nan,nan
nan,nan,nan,nan,nan,nan,nan,nan,nan,nan,nan,nan,nan,nan,nan,nan,nan,nan,nan,nan,nan,nan,nan,nan,nan,nan,nan,nan,2.766440963745117188e+01,2.535761070251464844e+01,1.356531810760498047e+01,1.759074783325195312e+01,1.576762771606445312e+01,8.717281341552734375e+00,5.037108421325683594e+00,1.029282569885253906e+00,6.227394938468933105e-01,3.681813716888427734e+00,1.496780157089233398e+00,5.334389209747314453e+00,7.219054222106933594e+00,1.104799938201904297e+01,1.323584842681884766e+01,1.406403350830078125e+01,1.563464927673339844e+01,1.695848274230957031e+01,2.016574859619140625e+01,2.437824440002441406e+01,1.702337455749511719e+01,1.719577217102050781e+01,1.760433006286621094e+01,2.379188537597656250e+01,2.167834472656250000e+01,2.480660438537597656e+01,2.855899620056152344e+01,2.987426376342773438e+01,3.187268829345703125e+01,2.394336700439453125e+01,2.089886093139648438e+01,1.812299919128417969e+01,1.371531200408935547e+01,-4.653936386108398438e+00,-1.104792237281799316e+00,-9.886299259960651398e-03,-6.385391950607299805e-01,-9.603766441345214844e+00,-1.120123100280761719e+01,-3.445462703704833984e+00,1.361887335777282715e+00,-3.908826828002929688e+00,4.921484470367431641e+00,-1.254938220977783203e+01,-2.549882507324218750e+01,-2.370032691955566406e+01,-1.758076477050781250e+01,-1.443022632598876953e+01,-1.083695316314697266e+01,-1.626181983947753906e+01,-1.601858520507812500e+01,-1.132206344604492188e+01,-2.054640960693359375e+01,-1.825421142578125000e+01,-2.046010971069335938e+01,-2.798333549499511719e+01,-3.280716323852539062e+01,-2.456466484069824219e+01,nan,nan,nan,nan,nan,nan,nan,nan,nan,nan,nan,nan,nan,nan,nan,nan,nan,nan,nan,nan,nan,nan,nan,nan,nan,nan,nan,nan,nan,nan,nan,nan,nan,nan,nan,nan,nan,nan,nan
nan,nan,nan,nan,nan,nan,nan,nan,nan,nan,nan,nan,nan,nan,nan,nan,nan,nan,nan,nan,nan,nan,nan,nan,nan,nan,nan,2.231139564514160156e+01,2.426722335815429688e+01,1.666510009765625000e+01,8.120153427124023438e+00,1.262285232543945312e+01,9.916868209838867188e+00,7.322720050811767578e+00,6.624069213867187500e+00,-1.860582351684570312e+00,-7.996918559074401855e-01,1.254657506942749023e+00,-1.350298523902893066e+00,1.104296088218688965e+00,3.480720520019531250e+00,4.324895381927490234e+00,7.051455497741699219e+00,6.834474086761474609e+00,1.152127361297607422e+01,1.457813930511474609e+01,1.800370407104492188e+01,1.973232841491699219e+01,1.508329963684082031e+01,1.714205551147460938e+01,1.874550819396972656e+01,2.430917739868164062e+01,2.337165451049804688e+01,2.381751823425292969e+01,2.860243034362792969e+01,3.248701477050781250e+01,3.568064498901367188e+01,3.647371292114257812e+01,3.053915023803710938e+01,3.153990364074707031e+01,2.160545158386230469e+01,5.341516971588134766e+00,5.334411621093750000e+00,-2.582071781158447266e+00,-9.187445640563964844e+00,-2.111210441589355469e+01,-2.017928504943847656e+01,-1.364541053771972656e+01,-9.384904503822326660e-01,-2.912393093109130859e+00,-3.690261125564575195e+00,-1.217567729949951172e+01,-1.408936691284179688e+01,-2.337613677978515625e+01,-1.850809669494628906e+01,-1.786356544494628906e+01,-1.786682510375976562e+01,-1.795195579528808594e+01,-1.168241310119628906e+01,-1.609025382995605469e+01,-1.969590377807617188e+01,-2.187618446350097656e+01,-2.503611946105957031e+01,-2.384955215454101562e+01,-2.672418975830078125e+01,-2.359675407409667969e+01,nan,nan,nan,nan,nan,nan,nan,nan,nan,nan,nan,nan,nan,nan,nan,nan,nan,nan,nan,nan,nan,nan,nan,nan,nan,nan,nan,nan,nan,nan,nan,nan,nan,nan,nan,nan,nan,nan,nan
nan,nan,nan,nan,nan,nan,nan,nan,nan,nan,nan,nan,nan,nan,nan,nan,nan,nan,nan,nan,nan,nan,nan,nan,nan,nan,2.432606315612792969e+01,2.071801757812500000e+01,1.894981384277343750e+01,1.674540710449218750e+01,1.213918972015380859e+01,8.844666481018066406e+00,8.421252250671386719e+00,6.691470623016357422e+00,6.312649726867675781e+00,-1.467286944389343262e+00,-1.800518512725830078e+00,-3.428116798400878906e+00,-3.017642974853515625e+00,-6.536880731582641602e-01,9.748492836952209473e-01,3.724374055862426758e+00,6.021227836608886719e+00,6.429349899291992188e+00,7.334283351898193359e+00,1.140587043762207031e+01,1.256779956817626953e+01,1.401076889038085938e+01,1.454644298553466797e+01,1.773113632202148438e+01,2.030743408203125000e+01,2.234510040283203125e+01,2.300573348999023438e+01,2.309474372863769531e+01,2.427158927917480469e+01,2.805778884887695312e+01,3.724285125732421875e+01,3.639477920532226562e+01,3.912653350830078125e+01,2.823417091369628906e+01,2.515436935424804688e+01,1.935791015625000000e+01,6.753269195556640625e+00,-2.568119764328002930e+00,-8.632614135742187500e+00,-1.868528747558593750e+01,-2.012462997436523438e+01,-1.519154548645019531e+01,4.608872890472412109e+00,-1.501700654625892639e-02,-9.808756828308105469e+00,-1.116986274719238281e+01,-1.288678836822509766e+01,-2.131497383117675781e+01,-2.042900085449218750e+01,-1.842869758605957031e+01,-1.787568664550781250e+01,-1.724897384643554688e+01,-1.423322200775146484e+01,-1.978544616699218750e+01,-2.105444526672363281e+01,-2.733233833312988281e+01,-2.933697700500488281e+01,-2.275061988830566406e+01,-1.915484809875488281e+01,-2.354934883117675781e+01,nan,nan,nan,nan,nan,nan,nan,nan,nan,nan,nan,nan,nan,nan,nan,nan,nan,nan,nan,nan,nan,nan,nan,nan,nan,nan,nan,nan,nan,nan,nan,nan,nan,nan,nan,nan,nan,nan,nan
nan,nan,nan,nan,nan,nan,nan,nan,nan,nan,nan,nan,nan,nan,nan,nan,nan,nan,nan,nan,nan,nan,nan,nan,nan,1.580165100097656250e+01,1.452674579620361328e+01,1.496045398712158203e+01,1.887317466735839844e+01,1.578512859344482422e+01,1.113863372802734375e+01,7.643281459808349609e+00,8.180323600769042969e+00,5.925695896148681641e+00,3.793781518936157227e+00,-4.198417186737060547e+00,-4.790678977966308594e+00,-8.520212173461914062e+00,-5.473837852478027344e+00,-2.090872287750244141e+00,-2.308675646781921387e-01,9.226500391960144043e-01,3.878164529800415039e+00,6.266469478607177734e+00,7.089763164520263672e+00,1.057557296752929688e+01,9.125658035278320312e+00,1.702144050598144531e+01,1.473749828338623047e+01,1.862706756591796875e+01,2.082476615905761719e+01,2.283423614501953125e+01,2.418406867980957031e+01,2.538541603088378906e+01,3.084371566772460938e+01,3.351942062377929688e+01,3.922463989257812500e+01,3.785707855224609375e+01,3.835913085937500000e+01,2.974606323242187500e+01,8.244745635986328125e+01,7.184886932373046875e+01,1.742585372924804688e+01,1.174462699890136719e+01,6.896785259246826172e+00,-1.592764377593994141e+01,-7.510889053344726562e+00,1.786190509796142578e+00,6.505553722381591797e+00,-2.403494119644165039e+00,-8.081772804260253906e+00,-4.397160530090332031e+00,-1.049155044555664062e+01,-1.923709678649902344e+01,-1.706637382507324219e+01,-1.917030334472656250e+01,-2.063468170166015625e+01,-1.595954895019531250e+01,-1.393195724487304688e+01,-2.839291572570800781e+01,-2.442115402221679688e+01,-2.500978660583496094e+01,-3.607024765014648438e+01,-2.919087600708007812e+01,-2.544265174865722656e+01,-2.086411094665527344e+01,-2.118812751770019531e+01,-1.483331584930419922e+01,-1.700036621093750000e+01,nan,nan,nan,nan,nan,nan,nan,nan,nan,nan,nan,nan,nan,nan,nan,nan,nan,nan,nan,nan,nan,nan,nan,nan,nan,nan,nan,nan,nan,nan,nan,nan,nan,nan,nan,nan
nan,nan,nan,nan,nan,nan,nan,nan,nan,nan,nan,nan,nan,nan,nan,nan,nan,nan,nan,nan,nan,nan,nan,nan,nan,nan,8.841434478759765625e+00,1.439869880676269531e+01,1.752147865295410156e+01,1.085224342346191406e+01,7.579392433166503906e+00,6.343555927276611328e+00,6.949409008026123047e+00,2.085917949676513672e+00,-3.021629571914672852e+00,-5.903666973114013672e+00,-7.213688850402832031e+00,-7.307782649993896484e+00,-7.323418140411376953e+00,-6.779344081878662109e+00,-5.473941802978515625e+00,-1.360129952430725098e+00,-9.183971583843231201e-02,4.928230285644531250e+00,6.437098979949951172e+00,8.603876113891601562e+00,1.305106258392333984e+01,1.888573646545410156e+01,2.073845863342285156e+01,1.896521568298339844e+01,2.142392921447753906e+01,2.466314697265625000e+01,2.643224906921386719e+01,2.800798034667968750e+01,2.851534461975097656e+01,2.802600479125976562e+01,2.990084075927734375e+01,2.993449592590332031e+01,3.361201858520507812e+01,3.963924789428710938e+01,5.446057891845703125e+01,7.331404876708984375e+01,1.946987915039062500e+01,1.397749423980712891e+01,2.407187843322753906e+01,2.215265846252441406e+01,-8.168032169342041016e-01,-2.049697399139404297e+00,-2.965774774551391602e+00,-1.242443943023681641e+01,-1.172255325317382812e+01,-1.102252578735351562e+01,-1.277533721923828125e+01,-1.856624603271484375e+01,-1.966665077209472656e+01,-1.825189399719238281e+01,-2.018329620361328125e+01,-8.057272911071777344e+00,-1.029863929748535156e+01,-1.142630577087402344e+01,-2.565763473510742188e+01,-2.860573768615722656e+01,-2.754645156860351562e+01,-2.431515312194824219e+01,-3.042334938049316406e+01,-2.489570808410644531e+01,-6.296818733215332031e+00,-1.051228141784667969e+01,-2.145406913757324219e+01,nan,nan,nan,nan,nan,nan,nan,nan,nan,nan,nan,nan,nan,nan,nan,nan,nan,nan,nan,nan,nan,nan,nan,nan,nan,nan,nan,nan,nan,nan,nan,nan,nan,nan,nan,nan
nan,nan,nan,nan,nan,nan,nan,nan,nan,nan,nan,nan,nan,nan,nan,nan,nan,nan,nan,nan,nan,nan,nan,nan,nan,1.252501392364501953e+01,8.190476417541503906e+00,1.516428756713867188e+01,1.844416236877441406e+01,9.660068511962890625e+00,7.032841682434082031e+00,5.252771377563476562e+00,3.317795753479003906e+00,-3.490924119949340820e+00,-6.197474956512451172e+00,-7.657413959503173828e+00,-9.038378715515136719e+00,-9.196271896362304688e+00,-8.508051872253417969e+00,-7.380118370056152344e+00,-7.703262805938720703e+00,-3.050646543502807617e+00,1.737481713294982910e+00,9.865374565124511719e-01,4.016138076782226562e+00,1.160099411010742188e+01,1.142851352691650391e+01,1.404588413238525391e+01,1.833142471313476562e+01,1.885221099853515625e+01,2.288381576538085938e+01,2.483301734924316406e+01,2.947176551818847656e+01,2.907905769348144531e+01,2.841251754760742188e+01,3.089072799682617188e+01,2.829535484313964844e+01,2.679143524169921875e+01,2.807880401611328125e+01,3.495740127563476562e+01,4.476959609985351562e+01,5.010749816894531250e+01,2.120730209350585938e+01,1.617806816101074219e+01,2.220789146423339844e+01,2.215140533447265625e+01,4.813160002231597900e-01,-1.075441360473632812e+00,-6.682593345642089844e+00,-1.598800754547119141e+01,-8.904802322387695312e+00,-8.884477615356445312e+00,-1.073887443542480469e+01,-1.738113975524902344e+01,-1.551628684997558594e+01,-7.947992324829101562e+00,-1.210837078094482422e+01,-1.131181716918945312e+01,-1.109227466583251953e+01,-1.862436866760253906e+01,-2.020041847229003906e+01,-3.087162208557128906e+01,-2.849148368835449219e+01,-1.722813606262207031e+01,-1.939086914062500000e+01,-1.890999984741210938e+01,-1.276107120513916016e+01,-1.252756977081298828e+01,-2.285376167297363281e+01,-1.437323093414306641e+01,-1.633559417724609375e+01,nan,-1.674257659912109375e+01,nan,nan,nan,nan,nan,nan,nan,nan,nan,nan,nan,nan,nan,nan,nan,nan,nan,nan,nan,nan,nan,nan,nan,nan,nan,nan,nan,nan,nan,nan,nan,nan
nan,nan,nan,nan,nan,nan,nan,nan,nan,nan,nan,nan,nan,nan,nan,nan,nan,nan,nan,nan,nan,nan,nan,nan,nan,1.106317710876464844e+01,4.799295902252197266e+00,8.541416168212890625e+00,1.654712867736816406e+01,8.805164337158203125e+00,5.773034572601318359e+00,2.285009622573852539e+00,-1.473712682723999023e+00,-3.624831438064575195e+00,-8.415039062500000000e+00,-1.010408401489257812e+01,-9.906463623046875000e+00,-1.010134410858154297e+01,-9.802067756652832031e+00,-8.387227058410644531e+00,-7.625247478485107422e+00,-7.402985572814941406e+00,-5.281022548675537109e+00,-5.479950904846191406e-01,1.220614910125732422e+00,8.218541145324707031e+00,1.205102920532226562e+01,1.081822490692138672e+01,1.518854045867919922e+01,1.794660949707031250e+01,2.148390769958496094e+01,2.287552452087402344e+01,2.709090995788574219e+01,2.797149848937988281e+01,2.852734565734863281e+01,2.811020469665527344e+01,3.477260589599609375e+01,2.157036399841308594e+01,2.494499588012695312e+01,3.075641822814941406e+01,2.819394111633300781e+01,2.483359336853027344e+01,2.203627967834472656e+01,1.993806648254394531e+01,1.344527816772460938e+01,1.315607166290283203e+01,2.131407260894775391e+00,-6.519518375396728516e+00,-2.356313467025756836e+00,-8.760982513427734375e+00,-6.346097469329833984e+00,-5.540474653244018555e-01,7.364621162414550781e+00,-6.543534755706787109e+00,4.073038101196289062e+00,5.306342124938964844e+00,-9.219099998474121094e+00,-1.390074729919433594e+01,-1.249879646301269531e+01,-1.542214298248291016e+01,-1.976393318176269531e+01,-2.188618659973144531e+01,-1.813203048706054688e+01,-1.828599357604980469e+01,-9.929785728454589844e+00,-6.660604000091552734e+00,-1.444733333587646484e+01,-1.255900192260742188e+01,-1.278456211090087891e+01,-1.629693031311035156e+01,-1.456676578521728516e+01,-1.525917148590087891e+01,-1.374297046661376953e+01,nan,nan,nan,nan,nan,nan,nan,nan,nan,nan,nan,nan,nan,nan,nan,nan,nan,nan,nan,nan,nan,nan,nan,nan,nan,nan,nan,nan,nan,nan,nan,nan
nan,nan,nan,nan,nan,nan,nan,nan,nan,nan,nan,nan,nan,nan,nan,nan,nan,nan,nan,nan,nan,nan,nan,nan,nan,1.016065311431884766e+01,nan,4.916114807128906250e+00,1.523718070983886719e+01,9.273585319519042969e+00,5.364069461822509766e+00,2.771273851394653320e-01,-4.969542026519775391e+00,-6.342723369598388672e+00,-8.714583396911621094e+00,-9.646111488342285156e+00,-1.280779266357421875e+01,-1.031225013732910156e+01,-9.228794097900390625e+00,-9.328023910522460938e+00,-8.768180847167968750e+00,-8.048743247985839844e+00,-6.514781475067138672e+00,-2.565298318862915039e+00,3.364485263824462891e+00,1.222616004943847656e+01,1.385644626617431641e+01,1.100148010253906250e+01,1.199756050109863281e+01,1.730949401855468750e+01,2.097737693786621094e+01,2.163319396972656250e+01,2.454118728637695312e+01,2.618135643005371094e+01,2.565657615661621094e+01,3.102554321289062500e+01,3.434940338134765625e+01,2.159355735778808594e+01,1.472323894500732422e+01,1.606336021423339844e+01,1.199304389953613281e+01,1.565950965881347656e+01,2.505590248107910156e+01,1.399660396575927734e+01,1.404038810729980469e+01,9.882842063903808594e+00,3.279268980026245117e+00,-7.421177029609680176e-01,-4.290026664733886719e+00,5.384167194366455078e+00,2.400966405868530273e+00,6.508264064788818359e+00,1.346335029602050781e+01,1.910067176818847656e+01,-6.280027866363525391e+00,6.009899139404296875e+00,-6.219340324401855469e+00,-1.388803386688232422e+01,-1.229199123382568359e+01,-1.028070831298828125e+01,-1.859865760803222656e+01,-1.739190864562988281e+01,-3.035458803176879883e+00,-1.291429615020751953e+01,-1.736061859130859375e+01,-1.788284301757812500e+01,-1.175063228607177734e+01,-1.531956005096435547e+01,-2.093823623657226562e+01,-3.103762054443359375e+01,-8.446819305419921875e+00,-4.528135776519775391e+00,-9.735699653625488281e+00,nan,nan,nan,nan,nan,nan,nan,nan,nan,nan,nan,nan,nan,nan,nan,nan,nan,nan,nan,nan,nan,nan,nan,nan,nan,nan,nan,nan,nan,nan,nan,nan
nan,nan,nan,nan,nan,nan,nan,nan,nan,nan,nan,nan,nan,nan,nan,nan,nan,nan,nan,nan,nan,nan,nan,nan,9.961753845214843750e+00,nan,nan,6.609753608703613281e+00,1.044240093231201172e+01,1.071423339843750000e+01,4.638524055480957031e+00,-3.004198789596557617e+00,-6.778504371643066406e+00,-7.989288806915283203e+00,-9.029152870178222656e+00,-9.348970413208007812e+00,-1.165733051300048828e+01,-9.591615676879882812e+00,-1.100404548645019531e+01,-8.811870574951171875e+00,-7.841042995452880859e+00,-8.720637321472167969e+00,-7.186732769012451172e+00,-1.633813023567199707e+00,8.741984963417053223e-01,1.033221149444580078e+01,1.402930355072021484e+01,1.387039089202880859e+01,1.108601951599121094e+01,1.636415481567382812e+01,2.046186065673828125e+01,2.447353172302246094e+01,2.474153709411621094e+01,2.328770828247070312e+01,2.197285842895507812e+01,2.539025878906250000e+01,2.781862831115722656e+01,1.018154811859130859e+01,3.907560348510742188e+00,2.210457086563110352e+00,7.717916488647460938e+00,nan,nan,1.616959190368652344e+01,1.377403855323791504e+00,-5.458809391711838543e-05,-3.700086116790771484e+00,-9.846172332763671875e+00,8.092337250709533691e-01,9.140631675720214844e+00,-2.706023568131601768e-15,1.253936141729354858e-01,1.234959030151367188e+01,1.801666641235351562e+01,-4.933357238769531250e+00,-6.582827568054199219e+00,-3.864808559417724609e+00,-1.368878364562988281e+01,-1.138849067687988281e+01,-1.492252349853515625e+01,-1.356760787963867188e+01,-1.824528503417968750e+01,-1.621072578430175781e+01,-1.680505943298339844e+01,-2.314984512329101562e+01,-1.857765960693359375e+01,-1.485047435760498047e+01,-1.382956314086914062e+01,-3.809967041015625000e+01,-3.663158798217773438e+01,-1.507820701599121094e+01,-8.428215026855468750e+00,-5.419304847717285156e+00,nan,nan,nan,nan,nan,nan,nan,nan,nan,nan,nan,nan,nan,nan,nan,nan,nan,nan,nan,nan,nan,nan,nan,nan,nan,nan,nan,nan,nan,nan,nan,nan
nan,nan,nan,nan,nan,nan,nan,nan,nan,nan,nan,nan,nan,nan,nan,nan,nan,nan,nan,nan,nan,nan,nan,nan,-4.965475091012194753e-05,-3.185635432600975037e-04,1.364242267608642578e+01,7.416497707366943359e+00,9.388568878173828125e+00,9.033885002136230469e+00,7.977535247802734375e+00,-4.577704906463623047e+00,-7.359422683715820312e+00,-8.389534950256347656e+00,-9.092910766601562500e+00,-1.053028583526611328e+01,-1.184384727478027344e+01,-8.440541267395019531e+00,-1.156508827209472656e+01,-9.027386665344238281e+00,-6.680887222290039062e+00,-5.758531570434570312e+00,-2.773207902908325195e+00,2.993122935295104980e-01,2.365467786788940430e+00,6.546746730804443359e+00,1.387866783142089844e+01,1.548630142211914062e+01,1.626378250122070312e+01,1.815694618225097656e+01,2.452518272399902344e+01,2.803236961364746094e+01,2.645553588867187500e+01,2.287547874450683594e+01,1.661848449707031250e+01,1.836755943298339844e+01,nan,1.353296566009521484e+01,3.132050991058349609e+00,3.069107770919799805e+00,1.737688827514648438e+01,nan,nan,nan,nan,6.065048694610595703e+00,nan,1.643503189086914062e+00,nan,7.854698300361633301e-01,nan,nan,nan,-1.706361532211303711e+00,-3.652894973754882812e+00,-5.548086166381835938e+00,-2.117412185668945312e+01,-1.923699951171875000e+01,-1.038701915740966797e+01,-1.068701171875000000e+01,-6.186137676239013672e+00,-8.048263549804687500e+00,-1.218659687042236328e+01,-1.332626724243164062e+01,-2.018604469299316406e+01,-1.694694328308105469e+01,-1.540333175659179688e+01,-1.466704845428466797e+01,-1.389845275878906250e+01,-1.212077331542968750e+01,-1.529145050048828125e+01,-1.543276023864746094e+01,-1.581678390502929688e+01,2.199527978897094727e+00,5.847119331359863281e+00,nan,nan,nan,nan,nan,nan,nan,nan,nan,nan,nan,nan,nan,nan,nan,nan,nan,nan,nan,nan,nan,nan,nan,nan,nan,nan,nan,nan,nan,nan
nan,nan,nan,nan,nan,nan,nan,nan,nan,nan,nan,nan,nan,nan,nan,nan,nan,nan,nan,nan,nan,nan,nan,1.082961273193359375e+01,4.600072383880615234e+00,1.622661018371582031e+01,9.444248199462890625e+00,8.344329833984375000e+00,7.742222309112548828e+00,9.037221908569335938e+00,5.689923286437988281e+00,-2.211530208587646484e+00,-7.758552551269531250e+00,-7.893560409545898438e+00,-7.498219490051269531e+00,-7.290239334106445312e+00,-8.562865257263183594e+00,-6.653928279876708984e+00,-7.377240657806396484e+00,-7.985697746276855469e+00,-5.395675182342529297e+00,-4.061964988708496094e+00,-1.956274509429931641e+00,9.723312854766845703e-01,2.719455242156982422e+00,1.166216564178466797e+01,1.381539344787597656e+01,1.521483230590820312e+01,1.553308296203613281e+01,1.751321601867675781e+01,2.367218971252441406e+01,2.351862525939941406e+01,2.406907081604003906e+01,2.279495048522949219e+01,1.710845947265625000e+01,1.315272331237792969e+00,5.301898956298828125e+00,1.568041133880615234e+01,nan,nan,nan,nan,nan,nan,nan,nan,nan,nan,nan,nan,nan,nan,nan,nan,-6.921707153320312500e+00,-6.911595821380615234e+00,-1.800330162048339844e+01,-8.243301391601562500e+00,-9.191060066223144531e+00,-9.289289474487304688e+00,-2.899760961532592773e+00,-1.119986820220947266e+01,-1.495543575286865234e+01,-6.347078323364257812e+00,-1.079859447479248047e+01,-1.298616981506347656e+01,-7.323219776153564453e+00,-5.735100936889648438e+01,-5.624685668945312500e+01,-9.028025627136230469e+00,-6.521548271179199219e+00,-4.007099151611328125e+00,1.096585559844970703e+01,1.862676048278808594e+01,1.957596969604492188e+01,3.850055634975433350e-01,nan,nan,nan,nan,nan,nan,nan,nan,nan,nan,nan,nan,nan,nan,nan,nan,nan,nan,nan,nan,nan,nan,nan,nan,nan,nan,nan,nan,nan
nan,nan,nan,nan,nan,nan,nan,nan,nan,nan,nan,nan,nan,nan,nan,nan,nan,nan,nan,nan,nan,nan,nan,2.133631134033203125e+01,1.645330047607421875e+01,1.770725250244140625e+01,8.653097152709960938e+00,6.935708999633789062e+00,5.240072250366210938e+00,3.854346275329589844e+00,2.144831895828247070e+00,-3.942104816436767578e+00,-7.019950389862060547e+00,-7.481171607971191406e+00,-5.831769943237304688e+00,-6.995978355407714844e+00,-7.410457134246826172e+00,-5.889417171478271484e+00,-4.062767028808593750e+00,-3.138671875000000000e+00,-2.965062856674194336e+00,-3.413530349731445312e+00,-5.359344482421875000e-01,2.582376956939697266e+00,5.357713699340820312e+00,1.090296173095703125e+01,1.134517574310302734e+01,9.447869300842285156e+00,1.177431869506835938e+01,1.346219348907470703e+01,1.940483283996582031e+01,2.182966423034667969e+01,2.013273239135742188e+01,1.649400520324707031e+01,9.300723075866699219e+00,4.281433582305908203e+00,nan,nan,nan,nan,nan,nan,nan,nan,nan,nan,nan,nan,nan,nan,nan,nan,nan,nan,nan,-5.410305500030517578e+00,7.902553677558898926e-01,-4.949277400970458984e+00,-8.115651130676269531e+00,-6.172003269195556641e+00,-2.924615383148193359e+00,-4.570707321166992188e+00,-8.944461822509765625e+00,-1.441214561462402344e+00,1.287118077278137207e+00,6.419370174407958984e+00,8.834180831909179688e+00,-2.813485717773437500e+01,-6.079442214965820312e+01,-4.218054199218750000e+01,1.960863876342773438e+01,8.682298660278320312e+00,2.090734291076660156e+01,2.085800743103027344e+01,3.020278167724609375e+01,6.859322071075439453e+00,2.407117605209350586e+00,nan,nan,nan,nan,nan,nan,nan,nan,nan,nan,nan,nan,nan,nan,nan,nan,nan,nan,nan,nan,nan,nan,nan,nan,nan,nan,nan,nan
nan,nan,nan,nan,nan,nan,nan,nan,nan,nan,nan,nan,nan,nan,nan,nan,nan,nan,nan,nan,nan,nan,nan,1.168398475646972656e+01,1.762007904052734375e+01,1.721656417846679688e+01,7.717003822326660156e+00,6.707929134368896484e+00,4.835760593414306641e+00,3.751356363296508789e+00,6.246366500854492188e+00,-3.277785778045654297e+00,-6.713122844696044922e+00,-6.712477684020996094e+00,-5.722320556640625000e+00,-6.287784576416015625e+00,-5.659691333770751953e+00,-4.685567378997802734e+00,-4.442038059234619141e+00,-2.301443815231323242e+00,-3.876435041427612305e+00,-8.023701906204223633e-01,-1.562169790267944336e+00,1.514900684356689453e+00,2.976729631423950195e+00,6.494216442108154297e+00,7.590916156768798828e+00,8.047371864318847656e+00,1.250933837890625000e+01,1.015515136718750000e+01,1.119764614105224609e+01,1.644791030883789062e+01,1.509182071685791016e+01,8.084716796875000000e+00,5.913492679595947266e+00,1.330871486663818359e+01,nan,nan,nan,nan,nan,nan,nan,nan,nan,nan,nan,nan,nan,nan,nan,nan,nan,nan,nan,nan,nan,-7.205647468566894531e+00,-4.670094490051269531e+00,1.678467690944671631e-01,-2.289123773574829102e+00,1.327967524528503418e+00,4.160168468952178955e-01,1.618612110614776611e-01,8.554297685623168945e-01,4.368277788162231445e-01,1.160633468627929688e+01,1.446588611602783203e+01,-5.489404201507568359e+00,3.607456207275390625e+00,1.510161781311035156e+01,1.497249698638916016e+01,2.073708152770996094e+01,2.279088592529296875e+01,nan,7.410786151885986328e+00,1.228681564331054688e+01,nan,nan,nan,nan,nan,nan,nan,nan,nan,nan,nan,nan,nan,nan,nan,nan,nan,nan,nan,nan,nan,nan,nan,nan,nan,nan,nan,nan
nan,nan,nan,nan,nan,nan,nan,nan,nan,nan,nan,nan,nan,nan,nan,nan,nan,nan,nan,nan,nan,nan,nan,nan,1.819131851196289062e+01,1.336192035675048828e+01,7.907747745513916016e+00,7.106344699859619141e+00,5.485912322998046875e+00,3.629786252975463867e+00,4.140663623809814453e+00,-2.956941366195678711e+00,-3.857067108154296875e+00,-4.942961215972900391e+00,-2.422336101531982422e+00,-4.353656768798828125e+00,-4.428326129913330078e+00,-4.164535522460937500e+00,-4.030273914337158203e+00,-8.056668639183044434e-01,-1.990402221679687500e+00,2.088563144207000732e-01,5.870307445526123047e+00,1.368407458066940308e-01,2.449914455413818359e+00,2.875327348709106445e+00,5.932686805725097656e+00,5.942803382873535156e+00,9.179512977600097656e+00,8.413641929626464844e+00,8.309089660644531250e+00,7.975624561309814453e+00,9.811018943786621094e+00,6.520912051200866699e-01,1.162694740295410156e+01,nan,nan,nan,nan,nan,nan,nan,nan,nan,nan,nan,nan,nan,nan,nan,nan,nan,nan,nan,nan,nan,nan,nan,nan,nan,nan,nan,nan,nan,1.665902495384216309e+00,-1.644970417022705078e+00,-1.069671630859375000e+01,-3.928580284118652344e+00,-2.547278642654418945e+00,2.916475772857666016e+00,7.795868396759033203e+00,3.219132184982299805e+00,1.416767120361328125e+01,1.567586898803710938e+00,-1.251953601837158203e+01,-5.566362380981445312e+00,-8.246349334716796875e+00,nan,nan,nan,nan,nan,nan,nan,nan,nan,nan,nan,nan,nan,nan,nan,nan,nan,nan,nan,nan,nan,nan,nan,nan,nan,nan,nan,nan
nan,nan,nan,nan,nan,nan,nan,nan,nan,nan,nan,nan,nan,nan,nan,nan,nan,nan,nan,nan,nan,nan,nan,nan,1.100853061676025391e+01,1.421515178680419922e+01,1.014604091644287109e+01,7.402648448944091797e+00,6.451463222503662109e+00,2.906181097030639648e+00,1.921518683433532715e+00,-3.382205069065093994e-01,-3.207064151763916016e+00,-4.258240699768066406e+00,-3.359201431274414062e+00,-4.280071735382080078e+00,-4.249343872070312500e+00,-2.987644672393798828e+00,-6.796193122863769531e-01,1.640525460243225098e+00,1.248189926147460938e+00,7.431048393249511719e+00,4.827279090881347656e+00,5.002148628234863281e+00,4.182209014892578125e+00,4.541622638702392578e+00,5.478827476501464844e+00,5.938842773437500000e+00,8.114496231079101562e+00,7.946650981903076172e+00,4.120259761810302734e+00,2.511081218719482422e+00,8.858618736267089844e+00,9.060029029846191406e+00,nan,nan,nan,nan,nan,nan,nan,nan,nan,nan,nan,nan,nan,nan,nan,nan,nan,nan,nan,nan,nan,nan,nan,nan,nan,nan,nan,nan,nan,nan,nan,-3.588354587554931641e-01,4.852533165831118822e-04,2.942191839218139648e+00,9.277384757995605469e+00,1.023193359375000000e+01,9.054904937744140625e+00,-1.717887520790100098e+00,-4.183449268341064453e+00,9.489292144775390625e+00,-2.185756683349609375e+01,-3.122155380249023438e+01,-1.670533370971679688e+01,1.014089202880859375e+01,nan,nan,nan,nan,nan,nan,nan,nan,nan,nan,nan,nan,nan,nan,nan,nan,nan,nan,nan,nan,nan,nan,nan,nan,nan,nan,nan
nan,nan,nan,nan,nan,nan,nan,nan,nan,nan,nan,nan,nan,nan,nan,nan,nan,nan,nan,nan,nan,nan,nan,1.151508045196533203e+01,1.245144462585449219e+01,1.470720481872558594e+01,1.227752017974853516e+01,8.165558815002441406e+00,6.461714267730712891e+00,3.235202312469482422e+00,3.326177358627319336e+00,2.276389598846435547e+00,-1.310120224952697754e+00,-2.349207401275634766e+00,-3.215633153915405273e+00,-2.682528018951416016e+00,-2.606488466262817383e+00,-3.223562717437744141e+00,2.979387521743774414e+00,2.417466163635253906e+00,2.041545629501342773e+00,4.776702880859375000e+00,8.568444252014160156e+00,9.828494071960449219e+00,3.669215202331542969e+00,5.612635135650634766e+00,4.785771846771240234e+00,3.031536102294921875e+00,5.832269668579101562e+00,7.354794979095458984e+00,2.473199844360351562e+00,2.336587190628051758e+00,6.540796756744384766e+00,nan,nan,nan,nan,nan,nan,nan,nan,nan,nan,nan,nan,nan,nan,nan,nan,nan,nan,nan,nan,nan,nan,nan,nan,nan,nan,nan,nan,nan,nan,nan,nan,-4.020083248615264893e-01,-9.271690942114219069e-05,4.189324855804443359e+00,2.674869775772094727e+00,1.956432223320007324e+00,2.137804031372070312e-02,2.164596132934093475e-02,1.364277768880128860e-02,-1.676492214202880859e+00,-1.117066740989685059e+00,-3.774325942993164062e+01,-3.237987136840820312e+01,nan,2.538500022888183594e+01,nan,nan,nan,nan,nan,nan,nan,nan,nan,nan,nan,nan,nan,nan,nan,nan,nan,nan,nan,nan,nan,nan,nan,nan,nan,nan
nan,nan,nan,nan,nan,nan,nan,nan,nan,nan,nan,nan,nan,nan,nan,nan,nan,nan,nan,nan,nan,nan,nan,1.033681869506835938e+01,7.839847087860107422e+00,1.251996898651123047e+01,1.293644809722900391e+01,9.018545150756835938e+00,5.458932876586914062e+00,3.329963445663452148e+00,4.160755634307861328e+00,2.606897830963134766e+00,-5.961695909500122070e-01,-2.211020946502685547e+00,-2.668012619018554688e+00,-2.409166336059570312e+00,-2.398928403854370117e+00,-3.688359022140502930e+00,7.054880261421203613e-01,1.706417918205261230e+00,1.266552686691284180e+00,3.493417501449584961e+00,7.825944423675537109e+00,8.511200904846191406e+00,2.604861259460449219e+00,3.825946807861328125e+00,4.500665187835693359e+00,4.721611499786376953e+00,4.226414203643798828e+00,3.230164527893066406e+00,2.842127561569213867e+00,7.061582207679748535e-01,nan,nan,nan,nan,nan,nan,nan,nan,nan,nan,nan,nan,nan,nan,nan,nan,nan,nan,nan,nan,nan,nan,nan,nan,nan,nan,nan,nan,nan,nan,nan,nan,nan,nan,nan,nan,nan,4.338533401489257812e+00,3.931601285934448242e+00,7.272589573403820395e-05,-2.262148618698120117e+00,-4.820208072662353516e+00,-3.617180824279785156e+00,-4.390459442138671875e+01,1.422330665588378906e+01,2.476161956787109375e+01,3.396728897094726562e+01,7.120315551757812500e+01,nan,nan,nan,nan,nan,nan,nan,nan,nan,nan,nan,nan,nan,nan,nan,nan,nan,nan,nan,nan,nan,nan,nan,nan,nan
nan,nan,nan,nan,nan,nan,nan,nan,nan,nan,nan,nan,nan,nan,nan,nan,nan,nan,nan,nan,nan,nan,1.007100772857666016e+01,nan,nan,1.065863800048828125e+01,9.891798019409179688e+00,7.566352367401123047e+00,4.983883857727050781e+00,3.473937749862670898e+00,3.909119367599487305e+00,2.016843080520629883e+00,-1.463204741477966309e+00,-3.781256973743438721e-01,-9.492521882057189941e-01,-1.337380290031433105e+00,-3.059097051620483398e+00,-3.215801477432250977e+00,-1.776078581809997559e+00,-1.979660987854003906e+00,2.610861778259277344e+00,9.362545013427734375e-01,4.309307098388671875e+00,4.394285678863525391e-01,2.856130838394165039e+00,5.416224479675292969e+00,4.716694831848144531e+00,4.332900524139404297e+00,3.827112436294555664e+00,1.135795712471008301e-01,7.503224015235900879e-01,2.482223272323608398e+00,nan,nan,nan,nan,nan,nan,nan,nan,nan,nan,nan,nan,nan,nan,nan,nan,nan,nan,nan,nan,nan,nan,nan,nan,nan,nan,nan,nan,nan,nan,nan,nan,nan,nan,nan,nan,nan,nan,nan,nan,nan,nan,-5.568364620208740234e+00,6.841396331787109375e+00,2.093685340881347656e+01,3.260300445556640625e+01,7.344639587402343750e+01,7.643705749511718750e+01,7.441954803466796875e+01,6.165663528442382812e+01,nan,nan,nan,nan,nan,nan,nan,nan,nan,nan,nan,nan,nan,nan,nan,nan,nan,nan,nan,nan,nan,nan,nan
nan,nan,nan,nan,nan,nan,nan,nan,nan,nan,nan,nan,nan,nan,nan,nan,nan,nan,nan,nan,nan,nan,nan,nan,nan,5.429586887359619141e+00,1.212489509582519531e+01,8.002273559570312500e+00,5.631386280059814453e+00,4.391023635864257812e+00,3.049990892410278320e+00,2.133846998214721680e+00,2.655030786991119385e-01,9.236270189285278320e-01,1.683245062828063965e+00,2.348741590976715088e-01,3.871824502944946289e+00,3.006439685821533203e+00,6.079162955284118652e-01,2.237124592065811157e-01,4.585641860961914062e+00,4.440871715545654297e+00,4.042102336883544922e+00,4.609027385711669922e+00,5.041302204132080078e+00,3.901501655578613281e+00,3.167590856552124023e+00,1.240236163139343262e+00,2.681700468063354492e+00,-1.003807187080383301e+00,-2.493569254875183105e-01,1.953748583793640137e+00,nan,nan,nan,nan,nan,nan,nan,nan,nan,nan,nan,nan,nan,nan,nan,nan,nan,nan,nan,nan,nan,nan,nan,nan,nan,nan,nan,nan,nan,nan,nan,nan,nan,nan,nan,nan,nan,nan,nan,nan,nan,nan,nan,nan,2.881578826904296875e+01,3.891907882690429688e+01,4.861631774902343750e+01,7.549818420410156250e+01,7.498583984375000000e+01,6.653789520263671875e+01,5.806592559814453125e+01,nan,nan,nan,nan,nan,nan,nan,nan,nan,nan,nan,nan,nan,nan,nan,nan,nan,nan,nan,nan,nan,nan
nan,nan,nan,nan,nan,nan,nan,nan,nan,nan,nan,nan,nan,nan,nan,nan,nan,nan,nan,nan,nan,nan,nan,nan,nan,2.429517507553100586e+00,8.951186180114746094e+00,6.240787506103515625e+00,3.481137990951538086e+00,3.779246330261230469e+00,2.497823238372802734e+00,2.334475278854370117e+00,2.223554849624633789e+00,3.872308731079101562e+00,3.573112726211547852e+00,4.345765590667724609e+00,4.563224315643310547e+00,4.205250740051269531e+00,3.387634992599487305e+00,3.168344736099243164e+00,4.334314346313476562e+00,3.157751798629760742e+00,2.227093458175659180e+00,6.211581707000732422e+00,6.803336143493652344e+00,4.147629737854003906e+00,1.753714919090270996e+00,1.292032361030578613e+00,1.227704882621765137e+00,-4.144438266754150391e+00,nan,nan,nan,nan,nan,nan,nan,nan,nan,nan,nan,nan,nan,nan,nan,nan,nan,nan,nan,nan,nan,nan,nan,nan,nan,nan,nan,nan,nan,nan,nan,nan,nan,nan,nan,nan,nan,nan,nan,nan,nan,nan,nan,nan,nan,nan,nan,4.269289779663085938e+01,2.528039932250976562e+01,4.920832061767578125e+01,7.157242584228515625e+01,6.661658477783203125e+01,6.130058670043945312e+01,5.711337661743164062e+01,nan,nan,nan,nan,nan,nan,nan,nan,nan,nan,nan,nan,nan,nan,nan,nan,nan,nan,nan,nan,nan
nan,nan,nan,nan,nan,nan,nan,nan,nan,nan,nan,nan,nan,nan,nan,nan,nan,nan,nan,nan,nan,nan,nan,nan,nan,1.893555998802185059e+00,5.028111457824707031e+00,4.670943737030029297e+00,2.739713907241821289e+00,2.264132261276245117e+00,-2.093362957239151001e-01,2.193255424499511719e+00,3.441424369812011719e-01,3.141184329986572266e+00,4.328260898590087891e+00,4.563795089721679688e+00,2.069219589233398438e+00,2.605208158493041992e+00,3.733091592788696289e+00,4.294358253479003906e+00,5.770825862884521484e+00,7.760766983032226562e+00,6.306669235229492188e+00,8.533329963684082031e+00,7.359426021575927734e+00,3.401072740554809570e+00,1.017502903938293457e+00,1.579205751419067383e+00,6.562176346778869629e-01,3.350617170333862305e+00,nan,nan,nan,nan,nan,nan,nan,nan,nan,nan,nan,nan,nan,nan,nan,nan,nan,nan,nan,nan,nan,nan,nan,nan,nan,nan,nan,nan,nan,nan,nan,nan,nan,nan,nan,nan,nan,nan,nan,nan,nan,nan,nan,nan,nan,nan,nan,nan,4.474322891235351562e+01,4.643386840820312500e+01,6.299434280395507812e+01,5.727737045288085938e+01,6.026109695434570312e+01,5.994968795776367188e+01,5.459635162353515625e+01,nan,nan,nan,nan,nan,nan,nan,nan,nan,nan,nan,nan,nan,nan,nan,nan,nan,nan,nan,nan
nan,nan,nan,nan,nan,nan,nan,nan,nan,nan,nan,nan,nan,nan,nan,nan,nan,nan,nan,nan,nan,nan,nan,nan,nan,4.513467788696289062e+00,6.213800430297851562e+00,5.160341262817382812e+00,2.012825250625610352e+00,-2.313027232885360718e-01,4.949558060616254807e-04,1.532944798469543457e+00,3.447639644145965576e-01,1.630162149667739868e-01,6.115885257720947266e+00,3.426391601562500000e+00,3.254642963409423828e+00,2.412805080413818359e+00,2.426760673522949219e+00,3.927788496017456055e+00,8.222962379455566406e+00,7.976525306701660156e+00,8.149947166442871094e+00,8.429623603820800781e+00,5.599672794342041016e+00,2.397002726793289185e-01,8.209491372108459473e-01,9.858939647674560547e-01,-2.653820216655731201e-01,-1.191577792167663574e+00,5.876121520996093750e-01,nan,nan,nan,nan,nan,nan,nan,nan,nan,nan,nan,nan,nan,nan,nan,nan,nan,nan,nan,nan,nan,nan,nan,nan,nan,nan,nan,nan,nan,nan,nan,nan,nan,nan,nan,nan,nan,nan,nan,nan,nan,nan,nan,nan,nan,nan,nan,4.023661041259765625e+01,4.155629348754882812e+01,4.571384811401367188e+01,5.067769622802734375e+01,5.409622573852539062e+01,5.668951034545898438e+01,5.674595260620117188e+01,nan,nan,nan,nan,nan,nan,nan,nan,nan,nan,nan,nan,nan,nan,nan,nan,nan,nan,nan,nan
nan,nan,nan,nan,nan,nan,nan,nan,nan,nan,nan,nan,nan,nan,nan,nan,nan,nan,nan,nan,nan,nan,nan,nan,nan,nan,3.231547594070434570e+00,1.884772181510925293e+00,1.259969115257263184e+00,1.239329695701599121e+00,2.497440814971923828e+00,3.808824717998504639e-01,1.135845065116882324e+00,3.343446254730224609e+00,4.410724639892578125e+00,3.927824020385742188e+00,3.160552263259887695e+00,4.788003921508789062e+00,3.603250741958618164e+00,4.324326992034912109e+00,6.465915679931640625e+00,6.508972644805908203e+00,6.809754848480224609e+00,8.142564773559570312e+00,6.031212806701660156e+00,2.903609991073608398e+00,2.036593198776245117e+00,6.266998648643493652e-01,2.293800592422485352e+00,-2.174224853515625000e+00,nan,nan,nan,nan,nan,nan,nan,nan,nan,nan,nan,nan,nan,nan,nan,nan,nan,nan,nan,nan,nan,nan,nan,nan,nan,nan,nan,nan,nan,nan,nan,nan,nan,nan,nan,nan,nan,nan,nan,nan,nan,nan,nan,nan,nan,nan,nan,nan,2.594549894332885742e+00,1.756305694580078125e+01,4.191020965576171875e+01,4.269392776489257812e+01,4.874400711059570312e+01,5.488956451416015625e+01,5.590117263793945312e+01,4.942117309570312500e+01,nan,nan,nan,nan,nan,nan,nan,nan,nan,nan,nan,nan,nan,nan,nan,nan,nan,nan,nan
nan,nan,nan,nan,nan,nan,nan,nan,nan,nan,nan,nan,nan,nan,nan,nan,nan,nan,nan,nan,nan,nan,nan,nan,nan,nan,2.504275083541870117e+00,2.017981052398681641e+00,1.449593544006347656e+00,9.316648840904235840e-01,-1.757773280143737793e+00,-2.424199819564819336e+00,-3.968085050582885742e-01,1.892453312873840332e+00,3.818335294723510742e+00,3.473778247833251953e+00,3.611456632614135742e+00,5.164609432220458984e+00,7.975666046142578125e+00,6.846787929534912109e+00,8.532346725463867188e+00,1.023449802398681641e+01,9.242798805236816406e+00,8.163708686828613281e+00,7.432709693908691406e+00,5.405112743377685547e+00,3.351728677749633789e+00,3.375303745269775391e+00,2.948942661285400391e+00,-8.228124380111694336e-01,nan,nan,nan,nan,nan,nan,nan,nan,nan,nan,nan,nan,nan,nan,nan,nan,nan,nan,nan,nan,nan,nan,nan,nan,nan,nan,nan,nan,nan,nan,nan,nan,nan,nan,nan,nan,nan,nan,nan,nan,nan,nan,nan,nan,nan,nan,nan,2.504867744445800781e+01,4.225757122039794922e+00,3.528533458709716797e+00,3.821460342407226562e+01,3.069569396972656250e+01,5.068511199951171875e+01,5.006961059570312500e+01,5.348154449462890625e+01,4.569141006469726562e+01,nan,nan,nan,nan,nan,nan,nan,nan,nan,nan,nan,nan,nan,nan,nan,nan,nan,nan,nan
nan,nan,nan,nan,nan,nan,nan,nan,nan,nan,nan,nan,nan,nan,nan,nan,nan,nan,nan,nan,nan,nan,nan,nan,nan,nan,nan,nan,1.083268523216247559e+00,-1.847173929214477539e+00,8.660045862197875977e-01,-1.473151564598083496e+00,4.563096165657043457e-01,7.688609957695007324e-01,2.491286516189575195e+00,2.648596525192260742e+00,3.573521375656127930e+00,4.602147579193115234e+00,1.015485286712646484e+01,1.262160396575927734e+01,1.204320526123046875e+01,1.210447692871093750e+01,1.129304504394531250e+01,7.693583011627197266e+00,5.957004547119140625e+00,3.443368673324584961e+00,3.374589681625366211e-01,1.697284817695617676e+00,2.222264260053634644e-01,-4.029336929321289062e+00,nan,nan,nan,nan,nan,nan,nan,nan,nan,nan,nan,nan,nan,nan,nan,nan,nan,nan,nan,nan,nan,nan,nan,nan,nan,nan,nan,nan,nan,nan,nan,nan,nan,nan,nan,nan,nan,nan,nan,nan,nan,nan,nan,nan,nan,nan,nan,2.198021125793457031e+01,1.717444777488708496e+00,1.391222000122070312e+01,2.220354080200195312e+01,2.586415672302246094e+01,4.900683975219726562e+01,4.917908096313476562e+01,5.442943191528320312e+01,4.231945419311523438e+01,nan,nan,nan,nan,nan,nan,nan,nan,nan,nan,nan,nan,nan,nan,nan,nan,nan,nan,nan
nan,nan,nan,nan,nan,nan,nan,nan,nan,nan,nan,nan,nan,nan,nan,nan,nan,nan,nan,nan,nan,nan,nan,nan,nan,nan,nan,nan,nan,nan,nan,nan,-2.020856291055679321e-01,7.031582593917846680e-01,9.171440601348876953e-01,1.318059444427490234e+00,1.102918744087219238e+00,6.210014820098876953e+00,1.337589168548583984e+01,1.557450675964355469e+01,1.488295364379882812e+01,1.122173881530761719e+01,9.613141059875488281e+00,6.174408435821533203e+00,5.431905269622802734e+00,8.279133439064025879e-01,-1.819628000259399414e+00,-1.633011579513549805e+00,-3.528365612030029297e+00,-5.263291001319885254e-01,nan,nan,nan,nan,nan,nan,nan,nan,nan,nan,nan,nan,nan,nan,nan,nan,nan,nan,nan,nan,nan,nan,nan,nan,nan,nan,nan,nan,nan,nan,nan,nan,nan,nan,nan,nan,nan,nan,nan,nan,nan,nan,nan,nan,nan,nan,nan,2.035374832153320312e+01,2.332589149475097656e+00,1.101299476623535156e+01,2.675262069702148438e+01,2.878894424438476562e+01,4.493337631225585938e+01,5.299709701538085938e+01,5.478524780273437500e+01,5.696662521362304688e+01,3.717090988159179688e+01,3.242191696166992188e+01,nan,nan,nan,nan,nan,nan,nan,nan,nan,nan,nan,nan,nan,nan,nan,nan,nan
nan,nan,nan,nan,nan,nan,nan,nan,nan,nan,nan,nan,nan,nan,nan,nan,nan,nan,nan,nan,nan,nan,nan,nan,nan,nan,nan,nan,nan,nan,nan,nan,9.841508269309997559e-01,4.529816508293151855e-01,-1.096701174974441528e-01,5.751209855079650879e-01,3.453363656997680664e+00,9.020825386047363281e+00,1.611300659179687500e+01,1.727472496032714844e+01,1.641248703002929688e+01,1.340004920959472656e+01,1.061345958709716797e+01,6.718188762664794922e+00,5.025304794311523438e+00,1.651079297065734863e+00,-1.630673527717590332e+00,-2.867853164672851562e+00,-3.724211454391479492e+00,-1.983155608177185059e-01,nan,nan,nan,nan,nan,nan,nan,nan,nan,nan,nan,nan,nan,nan,nan,nan,nan,nan,nan,nan,nan,nan,nan,nan,nan,nan,nan,nan,nan,nan,nan,nan,nan,nan,nan,nan,nan,nan,nan,nan,nan,nan,nan,nan,nan,nan,nan,nan,-6.655199527740478516e-01,5.197174072265625000e+00,3.434207534790039062e+01,5.034169006347656250e+01,5.500398635864257812e+01,3.693716049194335938e+01,4.650295639038085938e+01,4.685321807861328125e+01,2.620146369934082031e+01,2.800500631332397461e+00,-1.263269424438476562e+00,1.884065437316894531e+01,nan,nan,nan,nan,nan,nan,nan,nan,nan,nan,nan,nan,nan,nan,nan
nan,nan,nan,nan,nan,nan,nan,nan,nan,nan,nan,nan,nan,nan,nan,nan,nan,nan,nan,nan,nan,nan,nan,nan,nan,nan,nan,nan,nan,nan,nan,nan,nan,1.713190793991088867e+00,3.468231678009033203e+00,-7.978651523590087891e-01,1.703558087348937988e+00,1.260856342315673828e+01,2.068867683410644531e+01,2.244376564025878906e+01,1.882422637939453125e+01,1.203922843933105469e+01,9.758864402770996094e+00,4.849749565124511719e+00,3.060245990753173828e+00,8.118070363998413086e-01,1.008944988250732422e+00,-6.726664304733276367e-01,3.105429410934448242e-01,nan,nan,nan,nan,nan,nan,nan,nan,nan,nan,nan,nan,nan,nan,nan,nan,nan,nan,nan,nan,nan,nan,nan,nan,nan,nan,nan,nan,nan,nan,nan,nan,nan,nan,nan,nan,nan,nan,nan,nan,nan,nan,nan,nan,nan,nan,nan,nan,nan,2.604368782043457031e+01,1.011658477783203125e+01,3.353190994262695312e+01,5.079889297485351562e+01,5.565414047241210938e+01,5.269503402709960938e+01,4.144440078735351562e+01,4.316553115844726562e+01,2.601982688903808594e+01,8.870588302612304688e+00,3.180771112442016602e+00,1.951162815093994141e+00,1.402722167968750000e+01,nan,nan,nan,nan,nan,nan,nan,nan,nan,nan,nan,nan,nan,nan
nan,nan,nan,nan,nan,nan,nan,nan,nan,nan,nan,nan,nan,nan,nan,nan,nan,nan,nan,nan,4.359972774982452393e-01,1.602862477302551270e-01,-9.769224375486373901e-02,nan,nan,nan,nan,nan,nan,nan,nan,nan,nan,nan,nan,nan,8.288029670715332031e+00,4.214512825012207031e+00,1.561240291595458984e+01,2.315535354614257812e+01,2.046406555175781250e+01,1.088519191741943359e+01,4.245637416839599609e+00,1.595313787460327148e+00,1.146564126014709473e+00,5.813739895820617676e-01,2.026204347610473633e+00,6.551377177238464355e-01,nan,nan,nan,nan,nan,nan,nan,nan,nan,nan,nan,nan,nan,nan,nan,nan,nan,nan,nan,nan,nan,nan,nan,nan,nan,nan,nan,nan,nan,nan,nan,nan,nan,nan,nan,nan,nan,nan,nan,nan,nan,nan,nan,nan,nan,nan,nan,nan,nan,nan,nan,1.272891902923583984e+01,3.474229812622070312e+01,4.541520690917968750e+01,4.957826614379882812e+01,5.249141693115234375e+01,4.269727325439453125e+01,2.661478996276855469e+01,2.470863914489746094e+01,3.336655044555664062e+01,2.072595787048339844e+01,1.285127162933349609e+00,nan,nan,nan,nan,nan,nan,nan,nan,nan,nan,nan,nan,nan,nan,nan
nan,nan,nan,nan,nan,nan,nan,nan,nan,nan,nan,nan,nan,nan,nan,nan,nan,nan,nan,nan,1.272524261474609375e+01,2.153476476669311523e+00,1.774979710578918457e+00,-2.178951740264892578e+00,nan,nan,nan,nan,nan,nan,nan,nan,nan,nan,nan,nan,nan,1.010441398620605469e+01,5.304273366928100586e-01,1.714547538757324219e+01,1.627044105529785156e+01,1.188540220260620117e+00,-2.947121858596801758e-01,-9.505681395530700684e-01,4.489710554480552673e-02,1.870733648538589478e-01,1.334832787513732910e+00,nan,nan,nan,nan,nan,nan,nan,nan,nan,nan,nan,nan,nan,nan,nan,nan,nan,nan,nan,nan,nan,nan,nan,nan,nan,nan,nan,nan,nan,nan,nan,nan,nan,nan,nan,nan,nan,nan,nan,nan,nan,nan,nan,nan,nan,nan,nan,nan,nan,nan,nan,nan,2.932278251647949219e+01,2.710352706909179688e+01,4.244679641723632812e+01,4.108552551269531250e+01,4.416262054443359375e+01,5.238024520874023438e+01,4.482954788208007812e+01,3.377830123901367188e+01,2.882486534118652344e+01,2.188098144531250000e+01,4.088711738586425781e+00,1.356183338165283203e+01,nan,nan,nan,nan,nan,nan,nan,nan,nan,nan,nan,nan,nan,nan
nan,nan,nan,nan,nan,nan,nan,nan,nan,nan,nan,nan,nan,nan,nan,nan,nan,nan,nan,nan,-3.031874179840087891e+00,5.354650974273681641e+00,-3.462201833724975586e+00,-2.963404893875122070e+00,nan,nan,nan,nan,nan,nan,nan,nan,nan,nan,nan,nan,nan,nan,nan,1.036123657226562500e+01,-3.742580890655517578e+00,8.519440650939941406e+00,7.166196823120117188e+00,nan,nan,nan,nan,nan,nan,nan,nan,nan,nan,nan,nan,nan,nan,nan,nan,nan,nan,nan,nan,nan,nan,nan,nan,nan,nan,nan,nan,nan,nan,nan,nan,nan,nan,nan,nan,nan,nan,nan,nan,nan,nan,nan,nan,nan,nan,nan,nan,nan,nan,nan,nan,nan,nan,nan,nan,2.697433090209960938e+01,2.645758056640625000e+01,3.674362945556640625e+01,3.975139617919921875e+01,4.004553604125976562e+01,4.823853683471679688e+01,4.592386245727539062e+01,3.962998199462890625e+01,2.999678802490234375e+01,1.656341171264648438e+01,-6.665354728698730469e+00,1.352004909515380859e+01,nan,nan,nan,nan,nan,nan,nan,nan,nan,nan,nan,nan,nan,nan
nan,nan,nan,nan,nan,nan,nan,nan,nan,nan,nan,nan,nan,nan,nan,nan,nan,nan,nan,nan,-3.193027734756469727e+00,-9.357945442199707031e+00,-3.713300466537475586e+00,-2.219220399856567383e+00,nan,nan,nan,nan,nan,nan,nan,nan,nan,nan,nan,nan,nan,nan,nan,nan,nan,nan,nan,nan,nan,nan,nan,nan,nan,nan,nan,nan,nan,nan,nan,nan,nan,nan,nan,nan,nan,nan,nan,nan,nan,nan,nan,nan,nan,nan,nan,nan,nan,nan,nan,nan,nan,nan,nan,nan,nan,nan,nan,nan,nan,nan,nan,nan,nan,nan,nan,nan,nan,nan,nan,nan,nan,nan,nan,nan,1.409269523620605469e+01,2.303476333618164062e+01,3.481545639038085938e+01,3.735493850708007812e+01,3.766325759887695312e+01,3.858131408691406250e+01,3.481251525878906250e+01,3.317922592163085938e+01,2.416369247436523438e+01,1.616727447509765625e+01,-8.244510650634765625e+00,nan,nan,nan,nan,nan,nan,nan,nan,nan,nan,nan,nan,nan,nan
nan,nan,nan,nan,nan,nan,nan,nan,nan,nan,nan,nan,nan,nan,nan,nan,nan,nan,nan,nan,-3.012625932693481445e+00,-9.771868705749511719e+00,-2.258055686950683594e+00,-4.522850990295410156e+00,-3.179275393486022949e-01,4.132956862449645996e-01,2.068293809890747070e+00,nan,nan,nan,nan,nan,nan,nan,nan,nan,nan,nan,nan,nan,nan,nan,nan,nan,nan,nan,nan,nan,nan,nan,nan,nan,nan,nan,nan,nan,nan,nan,nan,nan,nan,nan,nan,nan,nan,nan,nan,nan,nan,nan,nan,nan,nan,nan,nan,nan,nan,nan,nan,nan,nan,nan,nan,nan,nan,nan,nan,nan,nan,nan,nan,nan,nan,nan,nan,nan,nan,nan,1.615270423889160156e+01,1.757613754272460938e+01,9.366162300109863281e+00,1.785664749145507812e+01,1.771573638916015625e+01,1.850454711914062500e+01,2.437741279602050781e+01,2.945942306518554688e+01,3.011798667907714844e+01,2.955005455017089844e+01,1.768581390380859375e+01,9.251653671264648438e+00,5.136186122894287109e+00,-5.025123596191406250e+00,8.694884300231933594e+00,nan,nan,nan,nan,nan,nan,nan,nan,nan,nan,nan,nan
nan,nan,nan,nan,nan,nan,nan,nan,nan,nan,nan,nan,nan,nan,nan,nan,nan,nan,nan,nan,nan,-1.632185554504394531e+01,-9.194290161132812500e+00,-1.122192668914794922e+01,-5.739338397979736328e+00,-7.252910137176513672e+00,1.876832389831542969e+01,nan,nan,nan,nan,nan,nan,nan,nan,nan,nan,nan,nan,nan,nan,nan,nan,nan,nan,nan,nan,nan,nan,nan,nan,nan,nan,nan,nan,nan,nan,nan,nan,nan,nan,nan,nan,nan,nan,nan,nan,nan,nan,nan,nan,nan,nan,nan,nan,nan,nan,nan,nan,nan,nan,nan,nan,nan,nan,nan,nan,nan,nan,nan,nan,nan,nan,nan,nan,nan,nan,nan,nan,nan,-4.282415390014648438e+00,6.903986454010009766e+00,1.271350860595703125e+01,1.182386398315429688e+01,1.357272815704345703e+01,2.149829101562500000e+01,1.966250228881835938e+01,-8.015346527099609375e+00,2.049509048461914062e+01,1.658672142028808594e+01,7.297785758972167969e+00,3.081068277359008789e+00,-3.011839628219604492e+00,8.216665267944335938e+00,nan,nan,nan,nan,nan,nan,nan,nan,nan,nan,nan
nan,nan,nan,nan,nan,nan,nan,nan,nan,nan,nan,nan,nan,nan,nan,nan,nan,nan,nan,nan,nan,-2.138947010040283203e+00,-5.486085891723632812e+00,-6.970102787017822266e+00,-8.266902923583984375e+00,-9.668237686157226562e+00,1.637874412536621094e+01,8.571206092834472656e+00,nan,nan,nan,nan,nan,nan,nan,nan,nan,nan,nan,nan,nan,nan,nan,nan,nan,nan,nan,nan,nan,nan,nan,nan,nan,nan,nan,nan,nan,nan,nan,nan,nan,nan,nan,nan,nan,nan,nan,nan,nan,nan,nan,nan,nan,nan,nan,nan,nan,nan,nan,nan,nan,nan,nan,nan,nan,nan,nan,nan,nan,nan,nan,nan,nan,nan,nan,nan,nan,nan,nan,8.898502349853515625e+00,-1.722481489181518555e+00,1.423878550529479980e+00,7.879008293151855469e+00,1.084236240386962891e+01,8.613749504089355469e+00,1.233312606811523438e+01,1.697975921630859375e+01,5.961332321166992188e+00,1.134160327911376953e+01,2.247861099243164062e+01,2.174792671203613281e+01,1.804208946228027344e+01,1.003369522094726562e+01,-6.074313423596322536e-04,nan,nan,nan,nan,nan,nan,nan,nan,nan,nan,nan
nan,nan,nan,nan,nan,nan,nan,nan,nan,nan,nan,nan,nan,nan,nan,nan,nan,nan,nan,nan,-1.237026453018188477e+00,6.736277103424072266e+00,7.502851486206054688e-01,-2.377042770385742188e+00,5.747783184051513672e+00,1.041054058074951172e+01,1.713540458679199219e+01,1.087864494323730469e+01,nan,nan,nan,nan,nan,nan,nan,nan,nan,nan,nan,nan,nan,nan,nan,nan,nan,nan,nan,nan,nan,nan,nan,nan,nan,nan,nan,nan,nan,nan,nan,nan,nan,nan,nan,nan,nan,nan,nan,nan,nan,nan,nan,nan,nan,nan,nan,nan,nan,nan,nan,nan,nan,nan,nan,nan,nan,nan,nan,nan,nan,nan,nan,nan,nan,nan,nan,nan,nan,nan,nan,5.235961437225341797e+00,-2.665916681289672852e+00,-4.291505336761474609e+00,-4.301822662353515625e+00,-2.744803190231323242e+00,6.971315860748291016e+00,9.445051193237304688e+00,1.157560539245605469e+01,-1.398176908493041992e+00,1.040133285522460938e+01,6.319004058837890625e+00,1.704505920410156250e+01,1.620212554931640625e+01,1.414349842071533203e+01,1.264797210693359375e+01,nan,nan,nan,nan,nan,nan,nan,nan,nan,nan,nan
nan,nan,nan,nan,nan,nan,nan,nan,nan,nan,nan,nan,nan,nan,nan,nan,nan,nan,nan,nan,6.639739274978637695e-01,1.078969764709472656e+01,3.736683845520019531e+00,-3.886782884597778320e+00,-1.927752375602722168e+00,2.127183151245117188e+01,2.005753326416015625e+01,1.745022010803222656e+01,nan,nan,nan,nan,nan,nan,nan,nan,nan,nan,nan,nan,nan,nan,nan,nan,nan,nan,nan,nan,nan,nan,nan,nan,nan,nan,nan,nan,nan,nan,nan,nan,nan,nan,nan,nan,nan,nan,nan,nan,nan,nan,nan,nan,nan,nan,nan,nan,nan,nan,nan,nan,nan,nan,nan,nan,nan,nan,nan,nan,nan,nan,nan,nan,nan,nan,nan,nan,nan,nan,1.701596140861511230e+00,2.339282989501953125e+00,3.321131706237792969e+00,-1.454360842704772949e+00,-1.866981506347656250e+00,-2.594403028488159180e+00,3.925037145614624023e+00,6.384700775146484375e+00,9.191521644592285156e+00,-2.571095228195190430e+00,-8.329235076904296875e+00,-5.831465244293212891e+00,4.435490131378173828e+00,1.132935237884521484e+01,1.389215850830078125e+01,9.183751106262207031e+00,nan,nan,nan,nan,nan,nan,nan,nan,nan,nan,nan
nan,nan,nan,nan,nan,nan,nan,nan,nan,nan,nan,nan,nan,nan,nan,nan,nan,nan,nan,nan,nan,5.256064891815185547e+00,7.114452362060546875e+00,-2.746806383132934570e+00,nan,nan,3.145207023620605469e+01,1.888261032104492188e+01,8.447061538696289062e+00,5.644244670867919922e+00,2.102572768926620483e-01,9.877809524536132812e+00,7.044021129608154297e+00,nan,nan,nan,nan,nan,nan,nan,nan,nan,nan,nan,nan,nan,nan,nan,nan,nan,nan,nan,nan,nan,nan,nan,nan,nan,nan,nan,nan,nan,nan,nan,nan,nan,nan,nan,nan,nan,nan,nan,nan,nan,nan,nan,nan,nan,nan,nan,nan,nan,nan,nan,nan,nan,nan,nan,nan,nan,nan,nan,nan,nan,nan,nan,nan,nan,nan,nan,nan,2.591321229934692383e+00,3.848631858825683594e+00,1.890790765173733234e-03,-2.073701284825801849e-02,5.142751216888427734e+00,7.632321357727050781e+00,1.189378261566162109e+01,-7.437551498413085938e+00,-4.097842693328857422e+00,6.478203296661376953e+00,1.795463562011718750e+01,1.709301948547363281e+01,6.481900215148925781e+00,1.227864074707031250e+01,nan,nan,nan,nan,nan,nan,nan,nan,nan,nan
nan,nan,nan,nan,nan,nan,nan,nan,nan,nan,nan,nan,nan,nan,nan,nan,nan,nan,nan,nan,nan,nan,1.224791336059570312e+01,1.603829193115234375e+01,nan,1.572664833068847656e+01,3.354350280761718750e+01,2.674088478088378906e+01,1.790554428100585938e+01,1.457233142852783203e+01,2.254753828048706055e+00,-7.722763061523437500e+00,nan,nan,nan,nan,nan,nan,nan,nan,nan,nan,nan,nan,nan,nan,nan,nan,nan,nan,nan,nan,nan,nan,nan,nan,nan,nan,nan,nan,nan,nan,nan,nan,nan,nan,nan,nan,nan,nan,nan,nan,nan,nan,nan,nan,nan,nan,nan,nan,nan,nan,nan,nan,nan,nan,nan,nan,nan,nan,nan,nan,nan,nan,nan,nan,nan,nan,nan,nan,nan,1.536118626594543457e+00,nan,nan,nan,3.476682186126708984e+00,1.426021218299865723e+00,7.963263988494873047e+00,4.743963718414306641e+00,1.559682273864746094e+01,1.583348560333251953e+01,1.989572525024414062e+01,2.055733299255371094e+01,8.737987518310546875e+00,nan,nan,nan,nan,nan,nan,nan,nan,nan,nan,nan
nan,nan,nan,nan,nan,nan,nan,nan,nan,nan,nan,nan,nan,nan,nan,nan,nan,nan,nan,nan,nan,nan,1.441341876983642578e+01,1.525494670867919922e+01,1.935695457458496094e+01,2.334243965148925781e+01,3.147226142883300781e+01,3.009863281250000000e+01,1.728293228149414062e+01,1.103853034973144531e+01,9.659713745117187500e+00,-5.676215171813964844e+00,nan,nan,nan,nan,nan,nan,nan,nan,nan,nan,nan,nan,nan,nan,nan,nan,nan,nan,nan,nan,nan,nan,nan,nan,nan,nan,nan,nan,nan,nan,nan,nan,nan,nan,nan,nan,nan,nan,nan,nan,nan,nan,nan,nan,nan,nan,nan,nan,nan,nan,nan,nan,nan,nan,nan,nan,nan,nan,nan,nan,nan,nan,nan,nan,nan,nan,nan,nan,nan,nan,nan,nan,nan,4.304260730743408203e+00,3.643957138061523438e+00,5.297132968902587891e+00,5.279960155487060547e+00,1.251738548278808594e+01,1.436370372772216797e+01,1.754870033264160156e+01,1.320654964447021484e+01,9.058497428894042969e+00,nan,nan,nan,nan,nan,nan,nan,nan,nan,nan,nan
nan,nan,nan,nan,nan,nan,nan,nan,nan,nan,nan,nan,nan,nan,nan,nan,nan,nan,nan,nan,nan,nan,1.649355888366699219e+01,1.725043487548828125e+01,2.371462631225585938e+01,2.255217742919921875e+01,2.918012809753417969e+01,1.910261917114257812e+01,nan,1.315885829925537109e+01,1.228568363189697266e+01,1.082251644134521484e+01,8.299590110778808594e+00,nan,nan,nan,nan,nan,nan,nan,nan,nan,nan,nan,nan,nan,nan,nan,nan,nan,nan,nan,nan,nan,nan,nan,nan,nan,nan,nan,nan,nan,nan,nan,nan,nan,nan,nan,nan,nan,nan,nan,nan,nan,nan,nan,nan,nan,nan,nan,nan,nan,nan,nan,nan,nan,nan,nan,nan,nan,nan,nan,nan,nan,nan,nan,nan,nan,nan,nan,nan,nan,nan,nan,4.366203308105468750e+00,4.584475040435791016e+00,6.413229465484619141e+00,2.878229618072509766e+00,3.354184627532958984e+00,5.965735912322998047e+00,1.251243686676025391e+01,1.562129402160644531e+01,1.276601696014404297e+01,9.652641296386718750e+00,1.186328220367431641e+01,nan,nan,nan,nan,nan,nan,nan,nan,nan,nan
nan,nan,nan,nan,nan,nan,nan,nan,nan,nan,nan,nan,nan,nan,nan,nan,nan,nan,nan,nan,nan,1.825859069824218750e+01,2.515423393249511719e+01,1.652181053161621094e+01,1.694134140014648438e+01,2.237486267089843750e+01,2.882569313049316406e+01,1.765885734558105469e+01,nan,2.143276405334472656e+01,1.276748371124267578e+01,1.137101364135742188e+01,8.509117126464843750e+00,nan,nan,nan,nan,nan,nan,nan,nan,nan,nan,nan,nan,nan,nan,nan,nan,nan,nan,nan,nan,nan,nan,nan,nan,nan,nan,nan,nan,nan,nan,nan,nan,nan,nan,nan,nan,nan,nan,nan,nan,nan,nan,nan,nan,nan,nan,nan,nan,nan,nan,nan,nan,nan,nan,nan,nan,nan,nan,nan,nan,nan,nan,nan,nan,nan,nan,nan,nan,nan,nan,nan,nan,2.175433397293090820e+00,4.519096851348876953e+00,4.760090351104736328e+00,7.506786823272705078e+00,6.596472263336181641e+00,8.660243988037109375e+00,1.889564895629882812e+01,1.509616088867187500e+01,1.270341396331787109e+01,nan,nan,nan,nan,nan,nan,nan,nan,nan,nan,nan
nan,nan,nan,nan,nan,nan,nan,nan,nan,nan,nan,nan,nan,nan,nan,nan,nan,nan,nan,nan,nan,1.988969039916992188e+01,2.099397468566894531e+01,9.009243965148925781e+00,1.674365234375000000e+01,1.454379463195800781e+01,1.744315910339355469e+01,1.065869617462158203e+01,1.190943908691406250e+01,1.921184349060058594e+01,1.408225250244140625e+01,7.607737183570861816e-01,nan,nan,nan,nan,nan,nan,nan,nan,nan,nan,nan,nan,nan,nan,nan,nan,nan,nan,nan,nan,nan,nan,nan,nan,nan,nan,nan,nan,nan,nan,nan,nan,nan,nan,nan,nan,nan,nan,nan,nan,nan,nan,nan,nan,nan,nan,nan,nan,nan,nan,nan,nan,nan,nan,nan,nan,nan,nan,nan,nan,nan,nan,nan,nan,nan,nan,nan,nan,nan,nan,nan,nan,nan,1.465743660926818848e+00,6.517540454864501953e+00,6.351840972900390625e+00,1.053284549713134766e+01,1.122185516357421875e+01,5.933720588684082031e+00,1.467591762542724609e+01,8.528961181640625000e+00,nan,nan,nan,nan,nan,nan,nan,nan,nan,nan,nan,nan
nan,nan,nan,nan,nan,nan,nan,nan,nan,nan,nan,nan,nan,nan,nan,nan,nan,nan,nan,nan,nan,2.114063072204589844e+01,-4.227366447448730469e+00,1.132606315612792969e+01,1.249989318847656250e+01,1.004816150665283203e+01,7.669889450073242188e+00,6.238459587097167969e+00,1.303280830383300781e+01,1.101360130310058594e+01,-5.376791954040527344e+00,1.053936290740966797e+01,nan,nan,nan,nan,nan,nan,nan,nan,nan,nan,nan,nan,nan,nan,nan,nan,nan,nan,nan,nan,nan,nan,nan,nan,nan,nan,nan,nan,nan,nan,nan,nan,nan,nan,nan,nan,nan,nan,nan,nan,nan,nan,nan,nan,nan,nan,nan,nan,nan,nan,nan,nan,nan,nan,nan,nan,nan,nan,nan,nan,nan,nan,nan,nan,nan,nan,nan,nan,nan,nan,nan,nan,nan,1.142634582519531250e+01,9.129104614257812500e+00,5.535640716552734375e+00,6.293976306915283203e+00,6.576910972595214844e+00,5.949930191040039062e+00,4.588397979736328125e+00,3.032795906066894531e+00,nan,nan,nan,nan,nan,nan,nan,nan,nan,nan,nan,nan
nan,nan,nan,nan,nan,nan,nan,nan,nan,nan,nan,nan,nan,nan,nan,nan,nan,nan,nan,nan,nan,2.264220428466796875e+01,3.818597793579101562e+01,1.636275482177734375e+01,1.834288978576660156e+01,nan,1.866143798828125000e+01,nan,nan,7.473639965057373047e+00,2.232567787170410156e+00,nan,nan,nan,nan,nan,nan,nan,nan,nan,nan,nan,nan,nan,nan,nan,nan,nan,nan,nan,nan,nan,nan,nan,nan,nan,nan,nan,nan,nan,nan,nan,nan,nan,nan,nan,nan,nan,nan,nan,nan,nan,nan,nan,nan,nan,nan,nan,nan,nan,nan,nan,nan,nan,nan,nan,nan,nan,nan,nan,nan,nan,nan,nan,nan,nan,nan,nan,nan,nan,nan,nan,nan,nan,5.522460937500000000e+00,3.247365474700927734e+00,7.395976066589355469e+00,8.297522544860839844e+00,8.059286117553710938e+00,8.856429100036621094e+00,5.903538227081298828e+00,-1.349952697753906250e+00,8.091757774353027344e+00,nan,nan,nan,nan,nan,nan,nan,nan,nan,nan,nan,nan
nan,nan,nan,nan,nan,nan,nan,nan,nan,nan,nan,nan,nan,nan,nan,nan,nan,nan,nan,nan,nan,3.859572601318359375e+01,3.791856384277343750e+01,3.249637222290039062e+01,2.884918403625488281e+01,nan,2.676814270019531250e+01,1.869548797607421875e+01,1.621976089477539062e+01,7.963057994842529297e+00,4.387729644775390625e+00,nan,nan,nan,nan,nan,nan,nan,nan,nan,nan,nan,nan,nan,nan,nan,nan,nan,nan,nan,nan,nan,nan,nan,nan,nan,nan,nan,nan,nan,nan,nan,nan,nan,nan,nan,nan,nan,nan,nan,nan,nan,nan,nan,nan,nan,nan,nan,nan,nan,nan,nan,nan,nan,nan,nan,nan,nan,nan,nan,nan,nan,nan,nan,nan,nan,nan,nan,nan,nan,nan,nan,nan,nan,5.594304561614990234e+00,3.388897895812988281e+00,-2.258316993713378906e+00,8.071945190429687500e+00,8.950079917907714844e+00,1.201979255676269531e+01,7.954763412475585938e+00,7.232957363128662109e+00,7.072976112365722656e+00,nan,nan,nan,nan,nan,nan,nan,nan,nan,nan,nan,nan
nan,nan,nan,nan,nan,nan,nan,nan,nan,nan,nan,nan,nan,nan,nan,nan,nan,nan,nan,nan,2.517609786987304688e+01,2.125353622436523438e+01,2.428861618041992188e+01,2.758952331542968750e+01,1.787685775756835938e+01,1.349784088134765625e+01,1.831331634521484375e+01,1.981236839294433594e+01,1.935758018493652344e+01,1.131296634674072266e+01,3.711533308029174805e+00,1.231863689422607422e+01,nan,nan,nan,nan,nan,nan,nan,nan,nan,nan,nan,nan,nan,nan,nan,nan,nan,nan,nan,nan,nan,nan,nan,nan,nan,nan,nan,nan,nan,nan,nan,nan,nan,nan,nan,nan,nan,nan,nan,nan,nan,nan,nan,nan,nan,nan,nan,nan,nan,nan,nan,nan,nan,nan,nan,nan,nan,nan,nan,nan,nan,nan,nan,nan,nan,nan,nan,nan,nan,nan,nan,nan,5.717324733734130859e+00,nan,-3.227714300155639648e+00,8.075443267822265625e+00,8.555559158325195312e+00,9.240606307983398438e+00,8.540894508361816406e+00,6.800526142120361328e+00,6.415857315063476562e+00,nan,nan,nan,nan,nan,nan,nan,nan,nan,nan,nan,nan
nan,nan,nan,nan,nan,nan,nan,nan,nan,nan,nan,nan,nan,nan,nan,nan,nan,nan,nan,nan,2.583098411560058594e+01,2.088002204895019531e+01,2.744598579406738281e+01,2.885492706298828125e+01,2.716123199462890625e+01,3.101929283142089844e+01,2.021719932556152344e+01,2.051885414123535156e+01,2.101154518127441406e+01,1.802828025817871094e+01,4.059091091156005859e+00,nan,nan,nan,nan,nan,nan,nan,nan,nan,nan,nan,nan,nan,nan,nan,nan,nan,nan,nan,nan,nan,nan,nan,nan,nan,nan,nan,nan,nan,nan,nan,nan,nan,nan,nan,nan,nan,nan,nan,nan,nan,nan,nan,nan,nan,nan,nan,nan,nan,nan,nan,nan,nan,nan,nan,nan,nan,nan,nan,nan,nan,nan,nan,nan,nan,nan,nan,nan,nan,nan,nan,nan,nan,6.153897762298583984e+00,6.758129596710205078e+00,-4.704544067382812500e+00,6.005095005035400391e+00,1.252710247039794922e+01,7.064781188964843750e+00,3.865516901016235352e+00,1.967663466930389404e-01,nan,nan,nan,nan,nan,nan,nan,nan,nan,nan,nan,nan,nan
nan,nan,nan,nan,nan,nan,nan,nan,nan,nan,nan,nan,nan,nan,nan,nan,nan,nan,nan,nan,nan,2.641721916198730469e+01,3.244979858398437500e+01,2.820746421813964844e+01,2.989767837524414062e+01,2.683651924133300781e+01,3.135928916931152344e+01,2.157556343078613281e+01,2.264328002929687500e+01,1.855566215515136719e+01,1.716048431396484375e+01,nan,nan,nan,nan,nan,nan,nan,nan,nan,nan,nan,nan,nan,nan,nan,nan,nan,nan,nan,nan,nan,nan,nan,nan,nan,nan,nan,nan,nan,nan,nan,nan,nan,nan,nan,nan,nan,nan,nan,nan,nan,nan,nan,nan,nan,nan,nan,nan,nan,nan,nan,nan,nan,nan,nan,nan,nan,nan,nan,nan,nan,nan,nan,nan,nan,nan,nan,nan,nan,nan,nan,nan,nan,nan,nan,nan,1.297668647766113281e+01,1.495793724060058594e+01,5.411513328552246094e+00,4.250528812408447266e+00,3.784792184829711914e+00,6.708904743194580078e+00,nan,nan,nan,nan,nan,nan,nan,nan,nan,nan,nan,nan
nan,nan,nan,nan,nan,nan,nan,nan,nan,nan,nan,nan,nan,nan,nan,nan,nan,nan,nan,nan,nan,2.494109153747558594e+01,3.991206359863281250e+01,2.213655090332031250e+01,1.550070476531982422e+01,2.462441062927246094e+01,3.070984458923339844e+01,2.633487701416015625e+01,1.904025459289550781e+01,1.242082214355468750e+01,nan,nan,nan,nan,nan,nan,nan,nan,nan,nan,nan,nan,nan,nan,nan,nan,nan,nan,nan,nan,nan,nan,nan,nan,nan,nan,nan,nan,nan,nan,nan,nan,nan,nan,nan,nan,nan,nan,nan,nan,nan,nan,nan,nan,nan,nan,nan,nan,nan,nan,nan,nan,nan,nan,nan,nan,nan,nan,nan,nan,nan,nan,nan,nan,nan,nan,nan,nan,nan,nan,nan,nan,nan,nan,nan,nan,nan,7.939969062805175781e+00,6.436009407043457031e+00,3.459395408630371094e+00,3.553199291229248047e+00,4.827376365661621094e+00,-7.730934619903564453e-01,nan,nan,nan,nan,nan,nan,nan,nan,nan,nan,nan,nan
nan,nan,nan,nan,nan,nan,nan,nan,nan,nan,nan,nan,nan,nan,nan,nan,nan,nan,nan,nan,nan,nan,nan,2.294648933410644531e+01,7.630175113677978516e+00,1.825334930419921875e+01,3.177527999877929688e+01,3.112578964233398438e+01,2.104473686218261719e+01,1.361708259582519531e+01,1.629511070251464844e+01,nan,nan,nan,nan,nan,nan,nan,nan,nan,nan,nan,nan,nan,nan,nan,nan,nan,nan,nan,nan,nan,nan,nan,nan,nan,nan,nan,nan,nan,nan,nan,nan,nan,nan,nan,nan,nan,nan,nan,nan,nan,nan,nan,nan,nan,nan,nan,nan,nan,nan,nan,nan,nan,nan,nan,nan,nan,nan,nan,nan,nan,nan,nan,nan,nan,nan,nan,nan,nan,nan,nan,nan,nan,nan,nan,nan,nan,8.003595352172851562e+00,1.372796154022216797e+01,6.769426822662353516e+00,9.802551269531250000e+00,7.634303569793701172e+00,nan,nan,nan,nan,nan,nan,nan,nan,nan,nan,nan,nan
nan,nan,nan,nan,nan,nan,nan,nan,nan,nan,nan,nan,nan,nan,nan,nan,nan,nan,nan,nan,nan,nan,nan,nan,1.195785045623779297e+01,9.029415130615234375e+00,2.727487945556640625e+01,3.128291702270507812e+01,2.239983558654785156e+01,1.752289962768554688e+01,1.514993381500244141e+01,nan,nan,nan,nan,nan,nan,nan,nan,nan,nan,nan,nan,nan,nan,nan,nan,nan,nan,nan,nan,nan,nan,nan,nan,nan,nan,nan,nan,nan,nan,nan,nan,nan,nan,nan,nan,nan,nan,nan,nan,nan,nan,nan,nan,nan,nan,nan,nan,nan,nan,nan,nan,nan,nan,nan,nan,nan,nan,nan,nan,nan,nan,nan,nan,nan,nan,nan,nan,nan,nan,nan,nan,nan,nan,nan,nan,nan,2.572982406616210938e+01,6.069918632507324219e+00,5.236509799957275391e+00,3.962327003479003906e+00,nan,nan,nan,nan,nan,nan,nan,nan,nan,nan,nan,nan,nan
nan,nan,nan,nan,nan,nan,nan,nan,nan,nan,nan,nan,nan,nan,nan,nan,nan,nan,nan,nan,nan,nan,nan,nan,1.785665512084960938e+01,1.681347465515136719e+01,2.304243278503417969e+01,2.267475318908691406e+01,2.152976799011230469e+01,1.933508872985839844e+01,6.673954963684082031e+00,7.402816295623779297e+00,1.522363424301147461e+00,6.664465427398681641e+00,nan,nan,nan,nan,nan,nan,nan,nan,nan,nan,nan,nan,nan,nan,nan,nan,nan,nan,nan,nan,nan,nan,nan,nan,nan,nan,nan,nan,nan,nan,nan,nan,nan,nan,nan,nan,nan,nan,nan,nan,nan,nan,nan,nan,nan,nan,nan,nan,nan,nan,nan,nan,nan,nan,nan,nan,nan,nan,nan,nan,nan,nan,nan,nan,nan,nan,nan,nan,nan,nan,nan,1.295970249176025391e+01,6.261613368988037109e+00,1.664304924011230469e+01,2.307319259643554688e+01,1.618737983703613281e+01,5.950196266174316406e+00,1.131769084930419922e+01,nan,nan,nan,nan,nan,nan,nan,nan,nan,nan,nan,nan,nan
nan,nan,nan,nan,nan,nan,nan,nan,nan,nan,nan,nan,nan,nan,nan,nan,nan,nan,nan,nan,nan,nan,nan,nan,1.887524414062500000e+01,1.872367286682128906e+01,1.936752510070800781e+01,1.780562973022460938e+01,1.699268531799316406e+01,1.707536506652832031e+01,1.241135120391845703e+01,8.935099601745605469e+00,1.929564356803894043e+00,2.434639781713485718e-01,3.906946420669555664e+00,nan,nan,nan,nan,nan,nan,nan,nan,nan,nan,nan,nan,nan,nan,nan,nan,nan,nan,nan,nan,nan,nan,nan,nan,nan,nan,nan,nan,nan,nan,nan,nan,nan,nan,nan,nan,nan,nan,nan,nan,nan,nan,nan,nan,nan,nan,nan,nan,nan,nan,nan,nan,nan,nan,nan,nan,nan,nan,nan,nan,nan,nan,nan,nan,nan,nan,nan,nan,nan,nan,-6.725443840026855469e+00,-2.109067440032958984e+00,1.265505504608154297e+01,1.590070438385009766e+01,8.834977149963378906e+00,nan,nan,nan,nan,nan,nan,nan,nan,nan,nan,nan,nan,nan,nan,nan
nan,nan,nan,nan,nan,nan,nan,nan,nan,nan,nan,nan,nan,nan,nan,nan,nan,nan,nan,nan,nan,nan,nan,nan,nan,1.608182716369628906e+01,6.635676383972167969e+00,1.411498165130615234e+01,1.156007385253906250e+01,1.077839756011962891e+01,1.434666252136230469e+01,7.988879680633544922e+00,3.396137475967407227e+00,-1.077684760093688965e-02,-3.170168399810791016e+00,nan,nan,nan,nan,nan,nan,nan,nan,nan,nan,nan,nan,nan,nan,nan,nan,nan,nan,nan,nan,nan,nan,nan,nan,nan,nan,nan,nan,nan,nan,nan,nan,nan,nan,nan,nan,nan,nan,nan,nan,nan,nan,nan,nan,nan,nan,nan,nan,nan,nan,nan,nan,nan,nan,nan,nan,nan,nan,nan,nan,nan,nan,nan,nan,nan,nan,nan,nan,nan,nan,9.349561691284179688e+00,2.347348690032958984e+00,3.109356880187988281e+01,2.808627319335937500e+01,1.738486480712890625e+01,nan,nan,nan,nan,nan,nan,nan,nan,nan,nan,nan,nan,nan,nan,nan
nan,nan,nan,nan,nan,nan,nan,nan,nan,nan,nan,nan,nan,nan,nan,nan,nan,nan,nan,nan,nan,nan,nan,nan,nan,1.314198493957519531e+01,1.513685989379882812e+01,1.604618835449218750e+01,1.418735218048095703e+01,1.352313518524169922e+01,1.409483242034912109e+01,9.373418807983398438e+00,8.580746650695800781e+00,5.908415913581848145e-01,-1.771525382995605469e+00,1.465212941169738770e+00,nan,nan,nan,nan,nan,nan,nan,nan,nan,nan,nan,nan,nan,nan,nan,nan,nan,nan,nan,nan,nan,nan,nan,nan,nan,nan,nan,nan,nan,nan,nan,nan,nan,nan,nan,nan,nan,nan,nan,nan,nan,nan,nan,nan,nan,nan,nan,nan,nan,nan,nan,nan,nan,nan,nan,nan,nan,nan,nan,nan,nan,nan,nan,nan,nan,nan,nan,nan,-1.072307467460632324e+00,1.290592193603515625e+01,3.429797744750976562e+01,3.146187782287597656e+01,1.872883987426757812e+01,1.997392272949218750e+01,nan,nan,nan,nan,nan,nan,nan,nan,nan,nan,nan,nan,nan,nan,nan
nan,nan,nan,nan,nan,nan,nan,nan,nan,nan,nan,nan,nan,nan,nan,nan,nan,nan,nan,nan,nan,nan,nan,nan,nan,1.857643508911132812e+01,1.879409217834472656e+01,1.677934646606445312e+01,2.030756759643554688e+01,1.712638854980468750e+01,1.393480396270751953e+01,1.175952911376953125e+01,8.277647972106933594e+00,7.631439685821533203e+00,-1.883264780044555664e+00,-8.137626647949218750e+00,nan,nan,nan,nan,nan,nan,nan,nan,nan,nan,nan,nan,nan,nan,nan,nan,nan,nan,nan,nan,nan,nan,nan,nan,nan,nan,nan,nan,nan,nan,nan,nan,nan,nan,nan,nan,nan,nan,nan,nan,nan,nan,nan,nan,nan,nan,nan,nan,nan,nan,nan,nan,nan,nan,nan,nan,nan,nan,nan,nan,nan,nan,nan,nan,nan,nan,nan,3.912230253219604492e+00,-3.059876680374145508e+00,1.327908158302307129e+00,3.951733398437500000e+01,3.855817794799804688e+01,2.163470268249511719e+01,nan,nan,nan,nan,nan,nan,nan,nan,nan,nan,nan,nan,nan,nan,nan,nan
nan,nan,nan,nan,nan,nan,nan,nan,nan,nan,nan,nan,nan,nan,nan,nan,nan,nan,nan,nan,nan,nan,nan,nan,1.938866806030273438e+01,1.937408638000488281e+01,2.667323493957519531e+01,2.083060264587402344e+01,2.060168647766113281e+01,1.807695007324218750e+01,1.377102661132812500e+01,8.149493217468261719e+00,6.463150024414062500e+00,5.733165740966796875e+00,-1.271546602249145508e+00,-7.248479366302490234e+00,-1.252112627029418945e+00,nan,nan,nan,nan,nan,nan,nan,nan,nan,nan,nan,nan,nan,nan,nan,nan,nan,nan,nan,nan,nan,nan,nan,nan,nan,nan,nan,nan,nan,nan,nan,nan,nan,nan,nan,nan,nan,nan,nan,nan,nan,nan,nan,nan,nan,nan,nan,nan,nan,nan,nan,nan,nan,nan,nan,nan,nan,nan,nan,nan,nan,nan,nan,nan,nan,1.797882080078125000e+01,8.187479972839355469e+00,-2.015602111816406250e+00,1.949134635925292969e+01,3.409874343872070312e+01,3.905125045776367188e+01,nan,nan,nan,nan,nan,nan,nan,nan,nan,nan,nan,nan,nan,nan,nan,nan,nan
nan,nan,nan,nan,nan,nan,nan,nan,nan,nan,nan,nan,nan,nan,nan,nan,nan,nan,nan,nan,nan,nan,nan,nan,nan,nan,1.988533401489257812e+01,2.888355827331542969e+01,2.310320854187011719e+01,1.755651473999023438e+01,1.362934017181396484e+01,1.015122222900390625e+01,9.016254425048828125e+00,5.931098937988281250e+00,-8.444485068321228027e-01,-6.057311058044433594e+00,-1.055680084228515625e+01,nan,nan,nan,nan,nan,nan,nan,nan,nan,nan,nan,nan,nan,nan,nan,nan,nan,nan,nan,nan,nan,nan,nan,nan,nan,nan,nan,nan,nan,nan,nan,nan,nan,nan,nan,nan,nan,nan,nan,nan,nan,nan,nan,nan,nan,nan,nan,nan,nan,nan,nan,nan,nan,nan,nan,nan,nan,nan,nan,nan,nan,nan,nan,nan,nan,4.437149524688720703e+00,1.241775321960449219e+01,2.322927093505859375e+01,4.540315246582031250e+01,2.145266151428222656e+01,2.505563735961914062e+01,nan,nan,nan,nan,nan,nan,nan,nan,nan,nan,nan,nan,nan,nan,nan,nan,nan
nan,nan,nan,nan,nan,nan,nan,nan,nan,nan,nan,nan,nan,nan,nan,nan,nan,nan,nan,nan,nan,nan,nan,nan,nan,nan,nan,2.998224639892578125e+01,2.944106101989746094e+01,1.843564033508300781e+01,1.176421928405761719e+01,1.213929748535156250e+01,1.034660339355468750e+01,6.172038555145263672e+00,7.015962600708007812e-01,-6.650564670562744141e+00,-7.866924285888671875e+00,-3.839740991592407227e+00,nan,nan,nan,nan,nan,nan,nan,nan,nan,nan,nan,nan,nan,nan,nan,nan,nan,nan,nan,nan,nan,nan,nan,nan,nan,nan,nan,nan,nan,nan,nan,nan,nan,nan,nan,nan,nan,nan,nan,nan,nan,nan,nan,nan,nan,nan,nan,nan,nan,nan,nan,nan,nan,nan,nan,nan,nan,nan,nan,nan,nan,nan,nan,nan,7.528150558471679688e+00,1.041726875305175781e+01,3.890385818481445312e+01,3.228898620605468750e+01,2.963780784606933594e+01,2.799833488464355469e+01,2.911482048034667969e+01,nan,nan,nan,nan,nan,nan,nan,nan,nan,nan,nan,nan,nan,nan,nan,nan
nan,nan,nan,nan,nan,nan,nan,nan,nan,nan,nan,nan,nan,nan,nan,nan,nan,nan,nan,nan,nan,nan,nan,nan,nan,nan,nan,2.145409584045410156e+01,2.628045463562011719e+01,3.040740013122558594e+01,1.118598556518554688e+01,1.138086986541748047e+01,9.600155830383300781e+00,6.792762756347656250e+00,2.373271942138671875e+00,-5.281225681304931641e+00,-7.912939548492431641e+00,-1.077613639831542969e+01,nan,nan,nan,nan,nan,nan,nan,nan,nan,nan,nan,nan,nan,nan,nan,nan,nan,nan,nan,nan,nan,nan,nan,nan,nan,nan,nan,nan,nan,nan,nan,nan,nan,nan,nan,nan,nan,nan,nan,nan,nan,nan,nan,nan,nan,nan,nan,nan,nan,nan,nan,nan,nan,nan,nan,nan,nan,nan,nan,nan,nan,nan,nan,nan,1.432887077331542969e+01,4.499545669555664062e+01,4.800009536743164062e+01,3.147897338867187500e+01,2.494775009155273438e+01,2.557512092590332031e+01,3.038443946838378906e+01,nan,nan,nan,nan,nan,nan,nan,nan,nan,nan,nan,nan,nan,nan,nan,nan
nan,nan,nan,nan,nan,nan,nan,nan,nan,nan,nan,nan,nan,nan,nan,nan,nan,nan,nan,nan,nan,nan,nan,nan,nan,nan,nan,2.234842300415039062e+01,2.569023513793945312e+01,2.765926742553710938e+01,2.606447792053222656e+01,1.137914562225341797e+01,5.788832664489746094e+00,5.606304645538330078e+00,-2.831597030162811279e-01,-2.665263175964355469e+00,-8.491956710815429688e+00,-8.322588920593261719e+00,nan,nan,nan,nan,nan,nan,nan,nan,nan,nan,nan,nan,nan,nan,nan,nan,nan,nan,nan,nan,nan,nan,nan,nan,nan,nan,nan,nan,nan,nan,nan,nan,nan,nan,nan,nan,nan,nan,nan,nan,nan,nan,nan,nan,nan,nan,nan,nan,nan,nan,nan,nan,nan,nan,nan,nan,nan,nan,nan,nan,nan,nan,nan,nan,9.154039382934570312e+00,4.174347305297851562e+01,4.228092575073242188e+01,3.860973739624023438e+01,3.364702606201171875e+01,2.717816162109375000e+01,nan,nan,nan,nan,nan,nan,nan,nan,nan,nan,nan,nan,nan,nan,nan,nan,nan
nan,nan,nan,nan,nan,nan,nan,nan,nan,nan,nan,nan,nan,nan,nan,nan,nan,nan,nan,nan,nan,nan,nan,nan,nan,nan,nan,nan,nan,2.663666915893554688e+01,2.582118225097656250e+01,2.554469108581542969e+01,1.314713859558105469e+01,7.664027690887451172e+00,7.585081577301025391e+00,-2.582682132720947266e+00,-9.811909675598144531e+00,-9.256460189819335938e+00,nan,nan,-1.295324134826660156e+01,nan,nan,nan,nan,nan,nan,nan,nan,nan,nan,nan,nan,nan,nan,nan,nan,nan,nan,nan,nan,nan,nan,nan,nan,nan,nan,nan,nan,nan,nan,nan,nan,nan,nan,nan,nan,nan,nan,nan,nan,nan,nan,nan,nan,nan,nan,nan,nan,nan,nan,nan,nan,nan,nan,nan,nan,nan,nan,nan,1.722406578063964844e+01,3.273149967193603516e+00,1.101772403717041016e+01,2.875332450866699219e+01,3.281013870239257812e+01,3.682234573364257812e+01,3.341995239257812500e+01,nan,nan,nan,nan,nan,nan,nan,nan,nan,nan,nan,nan,nan,nan,nan,nan,nan,nan
nan,nan,nan,nan,nan,nan,nan,nan,nan,nan,nan,nan,nan,nan,nan,nan,nan,nan,nan,nan,nan,nan,nan,nan,nan,nan,nan,nan,nan,nan,1.575055313110351562e+01,2.827567672729492188e+01,1.868066596984863281e+01,8.176954269409179688e+00,5.205977916717529297e+00,1.697939991950988770e+00,-4.620157718658447266e+00,-7.020353794097900391e+00,-9.173105239868164062e+00,-1.479076862335205078e+01,-1.145489120483398438e+01,-1.432464408874511719e+01,nan,nan,nan,nan,nan,nan,nan,nan,nan,nan,nan,nan,nan,nan,nan,nan,nan,nan,nan,nan,nan,nan,nan,nan,nan,nan,nan,nan,nan,nan,nan,nan,nan,nan,nan,nan,nan,nan,nan,nan,nan,nan,nan,nan,nan,nan,nan,nan,nan,nan,nan,nan,nan,nan,nan,nan,nan,nan,1.619467616081237793e+00,6.288416862487792969e+00,7.214324474334716797e+00,2.159905815124511719e+01,2.942669868469238281e+01,3.241540145874023438e+01,2.981033706665039062e+01,nan,nan,nan,nan,nan,nan,nan,nan,nan,nan,nan,nan,nan,nan,nan,nan,nan,nan
nan,nan,nan,nan,nan,nan,nan,nan,nan,nan,nan,nan,nan,nan,nan,nan,nan,nan,nan,nan,nan,nan,nan,nan,nan,nan,nan,nan,nan,nan,nan,1.229739189147949219e+01,1.583861064910888672e+01,8.276638984680175781e+00,4.279748439788818359e+00,1.703611493110656738e+00,-2.098668813705444336e+00,-9.722859382629394531e+00,-1.562339496612548828e+01,-1.832527542114257812e+01,-1.779832077026367188e+01,-1.765021514892578125e+01,-1.478190231323242188e+01,nan,nan,nan,nan,nan,nan,nan,nan,nan,nan,nan,nan,nan,nan,nan,nan,nan,nan,nan,nan,nan,nan,nan,nan,nan,nan,nan,nan,nan,nan,nan,nan,nan,nan,nan,nan,nan,nan,nan,nan,nan,nan,nan,nan,nan,nan,nan,nan,nan,nan,nan,nan,nan,nan,nan,1.020092296600341797e+01,1.439700889587402344e+01,6.000072956085205078e+00,6.203526496887207031e+00,8.496184349060058594e+00,3.220751953125000000e+01,2.890642929077148438e+01,3.071367263793945312e+01,2.957895278930664062e+01,nan,nan,nan,nan,nan,nan,nan,nan,nan,nan,nan,nan,nan,nan,nan,nan,nan,nan
nan,nan,nan,nan,nan,nan,nan,nan,nan,nan,nan,nan,nan,nan,nan,nan,nan,nan,nan,nan,nan,nan,nan,nan,nan,nan,nan,nan,nan,nan,nan,nan,8.485381126403808594e+00,8.930814743041992188e+00,3.523971796035766602e+00,-1.780973196029663086e+00,-5.128595352172851562e+00,-6.990938186645507812e+00,-1.688935279846191406e+01,-2.033461380004882812e+01,-1.423240089416503906e+01,-1.688453483581542969e+01,-1.930484580993652344e+01,-1.547751235961914062e+01,-5.966288089752197266e+00,-3.316193103790283203e+00,-1.139587116241455078e+01,nan,nan,nan,nan,-7.401976108551025391e+00,-7.538416385650634766e+00,nan,nan,-1.209636116027832031e+01,-1.890691041946411133e+00,-1.696895027160644531e+01,-1.943289566040039062e+01,-2.198960304260253906e+01,-2.397017097473144531e+01,nan,nan,nan,nan,nan,nan,nan,nan,nan,nan,nan,nan,nan,nan,nan,nan,nan,nan,nan,nan,nan,nan,nan,nan,nan,nan,nan,nan,nan,nan,nan,nan,nan,nan,nan,nan,nan,1.012430286407470703e+01,1.424045085906982422e+01,1.336865139007568359e+01,1.848983192443847656e+01,2.175287246704101562e+01,2.737917900085449219e+01,2.973586273193359375e+01,2.779208755493164062e+01,2.768894195556640625e+01,nan,nan,nan,nan,nan,nan,nan,nan,nan,nan,nan,nan,nan,nan,nan,nan,nan,nan
nan,nan,nan,nan,nan,nan,nan,nan,nan,nan,nan,nan,nan,nan,nan,nan,nan,nan,nan,nan,nan,nan,nan,nan,nan,nan,nan,nan,nan,nan,nan,nan,7.914010047912597656e+00,1.285768127441406250e+01,7.225349903106689453e+00,-7.075650691986083984e-01,-3.739879846572875977e+00,-5.028845310211181641e+00,-1.664234733581542969e+01,-1.938285636901855469e+01,-1.703629112243652344e+01,-1.869964027404785156e+01,-1.927432823181152344e+01,-1.829180145263671875e+01,-1.318467235565185547e+01,-9.041496276855468750e+00,-3.275643110275268555e+00,-5.996420860290527344e+00,-8.482587933540344238e-01,-8.787369728088378906e+00,-8.079823493957519531e+00,-2.952294111251831055e+00,-6.318425655364990234e+00,-3.148262739181518555e+00,-7.218588143587112427e-02,-6.772639751434326172e+00,-1.333048152923583984e+01,-1.751359367370605469e+01,-2.144367980957031250e+01,-2.168340682983398438e+01,-5.207861423492431641e+00,-7.895816802978515625e+00,-2.872393226623535156e+01,nan,nan,nan,nan,nan,-2.568308067321777344e+01,nan,nan,nan,nan,nan,nan,nan,nan,nan,nan,nan,nan,nan,nan,nan,nan,nan,nan,nan,nan,nan,nan,nan,nan,nan,nan,nan,nan,nan,nan,6.110879421234130859e+00,1.113941955566406250e+01,1.760337638854980469e+01,2.812254333496093750e+01,1.829159736633300781e+01,2.210056495666503906e+01,2.540666007995605469e+01,nan,nan,nan,nan,nan,nan,nan,nan,nan,nan,nan,nan,nan,nan,nan,nan,nan,nan,nan
nan,nan,nan,nan,nan,nan,nan,nan,nan,nan,nan,nan,nan,nan,nan,nan,nan,nan,nan,nan,nan,nan,nan,nan,nan,nan,nan,nan,nan,nan,nan,nan,nan,nan,1.153897762298583984e+01,5.533177375793457031e+00,-4.602278232574462891e+00,-7.798309326171875000e-01,-4.120011806488037109e+00,-1.549293708801269531e+01,-1.489778327941894531e+01,-1.936504173278808594e+01,-1.502343082427978516e+01,-1.187675952911376953e+01,-1.534637260437011719e+01,-1.427336502075195312e+01,-1.130838394165039062e+01,-1.154909038543701172e+01,-1.090986347198486328e+01,-9.019651412963867188e+00,-8.818554878234863281e+00,-6.909217357635498047e+00,-7.190454006195068359e+00,-4.718842506408691406e+00,-5.359620571136474609e+00,-9.632528305053710938e+00,-1.693414306640625000e+01,-2.404061508178710938e+01,-2.114411354064941406e+01,-3.628849411010742188e+01,-3.744377517700195312e+01,-1.976036453247070312e+01,-1.967683219909667969e+01,-2.551670646667480469e+01,-1.680513572692871094e+01,-1.351650714874267578e+01,-2.947165679931640625e+01,-2.843920898437500000e+01,-2.657059669494628906e+01,nan,nan,nan,nan,nan,nan,nan,nan,nan,nan,nan,nan,nan,nan,nan,nan,nan,nan,nan,nan,nan,nan,nan,nan,nan,nan,nan,nan,nan,9.104413986206054688e+00,-1.821282982826232910e+00,1.459008216857910156e+01,1.724237632751464844e+01,3.221561050415039062e+01,1.886488342285156250e+01,2.371822357177734375e+01,nan,nan,nan,nan,nan,nan,nan,nan,nan,nan,nan,nan,nan,nan,nan,nan,nan,nan,nan,nan
nan,nan,nan,nan,nan,nan,nan,nan,nan,nan,nan,nan,nan,nan,nan,nan,nan,nan,nan,nan,nan,nan,nan,nan,nan,nan,nan,nan,nan,nan,nan,nan,nan,nan,1.186519813537597656e+01,1.113543987274169922e+01,-1.357352137565612793e+00,1.382515549659729004e+00,1.280956029891967773e+00,-1.391119861602783203e+01,-1.309883689880371094e+01,-1.840323448181152344e+01,-1.728753280639648438e+01,-1.088351535797119141e+01,-1.533902263641357422e+01,-1.516381168365478516e+01,-1.446142864227294922e+01,-1.196120452880859375e+01,-1.361406135559082031e+01,-9.889266014099121094e+00,-1.002530002593994141e+01,-5.713743209838867188e+00,-7.522874832153320312e+00,-9.758023262023925781e+00,-7.290771484375000000e+00,-1.124888229370117188e+01,-1.782532310485839844e+01,-2.091658401489257812e+01,-2.307134628295898438e+01,-2.693624877929687500e+01,-3.106534767150878906e+01,-3.276092529296875000e+01,-3.219030380249023438e+01,-3.729933166503906250e+01,-3.595465087890625000e+01,-2.313994598388671875e+01,-2.177865600585937500e+01,nan,nan,nan,nan,nan,nan,nan,nan,nan,nan,nan,nan,nan,nan,nan,nan,nan,nan,nan,nan,nan,nan,nan,nan,nan,nan,nan,nan,nan,nan,nan,1.277634143829345703e+01,1.118898010253906250e+01,nan,nan,1.998211097717285156e+01,3.486478805541992188e+01,2.432514381408691406e+01,nan,nan,nan,nan,nan,nan,nan,nan,nan,nan,nan,nan,nan,nan,nan,nan,nan,nan,nan,nan
nan,nan,nan,nan,nan,nan,nan,nan,nan,nan,nan,nan,nan,nan,nan,nan,nan,nan,nan,nan,nan,nan,nan,nan,nan,nan,nan,nan,nan,nan,nan,nan,nan,nan,8.721611976623535156e+00,5.416509628295898438e+00,9.257060009986162186e-04,-1.944223284721374512e+00,-4.436855316162109375e+00,-9.537221908569335938e+00,-1.184657764434814453e+01,-1.354894828796386719e+01,-1.163775253295898438e+01,-1.765005111694335938e+01,-1.863211441040039062e+01,-1.717158317565917969e+01,-1.398679065704345703e+01,-1.236803245544433594e+01,-1.216026592254638672e+01,-9.935534477233886719e+00,-6.847615242004394531e+00,-8.208326339721679688e+00,-8.760499000549316406e+00,-9.636610031127929688e+00,-1.176348400115966797e+01,-1.109599018096923828e+01,-1.368719577789306641e+01,-2.136172866821289062e+01,-2.488242149353027344e+01,-2.871247863769531250e+01,-3.365876770019531250e+01,-4.275025558471679688e+01,-3.963215255737304688e+01,-4.118332290649414062e+01,-3.732968902587890625e+01,-3.466952133178710938e+01,-3.172991943359375000e+01,-1.887141036987304688e+01,nan,nan,nan,nan,nan,nan,nan,nan,nan,nan,nan,nan,nan,nan,nan,nan,nan,nan,nan,nan,nan,nan,nan,nan,nan,nan,nan,nan,nan,2.133013010025024414e+00,9.632772445678710938e+00,9.426692008972167969e+00,nan,nan,nan,nan,2.502997398376464844e+01,nan,nan,nan,nan,nan,nan,nan,nan,nan,nan,nan,nan,nan,nan,nan,nan,nan,nan,nan,nan
nan,nan,nan,nan,nan,nan,nan,nan,nan,nan,nan,nan,nan,nan,nan,nan,nan,nan,nan,nan,nan,nan,nan,nan,nan,nan,nan,nan,nan,nan,nan,nan,8.404332160949707031e+00,1.350565910339355469e+01,1.156965732574462891e+01,7.765831470489501953e+00,1.746131777763366699e+00,-4.376808643341064453e+00,-5.893471240997314453e+00,-1.127450084686279297e+01,-1.505886936187744141e+01,-1.160821723937988281e+01,-1.382195949554443359e+01,-1.542976665496826172e+01,-1.338621616363525391e+01,-1.185413932800292969e+01,-1.291613864898681641e+01,-1.131487560272216797e+01,-1.012819194793701172e+01,-6.333979129791259766e+00,-7.104902267456054688e+00,-9.121584892272949219e+00,-9.440369606018066406e+00,-8.364665031433105469e+00,-8.564353942871093750e+00,-1.015418720245361328e+01,-1.333880424499511719e+01,-1.834426116943359375e+01,-2.578357315063476562e+01,-3.012478065490722656e+01,-4.367691040039062500e+01,-4.482719421386718750e+01,-4.138692092895507812e+01,-4.225180053710937500e+01,-4.389389419555664062e+01,-4.250218963623046875e+01,-3.239053726196289062e+01,-1.244804000854492188e+01,-2.554074668884277344e+01,nan,nan,nan,nan,nan,nan,nan,nan,nan,nan,nan,nan,nan,nan,nan,nan,nan,nan,nan,nan,nan,nan,nan,nan,nan,nan,3.587734937667846680e+00,3.776965379714965820e+00,2.550651550292968750e+00,3.436414480209350586e+00,nan,nan,nan,nan,nan,nan,nan,nan,nan,nan,nan,nan,nan,nan,nan,nan,nan,nan,nan,nan,nan,nan,nan,nan,nan,nan
nan,nan,nan,nan,nan,nan,nan,nan,nan,nan,nan,nan,nan,nan,nan,nan,nan,nan,nan,nan,nan,nan,nan,nan,nan,nan,nan,nan,nan,nan,nan,nan,nan,1.673373031616210938e+01,9.225458145141601562e+00,9.504241943359375000e+00,6.640814781188964844e+00,1.281075716018676758e+00,-6.424233913421630859e+00,-8.710447311401367188e+00,-1.227893161773681641e+01,-1.448640251159667969e+01,-1.553549194335937500e+01,-1.436747264862060547e+01,-1.154902458190917969e+01,-1.174600315093994141e+01,-1.040104579925537109e+01,-1.081942939758300781e+01,-9.380482673645019531e+00,-6.497744083404541016e+00,-7.517188072204589844e+00,-1.098954010009765625e+01,-1.249118232727050781e+01,-9.415122032165527344e+00,-9.218386650085449219e+00,-1.361960220336914062e+01,-1.518546581268310547e+01,-2.282378959655761719e+01,-3.230269622802734375e+01,-3.368505477905273438e+01,-4.662527465820312500e+01,-4.139424133300781250e+01,-3.072204208374023438e+01,-3.876523208618164062e+01,-4.379108047485351562e+01,-3.699045944213867188e+01,-3.744504547119140625e+01,-8.868535041809082031e+00,nan,nan,nan,nan,nan,nan,nan,nan,nan,nan,nan,nan,nan,nan,nan,nan,nan,nan,nan,nan,nan,nan,nan,nan,nan,nan,nan,nan,3.868422508239746094e+00,5.615641117095947266e+00,3.970776319503784180e+00,nan,nan,nan,nan,nan,nan,nan,nan,nan,nan,nan,nan,nan,nan,nan,nan,nan,nan,nan,nan,nan,nan,nan,nan,nan,nan
nan,nan,nan,nan,nan,nan,nan,nan,nan,nan,nan,nan,nan,nan,nan,nan,nan,nan,nan,nan,nan,nan,nan,nan,nan,nan,nan,nan,nan,nan,nan,nan,nan,9.734028816223144531e+00,1.165755653381347656e+01,1.108187103271484375e+01,6.107236862182617188e+00,3.218303680419921875e+00,-5.899209022521972656e+00,-9.571475028991699219e+00,-1.166173744201660156e+01,-1.326340579986572266e+01,-1.692589187622070312e+01,-1.346195602416992188e+01,-9.888259887695312500e+00,-9.390279769897460938e+00,-8.091770172119140625e+00,-8.201308250427246094e+00,-8.781682014465332031e+00,-7.086154937744140625e+00,-5.775211811065673828e+00,-1.287710666656494141e+01,-8.850961685180664062e+00,-8.833607673645019531e+00,-1.213178730010986328e+01,-1.505298137664794922e+01,-1.716701316833496094e+01,-2.136426734924316406e+01,-2.453432083129882812e+01,-3.582776641845703125e+01,-3.705122375488281250e+01,-4.349313354492187500e+01,-1.317631149291992188e+01,-3.687366485595703125e+01,-5.280987167358398438e+01,-3.738346481323242188e+01,-1.924495887756347656e+01,nan,nan,nan,nan,nan,nan,nan,nan,nan,nan,nan,nan,nan,nan,nan,nan,nan,nan,nan,nan,nan,nan,nan,nan,nan,nan,nan,nan,4.691139698028564453e+00,3.788712739944458008e+00,-3.359106063842773438e+00,3.711141824722290039e+00,nan,nan,nan,nan,nan,nan,nan,nan,nan,nan,nan,nan,nan,nan,nan,nan,nan,nan,nan,nan,nan,nan,nan,nan,nan,nan
nan,nan,nan,nan,nan,nan,nan,nan,nan,nan,nan,nan,nan,nan,nan,nan,nan,nan,nan,nan,nan,nan,nan,nan,nan,nan,nan,nan,nan,nan,nan,nan,nan,9.838543891906738281e+00,7.272154808044433594e+00,1.284300136566162109e+01,6.989153385162353516e+00,-8.030275344848632812e+00,-6.948360919952392578e+00,-9.978389739990234375e+00,-1.333471012115478516e+01,-1.539849376678466797e+01,-1.434117126464843750e+01,-1.285987472534179688e+01,-1.016045475006103516e+01,-1.020168590545654297e+01,-8.631055831909179688e+00,-9.896904945373535156e+00,-6.187724590301513672e+00,-3.790638685226440430e+00,-4.146556377410888672e+00,-6.623151779174804688e+00,-7.911341190338134766e+00,-8.697031021118164062e+00,-1.430246067047119141e+01,-2.039208221435546875e+01,-2.080877685546875000e+01,-1.862622070312500000e+01,-2.218778991699218750e+01,-2.561050987243652344e+01,-3.368524169921875000e+01,-2.195735931396484375e+01,-1.073855236172676086e-01,-2.679569959640502930e+00,-2.302925682067871094e+01,1.452955150604248047e+01,-2.168385505676269531e+01,nan,nan,nan,nan,nan,nan,nan,nan,nan,nan,nan,nan,nan,nan,nan,nan,nan,nan,nan,nan,nan,nan,nan,nan,nan,nan,nan,8.062941551208496094e+00,4.920902252197265625e+00,2.843457460403442383e+00,-2.632090568542480469e+00,nan,nan,nan,nan,nan,nan,nan,nan,nan,nan,nan,nan,nan,nan,nan,nan,nan,nan,nan,nan,nan,nan,nan,nan,nan,nan,nan
nan,nan,nan,nan,nan,nan,nan,nan,nan,nan,nan,nan,nan,nan,nan,nan,nan,nan,nan,nan,nan,nan,nan,nan,nan,nan,nan,nan,nan,nan,nan,nan,nan,2.940196752548217773e+00,5.500584602355957031e+00,8.154349327087402344e+00,1.328230261802673340e+00,-3.955261707305908203e+00,-1.088610076904296875e+01,-1.112714385986328125e+01,-1.258716678619384766e+01,-1.550954246520996094e+01,-1.185949230194091797e+01,-6.429532527923583984e+00,-1.107697868347167969e+01,-9.531002044677734375e+00,-6.222243309020996094e+00,-7.445868015289306641e+00,-5.416945457458496094e+00,-5.087213516235351562e+00,-4.136864662170410156e+00,-6.502916336059570312e+00,-9.648496627807617188e+00,-9.705947875976562500e+00,-1.034691429138183594e+01,-1.276019477844238281e+01,-2.202517127990722656e+01,-2.018283271789550781e+01,-1.948620414733886719e+01,-2.148204803466796875e+01,-2.596894073486328125e+01,-4.231676101684570312e+00,-4.000777244567871094e+00,2.416627883911132812e+00,-4.837042093276977539e-02,2.189715385437011719e+01,nan,nan,nan,nan,nan,nan,nan,nan,nan,nan,nan,nan,nan,nan,nan,nan,nan,nan,nan,nan,nan,nan,nan,nan,nan,nan,nan,nan,1.113219165802001953e+01,9.401050567626953125e+00,7.289925575256347656e+00,nan,nan,nan,nan,nan,nan,nan,nan,nan,nan,nan,nan,nan,nan,nan,nan,nan,nan,nan,nan,nan,nan,nan,nan,nan,nan,nan,nan
nan,nan,nan,nan,nan,nan,nan,nan,nan,nan,nan,nan,nan,nan,nan,nan,nan,nan,nan,nan,nan,nan,nan,nan,nan,nan,nan,nan,nan,nan,nan,nan,nan,1.035103702545166016e+01,7.856697082519531250e+00,1.003650784492492676e+00,-1.478351354598999023e+00,-3.470345020294189453e+00,-1.137361526489257812e+01,-1.024792671203613281e+01,-1.429991436004638672e+01,-1.415123271942138672e+01,-9.886361122131347656e+00,-7.820809841156005859e+00,-3.831739425659179688e+00,-4.801217079162597656e+00,-1.824199676513671875e+00,-3.756058216094970703e+00,-6.050179004669189453e+00,-7.226032257080078125e+00,-1.134007549285888672e+01,-1.144217014312744141e+01,-9.501155853271484375e+00,-9.855106353759765625e+00,-1.127059650421142578e+01,-1.154899311065673828e+01,-1.833717155456542969e+01,-1.813602828979492188e+01,-1.920748138427734375e+01,-1.739096641540527344e+01,-1.677581214904785156e+01,-5.330526351928710938e+00,-7.710674762725830078e+00,-2.323457956314086914e+00,6.259536266326904297e+00,-1.870544242858886719e+01,-1.806063079833984375e+01,nan,nan,nan,nan,nan,nan,nan,nan,nan,nan,nan,nan,nan,nan,nan,nan,nan,nan,nan,nan,nan,nan,nan,nan,1.762216377258300781e+01,nan,nan,1.378338146209716797e+01,1.211503791809082031e+01,nan,nan,nan,nan,nan,nan,nan,nan,nan,nan,nan,nan,nan,nan,nan,nan,nan,nan,nan,nan,nan,nan,nan,nan,nan,nan,nan,nan,nan
nan,nan,nan,nan,nan,nan,nan,nan,nan,nan,nan,nan,nan,nan,nan,nan,nan,nan,nan,nan,nan,nan,nan,nan,nan,nan,nan,nan,nan,nan,nan,nan,nan,5.876761436462402344e+00,7.955894947052001953e+00,1.696736067533493042e-01,3.635452508926391602e+00,-2.316407203674316406e+00,-4.282503128051757812e+00,-6.913477897644042969e+00,-9.037864685058593750e+00,-1.243763256072998047e+01,-1.097149848937988281e+01,-3.760920763015747070e+00,-2.647809982299804688e+00,-5.180056095123291016e+00,-4.408526420593261719e+00,-2.028927803039550781e+00,-4.201954364776611328e+00,-8.419696807861328125e+00,-1.181432056427001953e+01,-1.092246818542480469e+01,-5.432532310485839844e+00,-6.037044525146484375e+00,-1.121879673004150391e+01,-1.293898773193359375e+01,-1.738136291503906250e+01,-1.719096374511718750e+01,-1.936072921752929688e+01,-2.095570755004882812e+01,-1.677815246582031250e+01,-1.204246139526367188e+01,-2.961499404907226562e+01,-1.559444904327392578e+01,-3.917824935913085938e+01,-2.140847969055175781e+01,-1.844329071044921875e+01,nan,nan,nan,nan,nan,nan,nan,nan,nan,nan,nan,nan,nan,nan,nan,nan,nan,nan,nan,nan,nan,nan,1.677326774597167969e+01,1.742260169982910156e+01,5.749631881713867188e+00,8.519586563110351562e+00,1.638223266601562500e+01,2.340087318420410156e+01,nan,nan,nan,nan,nan,nan,nan,nan,nan,nan,nan,nan,nan,nan,nan,nan,nan,nan,nan,nan,nan,nan,nan,nan,nan,nan,nan,nan,nan,nan
nan,nan,nan,nan,nan,nan,nan,nan,nan,nan,nan,nan,nan,nan,nan,nan,nan,nan,nan,nan,nan,nan,nan,nan,nan,nan,nan,nan,nan,nan,nan,nan,nan,6.083030700683593750e+00,1.964910864830017090e+00,-2.867181040346622467e-02,-1.031103968620300293e+00,-4.769706726074218750e+00,-6.763503551483154297e+00,-7.576749801635742188e+00,-9.969161987304687500e+00,-1.141384983062744141e+01,-1.250256252288818359e+01,-5.872151851654052734e+00,-7.693251609802246094e+00,-7.985447406768798828e+00,-2.862656593322753906e+00,-5.232987403869628906e+00,-9.466457366943359375e+00,-8.872823715209960938e+00,-8.040635108947753906e+00,-1.151843261718750000e+01,-1.090227222442626953e+01,-6.071194648742675781e+00,-1.046706295013427734e+01,-1.588575458526611328e+01,-1.783417510986328125e+01,-1.496873474121093750e+01,-2.369626045227050781e+01,-1.937339782714843750e+01,-1.894253730773925781e+01,-1.971719551086425781e+01,-3.866355133056640625e+01,-4.103790283203125000e+01,-3.897510910034179688e+01,-2.013323402404785156e+01,-2.130147361755371094e+01,-1.753092384338378906e+01,-1.597995662689208984e+01,nan,nan,nan,nan,nan,nan,nan,nan,nan,nan,nan,nan,nan,nan,nan,nan,nan,nan,1.378613853454589844e+01,nan,1.638704109191894531e+01,1.223769474029541016e+01,2.904074668884277344e+01,2.630176353454589844e+01,2.489791297912597656e+01,1.679098129272460938e+01,nan,nan,nan,nan,nan,nan,nan,nan,nan,nan,nan,nan,nan,nan,nan,nan,nan,nan,nan,nan,nan,nan,nan,nan,nan,nan,nan,nan,nan,nan
nan,nan,nan,nan,nan,nan,nan,nan,nan,nan,nan,nan,nan,nan,nan,nan,nan,nan,nan,nan,nan,nan,nan,nan,nan,nan,nan,nan,nan,nan,nan,nan,nan,1.648726654052734375e+01,8.014849662780761719e+00,-3.234572887420654297e+00,-3.354982614517211914e+00,-7.973118305206298828e+00,-1.579515457153320312e+01,-1.019232749938964844e+01,-8.170392036437988281e+00,-9.518266677856445312e+00,-8.745844841003417969e+00,-5.032238483428955078e+00,-5.587914943695068359e+00,-1.482639789581298828e+00,-4.704438209533691406e+00,-4.835345268249511719e+00,-9.736186981201171875e+00,-9.204603195190429688e+00,-5.827309131622314453e+00,-1.144070339202880859e+01,-1.335227680206298828e+01,-9.838374137878417969e+00,-9.633589744567871094e+00,-9.968932151794433594e+00,-1.380313205718994141e+01,-1.477610206604003906e+01,-2.341181755065917969e+01,-1.710525131225585938e+01,-1.874856758117675781e+01,-3.149157905578613281e+01,-3.411323165893554688e+01,-4.529611206054687500e+01,-2.697373962402343750e+01,-1.794491004943847656e+01,-1.632258415222167969e+01,-1.305316448211669922e+01,-8.998176574707031250e+00,-9.179897308349609375e+00,-1.310175132751464844e+01,-2.289624977111816406e+01,-1.020398044586181641e+01,-6.922051429748535156e+00,nan,nan,nan,nan,nan,nan,nan,5.897814273834228516e+00,4.312914371490478516e+00,7.212599754333496094e+00,nan,nan,1.211532974243164062e+01,1.414813518524169922e+01,nan,1.829455947875976562e+01,2.087260246276855469e+01,2.806079292297363281e+01,2.165548706054687500e+01,1.389031982421875000e+01,nan,nan,nan,nan,nan,nan,nan,nan,nan,nan,nan,nan,nan,nan,nan,nan,nan,nan,nan,nan,nan,nan,nan,nan,nan,nan,nan,nan,nan,nan,nan
nan,nan,nan,nan,nan,nan,nan,nan,nan,nan,nan,nan,nan,nan,nan,nan,nan,nan,nan,nan,nan,nan,nan,nan,nan,nan,nan,nan,nan,nan,nan,nan,nan,1.119724750518798828e+01,9.358911514282226562e+00,-7.591893076896667480e-01,-6.295841693878173828e+00,-8.435989379882812500e+00,-1.457702445983886719e+01,-8.862407684326171875e+00,-5.531923770904541016e+00,-4.207910060882568359e+00,-4.348483085632324219e+00,-2.205389976501464844e+00,-1.471266627311706543e+00,-4.444873809814453125e+00,-2.287977457046508789e+00,-1.680610895156860352e+00,-4.272357940673828125e+00,-8.992583274841308594e+00,-7.604840755462646484e+00,-4.181032180786132812e+00,-1.059816360473632812e+01,-1.012334537506103516e+01,-7.860159397125244141e+00,-1.151951789855957031e+01,-1.456039237976074219e+01,-1.961840057373046875e+01,-1.793798637390136719e+01,-2.510445785522460938e+01,-2.886471557617187500e+01,-3.008599853515625000e+01,-3.271611022949218750e+01,-3.406193923950195312e+01,-4.985052871704101562e+01,-2.783354377746582031e+01,-2.762158393859863281e+00,-8.505145072937011719e+00,-1.061883640289306641e+01,-2.122032356262207031e+01,-1.756305503845214844e+01,-1.398896598815917969e+01,-1.841688513755798340e+00,-1.665700793266296387e+00,6.795579791069030762e-01,4.484571933746337891e+00,3.938921213150024414e+00,3.893536090850830078e+00,1.125106096267700195e+00,5.370072126388549805e-01,9.727167487144470215e-01,6.555727481842041016e+00,2.113620042800903320e-01,6.578307747840881348e-01,nan,1.051274394989013672e+01,7.077110290527343750e+00,3.331837415695190430e+00,1.232639503479003906e+01,2.293325233459472656e+01,2.567219352722167969e+01,1.088387870788574219e+01,1.350230503082275391e+01,1.580523872375488281e+01,nan,nan,nan,nan,nan,nan,nan,nan,nan,nan,nan,nan,nan,nan,nan,nan,nan,nan,nan,nan,nan,nan,nan,nan,nan,nan,nan,nan,nan,nan,nan
nan,nan,nan,nan,nan,nan,nan,nan,nan,nan,nan,nan,nan,nan,nan,nan,nan,nan,nan,nan,nan,nan,nan,nan,nan,nan,nan,nan,nan,nan,nan,nan,nan,1.211369800567626953e+01,4.119422435760498047e+00,-3.761323988437652588e-01,-5.621576309204101562e+00,-2.881783843040466309e-01,-5.432028770446777344e+00,-2.834189414978027344e+00,-2.811403274536132812e+00,-5.313667774200439453e+00,-3.262404203414916992e+00,-8.216435909271240234e-01,-1.044634938240051270e+00,-4.932255268096923828e+00,-4.318812370300292969e+00,-5.666524410247802734e+00,-7.317368507385253906e+00,-7.796808242797851562e+00,-9.157250404357910156e+00,-4.659829139709472656e+00,-6.406261444091796875e+00,-1.311473178863525391e+01,-9.575501441955566406e+00,-1.198305988311767578e+01,-1.314476013183593750e+01,-1.953578948974609375e+01,-1.874128913879394531e+01,-2.301640129089355469e+01,-3.027662277221679688e+01,-3.566367721557617188e+01,-3.548986434936523438e+01,-4.487643432617187500e+01,-5.267924118041992188e+01,-2.715006256103515625e+01,-1.143272590637207031e+01,-5.361842632293701172e+00,-1.591728115081787109e+01,-2.410015106201171875e+01,-1.439004898071289062e+01,-1.088469409942626953e+01,-6.094387531280517578e+00,-4.158574581146240234e+00,-3.868572950363159180e+00,-4.882057756185531616e-02,2.297347307205200195e+00,5.191582679748535156e+00,5.032750129699707031e+00,4.153845310211181641e+00,5.090496063232421875e+00,4.930450439453125000e+00,2.971066713333129883e+00,2.019173383712768555e+00,9.509896278381347656e+00,9.971173286437988281e+00,9.756412506103515625e+00,7.144893169403076172e+00,1.812886238098144531e+01,2.095784568786621094e+01,1.903514480590820312e+01,1.506786346435546875e+01,1.607378387451171875e+01,1.775040435791015625e+01,nan,nan,nan,nan,nan,nan,nan,nan,nan,nan,nan,nan,nan,nan,nan,nan,nan,nan,nan,nan,nan,nan,nan,nan,nan,nan,nan,nan,nan,nan,nan
nan,nan,nan,nan,nan,nan,nan,nan,nan,nan,nan,nan,nan,nan,nan,nan,nan,nan,nan,nan,nan,nan,nan,nan,nan,nan,nan,nan,nan,nan,nan,nan,nan,-7.019907832145690918e-01,2.316414833068847656e+00,-5.289170145988464355e-01,-3.806361556053161621e-01,4.377635121345520020e-01,-4.395985305309295654e-01,4.014142751693725586e-01,-1.159258365631103516e+00,-2.896663188934326172e+00,-6.413057804107666016e+00,-9.125319480895996094e+00,-8.792572617530822754e-01,-7.307523488998413086e-01,-4.090229034423828125e+00,-6.468386650085449219e+00,-8.225605964660644531e+00,-8.861496925354003906e+00,-8.233733177185058594e+00,-7.839731693267822266e+00,-7.224574089050292969e+00,-1.078650093078613281e+01,-9.606733322143554688e+00,-9.830657005310058594e+00,-1.033659172058105469e+01,-1.505579376220703125e+01,-1.961793136596679688e+01,-2.661085510253906250e+01,-3.121800804138183594e+01,-2.174380302429199219e+01,-2.585678482055664062e+01,-4.413757324218750000e+01,-5.083230590820312500e+01,-3.176063728332519531e+01,nan,nan,nan,-2.752118301391601562e+01,-1.785174942016601562e+01,-9.875707626342773438e+00,-9.143033981323242188e+00,-1.081560802459716797e+01,-8.626735687255859375e+00,-2.053262710571289062e+00,3.324897527694702148e+00,5.977314472198486328e+00,9.983183860778808594e+00,4.625951290130615234e+00,6.631833076477050781e+00,1.392083549499511719e+01,6.867083549499511719e+00,1.827654480934143066e+00,8.288871765136718750e+00,1.158378219604492188e+01,1.247283935546875000e+01,2.069453811645507812e+01,9.241000175476074219e+00,2.019686698913574219e+01,1.311260986328125000e+01,6.816138267517089844e+00,1.755188560485839844e+01,nan,nan,nan,nan,nan,nan,nan,nan,nan,nan,nan,nan,nan,nan,nan,nan,nan,nan,nan,nan,nan,nan,nan,nan,nan,nan,nan,nan,nan,nan,nan,nan
nan,nan,nan,nan,nan,nan,nan,nan,nan,nan,nan,nan,nan,nan,nan,nan,nan,nan,nan,nan,nan,nan,nan,nan,nan,nan,nan,nan,nan,nan,nan,nan,nan,-5.709131360054016113e-01,-3.105201482772827148e+00,4.209552705287933350e-01,-1.593415498733520508e+00,8.154135346412658691e-01,4.964163526892662048e-02,-6.445040106773376465e-01,-1.351885437965393066e+00,-3.835630893707275391e+00,-7.287227153778076172e+00,-1.033574867248535156e+01,-9.707043647766113281e+00,-1.003155994415283203e+01,-7.119548797607421875e+00,-8.254936218261718750e+00,-9.581840515136718750e+00,-8.727420806884765625e+00,-7.763373374938964844e+00,-4.590604305267333984e+00,-7.546088695526123047e+00,-1.447663497924804688e+01,-2.044480895996093750e+01,-1.768546676635742188e+01,-1.511042690277099609e+01,-2.253337860107421875e+01,-2.892967605590820312e+01,-3.273693084716796875e+01,-3.239611434936523438e+01,-2.118460083007812500e+01,-2.285115814208984375e+01,-3.997776031494140625e+01,-4.540592956542968750e+01,-4.838884735107421875e+01,-3.690319442749023438e+01,nan,nan,-2.783781433105468750e+01,-2.047102165222167969e+01,-1.394800949096679688e+01,nan,nan,-5.090142250061035156e+00,5.931479930877685547e-01,5.612061977386474609e+00,5.664643764495849609e+00,1.099401760101318359e+01,9.537114143371582031e+00,7.441496849060058594e+00,1.519207000732421875e+01,1.528017044067382812e+01,1.393520545959472656e+01,1.513756275177001953e+01,1.290492534637451172e+01,2.768282890319824219e+01,1.864146423339843750e+01,1.767733764648437500e+01,1.605824851989746094e+01,nan,nan,nan,nan,nan,nan,nan,nan,nan,nan,nan,nan,nan,nan,nan,nan,nan,nan,nan,nan,nan,nan,nan,nan,nan,nan,nan,nan,nan,nan,nan,nan,nan,nan,nan
nan,nan,nan,nan,nan,nan,nan,nan,nan,nan,nan,nan,nan,nan,nan,nan,nan,nan,nan,nan,nan,nan,nan,nan,nan,nan,nan,nan,nan,nan,nan,nan,nan,-2.866606414318084717e-01,-1.610148400068283081e-01,1.280674099922180176e+00,-2.411742210388183594e+00,3.464442193508148193e-01,-3.833068847656250000e+00,-1.795163512229919434e+00,-7.648830413818359375e+00,-7.732344627380371094e+00,-6.882704257965087891e+00,-6.770257472991943359e+00,-1.122205829620361328e+01,-1.508557415008544922e+01,-1.214326763153076172e+01,-8.534744262695312500e+00,-1.391509151458740234e+01,-1.309588146209716797e+01,-1.091580390930175781e+01,-1.165003585815429688e+01,-1.311295700073242188e+01,-1.750266265869140625e+01,-1.832836341857910156e+01,-1.656694602966308594e+01,-1.707554054260253906e+01,-1.959370231628417969e+01,-2.702352523803710938e+01,nan,nan,-3.365179061889648438e+01,-2.972150230407714844e+01,-3.617266845703125000e+01,-4.185279083251953125e+01,-4.506939315795898438e+01,-4.587970352172851562e+01,-3.846215438842773438e+01,-3.577503204345703125e+01,-3.179758834838867188e+01,-2.278255462646484375e+01,-1.799578094482421875e+01,-1.312212848663330078e+01,-9.443250656127929688e+00,nan,-2.048079855740070343e-03,5.634959220886230469e+00,1.375449371337890625e+01,2.977180242538452148e+00,2.794342517852783203e+00,1.085580253601074219e+01,9.957782745361328125e+00,4.687714576721191406e+00,-1.700750589370727539e+00,1.097104835510253906e+01,1.175969600677490234e+01,2.037281227111816406e+01,1.395917892456054688e+01,nan,nan,nan,nan,nan,nan,nan,nan,nan,nan,nan,nan,nan,nan,nan,nan,nan,nan,nan,nan,nan,nan,nan,nan,nan,nan,nan,nan,nan,nan,nan,nan,nan,nan,nan,nan,nan
nan,nan,nan,nan,nan,nan,nan,nan,nan,nan,nan,nan,nan,nan,nan,nan,nan,nan,nan,nan,nan,nan,nan,nan,nan,nan,nan,nan,nan,nan,nan,nan,nan,-8.578215241432189941e-01,-6.057096004486083984e+00,-1.190433621406555176e+00,-2.051501750946044922e+00,-1.913242816925048828e+00,-4.949156284332275391e+00,-1.281487083435058594e+01,-1.090129470825195312e+01,-1.094819927215576172e+01,-5.457599163055419922e+00,-3.030145168304443359e+00,-5.064959049224853516e+00,-1.478634452819824219e+01,-1.855399322509765625e+01,-1.499791049957275391e+01,-2.003324127197265625e+01,-1.698522567749023438e+01,-1.234062671661376953e+01,-1.034214401245117188e+01,-1.589211463928222656e+01,-1.493986511230468750e+01,-1.710772705078125000e+01,-1.514325237274169922e+01,-1.605055236816406250e+01,-1.669833183288574219e+01,-1.411098194122314453e+01,-2.406740951538085938e+01,nan,-3.316767883300781250e+01,-3.284790802001953125e+01,-3.840568923950195312e+01,-4.201408004760742188e+01,-4.432733917236328125e+01,-4.310798645019531250e+01,-3.910672760009765625e+01,-3.386769104003906250e+01,-3.034542083740234375e+01,-3.053148651123046875e+01,-2.245737075805664062e+01,-1.718750000000000000e+01,-1.004385471343994141e+01,nan,nan,5.510928630828857422e+00,1.777452850341796875e+01,8.132231712341308594e+00,8.337377548217773438e+00,9.216260910034179688e+00,1.169527244567871094e+01,7.536144733428955078e+00,5.173185825347900391e+00,1.194694709777832031e+01,1.238050937652587891e+01,nan,nan,nan,nan,nan,nan,nan,nan,nan,nan,nan,nan,nan,nan,nan,nan,nan,nan,nan,nan,nan,nan,nan,nan,nan,nan,nan,nan,nan,nan,nan,nan,nan,nan,nan,nan,nan,nan,nan
nan,nan,nan,nan,nan,nan,nan,nan,nan,nan,nan,nan,nan,nan,nan,nan,nan,nan,nan,nan,nan,nan,nan,nan,nan,nan,nan,nan,nan,nan,nan,nan,nan,nan,-4.760561466217041016e+00,3.170813798904418945e+00,-8.836284875869750977e-01,-2.009701967239379883e+00,-4.468968391418457031e+00,-1.324582004547119141e+01,-1.248757839202880859e+01,-1.248614406585693359e+01,-1.298064804077148438e+01,-4.658976078033447266e+00,nan,nan,-1.043384838104248047e+01,nan,nan,nan,nan,nan,nan,nan,nan,-1.619634246826171875e+01,-2.055560111999511719e+01,-1.642385673522949219e+01,-1.428343296051025391e+01,-1.034932613372802734e+01,-2.846658325195312500e+01,nan,-3.433775329589843750e+01,-4.718368148803710938e+01,-5.060394668579101562e+01,-5.122049331665039062e+01,-4.805523681640625000e+01,-4.527096176147460938e+01,-3.991933441162109375e+01,-3.609228134155273438e+01,-3.155616760253906250e+01,-2.363583183288574219e+01,-1.706618690490722656e+01,-7.760994911193847656e+00,1.246045827865600586e+00,6.183093547821044922e+00,1.493181514739990234e+01,1.240184879302978516e+01,1.692043113708496094e+01,8.956465721130371094e+00,1.914700889587402344e+01,1.316377449035644531e+01,1.450343894958496094e+01,1.892980384826660156e+01,1.374947261810302734e+01,1.292578315734863281e+01,nan,nan,nan,nan,nan,nan,nan,nan,nan,nan,nan,nan,nan,nan,nan,nan,nan,nan,nan,nan,nan,nan,nan,nan,nan,nan,nan,nan,nan,nan,nan,nan,nan,nan,nan,nan,nan,nan,nan
nan,nan,nan,nan,nan,nan,nan,nan,nan,nan,nan,nan,nan,nan,nan,nan,nan,nan,nan,nan,nan,nan,nan,nan,nan,nan,nan,nan,nan,nan,nan,nan,nan,nan,-2.245814561843872070e+00,-8.757475852966308594e+00,1.455350637435913086e+00,5.060361027717590332e-01,-2.939108371734619141e+00,-8.683344841003417969e+00,-1.416635513305664062e+01,-1.101787948608398438e+01,-1.858666992187500000e+01,-9.934023857116699219e+00,-1.044522285461425781e+01,nan,nan,nan,nan,nan,nan,nan,nan,nan,nan,nan,nan,-1.859477615356445312e+01,-2.029858016967773438e+01,-2.386260986328125000e+01,-2.891698837280273438e+01,-3.494641876220703125e+01,-3.941095352172851562e+01,-4.168642044067382812e+01,-5.814747238159179688e+01,-5.350854110717773438e+01,-4.825944519042968750e+01,-4.974362182617187500e+01,-3.039744186401367188e+01,-3.584911346435546875e+01,-3.326385879516601562e+01,-2.856483459472656250e+01,-1.931469535827636719e+01,-1.443362236022949219e+01,-8.676473617553710938e+00,-8.238120675086975098e-01,5.509488582611083984e+00,7.029632568359375000e+00,1.869438743591308594e+01,3.038350486755371094e+01,2.018069458007812500e+01,1.123136520385742188e+01,7.756652832031250000e+00,1.728249740600585938e+01,nan,nan,nan,nan,nan,nan,nan,nan,nan,nan,nan,nan,nan,nan,nan,nan,nan,nan,nan,nan,nan,nan,nan,nan,nan,nan,nan,nan,nan,nan,nan,nan,nan,nan,nan,nan,nan,nan,nan,nan,nan
nan,nan,nan,nan,nan,nan,nan,nan,nan,nan,nan,nan,nan,nan,nan,nan,nan,nan,nan,nan,nan,nan,nan,nan,nan,nan,nan,nan,nan,nan,nan,nan,nan,nan,nan,-3.459440946578979492e+00,-1.830803394317626953e+00,1.739901155233383179e-01,-1.061926269531250000e+01,-1.122623538970947266e+01,nan,nan,nan,nan,nan,nan,nan,nan,nan,nan,nan,nan,nan,nan,nan,nan,nan,nan,nan,nan,nan,nan,nan,nan,-4.236308670043945312e+01,-5.913933563232421875e+01,-5.197856140136718750e+01,-3.343072509765625000e+01,-2.664968872070312500e+01,-3.660161590576171875e+01,-3.512125396728515625e+01,-2.851899528503417969e+01,-2.430967140197753906e+01,-1.484187602996826172e+01,-5.538682937622070312e+00,1.042505145072937012e+00,1.746181869506835938e+01,1.379505348205566406e+01,2.811250686645507812e+01,2.836694526672363281e+01,2.563010215759277344e+01,1.733094596862792969e+01,7.960640907287597656e+00,1.431960773468017578e+01,nan,nan,nan,nan,nan,nan,nan,nan,nan,nan,nan,nan,nan,nan,nan,nan,nan,nan,nan,nan,nan,nan,nan,nan,nan,nan,nan,nan,nan,nan,nan,nan,nan,nan,nan,nan,nan,nan,nan,nan,nan
nan,nan,nan,nan,nan,nan,nan,nan,nan,nan,nan,nan,nan,nan,nan,nan,nan,nan,nan,nan,nan,nan,nan,nan,nan,nan,nan,nan,nan,nan,nan,nan,nan,nan,nan,nan,-4.728733062744140625e+00,-3.008167266845703125e+00,-9.879908561706542969e+00,-7.146534442901611328e+00,nan,nan,nan,nan,nan,nan,nan,nan,nan,nan,nan,nan,nan,nan,nan,nan,nan,nan,nan,nan,nan,nan,nan,nan,nan,-4.140413284301757812e+01,-2.992300033569335938e+01,-2.174523544311523438e+01,-1.516543960571289062e+01,-3.182243919372558594e+01,-4.561674118041992188e+01,-3.192938804626464844e+01,-2.841365814208984375e+01,-1.722223091125488281e+01,1.462580800056457520e+00,9.966373443603515625e+00,1.990354347229003906e+01,2.020259475708007812e+01,2.161205101013183594e+01,2.557164764404296875e+01,1.896178245544433594e+01,1.691190338134765625e+01,nan,nan,nan,nan,nan,nan,nan,nan,nan,nan,nan,nan,nan,nan,nan,nan,nan,nan,nan,nan,nan,nan,nan,nan,nan,nan,nan,nan,nan,nan,nan,nan,nan,nan,nan,nan,nan,nan,nan,nan,nan,nan,nan
nan,nan,nan,nan,nan,nan,nan,nan,nan,nan,nan,nan,nan,nan,nan,nan,nan,nan,nan,nan,nan,nan,nan,nan,nan,nan,nan,nan,nan,nan,nan,nan,nan,nan,nan,nan,nan,-5.502487659454345703e+00,-6.496144294738769531e+00,nan,nan,nan,nan,nan,nan,nan,nan,nan,nan,nan,nan,nan,nan,nan,nan,nan,nan,nan,nan,nan,nan,nan,nan,nan,nan,nan,nan,-3.801998901367187500e+01,nan,nan,nan,-2.176887321472167969e+01,-2.205775642395019531e+01,-1.172356414794921875e+01,-8.230895042419433594e+00,2.200060367584228516e+00,7.523376941680908203e+00,1.355431270599365234e+01,1.694124031066894531e+01,1.659674072265625000e+01,nan,nan,nan,nan,nan,nan,nan,nan,nan,nan,nan,nan,nan,nan,nan,nan,nan,nan,nan,nan,nan,nan,nan,nan,nan,nan,nan,nan,nan,nan,nan,nan,nan,nan,nan,nan,nan,nan,nan,nan,nan,nan,nan,nan,nan
nan,nan,nan,nan,nan,nan,nan,nan,nan,nan,nan,nan,nan,nan,nan,nan,nan,nan,nan,nan,nan,nan,nan,nan,nan,nan,nan,nan,nan,nan,nan,nan,nan,nan,nan,nan,nan,nan,nan,nan,nan,nan,nan,nan,nan,nan,nan,nan,nan,nan,nan,nan,nan,nan,nan,nan,nan,nan,nan,nan,nan,nan,nan,nan,nan,nan,nan,-3.649353790283203125e+01,nan,nan,nan,nan,-1.593375205993652344e+01,nan,nan,nan,nan,nan,nan,nan,nan,nan,nan,nan,nan,nan,nan,nan,nan,nan,nan,nan,nan,nan,nan,nan,nan,nan,nan,nan,nan,nan,nan,nan,nan,nan,nan,nan,nan,nan,nan,nan,nan,nan,nan,nan,nan,nan,nan,nan,nan,nan,nan,nan,nan
nan,nan,nan,nan,nan,nan,nan,nan,nan,nan,nan,nan,nan,nan,nan,nan,nan,nan,nan,nan,nan,nan,nan,nan,nan,nan,nan,nan,nan,nan,nan,nan,nan,nan,nan,nan,nan,nan,nan,nan,nan,nan,nan,nan,nan,nan,nan,nan,nan,nan,nan,nan,nan,nan,nan,nan,nan,nan,nan,nan,nan,nan,nan,nan,nan,nan,nan,nan,nan,nan,nan,nan,nan,nan,nan,nan,nan,nan,nan,nan,nan,nan,nan,nan,nan,nan,nan,nan,nan,nan,nan,nan,nan,nan,nan,nan,nan,nan,nan,nan,nan,nan,nan,nan,nan,nan,nan,nan,nan,nan,nan,nan,nan,nan,nan,nan,nan,nan,nan,nan,nan,nan,nan,nan,nan
nan,nan,nan,nan,nan,nan,nan,nan,nan,nan,nan,nan,nan,nan,nan,nan,nan,nan,nan,nan,nan,nan,nan,nan,nan,nan,nan,nan,nan,nan,nan,nan,nan,nan,nan,nan,nan,nan,nan,nan,nan,nan,nan,nan,nan,nan,nan,nan,nan,nan,nan,nan,nan,nan,nan,nan,nan,nan,nan,nan,nan,nan,nan,nan,nan,nan,nan,nan,nan,nan,nan,nan,nan,nan,nan,nan,nan,nan,nan,nan,nan,nan,nan,nan,nan,nan,nan,nan,nan,nan,nan,nan,nan,nan,nan,nan,nan,nan,nan,nan,nan,nan,nan,nan,nan,nan,nan,nan,nan,nan,nan,nan,nan,nan,nan,nan,nan,nan,nan,nan,nan,nan,nan,nan,nan
nan,nan,nan,nan,nan,nan,nan,nan,nan,nan,nan,nan,nan,nan,nan,nan,nan,nan,nan,nan,nan,nan,nan,nan,nan,nan,nan,nan,nan,nan,nan,nan,nan,nan,nan,nan,nan,nan,nan,nan,nan,nan,nan,nan,nan,nan,nan,nan,nan,nan,nan,nan,nan,nan,nan,nan,nan,nan,nan,nan,nan,nan,nan,nan,nan,nan,nan,nan,nan,nan,nan,nan,nan,nan,nan,nan,nan,nan,nan,nan,nan,nan,nan,nan,nan,nan,nan,nan,nan,nan,nan,nan,nan,nan,nan,nan,nan,nan,nan,nan,nan,nan,nan,nan,nan,nan,nan,nan,nan,nan,nan,nan,nan,nan,nan,nan,nan,nan,nan,nan,nan,nan,nan,nan,nan
nan,nan,nan,nan,nan,nan,nan,nan,nan,nan,nan,nan,nan,nan,nan,nan,nan,nan,nan,nan,nan,nan,nan,nan,nan,nan,nan,nan,nan,nan,nan,nan,nan,nan,nan,nan,nan,nan,nan,nan,nan,nan,nan,nan,nan,nan,nan,nan,nan,nan,nan,nan,nan,nan,nan,nan,nan,nan,nan,nan,nan,nan,nan,nan,nan,nan,nan,nan,nan,nan,nan,nan,nan,nan,nan,nan,nan,nan,nan,nan,nan,nan,nan,nan,nan,nan,nan,nan,nan,nan,nan,nan,nan,nan,nan,nan,nan,nan,nan,nan,nan,nan,nan,nan,nan,nan,nan,nan,nan,nan,nan,nan,nan,nan,nan,nan,nan,nan,nan,nan,nan,nan,nan,nan,nan
nan,nan,nan,nan,nan,nan,nan,nan,nan,nan,nan,nan,nan,nan,nan,nan,nan,nan,nan,nan,nan,nan,nan,nan,nan,nan,nan,nan,nan,nan,nan,nan,nan,nan,nan,nan,nan,nan,nan,nan,nan,nan,nan,nan,nan,nan,nan,nan,nan,nan,nan,nan,nan,nan,nan,nan,nan,nan,nan,nan,nan,nan,nan,nan,nan,nan,nan,nan,nan,nan,nan,nan,nan,nan,nan,nan,nan,nan,nan,nan,nan,nan,nan,nan,nan,nan,nan,nan,nan,nan,nan,nan,nan,nan,nan,nan,nan,nan,nan,nan,nan,nan,nan,nan,nan,nan,nan,nan,nan,nan,nan,nan,nan,nan,nan,nan,nan,nan,nan,nan,nan,nan,nan,nan,nan
nan,nan,nan,nan,nan,nan,nan,nan,nan,nan,nan,nan,nan,nan,nan,nan,nan,nan,nan,nan,nan,nan,nan,nan,nan,nan,nan,nan,nan,nan,nan,nan,nan,nan,nan,nan,nan,nan,nan,nan,nan,nan,nan,nan,nan,nan,nan,nan,nan,nan,nan,nan,nan,nan,nan,nan,nan,nan,nan,nan,nan,nan,nan,nan,nan,nan,nan,nan,nan,nan,nan,nan,nan,nan,nan,nan,nan,nan,nan,nan,nan,nan,nan,nan,nan,nan,nan,nan,nan,nan,nan,nan,nan,nan,nan,nan,nan,nan,nan,nan,nan,nan,nan,nan,nan,nan,nan,nan,nan,nan,nan,nan,nan,nan,nan,nan,nan,nan,nan,nan,nan,nan,nan,nan,nan
nan,nan,nan,nan,nan,nan,nan,nan,nan,nan,nan,nan,nan,nan,nan,nan,nan,nan,nan,nan,nan,nan,nan,nan,nan,nan,nan,nan,nan,nan,nan,nan,nan,nan,nan,nan,nan,nan,nan,nan,nan,nan,nan,nan,nan,nan,nan,nan,nan,nan,nan,nan,nan,nan,nan,nan,nan,nan,nan,nan,nan,nan,nan,nan,nan,nan,nan,nan,nan,nan,nan,nan,nan,nan,nan,nan,nan,nan,nan,nan,nan,nan,nan,nan,nan,nan,nan,nan,nan,nan,nan,nan,nan,nan,nan,nan,nan,nan,nan,nan,nan,nan,nan,nan,nan,nan,nan,nan,nan,nan,nan,nan,nan,nan,nan,nan,nan,nan,nan,nan,nan,nan,nan,nan,nan
nan,nan,nan,nan,nan,nan,nan,nan,nan,nan,nan,nan,nan,nan,nan,nan,nan,nan,nan,nan,nan,nan,nan,nan,nan,nan,nan,nan,nan,nan,nan,nan,nan,nan,nan,nan,nan,nan,nan,nan,nan,nan,nan,nan,nan,nan,nan,nan,nan,nan,nan,nan,nan,nan,nan,nan,nan,nan,nan,nan,nan,nan,nan,nan,nan,nan,nan,nan,nan,nan,nan,nan,nan,nan,nan,nan,nan,nan,nan,nan,nan,nan,nan,nan,nan,nan,nan,nan,nan,nan,nan,nan,nan,nan,nan,nan,nan,nan,nan,nan,nan,nan,nan,nan,nan,nan,nan,nan,nan,nan,nan,nan,nan,nan,nan,nan,nan,nan,nan,nan,nan,nan,nan,nan,nan
nan,nan,nan,nan,nan,nan,nan,nan,nan,nan,nan,nan,nan,nan,nan,nan,nan,nan,nan,nan,nan,nan,nan,nan,nan,nan,nan,nan,nan,nan,nan,nan,nan,nan,nan,nan,nan,nan,nan,nan,nan,nan,nan,nan,nan,nan,nan,nan,nan,nan,nan,nan,nan,nan,nan,nan,nan,nan,nan,nan,nan,nan,nan,nan,nan,nan,nan,nan,nan,nan,nan,nan,nan,nan,nan,nan,nan,nan,nan,nan,nan,nan,nan,nan,nan,nan,nan,nan,nan,nan,nan,nan,nan,nan,nan,nan,nan,nan,nan,nan,nan,nan,nan,nan,nan,nan,nan,nan,nan,nan,nan,nan,nan,nan,nan,nan,nan,nan,nan,nan,nan,nan,nan,nan,nan
nan,nan,nan,nan,nan,nan,nan,nan,nan,nan,nan,nan,nan,nan,nan,nan,nan,nan,nan,nan,nan,nan,nan,nan,nan,nan,nan,nan,nan,nan,nan,nan,nan,nan,nan,nan,nan,nan,nan,nan,nan,nan,nan,nan,nan,nan,nan,nan,nan,nan,nan,nan,nan,nan,nan,nan,nan,nan,nan,nan,nan,nan,nan,nan,nan,nan,nan,nan,nan,nan,nan,nan,nan,nan,nan,nan,nan,nan,nan,nan,nan,nan,nan,nan,nan,nan,nan,nan,nan,nan,nan,nan,nan,nan,nan,nan,nan,nan,nan,nan,nan,nan,nan,nan,nan,nan,nan,nan,nan,nan,nan,nan,nan,nan,nan,nan,nan,nan,nan,nan,nan,nan,nan,nan,nan
nan,nan,nan,nan,nan,nan,nan,nan,nan,nan,nan,nan,nan,nan,nan,nan,nan,nan,nan,nan,nan,nan,nan,nan,nan,nan,nan,nan,nan,nan,nan,nan,nan,nan,nan,nan,nan,nan,nan,nan,nan,nan,nan,nan,nan,nan,nan,nan,nan,nan,nan,nan,nan,nan,nan,nan,nan,nan,nan,nan,nan,nan,nan,nan,nan,nan,nan,nan,nan,nan,nan,nan,nan,nan,nan,nan,nan,nan,nan,nan,nan,nan,nan,nan,nan,nan,nan,nan,nan,nan,nan,nan,nan,nan,nan,nan,nan,nan,nan,nan,nan,nan,nan,nan,nan,nan,nan,nan,nan,nan,nan,nan,nan,nan,nan,nan,nan,nan,nan,nan,nan,nan,nan,nan,nan
nan,nan,nan,nan,nan,nan,nan,nan,nan,nan,nan,nan,nan,nan,nan,nan,nan,nan,nan,nan,nan,nan,nan,nan,nan,nan,nan,nan,nan,nan,nan,nan,nan,nan,nan,nan,nan,nan,nan,nan,nan,nan,nan,nan,nan,nan,nan,nan,nan,nan,nan,nan,nan,nan,nan,nan,nan,nan,nan,nan,nan,nan,nan,nan,nan,nan,nan,nan,nan,nan,nan,nan,nan,nan,nan,nan,nan,nan,nan,nan,nan,nan,nan,nan,nan,nan,nan,nan,nan,nan,nan,nan,nan,nan,nan,nan,nan,nan,nan,nan,nan,nan,nan,nan,nan,nan,nan,nan,nan,nan,nan,nan,nan,nan,nan,nan,nan,nan,nan,nan,nan,nan,nan,nan,nan
nan,nan,nan,nan,nan,nan,nan,nan,nan,nan,nan,nan,nan,nan,nan,nan,nan,nan,nan,nan,nan,nan,nan,nan,nan,nan,nan,nan,nan,nan,nan,nan,nan,nan,nan,nan,nan,nan,nan,nan,nan,nan,nan,nan,nan,nan,nan,nan,nan,nan,nan,nan,nan,nan,nan,nan,nan,nan,nan,nan,nan,nan,nan,nan,nan,nan,nan,nan,nan,nan,nan,nan,nan,nan,nan,nan,nan,nan,nan,nan,nan,nan,nan,nan,nan,nan,nan,nan,nan,nan,nan,nan,nan,nan,nan,nan,nan,nan,nan,nan,nan,nan,nan,nan,nan,nan,nan,nan,nan,nan,nan,nan,nan,nan,nan,nan,nan,nan,nan,nan,nan,nan,nan,nan,nan
nan,nan,nan,nan,nan,nan,nan,nan,nan,nan,nan,nan,nan,nan,nan,nan,nan,nan,nan,nan,nan,nan,nan,nan,nan,nan,nan,nan,nan,nan,nan,nan,nan,nan,nan,nan,nan,nan,nan,nan,nan,nan,nan,nan,nan,nan,nan,nan,nan,nan,nan,nan,nan,nan,nan,nan,nan,nan,nan,nan,nan,nan,nan,nan,nan,nan,nan,nan,nan,nan,nan,nan,nan,nan,nan,nan,nan,nan,nan,nan,nan,nan,nan,nan,nan,nan,nan,nan,nan,nan,nan,nan,nan,nan,nan,nan,nan,nan,nan,nan,nan,nan,nan,nan,nan,nan,nan,nan,nan,nan,nan,nan,nan,nan,nan,nan,nan,nan,nan,nan,nan,nan,nan,nan,nan
nan,nan,nan,nan,nan,nan,nan,nan,nan,nan,nan,nan,nan,nan,nan,nan,nan,nan,nan,nan,nan,nan,nan,nan,nan,nan,nan,nan,nan,nan,nan,nan,nan,nan,nan,nan,nan,nan,nan,nan,nan,nan,nan,nan,nan,nan,nan,nan,nan,nan,nan,nan,nan,nan,nan,nan,nan,nan,nan,nan,nan,nan,nan,nan,nan,nan,nan,nan,nan,nan,nan,nan,nan,nan,nan,nan,nan,nan,nan,nan,nan,nan,nan,nan,nan,nan,nan,nan,nan,nan,nan,nan,nan,nan,nan,nan,nan,nan,nan,nan,nan,nan,nan,nan,nan,nan,nan,nan,nan,nan,nan,nan,nan,nan,nan,nan,nan,nan,nan,nan,nan,nan,nan,nan,nan
nan,nan,nan,nan,nan,nan,nan,nan,nan,nan,nan,nan,nan,nan,nan,nan,nan,nan,nan,nan,nan,nan,nan,nan,nan,nan,nan,nan,nan,nan,nan,nan,nan,nan,nan,nan,nan,nan,nan,nan,nan,nan,nan,nan,nan,nan,nan,nan,nan,nan,nan,nan,nan,nan,nan,nan,nan,nan,nan,nan,nan,nan,nan,nan,nan,nan,nan,nan,nan,nan,nan,nan,nan,nan,nan,nan,nan,nan,nan,nan,nan,nan,nan,nan,nan,nan,nan,nan,nan,nan,nan,nan,nan,nan,nan,nan,nan,nan,nan,nan,nan,nan,nan,nan,nan,nan,nan,nan,nan,nan,nan,nan,nan,nan,nan,nan,nan,nan,nan,nan,nan,nan,nan,nan,nan
