nan,nan,nan,nan,nan,nan,nan,nan,nan,nan,nan,nan,nan,nan,nan,nan,nan,nan,nan,nan,nan,nan,nan,nan,nan,nan,nan,nan,nan,nan,nan,nan,nan,nan,nan,nan,nan,nan,nan,nan,nan,nan,nan,nan,nan,nan,nan,nan,nan,nan,nan,nan,nan,nan,nan,nan,nan,nan,nan,nan,nan,nan,nan,nan,nan,nan,nan,nan,nan,nan,nan,nan,nan,nan,nan,nan,nan,nan,nan,nan,nan,nan,nan,nan,nan,nan,nan,nan,nan,nan,nan,nan,nan,nan,nan,nan,nan,nan,nan,nan,nan,nan,nan,nan,nan,nan,nan,nan,nan,nan,nan,nan,nan,nan,nan,nan,nan,nan,nan,nan,nan,nan,nan,nan,nan
nan,nan,nan,nan,nan,nan,nan,nan,nan,nan,nan,nan,nan,nan,nan,nan,nan,nan,nan,nan,nan,nan,nan,nan,nan,nan,nan,nan,nan,nan,nan,nan,nan,nan,nan,nan,nan,nan,nan,nan,nan,nan,nan,nan,nan,nan,nan,nan,nan,nan,nan,nan,nan,nan,nan,nan,nan,nan,nan,nan,nan,nan,nan,nan,nan,nan,nan,nan,nan,nan,nan,nan,nan,nan,nan,nan,nan,nan,nan,nan,nan,nan,nan,nan,nan,nan,nan,nan,nan,nan,nan,nan,nan,nan,nan,nan,nan,nan,nan,nan,nan,nan,nan,nan,nan,nan,nan,nan,nan,nan,nan,nan,nan,nan,nan,nan,nan,nan,nan,nan,nan,nan,nan,nan,nan
nan,nan,nan,nan,nan,nan,nan,nan,nan,nan,nan,nan,nan,nan,nan,nan,nan,nan,nan,nan,nan,nan,nan,nan,nan,nan,nan,nan,nan,nan,nan,nan,nan,nan,nan,nan,nan,nan,nan,nan,nan,nan,nan,nan,nan,nan,nan,nan,nan,nan,nan,nan,nan,nan,nan,nan,nan,nan,nan,nan,nan,nan,nan,nan,nan,nan,nan,nan,nan,nan,nan,nan,nan,nan,nan,nan,nan,nan,nan,nan,nan,nan,nan,nan,nan,nan,nan,nan,nan,nan,nan,nan,nan,nan,nan,nan,nan,nan,nan,nan,nan,nan,nan,nan,nan,nan,nan,nan,nan,nan,nan,nan,nan,nan,nan,nan,nan,nan,nan,nan,nan,nan,nan,nan,nan
nan,nan,nan,nan,nan,nan,nan,nan,nan,nan,nan,nan,nan,nan,nan,nan,nan,nan,nan,nan,nan,nan,nan,nan,nan,nan,nan,nan,nan,nan,nan,nan,nan,nan,nan,nan,nan,nan,nan,nan,nan,nan,nan,nan,nan,nan,nan,nan,nan,nan,nan,nan,nan,nan,nan,nan,nan,nan,nan,nan,nan,nan,nan,nan,nan,nan,nan,nan,nan,nan,nan,nan,nan,nan,nan,nan,nan,nan,nan,nan,nan,nan,nan,nan,nan,nan,nan,nan,nan,nan,nan,nan,nan,nan,nan,nan,nan,nan,nan,nan,nan,nan,nan,nan,nan,nan,nan,nan,nan,nan,nan,nan,nan,nan,nan,nan,nan,nan,nan,nan,nan,nan,nan,nan,nan
nan,nan,nan,nan,nan,nan,nan,nan,nan,nan,nan,nan,nan,nan,nan,nan,nan,nan,nan,nan,nan,nan,nan,nan,nan,nan,nan,nan,nan,nan,nan,nan,nan,nan,nan,nan,nan,nan,nan,nan,nan,nan,nan,nan,nan,nan,nan,nan,nan,nan,nan,nan,nan,nan,nan,nan,nan,nan,nan,nan,nan,nan,nan,nan,nan,nan,nan,nan,nan,nan,nan,nan,nan,nan,nan,nan,nan,nan,nan,nan,nan,nan,nan,nan,nan,nan,nan,nan,nan,nan,nan,nan,nan,nan,nan,nan,nan,nan,nan,nan,nan,nan,nan,nan,nan,nan,nan,nan,nan,nan,nan,nan,nan,nan,nan,nan,nan,nan,nan,nan,nan,nan,nan,nan,nan
nan,nan,nan,nan,nan,nan,nan,nan,nan,nan,nan,nan,nan,nan,nan,nan,nan,nan,nan,nan,nan,nan,nan,nan,nan,nan,nan,nan,nan,nan,nan,nan,nan,nan,nan,nan,nan,nan,nan,nan,nan,nan,nan,nan,nan,nan,nan,nan,nan,nan,nan,nan,nan,nan,nan,nan,nan,nan,nan,nan,nan,nan,nan,nan,nan,nan,nan,nan,nan,nan,nan,nan,nan,nan,nan,nan,nan,nan,nan,nan,nan,nan,nan,nan,nan,nan,nan,nan,nan,nan,nan,nan,nan,nan,nan,nan,nan,nan,nan,nan,nan,nan,nan,nan,nan,nan,nan,nan,nan,nan,nan,nan,nan,nan,nan,nan,nan,nan,nan,nan,nan,nan,nan,nan,nan
nan,nan,nan,nan,nan,nan,nan,nan,nan,nan,nan,nan,nan,nan,nan,nan,nan,nan,nan,nan,nan,nan,nan,nan,nan,nan,nan,nan,nan,nan,nan,nan,nan,nan,nan,nan,nan,nan,nan,nan,nan,nan,nan,nan,nan,nan,nan,nan,nan,nan,nan,nan,nan,nan,nan,nan,nan,nan,nan,nan,nan,nan,nan,nan,nan,nan,nan,nan,nan,nan,nan,nan,nan,nan,nan,nan,nan,nan,nan,nan,nan,nan,nan,nan,nan,nan,nan,nan,nan,nan,nan,nan,nan,nan,nan,nan,nan,nan,nan,nan,nan,nan,nan,nan,nan,nan,nan,nan,nan,nan,nan,nan,nan,nan,nan,nan,nan,nan,nan,nan,nan,nan,nan,nan,nan
nan,nan,nan,nan,nan,nan,nan,nan,nan,nan,nan,nan,nan,nan,nan,nan,nan,nan,nan,nan,nan,nan,nan,nan,nan,nan,nan,nan,nan,nan,nan,nan,nan,nan,nan,nan,nan,nan,nan,nan,nan,nan,nan,nan,nan,nan,nan,nan,nan,nan,nan,nan,nan,nan,nan,nan,nan,nan,nan,nan,nan,nan,nan,nan,nan,nan,nan,nan,nan,nan,nan,nan,nan,nan,nan,nan,nan,nan,nan,nan,nan,nan,nan,nan,nan,nan,nan,nan,nan,nan,nan,nan,nan,nan,nan,nan,nan,nan,nan,nan,nan,nan,nan,nan,nan,nan,nan,nan,nan,nan,nan,nan,nan,nan,nan,nan,nan,nan,nan,nan,nan,nan,nan,nan,nan
nan,nan,nan,nan,nan,nan,nan,nan,nan,nan,nan,nan,nan,nan,nan,nan,nan,nan,nan,nan,nan,nan,nan,nan,nan,nan,nan,nan,nan,nan,nan,nan,nan,nan,nan,nan,nan,nan,nan,nan,nan,nan,nan,nan,nan,nan,nan,nan,nan,nan,nan,nan,nan,nan,nan,nan,nan,nan,nan,nan,nan,nan,nan,nan,nan,nan,nan,nan,nan,nan,nan,nan,nan,nan,nan,nan,nan,nan,nan,nan,nan,nan,nan,nan,nan,nan,nan,nan,nan,nan,nan,nan,nan,nan,nan,nan,nan,nan,nan,nan,nan,nan,nan,nan,nan,nan,nan,nan,nan,nan,nan,nan,nan,nan,nan,nan,nan,nan,nan,nan,nan,nan,nan,nan,nan
nan,nan,nan,nan,nan,nan,nan,nan,nan,nan,nan,nan,nan,nan,nan,nan,nan,nan,nan,nan,nan,nan,nan,nan,nan,nan,nan,nan,nan,nan,nan,nan,nan,nan,nan,nan,nan,nan,nan,nan,nan,nan,nan,nan,nan,nan,nan,nan,nan,nan,nan,nan,nan,nan,nan,nan,nan,nan,nan,nan,nan,nan,nan,nan,nan,nan,nan,nan,nan,nan,nan,nan,nan,nan,nan,nan,nan,nan,nan,nan,nan,nan,nan,nan,nan,nan,nan,nan,nan,nan,nan,nan,nan,nan,nan,nan,nan,nan,nan,nan,nan,nan,nan,nan,nan,nan,nan,nan,nan,nan,nan,nan,nan,nan,nan,nan,nan,nan,nan,nan,nan,nan,nan,nan,nan
nan,nan,nan,nan,nan,nan,nan,nan,nan,nan,nan,nan,nan,nan,nan,nan,nan,nan,nan,nan,nan,nan,nan,nan,nan,nan,nan,nan,nan,nan,nan,nan,nan,nan,nan,nan,nan,nan,nan,nan,nan,nan,nan,nan,nan,nan,nan,nan,nan,nan,nan,nan,nan,nan,nan,nan,nan,nan,nan,nan,nan,nan,nan,nan,nan,nan,nan,nan,nan,nan,nan,nan,nan,nan,nan,nan,nan,nan,nan,nan,nan,nan,nan,nan,nan,nan,nan,nan,nan,nan,nan,nan,nan,nan,nan,nan,nan,nan,nan,nan,nan,nan,nan,nan,nan,nan,nan,nan,nan,nan,nan,nan,nan,nan,nan,nan,nan,nan,nan,nan,nan,nan,nan,nan,nan
nan,nan,nan,nan,nan,nan,nan,nan,nan,nan,nan,nan,nan,nan,nan,nan,nan,nan,nan,nan,nan,nan,nan,nan,nan,nan,nan,nan,nan,nan,nan,nan,nan,nan,nan,nan,nan,nan,nan,nan,nan,nan,nan,nan,nan,nan,nan,nan,nan,nan,nan,nan,nan,nan,nan,nan,nan,nan,nan,nan,nan,nan,nan,nan,nan,nan,nan,nan,nan,nan,nan,nan,nan,nan,nan,nan,nan,nan,nan,nan,nan,nan,nan,nan,nan,nan,nan,nan,nan,nan,nan,nan,nan,nan,nan,nan,nan,nan,nan,nan,nan,nan,nan,nan,nan,nan,nan,nan,nan,nan,nan,nan,nan,nan,nan,nan,nan,nan,nan,nan,nan,nan,nan,nan,nan
nan,nan,nan,nan,nan,nan,nan,nan,nan,nan,nan,nan,nan,nan,nan,nan,nan,nan,nan,nan,nan,nan,nan,nan,nan,nan,nan,nan,nan,nan,nan,nan,nan,nan,nan,nan,nan,nan,nan,nan,nan,nan,nan,nan,nan,nan,nan,nan,nan,nan,nan,nan,nan,nan,nan,nan,nan,nan,nan,nan,nan,nan,nan,nan,nan,nan,nan,nan,nan,nan,nan,nan,nan,nan,nan,nan,nan,nan,nan,nan,nan,nan,nan,nan,nan,nan,nan,nan,nan,nan,nan,nan,nan,nan,nan,nan,nan,nan,nan,nan,nan,nan,nan,nan,nan,nan,nan,nan,nan,nan,nan,nan,nan,nan,nan,nan,nan,nan,nan,nan,nan,nan,nan,nan,nan
nan,nan,nan,nan,nan,nan,nan,nan,nan,nan,nan,nan,nan,nan,nan,nan,nan,nan,nan,nan,nan,nan,nan,nan,nan,nan,nan,nan,nan,nan,nan,nan,nan,nan,nan,nan,nan,nan,nan,nan,nan,nan,nan,nan,nan,nan,nan,nan,nan,nan,nan,nan,nan,nan,nan,nan,nan,6.090753078460693359e+00,nan,nan,nan,nan,nan,nan,nan,nan,nan,nan,nan,nan,nan,nan,nan,nan,nan,nan,nan,nan,nan,nan,nan,nan,nan,nan,nan,nan,nan,nan,nan,nan,nan,nan,nan,nan,nan,nan,nan,nan,nan,nan,nan,nan,nan,nan,nan,nan,nan,nan,nan,nan,nan,nan,nan,nan,nan,nan,nan,nan,nan,nan,nan,nan,nan,nan,nan
nan,nan,nan,nan,nan,nan,nan,nan,nan,nan,nan,nan,nan,nan,nan,nan,nan,nan,nan,nan,nan,nan,nan,nan,nan,nan,nan,nan,nan,nan,nan,nan,nan,nan,nan,nan,nan,nan,nan,nan,nan,nan,nan,nan,nan,nan,nan,nan,nan,nan,nan,nan,1.848364830017089844e+01,1.641892242431640625e+01,1.383647060394287109e+01,1.108992576599121094e+01,8.632602691650390625e+00,5.985974311828613281e+00,3.549511671066284180e+00,1.626756548881530762e+00,nan,-1.225830554962158203e+00,1.492967844009399414e+00,-2.387298583984375000e+00,6.056028842926025391e+00,-1.044754028320312500e+00,3.833940982818603516e+00,-6.799034595489501953e+00,2.286619424819946289e+00,-2.968830585479736328e+00,1.486346006393432617e+00,nan,nan,nan,nan,nan,nan,nan,nan,nan,nan,nan,nan,nan,nan,nan,nan,nan,nan,nan,nan,nan,nan,nan,nan,nan,nan,nan,nan,nan,nan,nan,nan,nan,nan,nan,nan,nan,nan,nan,nan,nan,nan,nan,nan,nan,nan,nan,nan,nan,nan,nan,nan,nan,nan
nan,nan,nan,nan,nan,nan,nan,nan,nan,nan,nan,nan,nan,nan,nan,nan,nan,nan,nan,nan,nan,nan,nan,nan,nan,nan,nan,nan,nan,nan,nan,nan,nan,nan,nan,nan,nan,nan,nan,nan,nan,nan,nan,nan,nan,nan,nan,nan,nan,2.197318649291992188e+01,1.446723842620849609e+01,2.571887016296386719e+01,2.130370140075683594e+01,1.370181465148925781e+01,1.376362133026123047e+01,6.358528614044189453e+00,1.317020606994628906e+01,7.269464731216430664e-01,-3.870404243469238281e+00,3.651961088180541992e+00,7.909731388092041016e+00,-3.881316259503364563e-02,-4.619518280029296875e+00,8.746172785758972168e-01,-7.334549427032470703e-01,-2.643899679183959961e+00,-2.127853155136108398e+00,-1.907030701637268066e+00,-3.301815595477819443e-04,-9.390387684106826782e-02,6.547899246215820312e-01,3.556836128234863281e+00,4.895627975463867188e+00,nan,nan,nan,nan,nan,nan,nan,nan,nan,nan,nan,nan,nan,nan,nan,nan,nan,nan,nan,nan,nan,nan,nan,nan,nan,nan,nan,nan,nan,nan,nan,nan,nan,nan,nan,nan,nan,nan,nan,nan,nan,nan,nan,nan,nan,nan,nan,nan,nan,nan,nan,nan
nan,nan,nan,nan,nan,nan,nan,nan,nan,nan,nan,nan,nan,nan,nan,nan,nan,nan,nan,nan,nan,nan,nan,nan,nan,nan,nan,nan,nan,nan,nan,nan,nan,nan,nan,nan,nan,nan,nan,nan,nan,nan,nan,nan,nan,nan,nan,nan,1.903079032897949219e+01,1.252089118957519531e+01,2.115731048583984375e+01,2.045675468444824219e+01,1.868522262573242188e+01,1.769978332519531250e+01,2.083079338073730469e+01,1.955733489990234375e+01,1.463220596313476562e+01,3.264587879180908203e+00,-2.821058273315429688e+00,-1.211210966110229492e+00,8.097853660583496094e+00,-7.614809513092041016e+00,-3.443542242050170898e+00,4.591699123382568359e+00,-9.769376516342163086e-01,-6.539829254150390625e+00,-4.006715774536132812e+00,1.889977931976318359e+00,3.923810422420501709e-01,2.464066267013549805e+00,7.982334136962890625e+00,5.856315135955810547e+00,7.738779544830322266e+00,9.988051414489746094e+00,nan,nan,nan,nan,nan,nan,nan,nan,nan,nan,nan,nan,nan,nan,nan,nan,nan,nan,nan,nan,nan,nan,nan,nan,nan,nan,nan,nan,nan,nan,nan,nan,nan,nan,nan,nan,nan,nan,nan,nan,nan,nan,nan,nan,nan,nan,nan,nan,nan,nan,nan
nan,nan,nan,nan,nan,nan,nan,nan,nan,nan,nan,nan,nan,nan,nan,nan,nan,nan,nan,nan,nan,nan,nan,nan,nan,nan,nan,nan,nan,nan,nan,nan,nan,nan,nan,nan,3.659210968017578125e+01,nan,2.925441360473632812e+01,nan,nan,nan,1.473372173309326172e+01,nan,1.785054969787597656e+01,1.517302703857421875e+01,1.653812980651855469e+01,2.790199470520019531e+01,2.144700813293457031e+01,2.567713737487792969e+01,2.342256164550781250e+01,2.142718315124511719e+01,1.985169792175292969e+01,1.991897201538085938e+01,1.739393424987792969e+01,1.420303153991699219e+01,5.818891048431396484e+00,3.627970933914184570e+00,-6.874619960784912109e+00,1.361761212348937988e+00,5.391034126281738281e+00,-3.290263414382934570e+00,-6.446967124938964844e+00,-1.023695564270019531e+01,-1.298943042755126953e+01,-6.495496749877929688e+00,4.990825176239013672e+00,5.541895389556884766e+00,4.532330036163330078e-01,1.934925317764282227e+00,5.955238819122314453e+00,5.537295341491699219e-01,1.010515785217285156e+01,1.254592037200927734e+01,1.542605495452880859e+01,nan,nan,nan,nan,nan,nan,nan,nan,nan,nan,nan,nan,nan,nan,nan,nan,nan,nan,nan,nan,nan,nan,nan,nan,nan,nan,nan,nan,nan,nan,nan,nan,nan,nan,nan,nan,nan,nan,nan,nan,nan,nan,nan,nan,nan,nan,nan,nan,nan,nan
nan,nan,nan,nan,nan,nan,nan,nan,nan,nan,nan,nan,nan,nan,nan,nan,nan,nan,nan,nan,nan,nan,nan,nan,nan,nan,nan,nan,nan,nan,nan,nan,nan,nan,nan,3.750323867797851562e+01,3.550617980957031250e+01,nan,2.959499549865722656e+01,2.569910049438476562e+01,nan,nan,nan,nan,4.268332958221435547e+00,7.315846920013427734e+00,2.923844146728515625e+01,3.251891708374023438e+01,3.097324180603027344e+01,2.678001785278320312e+01,2.679577636718750000e+01,2.246616935729980469e+01,2.016428565979003906e+01,1.884457588195800781e+01,1.539051342010498047e+01,9.125695228576660156e+00,3.037388801574707031e+00,-1.125151395797729492e+00,5.692360877990722656e+00,-3.720444738864898682e-01,4.701522827148437500e+00,-9.410576224327087402e-01,-5.666792869567871094e+00,-1.723007965087890625e+01,-1.605692291259765625e+01,-5.409654140472412109e+00,9.370344161987304688e+00,7.524557590484619141e+00,3.479118347167968750e+00,-1.936946749687194824e+00,-5.136664390563964844e+00,-4.424987316131591797e+00,7.941649913787841797e+00,1.908231353759765625e+01,1.996438217163085938e+01,1.980187416076660156e+01,nan,nan,nan,nan,nan,nan,nan,nan,nan,nan,nan,nan,nan,nan,nan,nan,nan,nan,nan,nan,nan,nan,nan,nan,nan,nan,nan,nan,nan,nan,nan,nan,nan,nan,nan,nan,nan,nan,nan,nan,nan,nan,nan,nan,nan,nan,nan,nan,nan
nan,nan,nan,nan,nan,nan,nan,nan,nan,nan,nan,nan,nan,nan,nan,nan,nan,nan,nan,nan,nan,nan,nan,nan,nan,nan,nan,nan,nan,nan,nan,nan,nan,nan,nan,4.231229400634765625e+01,4.352737045288085938e+01,3.280148315429687500e+01,nan,2.648052597045898438e+01,2.223669624328613281e+01,1.891945838928222656e+01,-5.271815061569213867e-01,9.244037270545959473e-01,1.269488453865051270e+00,8.708539009094238281e+00,3.094610595703125000e+01,3.330888366699218750e+01,3.387819290161132812e+01,2.919956779479980469e+01,2.431374931335449219e+01,1.962800025939941406e+01,1.888597297668457031e+01,1.858831787109375000e+01,1.248240661621093750e+01,6.626672744750976562e+00,6.470347881317138672e+00,6.425623893737792969e+00,6.145657539367675781e+00,-1.352020621299743652e+00,-3.677416801452636719e+00,-2.943547248840332031e+00,-7.558026313781738281e+00,-7.799035549163818359e+00,-3.560992002487182617e+00,-4.459308147430419922e+00,-3.090388536453247070e+00,1.010161414742469788e-01,1.099114418029785156e+01,1.273605918884277344e+01,-3.733169794082641602e+00,2.254943609237670898e+00,9.463176727294921875e+00,2.576715850830078125e+01,2.473229789733886719e+01,1.977892112731933594e+01,2.019816398620605469e+01,1.936765480041503906e+01,nan,nan,nan,nan,nan,nan,nan,nan,nan,nan,nan,nan,nan,nan,nan,nan,nan,nan,nan,nan,nan,nan,nan,nan,nan,nan,nan,nan,nan,nan,nan,nan,nan,nan,nan,nan,nan,nan,nan,nan,nan,nan,nan,nan,nan,nan,nan
nan,nan,nan,nan,nan,nan,nan,nan,nan,nan,nan,nan,nan,nan,nan,nan,nan,nan,nan,nan,nan,nan,nan,nan,nan,nan,nan,nan,nan,nan,nan,nan,nan,nan,nan,4.645737838745117188e+01,3.930671691894531250e+01,nan,2.531416893005371094e+01,2.850480079650878906e+01,1.818530273437500000e+01,6.687172412872314453e+00,1.474840259552001953e+01,1.096399879455566406e+01,1.418884086608886719e+01,1.863689041137695312e+01,2.693068885803222656e+01,3.127057838439941406e+01,3.029536819458007812e+01,2.751911926269531250e+01,2.452821731567382812e+01,1.906942176818847656e+01,1.883359336853027344e+01,1.768117904663085938e+01,1.134708404541015625e+01,6.121770381927490234e+00,6.961478233337402344e+00,3.619681835174560547e+00,2.242585182189941406e+00,-5.830238819122314453e+00,-9.778274536132812500e+00,-9.412756919860839844e+00,-9.490060806274414062e+00,-6.190677642822265625e+00,-2.736070632934570312e+00,3.656823873519897461e+00,-3.607187747955322266e+00,-5.422975540161132812e+00,-2.078449726104736328e+00,1.504034328460693359e+01,1.804486083984375000e+01,2.254434585571289062e+01,1.545032691955566406e+01,3.133479118347167969e+01,2.256848335266113281e+01,2.000001716613769531e+01,1.855987548828125000e+01,1.673778152465820312e+01,1.336735343933105469e+01,nan,nan,nan,nan,nan,nan,nan,nan,nan,nan,nan,nan,nan,nan,nan,nan,nan,nan,nan,nan,nan,nan,nan,nan,nan,nan,nan,nan,nan,nan,nan,nan,nan,nan,nan,nan,nan,nan,nan,nan,nan,nan,nan,nan,nan,nan
nan,nan,nan,nan,nan,nan,nan,nan,nan,nan,nan,nan,nan,nan,nan,nan,nan,nan,nan,nan,nan,nan,nan,nan,nan,nan,nan,nan,nan,nan,nan,nan,nan,nan,4.226872253417968750e+01,4.305150604248046875e+01,3.821660232543945312e+01,3.599439239501953125e+01,3.395189666748046875e+01,3.069861412048339844e+01,1.382799053192138672e+01,1.623040199279785156e+01,2.340828704833984375e+01,2.596236419677734375e+01,2.114916419982910156e+01,1.952682113647460938e+01,2.320158195495605469e+01,2.630469322204589844e+01,2.662506103515625000e+01,2.657308769226074219e+01,2.321327209472656250e+01,1.959598541259765625e+01,1.768542671203613281e+01,1.435730171203613281e+01,9.667953491210937500e+00,6.645955562591552734e+00,7.575857639312744141e+00,-3.692066431045532227e+00,-9.325912475585937500e+00,-1.091551017761230469e+01,-1.138533878326416016e+01,-7.023812294006347656e+00,-1.189953231811523438e+01,-1.034521293640136719e+01,-1.795706748962402344e+01,-2.206195640563964844e+01,-4.747649669647216797e+00,-1.083887004852294922e+01,6.259596347808837891e+00,3.127082586288452148e+00,1.417188739776611328e+01,2.644814109802246094e+01,3.416617965698242188e+01,3.153891944885253906e+01,2.126527214050292969e+01,1.794562530517578125e+01,1.613548278808593750e+01,1.300196647644042969e+01,8.956940650939941406e+00,4.581357479095458984e+00,nan,nan,nan,nan,nan,nan,nan,nan,nan,nan,nan,nan,nan,nan,nan,nan,nan,nan,nan,nan,nan,nan,nan,nan,nan,nan,nan,nan,nan,nan,nan,nan,nan,nan,nan,nan,nan,nan,nan,nan,nan,nan,nan,nan,nan
nan,nan,nan,nan,nan,nan,nan,nan,nan,nan,nan,nan,nan,nan,nan,nan,nan,nan,nan,nan,nan,nan,nan,nan,nan,nan,nan,nan,nan,nan,nan,nan,3.705951690673828125e+01,2.805592727661132812e+01,4.017090988159179688e+01,3.500747680664062500e+01,3.471849441528320312e+01,3.279235076904296875e+01,3.122441864013671875e+01,2.928490066528320312e+01,2.634825325012207031e+01,2.382477569580078125e+01,2.286618804931640625e+01,2.298100280761718750e+01,2.204990386962890625e+01,2.125244331359863281e+01,2.172895431518554688e+01,2.033872604370117188e+01,2.273074150085449219e+01,2.283573150634765625e+01,2.277132797241210938e+01,1.929217720031738281e+01,1.703417968750000000e+01,1.373530197143554688e+01,1.405332851409912109e+01,1.573476600646972656e+01,1.179071998596191406e+01,9.105120658874511719e+00,1.489816009998321533e-01,-5.495505809783935547e+00,-1.086330127716064453e+01,-2.209049940109252930e+00,2.055872082710266113e-01,-1.997169876098632812e+01,-2.052636146545410156e+01,-1.897817039489746094e+01,nan,nan,nan,nan,2.514480781555175781e+01,3.367383193969726562e+01,3.416064834594726562e+01,2.639107322692871094e+01,1.725350761413574219e+01,1.620790100097656250e+01,1.354329395294189453e+01,2.069081306457519531e+01,1.585189437866210938e+01,7.176957726478576660e-01,nan,nan,nan,nan,nan,nan,nan,nan,nan,nan,nan,nan,nan,nan,nan,nan,nan,nan,nan,nan,nan,nan,nan,nan,nan,nan,nan,nan,nan,nan,nan,nan,nan,nan,nan,nan,nan,nan,nan,nan,nan,nan,nan,nan,nan
nan,nan,nan,nan,nan,nan,nan,nan,nan,nan,nan,nan,nan,nan,nan,nan,nan,nan,nan,nan,nan,nan,nan,nan,nan,nan,nan,nan,nan,3.423883819580078125e+01,1.771945381164550781e+01,3.737727737426757812e+01,3.441421890258789062e+01,3.363889694213867188e+01,3.433221054077148438e+01,3.706212234497070312e+01,3.750226593017578125e+01,3.459188461303710938e+01,3.110585212707519531e+01,2.875957870483398438e+01,2.796462440490722656e+01,2.485345077514648438e+01,2.207463836669921875e+01,2.133531188964843750e+01,2.190254211425781250e+01,2.167292213439941406e+01,1.949910545349121094e+01,1.924885368347167969e+01,2.138187217712402344e+01,2.155068206787109375e+01,2.040114021301269531e+01,1.841691589355468750e+01,1.578792190551757812e+01,1.212255287170410156e+01,1.203244876861572266e+01,9.122208595275878906e+00,8.721783638000488281e+00,9.721005439758300781e+00,-3.284574031829833984e+00,-3.008845806121826172e+00,-4.994012355804443359e+00,-2.981965780258178711e+00,-4.229402542114257812e+00,-1.607235527038574219e+01,-1.511974716186523438e+01,-1.616412544250488281e+01,-9.933894157409667969e+00,5.105727195739746094e+00,nan,1.361118793487548828e+01,1.668677902221679688e+01,4.099452590942382812e+01,3.640702056884765625e+01,2.243236160278320312e+01,1.043820667266845703e+01,1.368560695648193359e+01,-9.119583964347839355e-01,3.337578058242797852e+00,1.360948181152343750e+01,-2.325449705123901367e+00,nan,nan,nan,nan,nan,nan,nan,nan,nan,nan,nan,nan,nan,nan,nan,nan,nan,nan,nan,nan,nan,nan,nan,nan,nan,nan,nan,nan,nan,nan,nan,nan,nan,nan,nan,nan,nan,nan,nan,nan,nan,nan,nan,nan,nan
nan,nan,nan,nan,nan,nan,nan,nan,nan,nan,nan,nan,nan,nan,nan,nan,nan,nan,nan,nan,nan,nan,nan,nan,nan,nan,nan,nan,nan,3.055472183227539062e+01,3.313054275512695312e+01,3.410636138916015625e+01,3.829763031005859375e+01,4.173683929443359375e+01,3.987913131713867188e+01,3.759794616699218750e+01,3.744486236572265625e+01,3.581425857543945312e+01,3.154533576965332031e+01,3.020449829101562500e+01,2.705457115173339844e+01,2.584887886047363281e+01,2.145697784423828125e+01,2.026416587829589844e+01,2.039749717712402344e+01,1.806310462951660156e+01,1.937683677673339844e+01,1.887713432312011719e+01,1.920960617065429688e+01,1.936189460754394531e+01,1.706226158142089844e+01,1.454278182983398438e+01,1.081215000152587891e+01,1.062886619567871094e+01,9.825812339782714844e+00,8.682726860046386719e+00,6.742130279541015625e+00,5.887493133544921875e+00,9.601904153823852539e-01,-5.265414714813232422e+00,-8.212383985519409180e-01,-1.572016239166259766e+00,-5.687625408172607422e+00,-2.470415830612182617e+00,1.310460758209228516e+01,-1.142793178558349609e+00,7.573585510253906250e+00,1.313101196289062500e+01,1.831710243225097656e+01,1.733957099914550781e+01,1.595358657836914062e+01,2.383065605163574219e+01,3.130561065673828125e+01,1.836708641052246094e+01,3.840904474258422852e+00,1.054783725738525391e+01,6.868625164031982422e+00,-5.302225589752197266e+00,-3.920573890209197998e-01,-4.406713485717773438e+00,-7.818387985229492188e+00,nan,nan,nan,nan,nan,nan,nan,nan,nan,nan,nan,nan,nan,nan,nan,nan,nan,nan,nan,nan,nan,nan,nan,nan,nan,nan,nan,nan,nan,nan,nan,nan,nan,nan,nan,nan,nan,nan,nan,nan,nan,nan,nan,nan
nan,nan,nan,nan,nan,nan,nan,nan,nan,nan,nan,nan,nan,nan,nan,nan,nan,nan,nan,nan,nan,nan,nan,nan,nan,nan,nan,nan,nan,2.964633369445800781e+01,3.146021842956542969e+01,4.352438735961914062e+01,4.380437088012695312e+01,4.406031417846679688e+01,4.276921463012695312e+01,3.779202651977539062e+01,3.645511627197265625e+01,3.556578826904296875e+01,3.119927978515625000e+01,3.018204307556152344e+01,2.520888900756835938e+01,2.439314270019531250e+01,2.252047729492187500e+01,1.975172233581542969e+01,1.927918243408203125e+01,1.751205444335937500e+01,1.669420623779296875e+01,1.926335716247558594e+01,1.784414100646972656e+01,1.568496227264404297e+01,1.328975391387939453e+01,1.238409805297851562e+01,1.056964778900146484e+01,9.939813613891601562e+00,5.658847332000732422e+00,1.124840641021728516e+01,9.568572044372558594e+00,9.630091667175292969e+00,5.325116634368896484e+00,-7.619318962097167969e-01,-2.441469669342041016e+00,-6.435518711805343628e-02,7.565057873725891113e-01,1.862936401367187500e+01,4.190391540527343750e+00,9.540375709533691406e+00,1.666221809387207031e+01,1.421668052673339844e+01,1.479726123809814453e+01,1.238745689392089844e+01,1.036190223693847656e+01,1.199645519256591797e+01,2.566619491577148438e+01,1.879927444458007812e+01,9.438208580017089844e+00,1.880051994323730469e+01,-1.374194049835205078e+01,-6.111819267272949219e+00,-2.782955169677734375e+00,-6.301438331604003906e+00,-1.505566883087158203e+01,-8.462347984313964844e+00,-1.483623695373535156e+01,-3.046658515930175781e+01,-1.932431983947753906e+01,nan,nan,nan,nan,nan,nan,nan,nan,nan,nan,nan,nan,nan,nan,nan,nan,nan,nan,nan,nan,nan,nan,nan,nan,nan,nan,nan,nan,nan,nan,nan,nan,nan,nan,nan,nan,nan,nan,nan,nan
nan,nan,nan,nan,nan,nan,nan,nan,nan,nan,nan,nan,nan,nan,nan,nan,nan,nan,nan,nan,nan,nan,nan,nan,nan,nan,nan,3.484090423583984375e+01,2.880256462097167969e+01,3.162149620056152344e+01,2.870055770874023438e+01,3.683255004882812500e+01,4.498450088500976562e+01,4.616031646728515625e+01,4.528841018676757812e+01,3.599140548706054688e+01,3.672313308715820312e+01,3.545308303833007812e+01,3.293982315063476562e+01,3.012374496459960938e+01,2.396253395080566406e+01,2.353313636779785156e+01,2.322190856933593750e+01,1.962728500366210938e+01,1.908026123046875000e+01,1.813990974426269531e+01,1.911071586608886719e+01,2.015484809875488281e+01,1.699884033203125000e+01,1.501503562927246094e+01,1.393750095367431641e+01,1.099065494537353516e+01,9.667230606079101562e+00,8.087523460388183594e+00,7.708732604980468750e+00,7.941432476043701172e+00,7.879253864288330078e+00,9.733604431152343750e+00,7.024549007415771484e+00,3.707380771636962891e+00,-2.467117309570312500e+00,4.758897781372070312e+00,1.578517150878906250e+01,6.961726188659667969e+00,7.788042545318603516e+00,2.374955177307128906e+00,6.344239234924316406e+00,1.541290283203125000e+01,2.209206390380859375e+01,2.375422239303588867e+00,8.356797218322753906e+00,2.597778320312500000e+01,2.274541664123535156e+01,1.633045578002929688e+01,7.231181621551513672e+00,3.666487216949462891e+00,-1.088953113555908203e+01,-6.284522056579589844e+00,-6.527525256387889385e-04,-7.509394168853759766e+00,-1.006276607513427734e+01,-1.226979446411132812e+01,-2.483102989196777344e+01,-3.178342819213867188e+01,-2.777222633361816406e+01,-2.097735023498535156e+01,nan,nan,nan,nan,nan,nan,nan,nan,nan,nan,nan,nan,nan,nan,nan,nan,nan,nan,nan,nan,nan,nan,nan,nan,nan,nan,nan,nan,nan,nan,nan,nan,nan,nan,nan,nan,nan,nan,nan
nan,nan,nan,nan,nan,nan,nan,nan,nan,nan,nan,nan,nan,nan,nan,nan,nan,nan,nan,nan,nan,nan,nan,nan,nan,nan,nan,3.593160629272460938e+01,3.889768600463867188e+01,2.821270751953125000e+01,2.883559226989746094e+01,3.570713043212890625e+01,4.477242660522460938e+01,4.669406890869140625e+01,4.556251144409179688e+01,3.591043472290039062e+01,3.557464981079101562e+01,3.276836776733398438e+01,3.175812530517578125e+01,2.869499397277832031e+01,2.413187026977539062e+01,2.391051483154296875e+01,2.320322799682617188e+01,2.027064895629882812e+01,1.939076042175292969e+01,1.890099716186523438e+01,1.790314102172851562e+01,1.792461013793945312e+01,1.607007026672363281e+01,1.407579231262207031e+01,1.272867584228515625e+01,9.758732795715332031e+00,7.210777282714843750e+00,7.928130626678466797e+00,5.553008556365966797e+00,1.121544122695922852e+00,3.904492855072021484e+00,4.825800418853759766e+00,7.847032546997070312e+00,6.972714424133300781e+00,5.765166282653808594e-01,5.543969631195068359e+00,2.454948425292968750e+01,2.379867935180664062e+01,7.042960643768310547e+00,1.027839910238981247e-02,2.576848030090332031e+00,2.135062599182128906e+01,1.684011268615722656e+01,1.929920768737792969e+01,1.408563613891601562e+01,1.202610588073730469e+01,1.307557773590087891e+01,1.017064189910888672e+01,5.887538909912109375e+00,-3.370055913925170898e+00,-4.713636398315429688e+00,-1.069468593597412109e+01,-8.065657615661621094e+00,-5.241528034210205078e+00,-1.119115161895751953e+01,-1.153859329223632812e+01,-9.731999397277832031e+00,-2.117994880676269531e+01,-1.784597396850585938e+01,-1.925330734252929688e+01,nan,nan,nan,nan,nan,nan,nan,nan,nan,nan,nan,nan,nan,nan,nan,nan,nan,nan,nan,nan,nan,nan,nan,nan,nan,nan,nan,nan,nan,nan,nan,nan,nan,nan,nan,nan,nan,nan,nan
nan,nan,nan,nan,nan,nan,nan,nan,nan,nan,nan,nan,nan,nan,nan,nan,nan,nan,nan,nan,nan,nan,nan,nan,nan,nan,3.664855575561523438e+01,3.417044448852539062e+01,4.096546936035156250e+01,3.415196228027343750e+01,3.386724472045898438e+01,3.780142593383789062e+01,4.217252349853515625e+01,4.596282958984375000e+01,4.375495147705078125e+01,3.420583724975585938e+01,3.250498199462890625e+01,3.221142578125000000e+01,3.076182365417480469e+01,2.758835220336914062e+01,2.353339767456054688e+01,2.346133613586425781e+01,2.247141265869140625e+01,2.193160438537597656e+01,2.088282585144042969e+01,2.078341865539550781e+01,1.742486572265625000e+01,1.809145736694335938e+01,1.745630645751953125e+01,1.384319686889648438e+01,1.036300086975097656e+01,6.307910442352294922e+00,3.716184377670288086e+00,3.109493017196655273e+00,1.426767349243164062e+00,2.371788740158081055e+00,-7.190205454826354980e-01,-1.793523073196411133e+00,2.474743604660034180e+00,7.675965785980224609e+00,7.926775455474853516e+00,1.569418334960937500e+01,1.788109207153320312e+01,2.183963584899902344e+01,1.893278121948242188e+01,1.889267921447753906e+01,1.394053936004638672e+01,1.064987850189208984e+01,1.015832781791687012e+00,-4.309608459472656250e+00,3.224690677598118782e-03,8.474092483520507812e+00,-6.274334430694580078e+00,5.260161876678466797e+00,4.307598590850830078e+00,-6.606801033020019531e+00,-1.134869766235351562e+01,-8.368834495544433594e+00,-5.633091926574707031e+00,-7.339181900024414062e+00,-4.405790805816650391e+00,-1.330361557006835938e+01,-6.780836582183837891e+00,-2.352357101440429688e+01,-2.000447845458984375e+01,-2.339078521728515625e+01,nan,nan,nan,nan,nan,nan,nan,nan,nan,nan,nan,nan,nan,nan,nan,nan,nan,nan,nan,nan,nan,nan,nan,nan,nan,nan,nan,nan,nan,nan,nan,nan,nan,nan,nan,nan,nan,nan,nan
nan,nan,nan,nan,nan,nan,nan,nan,nan,nan,nan,nan,nan,nan,nan,nan,nan,nan,nan,nan,nan,nan,nan,nan,nan,nan,3.895865631103515625e+01,3.434620285034179688e+01,4.248434448242187500e+01,4.388798522949218750e+01,3.706761169433593750e+01,3.819777297973632812e+01,4.183442306518554688e+01,4.367614746093750000e+01,3.861228942871093750e+01,3.342776489257812500e+01,3.255031204223632812e+01,3.209580230712890625e+01,2.979778099060058594e+01,2.594254493713378906e+01,2.274220848083496094e+01,2.349383926391601562e+01,2.334599304199218750e+01,2.320244979858398438e+01,2.285830307006835938e+01,2.285851669311523438e+01,1.848974037170410156e+01,2.002806663513183594e+01,1.864647674560546875e+01,1.015907669067382812e+01,6.712188720703125000e+00,5.250958919525146484e+00,2.377832174301147461e+00,1.077248096466064453e+00,5.286048054695129395e-01,4.780226945877075195e-01,-1.999739646911621094e+00,-3.610189676284790039e+00,3.592894315719604492e+00,8.935440063476562500e+00,1.265942382812500000e+01,1.712643814086914062e+01,1.950364494323730469e+01,1.963322830200195312e+01,2.001744842529296875e+01,2.194349670410156250e+01,8.922270774841308594e+00,2.235499143600463867e+00,-5.034816265106201172e+00,4.672637939453125000e+00,-1.869104003906250000e+01,2.280092000961303711e+00,-2.930582427978515625e+01,-6.310575962066650391e+00,5.411403179168701172e+00,-7.736072063446044922e+00,-1.210392189025878906e+01,-1.070684051513671875e+01,-5.671463966369628906e+00,-7.719522953033447266e+00,-1.450071334838867188e+01,-8.712499618530273438e+00,-9.531574249267578125e+00,-1.535251140594482422e+01,-1.648758125305175781e+01,-2.004205703735351562e+01,-1.912460327148437500e+01,-2.732050514221191406e+01,-2.718917846679687500e+01,nan,nan,nan,nan,nan,nan,nan,nan,nan,nan,nan,nan,nan,nan,nan,nan,nan,nan,nan,nan,nan,nan,nan,nan,nan,nan,nan,nan,nan,nan,nan,nan,nan,nan,nan,nan
nan,nan,nan,nan,nan,nan,nan,nan,nan,nan,nan,nan,nan,nan,nan,nan,nan,nan,nan,nan,nan,nan,nan,nan,nan,3.571763229370117188e+01,3.640533447265625000e+01,3.454180145263671875e+01,4.593032836914062500e+01,4.012763595581054688e+01,4.175483322143554688e+01,4.257115936279296875e+01,4.184236145019531250e+01,3.986232376098632812e+01,3.361215972900390625e+01,3.137381935119628906e+01,3.119585800170898438e+01,2.985025596618652344e+01,2.964678001403808594e+01,2.690043067932128906e+01,2.401754379272460938e+01,2.265291023254394531e+01,2.324013900756835938e+01,2.375305175781250000e+01,2.376493835449218750e+01,2.369120788574218750e+01,1.898948287963867188e+01,2.140796470642089844e+01,1.594760417938232422e+01,1.243534755706787109e+01,7.016590595245361328e+00,3.284698486328125000e+00,-9.336788952350616455e-02,-3.357975244522094727e+00,-3.049782514572143555e+00,-1.319674134254455566e+00,2.549285292625427246e-01,-5.406935214996337891e+00,4.996836662292480469e+00,5.820967197418212891e+00,1.105556201934814453e+01,1.541026592254638672e+01,2.214049148559570312e+01,2.686066055297851562e+01,2.836298561096191406e+01,2.133040809631347656e+01,7.771990776062011719e+00,-2.059253931045532227e+00,-8.206126213073730469e+00,2.578054666519165039e+00,1.119646906852722168e+00,-5.097535252571105957e-01,-2.294994115829467773e+00,-3.778105020523071289e+00,-4.094293594360351562e+00,-7.937151432037353516e+00,-1.210332202911376953e+01,-1.271273040771484375e+01,-7.089923858642578125e+00,-2.326124906539916992e+00,-1.536395359039306641e+01,-1.454840087890625000e+01,-6.547413349151611328e+00,-1.823867988586425781e+01,-2.455899810791015625e+01,-2.041189193725585938e+01,-2.831924247741699219e+01,-3.048133659362792969e+01,-4.038778686523437500e+01,-4.639852142333984375e+01,-2.839254379272460938e+01,nan,nan,nan,nan,nan,nan,nan,nan,nan,nan,nan,nan,nan,nan,nan,nan,nan,nan,nan,nan,nan,nan,nan,nan,nan,nan,nan,nan,nan,nan,nan,nan,nan,nan
nan,nan,nan,nan,nan,nan,nan,nan,nan,nan,nan,nan,nan,nan,nan,nan,nan,nan,nan,nan,nan,nan,nan,nan,nan,nan,nan,3.679179763793945312e+01,4.243050384521484375e+01,4.274729537963867188e+01,4.399278640747070312e+01,4.281190109252929688e+01,3.756831359863281250e+01,3.522966766357421875e+01,3.181727218627929688e+01,3.093243980407714844e+01,2.998426055908203125e+01,2.950001144409179688e+01,2.915127944946289062e+01,2.913079071044921875e+01,2.603860282897949219e+01,2.363928413391113281e+01,2.462741279602050781e+01,2.514088249206542969e+01,2.364848709106445312e+01,2.230396652221679688e+01,1.929379463195800781e+01,1.924248886108398438e+01,1.616051864624023438e+01,1.264700317382812500e+01,7.174483776092529297e+00,1.038452148437500000e+00,-1.468708872795104980e+00,-4.563207626342773438e+00,-4.386741161346435547e+00,-3.196823596954345703e+00,-1.182550072669982910e+00,2.681845903396606445e+00,3.004785060882568359e+00,5.877727985382080078e+00,7.634860992431640625e+00,1.574106121063232422e+01,7.522203922271728516e+00,1.967755699157714844e+01,1.498185348510742188e+01,8.996059417724609375e+00,4.824726581573486328e+00,7.313880920410156250e+00,-7.901860237121582031e+00,-1.082754230499267578e+01,-1.277608036994934082e+00,-3.083426475524902344e+00,-4.727392673492431641e+00,6.214487552642822266e-01,-5.873819351196289062e+00,-1.236584472656250000e+01,-1.210318565368652344e+01,-6.352833747863769531e+00,-5.018630027770996094e+00,-3.894956588745117188e+00,-1.555654144287109375e+01,-1.914458656311035156e+01,-6.446776866912841797e+00,-2.358036041259765625e+01,-2.974002456665039062e+01,-3.317816543579101562e+01,-2.820964622497558594e+01,-2.775297546386718750e+01,-3.232069396972656250e+01,-5.002471160888671875e+01,-3.416317749023437500e+01,-2.692620468139648438e+01,nan,nan,nan,nan,nan,nan,nan,nan,nan,nan,nan,nan,nan,nan,nan,nan,nan,nan,nan,nan,nan,nan,nan,nan,nan,nan,nan,nan,nan,nan,nan,nan,nan
nan,nan,nan,nan,nan,nan,nan,nan,nan,nan,nan,nan,nan,nan,nan,nan,nan,nan,nan,nan,nan,nan,nan,nan,3.347112655639648438e+01,nan,nan,3.590396499633789062e+01,3.483248138427734375e+01,4.059206390380859375e+01,4.268457031250000000e+01,4.117600631713867188e+01,3.640606307983398438e+01,3.501341629028320312e+01,3.188335800170898438e+01,3.090728187561035156e+01,3.030174636840820312e+01,2.975723648071289062e+01,2.982822036743164062e+01,2.954050636291503906e+01,3.053166389465332031e+01,2.829615402221679688e+01,2.812109565734863281e+01,2.666251945495605469e+01,2.613880729675292969e+01,2.329455375671386719e+01,1.943522644042968750e+01,1.752931594848632812e+01,1.589284610748291016e+01,1.109939670562744141e+01,3.427971124649047852e+00,1.773324757814407349e-01,-9.245147109031677246e-01,-4.745134353637695312e+00,-5.295287609100341797e+00,-3.051090478897094727e+00,-3.499370574951171875e+00,4.334488213062286377e-01,2.214056730270385742e+00,2.087357521057128906e+00,1.353267669677734375e+01,nan,nan,1.281077098846435547e+01,2.476272106170654297e+00,1.573737621307373047e+00,1.695078134536743164e+00,2.500930786132812500e+00,-3.920078039169311523e+00,-1.958713722229003906e+01,-5.558178424835205078e+00,-5.439572811126708984e+00,-2.984203100204467773e+00,1.366876006126403809e+00,-5.961853504180908203e+00,-1.443564224243164062e+01,-5.942519664764404297e+00,-5.809632778167724609e+00,-5.981556415557861328e+00,1.311076164245605469e+01,-1.906976890563964844e+01,-9.720872879028320312e+00,-2.813272476196289062e+00,-1.614645004272460938e+01,-2.881509780883789062e+01,-2.267629432678222656e+01,-1.313341522216796875e+01,-1.577518653869628906e+01,-3.511279678344726562e+01,-3.534690475463867188e+01,-2.444389343261718750e+01,-1.172580909729003906e+01,-2.615232658386230469e+01,nan,nan,nan,nan,nan,nan,nan,nan,nan,nan,nan,nan,nan,nan,nan,nan,nan,nan,nan,nan,nan,nan,nan,nan,nan,nan,nan,nan,nan,nan,nan,nan
nan,nan,nan,nan,nan,nan,nan,nan,nan,nan,nan,nan,nan,nan,nan,nan,nan,nan,nan,nan,nan,nan,nan,nan,3.335699462890625000e+01,2.018557929992675781e+01,3.825829696655273438e+01,3.039987945556640625e+01,3.097695732116699219e+01,4.006786346435546875e+01,4.035503387451171875e+01,3.649511337280273438e+01,3.471656036376953125e+01,3.291965484619140625e+01,3.287159347534179688e+01,3.017685699462890625e+01,2.938359832763671875e+01,2.893489456176757812e+01,2.970961761474609375e+01,2.918161392211914062e+01,2.937969017028808594e+01,2.861935806274414062e+01,2.859733200073242188e+01,2.879977798461914062e+01,2.791190147399902344e+01,2.754601860046386719e+01,2.505183029174804688e+01,1.901579093933105469e+01,1.590086269378662109e+01,1.204829692840576172e+01,5.311702251434326172e+00,8.119887709617614746e-01,-1.963686466217041016e+00,-5.791738033294677734e+00,-9.253285408020019531e+00,-1.267106246948242188e+01,nan,-2.185310125350952148e+00,-2.164750576019287109e+00,2.346465826034545898e+00,7.219464778900146484e+00,nan,nan,nan,nan,8.037527084350585938e+00,nan,2.994070291519165039e+00,nan,-2.727541208267211914e+00,nan,nan,nan,1.495957821607589722e-01,-1.708637595176696777e+00,-1.553378295898437500e+01,-2.410137176513671875e+01,-5.141456127166748047e+00,1.438143062591552734e+01,-2.109899520874023438e+00,-7.154527187347412109e+00,-8.361004829406738281e+00,-8.676404953002929688e+00,-1.539981269836425781e+01,-1.641603279113769531e+01,-9.856262207031250000e+00,-9.628905296325683594e+00,3.886127471923828125e-02,-1.699557876586914062e+01,-2.830869293212890625e+01,-2.965525627136230469e+01,-3.424131774902343750e+01,-3.556101608276367188e+01,nan,nan,nan,nan,nan,nan,nan,nan,nan,nan,nan,nan,nan,nan,nan,nan,nan,nan,nan,nan,nan,nan,nan,nan,nan,nan,nan,nan,nan,nan,nan,nan
nan,nan,nan,nan,nan,nan,nan,nan,nan,nan,nan,nan,nan,nan,nan,nan,nan,nan,nan,nan,nan,nan,nan,nan,2.048883247375488281e+01,3.304568099975585938e+01,3.198131942749023438e+01,3.153701972961425781e+01,3.461833953857421875e+01,3.783761596679687500e+01,3.797901153564453125e+01,3.357890319824218750e+01,3.241471481323242188e+01,3.092674064636230469e+01,2.990913963317871094e+01,3.022853088378906250e+01,3.097266769409179688e+01,3.127807617187500000e+01,2.976945495605468750e+01,3.168591117858886719e+01,3.267731857299804688e+01,3.078264045715332031e+01,3.097710800170898438e+01,3.095859909057617188e+01,2.840226364135742188e+01,2.755553245544433594e+01,2.720078277587890625e+01,2.282489204406738281e+01,1.306329822540283203e+01,1.253654670715332031e+01,7.447454929351806641e-01,-2.402619570493698120e-01,-4.262279033660888672e+00,-1.305019569396972656e+01,-1.399461078643798828e+01,-1.532954406738281250e+01,-1.130366230010986328e+01,-3.395420312881469727e+00,nan,nan,nan,nan,nan,nan,nan,nan,nan,nan,nan,nan,nan,nan,nan,nan,-1.016567134857177734e+01,-1.112859916687011719e+01,-4.485933780670166016e+00,-4.021871089935302734e+00,6.350721836090087891e+00,-4.512321949005126953e+00,-5.840352058410644531e+00,-6.985283851623535156e+00,-7.551840782165527344e+00,-1.069810962677001953e+01,-1.625616455078125000e+01,-1.052436828613281250e+01,-1.179584407806396484e+01,4.089550495147705078e+00,-3.309571743011474609e+00,-1.956242561340332031e+01,-3.071176528930664062e+01,-2.906645965576171875e+01,-2.770711517333984375e+01,-2.937597656250000000e+01,-2.236871528625488281e+01,nan,nan,nan,nan,nan,nan,nan,nan,nan,nan,nan,nan,nan,nan,nan,nan,nan,nan,nan,nan,nan,nan,nan,nan,nan,nan,nan,nan,nan,nan
nan,nan,nan,nan,nan,nan,nan,nan,nan,nan,nan,nan,nan,nan,nan,nan,nan,nan,nan,nan,nan,nan,nan,nan,4.358833694458007812e+01,2.946251678466796875e+01,3.072989463806152344e+01,3.227413177490234375e+01,3.374863815307617188e+01,3.550145339965820312e+01,3.682024383544921875e+01,3.290141296386718750e+01,3.184683609008789062e+01,3.003059196472167969e+01,3.023305511474609375e+01,3.002869796752929688e+01,3.050196456909179688e+01,3.043574523925781250e+01,3.042569732666015625e+01,2.789165496826171875e+01,2.777579689025878906e+01,2.906279182434082031e+01,2.987240028381347656e+01,2.929102325439453125e+01,2.714599800109863281e+01,2.502285957336425781e+01,2.301853752136230469e+01,1.881540679931640625e+01,1.519322299957275391e+01,3.155483245849609375e+00,-4.766220569610595703e+00,-7.027726650238037109e+00,-1.050136375427246094e+01,-1.250296688079833984e+01,-1.475818824768066406e+01,-1.173904323577880859e+01,nan,nan,nan,nan,nan,nan,nan,nan,nan,nan,nan,nan,nan,nan,nan,nan,nan,nan,nan,-4.042267799377441406e+00,-3.354508876800537109e+00,9.897716522216796875e+00,-2.372755050659179688e+00,1.273838281631469727e+00,7.746480941772460938e+00,8.980846405029296875e+00,-3.714700460433959961e+00,-1.622247505187988281e+01,-2.253259277343750000e+01,-7.128421783447265625e+00,-8.222625732421875000e+00,4.877622053027153015e-02,-8.957723617553710938e+00,-9.539310455322265625e+00,-2.641615676879882812e+01,-1.257026195526123047e+01,-7.190239906311035156e+00,-2.178950500488281250e+01,-2.725506210327148438e+01,-4.181412887573242188e+01,nan,nan,nan,nan,nan,nan,nan,nan,nan,nan,nan,nan,nan,nan,nan,nan,nan,nan,nan,nan,nan,nan,nan,nan,nan,nan,nan,nan,nan
nan,nan,nan,nan,nan,nan,nan,nan,nan,nan,nan,nan,nan,nan,nan,nan,nan,nan,nan,nan,nan,nan,nan,nan,3.118539810180664062e+01,3.485809707641601562e+01,3.431735992431640625e+01,3.403086471557617188e+01,3.529217910766601562e+01,3.654315185546875000e+01,3.504077911376953125e+01,2.786245918273925781e+01,3.028881835937500000e+01,3.021332931518554688e+01,2.938701057434082031e+01,2.866198348999023438e+01,2.993570899963378906e+01,3.101778221130371094e+01,3.185774230957031250e+01,3.159959793090820312e+01,3.080552101135253906e+01,3.153236198425292969e+01,3.049464607238769531e+01,2.937992286682128906e+01,2.509650039672851562e+01,2.086206245422363281e+01,1.959012985229492188e+01,1.851308250427246094e+01,1.273884010314941406e+01,2.322531461715698242e+00,-3.069299697875976562e+00,-1.067716884613037109e+01,-1.259190368652343750e+01,-1.640905570983886719e+01,-6.035709857940673828e+00,-8.739996910095214844e+00,nan,nan,nan,nan,nan,nan,nan,nan,nan,nan,nan,nan,nan,nan,nan,nan,nan,nan,nan,nan,nan,-9.627168178558349609e-01,4.117901325225830078e+00,3.297622203826904297e-01,-6.157497763633728027e-01,4.224416315555572510e-01,-4.427053034305572510e-01,-2.827094793319702148e+00,-6.674752712249755859e+00,1.670237898826599121e+00,2.025716209411621094e+01,2.510973167419433594e+01,-3.999566078186035156e+00,-9.599962234497070312e+00,-1.089164638519287109e+01,-9.357932090759277344e+00,-1.047144412994384766e+01,-2.463519287109375000e+01,-3.044303131103515625e+01,-3.333678436279296875e+01,-4.047771453857421875e+01,-1.745324134826660156e+01,nan,nan,nan,nan,nan,nan,nan,nan,nan,nan,nan,nan,nan,nan,nan,nan,nan,nan,nan,nan,nan,nan,nan,nan,nan,nan,nan
nan,nan,nan,nan,nan,nan,nan,nan,nan,nan,nan,nan,nan,nan,nan,nan,nan,nan,nan,nan,nan,nan,nan,nan,nan,3.731900024414062500e+01,3.640658569335937500e+01,3.709120559692382812e+01,3.679904937744140625e+01,4.071947479248046875e+01,3.460674667358398438e+01,3.156323242187500000e+01,2.963610267639160156e+01,2.690627861022949219e+01,2.688064002990722656e+01,2.866862869262695312e+01,2.942315483093261719e+01,3.085319137573242188e+01,3.215088653564453125e+01,3.334059524536132812e+01,3.266702651977539062e+01,3.219032287597656250e+01,3.104455375671386719e+01,3.015461158752441406e+01,2.735243988037109375e+01,2.193822669982910156e+01,1.870111465454101562e+01,1.249303722381591797e+01,9.468642234802246094e+00,4.406823635101318359e+00,-7.352464199066162109e+00,-1.171555805206298828e+01,-1.504573154449462891e+01,-1.095770549774169922e+01,-9.543271064758300781e+00,nan,nan,nan,nan,nan,nan,nan,nan,nan,nan,nan,nan,nan,nan,nan,nan,nan,nan,nan,nan,nan,nan,nan,nan,nan,nan,nan,nan,nan,1.705436348915100098e+00,-2.230508089065551758e+00,1.761006164550781250e+01,3.011944007873535156e+01,3.304624938964843750e+01,-5.063469409942626953e+00,1.121791005134582520e+00,-1.168958023190498352e-01,2.963697433471679688e+00,-1.987423896789550781e+01,-2.381122398376464844e+01,-2.786625862121582031e+01,-3.258427047729492188e+01,-3.597435760498046875e+01,-1.164241790771484375e+01,nan,nan,nan,nan,nan,nan,nan,nan,nan,nan,nan,nan,nan,nan,nan,nan,nan,nan,nan,nan,nan,nan,nan,nan,nan,nan
nan,nan,nan,nan,nan,nan,nan,nan,nan,nan,nan,nan,nan,nan,nan,nan,nan,nan,nan,nan,nan,nan,nan,2.779589271545410156e+01,1.693708610534667969e+01,2.788742637634277344e+01,2.908447647094726562e+01,3.703062057495117188e+01,3.639052963256835938e+01,3.622015762329101562e+01,3.426172256469726562e+01,3.072534942626953125e+01,3.012825584411621094e+01,2.506482696533203125e+01,2.684676933288574219e+01,2.847308540344238281e+01,2.927689933776855469e+01,2.931984138488769531e+01,3.204970550537109375e+01,3.304131698608398438e+01,3.372603988647460938e+01,3.296308517456054688e+01,3.167417716979980469e+01,3.038647460937500000e+01,2.642938995361328125e+01,2.130644798278808594e+01,1.890791320800781250e+01,9.556203842163085938e+00,9.010198593139648438e+00,7.172012805938720703e+00,-8.896114349365234375e+00,-1.062721252441406250e+01,-5.493920326232910156e+00,-8.084691047668457031e+00,nan,nan,nan,nan,nan,nan,nan,nan,nan,nan,nan,nan,nan,nan,nan,nan,nan,nan,nan,nan,nan,nan,nan,nan,nan,nan,nan,nan,nan,nan,nan,-9.515241384506225586e-01,1.415318846702575684e+00,7.296690344810485840e-01,-1.381140798330307007e-01,-2.521349906921386719e+00,-5.634361743927001953e+00,4.152860641479492188e+00,-1.661538408370688558e-04,-7.526251316070556641e+00,-1.537664985656738281e+01,-1.233408832550048828e+01,-8.414153099060058594e+00,-2.376580810546875000e+01,-1.397253131866455078e+01,-5.202051162719726562e+00,nan,nan,nan,nan,nan,nan,nan,nan,nan,nan,nan,nan,nan,nan,nan,nan,nan,nan,nan,nan,nan,nan,nan,nan,nan
nan,nan,nan,nan,nan,nan,nan,nan,nan,nan,nan,nan,nan,nan,nan,nan,nan,nan,nan,nan,nan,nan,nan,2.575822830200195312e+01,2.122112274169921875e+01,2.649430465698242188e+01,2.883272933959960938e+01,3.521518707275390625e+01,3.562004470825195312e+01,3.520033264160156250e+01,3.222821426391601562e+01,3.034591484069824219e+01,3.026582336425781250e+01,2.757866477966308594e+01,2.781222343444824219e+01,2.732903671264648438e+01,2.820598411560058594e+01,2.869864845275878906e+01,3.027297019958496094e+01,3.273148727416992188e+01,3.445669555664062500e+01,3.697965240478515625e+01,3.296190261840820312e+01,3.044872093200683594e+01,2.274164962768554688e+01,1.870392990112304688e+01,1.615797233581542969e+01,1.001500892639160156e+01,6.664093017578125000e+00,-1.664770483970642090e+00,-1.025060558319091797e+01,-9.283721923828125000e+00,-5.335316181182861328e+00,nan,nan,nan,nan,nan,nan,nan,nan,nan,nan,nan,nan,nan,nan,nan,nan,nan,nan,nan,nan,nan,nan,nan,nan,nan,nan,nan,nan,nan,nan,nan,nan,3.291709184646606445e+00,-5.830341339111328125e+00,2.887925863265991211e+00,2.236826896667480469e+00,-1.070941686630249023e-01,-3.314292192459106445e+00,-1.756585478782653809e+00,1.326819211244583130e-01,-1.046529006958007812e+01,-1.095446586608886719e+01,-1.119395351409912109e+01,-6.905662536621093750e+00,8.181963920593261719e+00,7.922834873199462891e+00,-2.733594417572021484e+00,nan,nan,nan,nan,nan,nan,nan,nan,nan,nan,nan,nan,nan,nan,nan,nan,nan,nan,nan,nan,nan,nan,nan,nan,nan
nan,nan,nan,nan,nan,nan,nan,nan,nan,nan,nan,nan,nan,nan,nan,nan,nan,nan,nan,nan,nan,nan,nan,2.271645164489746094e+01,9.418590545654296875e+00,2.653668212890625000e+01,2.874491691589355469e+01,3.025423622131347656e+01,3.490610122680664062e+01,3.482793045043945312e+01,3.247076034545898438e+01,2.813575744628906250e+01,2.789608383178710938e+01,2.754236221313476562e+01,2.781070899963378906e+01,2.675981140136718750e+01,2.872448348999023438e+01,2.945897865295410156e+01,2.776840972900390625e+01,3.128594970703125000e+01,3.580199813842773438e+01,3.578842163085937500e+01,3.334007644653320312e+01,2.916582107543945312e+01,2.145100593566894531e+01,1.999231910705566406e+01,1.530252361297607422e+01,9.988600730895996094e+00,8.577653884887695312e+00,-6.871210932731628418e-01,-1.107729911804199219e+01,-7.323805809020996094e+00,nan,nan,nan,nan,nan,nan,nan,nan,nan,nan,nan,nan,nan,nan,nan,nan,nan,nan,nan,nan,nan,nan,nan,nan,nan,nan,nan,nan,nan,nan,nan,nan,nan,nan,nan,nan,nan,1.914821982383728027e+00,-1.257376313209533691e+00,-5.451714515686035156e+00,-8.517325401306152344e+00,-9.831066131591796875e+00,-7.891343593597412109e+00,-5.086780548095703125e+00,1.230324840545654297e+01,1.926709556579589844e+01,1.846097946166992188e+01,8.912094116210937500e+00,6.731344699859619141e+00,nan,nan,nan,nan,nan,nan,nan,nan,nan,nan,nan,nan,nan,nan,nan,nan,nan,nan,nan,nan,nan,nan,nan,nan
nan,nan,nan,nan,nan,nan,nan,nan,nan,nan,nan,nan,nan,nan,nan,nan,nan,nan,nan,nan,nan,nan,1.826574325561523438e+01,nan,nan,1.184920597076416016e+01,2.678569793701171875e+01,2.747384262084960938e+01,2.780531883239746094e+01,3.232562255859375000e+01,3.129706382751464844e+01,2.749039077758789062e+01,2.604088973999023438e+01,2.327799797058105469e+01,2.659547805786132812e+01,2.673582077026367188e+01,2.966754341125488281e+01,3.113244819641113281e+01,3.022470283508300781e+01,3.093275833129882812e+01,3.266050720214843750e+01,3.419944763183593750e+01,3.371560287475585938e+01,2.576903915405273438e+01,1.901123428344726562e+01,1.656728363037109375e+01,1.516261196136474609e+01,1.016547012329101562e+01,2.293128252029418945e+00,-5.253736019134521484e+00,-5.721098780632019043e-01,-1.426225423812866211e+00,nan,nan,nan,nan,nan,nan,nan,nan,nan,nan,nan,nan,nan,nan,nan,nan,nan,nan,nan,nan,nan,nan,nan,nan,nan,nan,nan,nan,nan,nan,nan,nan,nan,nan,nan,nan,nan,nan,nan,nan,nan,nan,-3.726463317871093750e+00,9.114868938922882080e-02,nan,nan,2.383514785766601562e+01,1.702396965026855469e+01,9.422785758972167969e+00,1.040316867828369141e+01,nan,nan,nan,nan,nan,nan,nan,nan,nan,nan,nan,nan,nan,nan,nan,nan,nan,nan,nan,nan,nan,nan,nan
nan,nan,nan,nan,nan,nan,nan,nan,nan,nan,nan,nan,nan,nan,nan,nan,nan,nan,nan,nan,nan,nan,nan,nan,nan,8.492435455322265625e+00,1.807809638977050781e+01,2.416645812988281250e+01,2.483123779296875000e+01,2.484768867492675781e+01,2.762624549865722656e+01,2.695153427124023438e+01,2.615560913085937500e+01,2.693602371215820312e+01,2.537794876098632812e+01,2.685873413085937500e+01,3.077584648132324219e+01,2.890968132019042969e+01,2.892605590820312500e+01,3.016623115539550781e+01,3.327468872070312500e+01,3.389278411865234375e+01,3.373787689208984375e+01,2.375652885437011719e+01,1.787814903259277344e+01,1.637092208862304688e+01,1.292545604705810547e+01,7.840998172760009766e+00,9.213908910751342773e-01,-6.103109836578369141e+00,-4.484880924224853516e+00,-3.659396469593048096e-01,nan,nan,nan,nan,nan,nan,nan,nan,nan,nan,nan,nan,nan,nan,nan,nan,nan,nan,nan,nan,nan,nan,nan,nan,nan,nan,nan,nan,nan,nan,nan,nan,nan,nan,nan,nan,nan,nan,nan,nan,nan,nan,nan,nan,8.724376678466796875e+00,1.026509571075439453e+01,nan,2.074231910705566406e+01,1.099044609069824219e+01,1.039984226226806641e+01,9.097803115844726562e+00,nan,nan,nan,nan,nan,nan,nan,nan,nan,nan,nan,nan,nan,nan,nan,nan,nan,nan,nan,nan,nan,nan
nan,nan,nan,nan,nan,nan,nan,nan,nan,nan,nan,nan,nan,nan,nan,nan,nan,nan,nan,nan,nan,nan,nan,nan,nan,5.495939731597900391e+00,1.004589366912841797e+01,2.009279632568359375e+01,2.343506431579589844e+01,2.488639450073242188e+01,2.721177673339843750e+01,2.647860336303710938e+01,2.700707054138183594e+01,2.327411079406738281e+01,2.467687988281250000e+01,2.804619026184082031e+01,2.547277069091796875e+01,2.642959594726562500e+01,2.727403831481933594e+01,2.957769203186035156e+01,3.274754714965820312e+01,3.244515991210937500e+01,3.119657516479492188e+01,2.603167152404785156e+01,1.897379302978515625e+01,1.597204875946044922e+01,1.266147804260253906e+01,4.405898571014404297e+00,2.977421134710311890e-02,-5.706408977508544922e+00,nan,nan,nan,nan,nan,nan,nan,nan,nan,nan,nan,nan,nan,nan,nan,nan,nan,nan,nan,nan,nan,nan,nan,nan,nan,nan,nan,nan,nan,nan,nan,nan,nan,nan,nan,nan,nan,nan,nan,nan,nan,nan,nan,nan,nan,nan,nan,1.424789810180664062e+01,1.634038162231445312e+01,2.991890525817871094e+01,1.139940834045410156e+01,1.007247447967529297e+01,8.142519950866699219e+00,5.073287010192871094e+00,nan,nan,nan,nan,nan,nan,nan,nan,nan,nan,nan,nan,nan,nan,nan,nan,nan,nan,nan,nan,nan
nan,nan,nan,nan,nan,nan,nan,nan,nan,nan,nan,nan,nan,nan,nan,nan,nan,nan,nan,nan,nan,nan,nan,nan,nan,2.310119390487670898e+00,5.051561355590820312e+00,1.347433185577392578e+01,1.847758293151855469e+01,2.369464492797851562e+01,2.715414810180664062e+01,2.639107513427734375e+01,2.437984085083007812e+01,2.350418090820312500e+01,2.381574630737304688e+01,2.385731315612792969e+01,2.453056716918945312e+01,2.660161972045898438e+01,2.424305343627929688e+01,2.707441520690917969e+01,3.103535652160644531e+01,3.357549285888671875e+01,2.954155540466308594e+01,2.541112709045410156e+01,1.868152427673339844e+01,1.708709526062011719e+01,1.257467746734619141e+01,6.207198619842529297e+00,3.619901895523071289e+00,1.993087649345397949e+00,nan,nan,nan,nan,nan,nan,nan,nan,nan,nan,nan,nan,nan,nan,nan,nan,nan,nan,nan,nan,nan,nan,nan,nan,nan,nan,nan,nan,nan,nan,nan,nan,nan,nan,nan,nan,nan,nan,nan,nan,nan,nan,nan,nan,nan,nan,nan,nan,1.846867179870605469e+01,2.842150878906250000e+01,2.324837112426757812e+01,8.759775161743164062e+00,6.949199676513671875e+00,-1.609492111206054688e+01,nan,nan,nan,nan,nan,nan,nan,nan,nan,nan,nan,nan,nan,nan,nan,nan,nan,nan,nan,nan,nan
nan,nan,nan,nan,nan,nan,nan,nan,nan,nan,nan,nan,nan,nan,nan,nan,nan,nan,nan,nan,nan,nan,nan,nan,nan,1.321827602386474609e+01,4.297554492950439453e+00,9.177496910095214844e+00,1.131989383697509766e+01,1.821895980834960938e+01,1.999433517456054688e+01,2.435411643981933594e+01,2.181948280334472656e+01,2.272621536254882812e+01,2.301361846923828125e+01,2.545763206481933594e+01,2.671903038024902344e+01,2.734293556213378906e+01,2.765214538574218750e+01,2.853985977172851562e+01,2.682624435424804688e+01,2.761017036437988281e+01,2.937236785888671875e+01,2.638478469848632812e+01,2.005590057373046875e+01,1.745975494384765625e+01,1.092944335937500000e+01,8.457894325256347656e+00,2.316536903381347656e+00,1.038358211517333984e+00,5.898546218872070312e+00,nan,nan,nan,nan,nan,nan,nan,nan,nan,nan,nan,nan,nan,nan,nan,nan,nan,nan,nan,nan,nan,nan,nan,nan,nan,nan,nan,nan,nan,nan,nan,nan,nan,nan,nan,nan,nan,nan,nan,nan,nan,nan,nan,nan,nan,nan,nan,7.124913692474365234e+00,2.303501892089843750e+01,2.052828598022460938e+01,-3.854955434799194336e+00,-1.925931215286254883e+00,-6.878952980041503906e+00,-5.970433950424194336e-01,nan,nan,nan,nan,nan,nan,nan,nan,nan,nan,nan,nan,nan,nan,nan,nan,nan,nan,nan,nan
nan,nan,nan,nan,nan,nan,nan,nan,nan,nan,nan,nan,nan,nan,nan,nan,nan,nan,nan,nan,nan,nan,nan,nan,nan,nan,1.257677364349365234e+01,4.874558448791503906e+00,7.436743736267089844e+00,9.796843528747558594e+00,1.447917938232421875e+01,1.958697700500488281e+01,1.984159851074218750e+01,2.026498222351074219e+01,1.999442672729492188e+01,2.139069557189941406e+01,2.538397598266601562e+01,2.633388900756835938e+01,2.605644416809082031e+01,2.657870292663574219e+01,2.924670219421386719e+01,2.969690322875976562e+01,2.593564033508300781e+01,2.606183242797851562e+01,2.198118019104003906e+01,1.808585929870605469e+01,1.604114913940429688e+01,1.199176502227783203e+01,6.688749790191650391e+00,4.079922199249267578e+00,nan,nan,nan,nan,nan,nan,nan,nan,nan,nan,nan,nan,nan,nan,nan,nan,nan,nan,nan,nan,nan,nan,nan,nan,nan,nan,nan,nan,nan,nan,nan,nan,nan,nan,nan,nan,nan,nan,nan,nan,nan,nan,nan,nan,nan,nan,nan,nan,2.017735242843627930e+00,2.104326629638671875e+01,1.423444938659667969e+01,1.099001026153564453e+01,-8.730995655059814453e-01,-1.436150312423706055e+00,-2.648201560974121094e+01,nan,nan,nan,nan,nan,nan,nan,nan,nan,nan,nan,nan,nan,nan,nan,nan,nan,nan,nan,nan
nan,nan,nan,nan,nan,nan,nan,nan,nan,nan,nan,nan,nan,nan,nan,nan,nan,nan,nan,nan,nan,nan,nan,nan,nan,nan,1.103341293334960938e+01,1.230253124237060547e+01,3.711255788803100586e+00,8.243066787719726562e+00,7.546813964843750000e+00,1.249292945861816406e+01,1.797426033020019531e+01,1.856217384338378906e+01,1.884788703918457031e+01,2.047524642944335938e+01,2.179931259155273438e+01,2.134605598449707031e+01,2.103075408935546875e+01,2.283788490295410156e+01,2.423478698730468750e+01,2.521046066284179688e+01,2.558991622924804688e+01,2.539334869384765625e+01,2.519218254089355469e+01,2.154435729980468750e+01,1.922136306762695312e+01,1.947594070434570312e+01,6.040884971618652344e+00,2.862401902675628662e-01,nan,nan,nan,nan,nan,nan,nan,nan,nan,nan,nan,nan,nan,nan,nan,nan,nan,nan,nan,nan,nan,nan,nan,nan,nan,nan,nan,nan,nan,nan,nan,nan,nan,nan,nan,nan,nan,nan,nan,nan,nan,nan,nan,nan,nan,nan,nan,8.256183624267578125e+00,2.197984933853149414e+00,1.236776065826416016e+01,1.471494007110595703e+01,1.203665637969970703e+01,6.034562110900878906e+00,2.549633979797363281e+00,-1.607415962219238281e+01,-3.177219152450561523e+00,nan,nan,nan,nan,nan,nan,nan,nan,nan,nan,nan,nan,nan,nan,nan,nan,nan,nan,nan
nan,nan,nan,nan,nan,nan,nan,nan,nan,nan,nan,nan,nan,nan,nan,nan,nan,nan,nan,nan,nan,nan,nan,nan,nan,nan,nan,nan,1.198663520812988281e+01,9.973361015319824219e+00,4.472772598266601562e+00,7.871506690979003906e+00,1.313804244995117188e+01,1.588891983032226562e+01,1.788459396362304688e+01,2.044117164611816406e+01,2.095676612854003906e+01,2.129617500305175781e+01,2.191073036193847656e+01,2.390704154968261719e+01,2.405991172790527344e+01,2.256494140625000000e+01,2.203737831115722656e+01,2.357307243347167969e+01,2.481647109985351562e+01,2.442534255981445312e+01,2.224021911621093750e+01,1.913399887084960938e+01,9.451078414916992188e+00,4.934779167175292969e+00,nan,nan,nan,nan,nan,nan,nan,nan,nan,nan,nan,nan,nan,nan,nan,nan,nan,nan,nan,nan,nan,nan,nan,nan,nan,nan,nan,nan,nan,nan,nan,nan,nan,nan,nan,nan,nan,nan,nan,nan,nan,nan,nan,nan,nan,nan,nan,6.089542388916015625e+00,-1.866393446922302246e+00,-1.344851613044738770e+00,1.126492118835449219e+01,8.077404022216796875e+00,6.066614627838134766e+00,-1.807641983032226562e-01,-3.695381879806518555e+00,-3.059725999832153320e+00,nan,nan,nan,nan,nan,nan,nan,nan,nan,nan,nan,nan,nan,nan,nan,nan,nan,nan,nan
nan,nan,nan,nan,nan,nan,nan,nan,nan,nan,nan,nan,nan,nan,nan,nan,nan,nan,nan,nan,nan,nan,nan,nan,nan,nan,nan,nan,nan,nan,nan,nan,7.792880058288574219e+00,1.155378150939941406e+01,1.555088424682617188e+01,1.932164192199707031e+01,2.066654205322265625e+01,2.109957504272460938e+01,2.407871627807617188e+01,2.379068374633789062e+01,2.390712356567382812e+01,2.245976448059082031e+01,2.072378158569335938e+01,2.233686065673828125e+01,2.488448143005371094e+01,2.357411575317382812e+01,2.498018264770507812e+01,1.334414768218994141e+01,1.351743221282958984e+01,1.020778465270996094e+01,nan,nan,nan,nan,nan,nan,nan,nan,nan,nan,nan,nan,nan,nan,nan,nan,nan,nan,nan,nan,nan,nan,nan,nan,nan,nan,nan,nan,nan,nan,nan,nan,nan,nan,nan,nan,nan,nan,nan,nan,nan,nan,nan,nan,nan,nan,nan,4.239466190338134766e+00,-1.145377278327941895e+00,4.649152457714080811e-01,2.095629215240478516e+00,8.274913787841796875e+00,1.280532240867614746e+00,-8.359181404113769531e+00,-6.546382904052734375e+00,-2.380371570587158203e+00,nan,nan,nan,nan,nan,nan,nan,nan,nan,nan,nan,nan,nan,nan,nan,nan,nan,nan,nan
nan,nan,nan,nan,nan,nan,nan,nan,nan,nan,nan,nan,nan,nan,nan,nan,nan,nan,nan,nan,nan,nan,nan,nan,nan,nan,nan,nan,nan,nan,nan,nan,1.348543930053710938e+01,3.253643274307250977e+00,9.385444641113281250e+00,1.306478118896484375e+01,1.858079528808593750e+01,2.078824615478515625e+01,2.345873641967773438e+01,2.514773178100585938e+01,2.619904899597167969e+01,2.521704864501953125e+01,2.317035102844238281e+01,2.116564750671386719e+01,2.092922973632812500e+01,1.959883499145507812e+01,1.911114120483398438e+01,1.869167137145996094e+01,1.670471763610839844e+01,1.349938201904296875e+01,nan,nan,nan,nan,nan,nan,nan,nan,nan,nan,nan,nan,nan,nan,nan,nan,nan,nan,nan,nan,nan,nan,nan,nan,nan,nan,nan,nan,nan,nan,nan,nan,nan,nan,nan,nan,nan,nan,nan,nan,nan,nan,nan,nan,nan,nan,nan,nan,-1.700186729431152344e+00,9.663795232772827148e-01,-6.492644786834716797e+00,-4.748955249786376953e+00,-1.169199585914611816e+00,-1.203423857688903809e+00,-5.078847408294677734e+00,-1.360003352165222168e+00,-3.329393148422241211e+00,nan,nan,nan,nan,nan,nan,nan,nan,nan,nan,nan,nan,nan,nan,nan,nan,nan,nan
nan,nan,nan,nan,nan,nan,nan,nan,nan,nan,nan,nan,nan,nan,nan,nan,nan,nan,nan,nan,nan,nan,nan,nan,nan,nan,nan,nan,nan,nan,nan,nan,nan,1.351470184326171875e+01,1.469622230529785156e+01,2.723465204238891602e+00,1.009584712982177734e+01,1.712301063537597656e+01,2.178008842468261719e+01,2.502632331848144531e+01,2.582414817810058594e+01,2.793983650207519531e+01,2.839554977416992188e+01,2.165013313293457031e+01,1.355540657043457031e+01,1.277089405059814453e+01,1.218696117401123047e+01,1.162669944763183594e+01,1.465581321716308594e+01,nan,nan,nan,nan,nan,nan,nan,nan,nan,nan,nan,nan,nan,nan,nan,nan,nan,nan,nan,nan,nan,nan,nan,nan,nan,nan,nan,nan,nan,nan,nan,nan,nan,nan,nan,nan,nan,nan,nan,nan,nan,nan,nan,nan,nan,nan,nan,nan,nan,2.202844381332397461e+00,-1.396100282669067383e+00,4.286955833435058594e+00,-7.591550350189208984e+00,-3.299928188323974609e+00,-2.205886363983154297e+00,-2.196899890899658203e+00,-1.529886841773986816e+00,-3.349481821060180664e+00,-4.127069950103759766e+00,-5.530104637145996094e+00,nan,nan,nan,nan,nan,nan,nan,nan,nan,nan,nan,nan,nan,nan,nan,nan
nan,nan,nan,nan,nan,nan,nan,nan,nan,nan,nan,nan,nan,nan,nan,nan,nan,nan,nan,nan,nan,nan,nan,nan,nan,nan,nan,nan,nan,nan,nan,nan,nan,nan,nan,nan,1.659442520141601562e+01,3.586041212081909180e+00,1.491695594787597656e+01,2.053409957885742188e+01,2.468762397766113281e+01,1.794165992736816406e+01,2.535910034179687500e+01,2.352904510498046875e+01,1.514852428436279297e+01,7.308982372283935547e+00,5.345084190368652344e+00,1.508056735992431641e+01,nan,nan,nan,nan,nan,nan,nan,nan,nan,nan,nan,nan,nan,nan,nan,nan,nan,nan,nan,nan,nan,nan,nan,nan,nan,nan,nan,nan,nan,nan,nan,nan,nan,nan,nan,nan,nan,nan,nan,nan,nan,nan,nan,nan,nan,nan,nan,nan,nan,nan,nan,-2.246681451797485352e+00,3.414368391036987305e+00,8.015742301940917969e+00,-2.809715509414672852e+00,-4.004745483398437500e+00,2.038257122039794922e+00,4.536096572875976562e+00,-1.610993576049804688e+01,-1.779175758361816406e+01,3.542398626450449228e-04,-7.311625003814697266e+00,-9.621669769287109375e+00,nan,nan,nan,nan,nan,nan,nan,nan,nan,nan,nan,nan,nan,nan
nan,nan,nan,nan,nan,nan,nan,nan,nan,nan,nan,nan,nan,nan,nan,nan,nan,nan,nan,nan,nan,nan,nan,nan,nan,nan,nan,nan,nan,nan,nan,nan,nan,nan,nan,nan,nan,1.670598602294921875e+01,4.940083503723144531e+00,2.024599456787109375e+01,1.817156028747558594e+01,8.539698600769042969e+00,3.488695383071899414e+00,8.757207870483398438e+00,9.929896354675292969e+00,1.132144331932067871e+00,1.480676460266113281e+01,nan,nan,nan,nan,nan,nan,nan,nan,nan,nan,nan,nan,nan,nan,nan,nan,nan,nan,nan,nan,nan,nan,nan,nan,nan,nan,nan,nan,nan,nan,nan,nan,nan,nan,nan,nan,nan,nan,nan,nan,nan,nan,nan,nan,nan,nan,nan,nan,nan,nan,nan,nan,2.238540172576904297e+00,7.384985446929931641e+00,1.329388332366943359e+01,1.551943397521972656e+01,8.701341629028320312e+00,7.189476966857910156e+00,-3.383667945861816406e+00,-1.111046028137207031e+01,-1.032706069946289062e+01,-3.956991195678710938e+00,-8.066576957702636719e+00,nan,nan,nan,nan,nan,nan,nan,nan,nan,nan,nan,nan,nan,nan,nan
nan,nan,nan,nan,nan,nan,nan,nan,nan,nan,nan,nan,nan,nan,nan,nan,nan,nan,nan,nan,nan,nan,2.098907279968261719e+01,2.144264221191406250e+01,nan,nan,nan,nan,nan,nan,nan,nan,nan,nan,nan,nan,nan,nan,nan,1.702776718139648438e+01,7.316313982009887695e-01,1.684398269653320312e+01,1.641501045227050781e+01,nan,nan,nan,nan,nan,nan,nan,nan,nan,nan,nan,nan,nan,nan,nan,nan,nan,nan,nan,nan,nan,nan,nan,nan,nan,nan,nan,nan,nan,nan,nan,nan,nan,nan,nan,nan,nan,nan,nan,nan,nan,nan,nan,nan,nan,nan,nan,nan,nan,nan,nan,nan,nan,nan,nan,nan,2.523119926452636719e+00,-1.502771258354187012e+00,-1.735917448997497559e+00,1.366223335266113281e+01,1.304127693176269531e+01,5.116571426391601562e+00,-4.871201992034912109e+00,-6.778584957122802734e+00,-1.239816188812255859e+01,-5.152485370635986328e+00,-9.767951965332031250e+00,nan,nan,nan,nan,nan,nan,nan,nan,nan,nan,nan,nan,nan,nan,nan
nan,nan,nan,nan,nan,nan,nan,nan,nan,nan,nan,nan,nan,nan,nan,nan,nan,nan,nan,nan,nan,nan,1.983620071411132812e+01,2.013654518127441406e+01,4.427056503295898438e+01,2.067448234558105469e+01,nan,nan,nan,nan,nan,nan,nan,nan,nan,nan,nan,nan,nan,nan,nan,nan,nan,nan,nan,nan,nan,nan,nan,nan,nan,nan,nan,nan,nan,nan,nan,nan,nan,nan,nan,nan,nan,nan,nan,nan,nan,nan,nan,nan,nan,nan,nan,nan,nan,nan,nan,nan,nan,nan,nan,nan,nan,nan,nan,nan,nan,nan,nan,nan,nan,nan,nan,nan,nan,nan,nan,nan,nan,nan,-1.397285103797912598e+00,-2.143047571182250977e+00,1.328453445434570312e+01,7.748260498046875000e+00,3.723182916641235352e+00,2.578473329544067383e+00,1.054701137542724609e+01,7.958654880523681641e+00,-1.849142646789550781e+01,-3.125296401977539062e+01,nan,nan,nan,nan,nan,nan,nan,nan,nan,nan,nan,nan,nan,nan,nan
nan,nan,nan,nan,nan,nan,nan,nan,nan,nan,nan,nan,nan,nan,nan,nan,nan,nan,nan,nan,nan,1.747981643676757812e+01,1.824611854553222656e+01,1.079195308685302734e+01,3.407590103149414062e+01,3.305830383300781250e+01,nan,nan,nan,nan,nan,nan,nan,nan,nan,nan,nan,nan,nan,nan,nan,nan,nan,nan,nan,nan,nan,nan,nan,nan,nan,nan,nan,nan,nan,nan,nan,nan,nan,nan,nan,nan,nan,nan,nan,nan,nan,nan,nan,nan,nan,nan,nan,nan,nan,nan,nan,nan,nan,nan,nan,nan,nan,nan,nan,nan,nan,nan,nan,nan,nan,nan,nan,nan,nan,nan,nan,nan,2.555260658264160156e+00,2.801167488098144531e+00,-4.372791349887847900e-01,5.556828498840332031e+00,1.195099067687988281e+01,8.155576705932617188e+00,1.213350176811218262e+00,5.537371635437011719e+00,1.050528335571289062e+01,3.896098852157592773e+00,-1.155979537963867188e+01,-3.750774765014648438e+01,-1.691399002075195312e+01,nan,nan,nan,nan,nan,nan,nan,nan,nan,nan,nan,nan,nan,nan
nan,nan,nan,nan,nan,nan,nan,nan,nan,nan,nan,nan,nan,nan,nan,nan,nan,nan,nan,nan,nan,nan,1.856635093688964844e+01,9.939573287963867188e+00,8.887238502502441406e+00,2.406777000427246094e+01,nan,nan,nan,nan,nan,nan,nan,nan,nan,nan,nan,nan,nan,nan,nan,nan,nan,nan,nan,nan,nan,nan,nan,nan,nan,nan,nan,nan,nan,nan,nan,nan,nan,nan,nan,nan,nan,nan,nan,nan,nan,nan,nan,nan,nan,nan,nan,nan,nan,nan,nan,nan,nan,nan,nan,nan,nan,nan,nan,nan,nan,nan,nan,nan,nan,nan,nan,nan,nan,nan,nan,nan,nan,nan,-3.616332530975341797e+00,4.189742207527160645e-01,2.515726804733276367e+00,-2.875912427902221680e+00,-3.854915618896484375e+00,4.335000514984130859e+00,-6.639549732208251953e+00,-1.958932876586914062e+01,-2.427543258666992188e+01,-1.561819267272949219e+01,-1.837146186828613281e+01,nan,nan,nan,nan,nan,nan,nan,nan,nan,nan,nan,nan,nan,nan
nan,nan,nan,nan,nan,nan,nan,nan,nan,nan,nan,nan,nan,nan,nan,nan,nan,nan,nan,nan,nan,nan,1.986063194274902344e+01,8.380344390869140625e+00,4.659579277038574219e+00,1.536470317840576172e+01,2.678528976440429688e+01,2.922015762329101562e+01,nan,nan,nan,nan,nan,nan,nan,nan,nan,nan,nan,nan,nan,nan,nan,nan,nan,nan,nan,nan,nan,nan,nan,nan,nan,nan,nan,nan,nan,nan,nan,nan,nan,nan,nan,nan,nan,nan,nan,nan,nan,nan,nan,nan,nan,nan,nan,nan,nan,nan,nan,nan,nan,nan,nan,nan,nan,nan,nan,nan,nan,nan,nan,nan,nan,nan,nan,nan,nan,nan,nan,1.414819955825805664e+00,2.419139623641967773e+00,1.041795372962951660e+00,-9.680213928222656250e-01,-6.404659271240234375e+00,-9.116928100585937500e+00,-7.832560062408447266e+00,-1.979495429992675781e+01,-2.060828399658203125e+01,-2.226015281677246094e+01,-2.857098579406738281e+01,-1.455538368225097656e+01,-2.153280448913574219e+01,nan,nan,nan,nan,nan,nan,nan,nan,nan,nan,nan,nan,nan
nan,nan,nan,nan,nan,nan,nan,nan,nan,nan,nan,nan,nan,nan,nan,nan,nan,nan,nan,nan,nan,1.967394065856933594e+01,2.231960678100585938e+01,2.554722595214843750e+01,1.400476551055908203e+01,1.968406486511230469e+01,1.317705249786376953e+01,3.447533416748046875e+01,nan,nan,nan,nan,nan,nan,nan,nan,nan,nan,nan,nan,nan,nan,nan,nan,nan,nan,nan,nan,nan,nan,nan,nan,nan,nan,nan,nan,nan,nan,nan,nan,nan,nan,nan,nan,nan,nan,nan,nan,nan,nan,nan,nan,nan,nan,nan,nan,nan,nan,nan,nan,nan,nan,nan,nan,nan,nan,nan,nan,nan,nan,nan,nan,nan,nan,nan,nan,nan,nan,nan,9.484012722969055176e-01,3.586037397384643555e+00,9.716951847076416016e-01,-2.795013189315795898e+00,-2.388592243194580078e+00,-7.712601184844970703e+00,-1.298055362701416016e+01,-9.083802223205566406e+00,-1.652092742919921875e+01,-2.948436546325683594e+01,-3.033816146850585938e+01,-2.007686233520507812e+01,-2.318199920654296875e+01,-2.320135498046875000e+01,nan,nan,nan,nan,nan,nan,nan,nan,nan,nan,nan,nan
nan,nan,nan,nan,nan,nan,nan,nan,nan,nan,nan,nan,nan,nan,nan,nan,nan,nan,nan,nan,nan,2.078826141357421875e+01,-2.036849975585937500e+00,4.453202247619628906e+00,1.696750068664550781e+01,3.331076431274414062e+01,3.683309555053710938e+01,3.303496170043945312e+01,nan,nan,nan,nan,nan,nan,nan,nan,nan,nan,nan,nan,nan,nan,nan,nan,nan,nan,nan,nan,nan,nan,nan,nan,nan,nan,nan,nan,nan,nan,nan,nan,nan,nan,nan,nan,nan,nan,nan,nan,nan,nan,nan,nan,nan,nan,nan,nan,nan,nan,nan,nan,nan,nan,nan,nan,nan,nan,nan,nan,nan,nan,nan,nan,nan,nan,nan,nan,nan,nan,1.037326335906982422e+00,5.626125335693359375e-01,-2.219804823398590088e-01,-3.041566908359527588e-01,1.198553666472434998e-01,7.166093587875366211e-01,-1.301397800445556641e+00,4.575031399726867676e-01,-8.857363700866699219e+00,-1.472900962829589844e+01,-3.107058143615722656e+01,-3.347942352294921875e+01,-2.095539474487304688e+01,-2.033481407165527344e+01,-2.731169700622558594e+01,-2.251662254333496094e+01,nan,nan,nan,nan,nan,nan,nan,nan,nan,nan,nan
nan,nan,nan,nan,nan,nan,nan,nan,nan,nan,nan,nan,nan,nan,nan,nan,nan,nan,nan,nan,nan,2.265357589721679688e+01,1.390724658966064453e+01,1.055822849273681641e+01,2.430093955993652344e+01,4.682728958129882812e+01,5.765129470825195312e+01,6.195082092285156250e+01,4.712925720214843750e+01,5.080482864379882812e+01,5.327381896972656250e+01,5.480680847167968750e+01,5.507965850830078125e+01,nan,nan,nan,nan,nan,nan,nan,nan,nan,nan,nan,nan,nan,nan,nan,nan,nan,nan,nan,nan,nan,nan,nan,nan,nan,nan,nan,nan,nan,nan,nan,nan,nan,nan,nan,nan,nan,nan,nan,nan,nan,nan,nan,nan,nan,nan,nan,nan,nan,nan,nan,nan,nan,nan,nan,nan,nan,nan,nan,nan,nan,nan,nan,nan,nan,nan,nan,nan,-1.427325367927551270e+00,-2.109393358230590820e+00,-1.080620527267456055e+00,-2.785214185714721680e+00,-4.352358877658843994e-01,2.035827875137329102e+00,-5.167273521423339844e+00,-2.039295959472656250e+01,-2.993458175659179688e+01,-1.672675895690917969e+01,-1.909638595581054688e+01,-2.721958160400390625e+01,-2.193667602539062500e+01,nan,nan,nan,nan,nan,nan,nan,nan,nan,nan,nan
nan,nan,nan,nan,nan,nan,nan,nan,nan,nan,nan,nan,nan,nan,nan,nan,nan,nan,nan,nan,nan,nan,1.200995445251464844e+01,2.283956527709960938e+01,4.088700866699218750e+01,5.267169189453125000e+01,5.855595397949218750e+01,6.103142929077148438e+01,6.019829559326171875e+01,5.240564346313476562e+01,3.648772811889648438e+01,nan,nan,nan,nan,nan,nan,nan,nan,nan,nan,nan,nan,nan,nan,nan,nan,nan,nan,nan,nan,nan,nan,nan,nan,nan,nan,nan,nan,nan,nan,nan,nan,nan,nan,nan,nan,nan,nan,nan,nan,nan,nan,nan,nan,nan,nan,nan,nan,nan,nan,nan,nan,nan,nan,nan,nan,nan,nan,nan,nan,nan,nan,nan,nan,nan,nan,nan,nan,nan,nan,-1.541956305503845215e+00,nan,nan,nan,3.815804719924926758e+00,2.302805900573730469e+00,-4.523310661315917969e+00,-1.310614490509033203e+01,-2.385485839843750000e+01,-1.744059181213378906e+01,-1.666124343872070312e+01,-2.069901084899902344e+01,-2.161674308776855469e+01,nan,nan,nan,nan,nan,nan,nan,nan,nan,nan,nan
nan,nan,nan,nan,nan,nan,nan,nan,nan,nan,nan,nan,nan,nan,nan,nan,nan,nan,nan,nan,nan,nan,3.258559799194335938e+01,4.442142105102539062e+01,4.605440521240234375e+01,5.869501876831054688e+01,5.763720703125000000e+01,5.789804077148437500e+01,5.827244949340820312e+01,6.005778884887695312e+01,5.510676956176757812e+01,nan,nan,nan,nan,nan,nan,nan,nan,nan,nan,nan,nan,nan,nan,nan,nan,nan,nan,nan,nan,nan,nan,nan,nan,nan,nan,nan,nan,nan,nan,nan,nan,nan,nan,nan,nan,nan,nan,nan,nan,nan,nan,nan,nan,nan,nan,nan,nan,nan,nan,nan,nan,nan,nan,nan,nan,nan,nan,nan,nan,nan,nan,nan,nan,nan,nan,nan,nan,nan,nan,nan,nan,nan,nan,2.468346357345581055e-01,-2.898657321929931641e+00,-8.458931922912597656e+00,-1.540309143066406250e+01,-2.030957412719726562e+01,-2.122724342346191406e+01,-1.928874778747558594e+01,-2.041574096679687500e+01,nan,nan,nan,nan,nan,nan,nan,nan,nan,nan,nan,nan
nan,nan,nan,nan,nan,nan,nan,nan,nan,nan,nan,nan,nan,nan,nan,nan,nan,nan,nan,nan,nan,nan,nan,3.791683959960937500e+01,4.136019515991210938e+01,5.418025207519531250e+01,5.368406295776367188e+01,5.471006774902343750e+01,5.420820999145507812e+01,6.526692199707031250e+01,6.436064147949218750e+01,5.508797073364257812e+01,5.545903778076171875e+01,nan,nan,nan,nan,nan,nan,nan,nan,nan,nan,nan,nan,nan,nan,nan,nan,nan,nan,nan,nan,nan,nan,nan,nan,nan,nan,nan,nan,nan,nan,nan,nan,nan,nan,nan,nan,nan,nan,nan,nan,nan,nan,nan,nan,nan,nan,nan,nan,nan,nan,nan,nan,nan,nan,nan,nan,nan,nan,nan,nan,nan,nan,nan,nan,nan,nan,nan,nan,nan,nan,nan,-3.812995433807373047e+00,-6.098310470581054688e+00,-5.301475524902343750e+00,-1.228659057617187500e+01,-1.694503402709960938e+01,-1.826928329467773438e+01,-2.330404472351074219e+01,-2.045486450195312500e+01,-1.959669876098632812e+01,nan,nan,nan,nan,nan,nan,nan,nan,nan,nan,nan,nan
nan,nan,nan,nan,nan,nan,nan,nan,nan,nan,nan,nan,nan,nan,nan,nan,nan,nan,nan,nan,nan,nan,3.429219818115234375e+01,3.825819778442382812e+01,4.163584899902343750e+01,4.938271331787109375e+01,5.155078506469726562e+01,5.001863098144531250e+01,5.677742385864257812e+01,5.488779449462890625e+01,5.319543838500976562e+01,nan,nan,nan,nan,nan,nan,nan,nan,nan,nan,nan,nan,nan,nan,nan,nan,nan,nan,nan,nan,nan,nan,nan,nan,nan,nan,nan,nan,nan,nan,nan,nan,nan,nan,nan,nan,nan,nan,nan,nan,nan,nan,nan,nan,nan,nan,nan,nan,nan,nan,nan,nan,nan,nan,nan,nan,nan,nan,nan,nan,nan,nan,nan,nan,nan,nan,nan,nan,nan,nan,nan,nan,nan,nan,-5.094265460968017578e+00,4.230484485626220703e+00,-7.718743324279785156e+00,-8.325011253356933594e+00,-1.760208702087402344e+01,-1.828384971618652344e+01,-2.262135124206542969e+01,nan,-2.034885406494140625e+01,nan,nan,nan,nan,nan,nan,nan,nan,nan,nan,nan
nan,nan,nan,nan,nan,nan,nan,nan,nan,nan,nan,nan,nan,nan,nan,nan,nan,nan,nan,nan,nan,2.903742790222167969e+01,3.301483535766601562e+01,2.524177551269531250e+01,4.427827835083007812e+01,4.294248580932617188e+01,4.795261383056640625e+01,5.375845336914062500e+01,5.639721298217773438e+01,5.287186050415039062e+01,nan,nan,nan,nan,nan,nan,nan,nan,nan,nan,nan,nan,nan,nan,nan,nan,nan,nan,nan,nan,nan,nan,nan,nan,nan,nan,nan,nan,nan,nan,nan,nan,nan,nan,nan,nan,nan,nan,nan,nan,nan,nan,nan,nan,nan,nan,nan,nan,nan,nan,nan,nan,nan,nan,nan,nan,nan,nan,nan,nan,nan,nan,nan,nan,nan,nan,nan,nan,nan,nan,nan,nan,nan,nan,nan,-3.429269790649414062e+00,6.101437091827392578e+00,-6.948316097259521484e+00,-9.413477897644042969e+00,-1.695661735534667969e+01,-2.063210678100585938e+01,nan,-1.823291206359863281e+01,-2.000900840759277344e+01,nan,nan,nan,nan,nan,nan,nan,nan,nan,nan,nan
nan,nan,nan,nan,nan,nan,nan,nan,nan,nan,nan,nan,nan,nan,nan,nan,nan,nan,nan,nan,nan,nan,6.991020679473876953e+00,1.670178794860839844e+01,2.538842964172363281e+01,4.344946289062500000e+01,4.307101058959960938e+01,4.935520553588867188e+01,5.623859024047851562e+01,5.449337005615234375e+01,nan,nan,nan,nan,nan,nan,nan,nan,nan,nan,nan,nan,nan,nan,nan,nan,nan,nan,nan,nan,nan,nan,nan,nan,nan,nan,nan,nan,nan,nan,nan,nan,nan,nan,nan,nan,nan,nan,nan,nan,nan,nan,nan,nan,nan,nan,nan,nan,nan,nan,nan,nan,nan,nan,nan,nan,nan,nan,nan,nan,nan,nan,nan,nan,nan,nan,nan,nan,nan,nan,nan,nan,nan,nan,nan,4.880326747894287109e+00,3.807616472244262695e+00,-2.912746906280517578e+00,-7.634032726287841797e+00,-1.619931030273437500e+01,-1.488756561279296875e+01,nan,-1.769717788696289062e+01,nan,nan,nan,nan,nan,nan,nan,nan,nan,nan,nan,nan
nan,nan,nan,nan,nan,nan,nan,nan,nan,nan,nan,nan,nan,nan,nan,nan,nan,nan,nan,nan,nan,nan,2.872099876403808594e+01,1.686522865295410156e+01,2.470976257324218750e+01,nan,3.305876541137695312e+01,4.748789596557617188e+01,4.872164535522460938e+01,4.986001968383789062e+01,4.744542694091796875e+01,nan,nan,nan,nan,nan,nan,nan,nan,nan,nan,nan,nan,nan,nan,nan,nan,nan,nan,nan,nan,nan,nan,nan,nan,nan,nan,nan,nan,nan,nan,nan,nan,nan,nan,nan,nan,nan,nan,nan,nan,nan,nan,nan,nan,nan,nan,nan,nan,nan,nan,nan,nan,nan,nan,nan,nan,nan,nan,nan,nan,nan,nan,nan,nan,nan,nan,nan,nan,nan,nan,nan,nan,nan,-1.768991947174072266e+00,-3.865520715713500977e+00,4.733410835266113281e+00,-4.407555580139160156e+00,-9.898809432983398438e+00,-1.455397796630859375e+01,-2.811376190185546875e+01,-1.407447814941406250e+01,nan,nan,nan,nan,nan,nan,nan,nan,nan,nan,nan,nan,nan
nan,nan,nan,nan,nan,nan,nan,nan,nan,nan,nan,nan,nan,nan,nan,nan,nan,nan,nan,nan,nan,nan,2.791487884521484375e+01,1.007654190063476562e+01,1.109785461425781250e+01,nan,3.692553329467773438e+01,4.596709823608398438e+01,4.518590164184570312e+01,4.179537582397460938e+01,3.622227859497070312e+01,nan,nan,nan,nan,nan,nan,nan,nan,nan,nan,nan,nan,nan,nan,nan,nan,nan,nan,nan,nan,nan,nan,nan,nan,nan,nan,nan,nan,nan,nan,nan,nan,nan,nan,nan,nan,nan,nan,nan,nan,nan,nan,nan,nan,nan,nan,nan,nan,nan,nan,nan,nan,nan,nan,nan,nan,nan,nan,nan,nan,nan,nan,nan,nan,nan,nan,nan,nan,nan,nan,nan,nan,nan,-7.994148731231689453e-01,2.907410860061645508e+00,1.806259632110595703e+00,-7.598114490509033203e+00,-1.364729022979736328e+01,-2.497215843200683594e+01,-2.574390792846679688e+01,nan,nan,nan,nan,nan,nan,nan,nan,nan,nan,nan,nan,nan,nan
nan,nan,nan,nan,nan,nan,nan,nan,nan,nan,nan,nan,nan,nan,nan,nan,nan,nan,nan,nan,2.535433197021484375e+01,2.626736831665039062e+01,2.773515892028808594e+01,3.377686309814453125e+01,2.649340057373046875e+01,1.921416282653808594e+01,2.782837867736816406e+01,4.244358444213867188e+01,3.995563125610351562e+01,3.837479019165039062e+01,4.363615036010742188e+01,nan,nan,nan,nan,nan,nan,nan,nan,nan,nan,nan,nan,nan,nan,nan,nan,nan,nan,nan,nan,nan,nan,nan,nan,nan,nan,nan,nan,nan,nan,nan,nan,nan,nan,nan,nan,nan,nan,nan,nan,nan,nan,nan,nan,nan,nan,nan,nan,nan,nan,nan,nan,nan,nan,nan,nan,nan,nan,nan,nan,nan,nan,nan,nan,nan,nan,nan,nan,nan,nan,nan,nan,nan,-2.157911956310272217e-01,nan,2.623997688293457031e+00,4.741532802581787109e-01,-7.741378307342529297e+00,-2.020238876342773438e+01,-1.692638969421386719e+01,nan,nan,nan,nan,nan,nan,nan,nan,nan,nan,nan,nan,nan,nan
nan,nan,nan,nan,nan,nan,nan,nan,nan,nan,nan,nan,nan,nan,nan,nan,nan,nan,nan,nan,2.585582733154296875e+01,1.937892723083496094e+01,2.630627822875976562e+01,3.174109458923339844e+01,3.389749145507812500e+01,3.336506652832031250e+01,3.248020935058593750e+01,4.665864181518554688e+01,4.340397644042968750e+01,4.015174865722656250e+01,4.244647979736328125e+01,nan,nan,nan,nan,nan,nan,nan,nan,nan,nan,nan,nan,nan,nan,nan,nan,nan,nan,nan,nan,nan,nan,nan,nan,nan,nan,nan,nan,nan,nan,nan,nan,nan,nan,nan,nan,nan,nan,nan,nan,nan,nan,nan,nan,nan,nan,nan,nan,nan,nan,nan,nan,nan,nan,nan,nan,nan,nan,nan,nan,nan,nan,nan,nan,nan,nan,nan,nan,nan,nan,nan,nan,nan,3.994822800159454346e-01,-1.736235499382019043e+00,3.670100450515747070e+00,4.012954235076904297e+00,1.407300233840942383e+00,-1.727132034301757812e+01,-1.395351123809814453e+01,nan,nan,nan,nan,nan,nan,nan,nan,nan,nan,nan,nan,nan,nan
nan,nan,nan,nan,nan,nan,nan,nan,nan,nan,nan,nan,nan,nan,nan,nan,nan,nan,nan,nan,nan,2.762523269653320312e+01,3.450724411010742188e+01,3.466025924682617188e+01,2.905153846740722656e+01,3.343608093261718750e+01,4.147068405151367188e+01,5.225115585327148438e+01,4.234774398803710938e+01,4.349965286254882812e+01,nan,nan,nan,nan,nan,nan,nan,nan,nan,nan,nan,nan,nan,nan,nan,nan,nan,nan,nan,nan,nan,nan,nan,nan,nan,nan,nan,nan,nan,nan,nan,nan,nan,nan,nan,nan,nan,nan,nan,nan,nan,nan,nan,nan,nan,nan,nan,nan,nan,nan,nan,nan,nan,nan,nan,nan,nan,nan,nan,nan,nan,nan,nan,nan,nan,nan,nan,nan,nan,nan,nan,nan,nan,nan,nan,nan,nan,6.915627002716064453e+00,3.083669424057006836e+00,-9.425534009933471680e-01,-5.454891204833984375e+00,-4.830362319946289062e+00,nan,nan,nan,nan,nan,nan,nan,nan,nan,nan,nan,nan,nan
nan,nan,nan,nan,nan,nan,nan,nan,nan,nan,nan,nan,nan,nan,nan,nan,nan,nan,nan,nan,nan,nan,3.400295639038085938e+01,2.545176696777343750e+01,2.447330284118652344e+01,2.869501113891601562e+01,3.230763626098632812e+01,4.787873458862304688e+01,4.708687591552734375e+01,4.013457870483398438e+01,nan,nan,nan,nan,nan,nan,nan,nan,nan,nan,nan,nan,nan,nan,nan,nan,nan,nan,nan,nan,nan,nan,nan,nan,nan,nan,nan,nan,nan,nan,nan,nan,nan,nan,nan,nan,nan,nan,nan,nan,nan,nan,nan,nan,nan,nan,nan,nan,nan,nan,nan,nan,nan,nan,nan,nan,nan,nan,nan,nan,nan,nan,nan,nan,nan,nan,nan,nan,nan,nan,nan,nan,nan,nan,nan,nan,nan,-4.952001273632049561e-01,5.145538330078125000e+00,4.524591565132141113e-01,-5.913656234741210938e+00,-1.150307178497314453e+00,nan,nan,nan,nan,nan,nan,nan,nan,nan,nan,nan,nan,nan
nan,nan,nan,nan,nan,nan,nan,nan,nan,nan,nan,nan,nan,nan,nan,nan,nan,nan,nan,nan,nan,2.923081398010253906e+01,3.167345237731933594e+01,3.052321434020996094e+01,2.472780990600585938e+01,2.579115295410156250e+01,3.313195800781250000e+01,3.659301757812500000e+01,4.585660552978515625e+01,4.221442413330078125e+01,3.837723541259765625e+01,nan,nan,nan,nan,nan,nan,nan,nan,nan,nan,nan,nan,nan,nan,nan,nan,nan,nan,nan,nan,nan,nan,nan,nan,nan,nan,nan,nan,nan,nan,nan,nan,nan,nan,nan,nan,nan,nan,nan,nan,nan,nan,nan,nan,nan,nan,nan,nan,nan,nan,nan,nan,nan,nan,nan,nan,nan,nan,nan,nan,nan,nan,nan,nan,nan,nan,nan,nan,nan,nan,nan,nan,nan,nan,nan,nan,nan,1.849747419357299805e+00,3.338763952255249023e+00,5.257729291915893555e-01,8.424074172973632812e+00,nan,nan,nan,nan,nan,nan,nan,nan,nan,nan,nan,nan,nan
nan,nan,nan,nan,nan,nan,nan,nan,nan,nan,nan,nan,nan,nan,nan,nan,nan,nan,nan,nan,nan,nan,3.010116386413574219e+01,3.161642265319824219e+01,1.784805870056152344e+01,3.342698669433593750e+01,4.010105514526367188e+01,3.827490615844726562e+01,3.973686599731445312e+01,3.992242050170898438e+01,3.756107711791992188e+01,nan,nan,nan,nan,nan,nan,nan,nan,nan,nan,nan,nan,nan,nan,nan,nan,nan,nan,nan,nan,nan,nan,nan,nan,nan,nan,nan,nan,nan,nan,nan,nan,nan,nan,nan,nan,nan,nan,nan,nan,nan,nan,nan,nan,nan,nan,nan,nan,nan,nan,nan,nan,nan,nan,nan,nan,nan,nan,nan,nan,nan,nan,nan,nan,nan,nan,nan,nan,nan,nan,nan,nan,nan,nan,nan,nan,nan,3.349881887435913086e+00,4.768179416656494141e+00,-4.029235363006591797e+00,5.949127197265625000e+00,nan,nan,nan,nan,nan,nan,nan,nan,nan,nan,nan,nan,nan
nan,nan,nan,nan,nan,nan,nan,nan,nan,nan,nan,nan,nan,nan,nan,nan,nan,nan,nan,nan,nan,nan,2.994163131713867188e+01,3.135295104980468750e+01,2.788450431823730469e+01,3.363150787353515625e+01,3.744806671142578125e+01,3.849461364746093750e+01,4.018691635131835938e+01,4.038393783569335938e+01,3.607628631591796875e+01,2.809811210632324219e+01,1.689318275451660156e+01,3.285857772827148438e+01,nan,nan,nan,nan,nan,nan,nan,nan,nan,nan,nan,nan,nan,nan,nan,nan,nan,nan,nan,nan,nan,nan,nan,nan,nan,nan,nan,nan,nan,nan,nan,nan,nan,nan,nan,nan,nan,nan,nan,nan,nan,nan,nan,nan,nan,nan,nan,nan,nan,nan,nan,nan,nan,nan,nan,nan,nan,nan,nan,nan,nan,nan,nan,nan,nan,nan,nan,nan,nan,nan,nan,5.873758792877197266e+00,1.274155712127685547e+01,1.480253124237060547e+01,8.175686836242675781e+00,-6.145231246948242188e+00,-6.175573348999023438e+00,1.402726888656616211e+00,nan,nan,nan,nan,nan,nan,nan,nan,nan,nan,nan,nan,nan
nan,nan,nan,nan,nan,nan,nan,nan,nan,nan,nan,nan,nan,nan,nan,nan,nan,nan,nan,nan,nan,nan,nan,3.078624725341796875e+01,4.257403564453125000e+01,3.223390579223632812e+01,3.796368408203125000e+01,3.895336532592773438e+01,4.059273910522460938e+01,4.269532775878906250e+01,3.960490417480468750e+01,3.144689559936523438e+01,2.435523033142089844e+01,1.891411972045898438e+01,3.147768592834472656e+01,nan,nan,nan,nan,nan,nan,nan,nan,nan,nan,nan,nan,nan,nan,nan,nan,nan,nan,nan,nan,nan,nan,nan,nan,nan,nan,nan,nan,nan,nan,nan,nan,nan,nan,nan,nan,nan,nan,nan,nan,nan,nan,nan,nan,nan,nan,nan,nan,nan,nan,nan,nan,nan,nan,nan,nan,nan,nan,nan,nan,nan,nan,nan,nan,nan,nan,nan,nan,nan,nan,1.196233481168746948e-01,4.458155155181884766e+00,1.407087707519531250e+01,5.854371547698974609e+00,-5.637100219726562500e+00,nan,nan,nan,nan,nan,nan,nan,nan,nan,nan,nan,nan,nan,nan,nan
nan,nan,nan,nan,nan,nan,nan,nan,nan,nan,nan,nan,nan,nan,nan,nan,nan,nan,nan,nan,nan,nan,nan,nan,2.105774688720703125e+01,2.296740341186523438e+01,3.474731063842773438e+01,3.753345870971679688e+01,3.684372329711914062e+01,3.959051895141601562e+01,4.453204727172851562e+01,3.915447998046875000e+01,2.965022087097167969e+01,2.768314552307128906e+01,nan,nan,nan,nan,nan,nan,nan,nan,nan,nan,nan,nan,nan,nan,nan,nan,nan,nan,nan,nan,nan,nan,nan,nan,nan,nan,nan,nan,nan,nan,nan,nan,nan,nan,nan,nan,nan,nan,nan,nan,nan,nan,nan,nan,nan,nan,nan,nan,nan,nan,nan,nan,nan,nan,nan,nan,nan,nan,nan,nan,nan,nan,nan,nan,nan,nan,nan,nan,nan,nan,nan,-7.276325225830078125e-01,1.560122203826904297e+01,1.230386161804199219e+01,-1.793857336044311523e+00,-5.403319358825683594e+00,nan,nan,nan,nan,nan,nan,nan,nan,nan,nan,nan,nan,nan,nan,nan
nan,nan,nan,nan,nan,nan,nan,nan,nan,nan,nan,nan,nan,nan,nan,nan,nan,nan,nan,nan,nan,nan,nan,nan,1.952628135681152344e+01,2.229848861694335938e+01,3.297348785400390625e+01,3.561511611938476562e+01,3.301197433471679688e+01,3.278203964233398438e+01,3.862252807617187500e+01,3.762292098999023438e+01,3.894596099853515625e+01,3.356334304809570312e+01,nan,3.078822135925292969e+01,nan,nan,nan,nan,nan,nan,nan,nan,nan,nan,nan,nan,nan,nan,nan,nan,nan,nan,nan,nan,nan,nan,nan,nan,nan,nan,nan,nan,nan,nan,nan,nan,nan,nan,nan,nan,nan,nan,nan,nan,nan,nan,nan,nan,nan,nan,nan,nan,nan,nan,nan,nan,nan,nan,nan,nan,nan,nan,nan,nan,nan,nan,nan,nan,nan,nan,nan,nan,2.251781940460205078e+00,1.012952232360839844e+01,1.655769348144531250e+01,3.380916357040405273e+00,-4.018603801727294922e+00,5.505516052246093750e+00,nan,nan,nan,nan,nan,nan,nan,nan,nan,nan,nan,nan,nan,nan,nan
nan,nan,nan,nan,nan,nan,nan,nan,nan,nan,nan,nan,nan,nan,nan,nan,nan,nan,nan,nan,nan,nan,nan,3.185862731933593750e+01,2.380741119384765625e+01,2.880152702331542969e+01,3.222251510620117188e+01,3.449057769775390625e+01,3.730968475341796875e+01,3.619439315795898438e+01,3.374929046630859375e+01,3.645777511596679688e+01,3.839624404907226562e+01,3.625927734375000000e+01,3.280887603759765625e+01,1.901738548278808594e+01,nan,nan,nan,nan,nan,nan,nan,nan,nan,nan,nan,nan,nan,nan,nan,nan,nan,nan,nan,nan,nan,nan,nan,nan,nan,nan,nan,nan,nan,nan,nan,nan,nan,nan,nan,nan,nan,nan,nan,nan,nan,nan,nan,nan,nan,nan,nan,nan,nan,nan,nan,nan,nan,nan,nan,nan,nan,nan,nan,nan,nan,nan,nan,nan,nan,nan,nan,1.405386638641357422e+01,9.740362167358398438e+00,1.388343811035156250e+01,9.906265258789062500e+00,2.794947862625122070e+00,3.575461387634277344e+00,nan,nan,nan,nan,nan,nan,nan,nan,nan,nan,nan,nan,nan,nan,nan,nan
nan,nan,nan,nan,nan,nan,nan,nan,nan,nan,nan,nan,nan,nan,nan,nan,nan,nan,nan,nan,nan,nan,nan,3.229140853881835938e+01,2.739522552490234375e+01,3.289752960205078125e+01,3.267261123657226562e+01,3.709705352783203125e+01,3.962961196899414062e+01,3.342494201660156250e+01,3.577271652221679688e+01,3.842775344848632812e+01,3.869908142089843750e+01,3.749497985839843750e+01,3.085488510131835938e+01,2.450721740722656250e+01,2.840513801574707031e+01,nan,nan,nan,nan,nan,nan,nan,nan,nan,nan,nan,nan,nan,nan,nan,nan,nan,nan,nan,nan,nan,nan,nan,nan,nan,nan,nan,nan,nan,nan,nan,nan,nan,nan,nan,nan,nan,nan,nan,nan,nan,nan,nan,nan,nan,nan,nan,nan,nan,nan,nan,nan,nan,nan,nan,nan,nan,nan,nan,nan,nan,nan,nan,nan,nan,1.602084350585937500e+01,5.242814064025878906e+00,1.934116935729980469e+01,2.204184913635253906e+01,1.071131896972656250e+01,9.805176734924316406e+00,nan,nan,nan,nan,nan,nan,nan,nan,nan,nan,nan,nan,nan,nan,nan,nan,nan
nan,nan,nan,nan,nan,nan,nan,nan,nan,nan,nan,nan,nan,nan,nan,nan,nan,nan,nan,nan,nan,nan,nan,3.256406021118164062e+01,3.242043685913085938e+01,4.030498504638671875e+01,3.243877029418945312e+01,3.971622848510742188e+01,4.349188232421875000e+01,4.065630340576171875e+01,3.795554351806640625e+01,3.967803573608398438e+01,3.758607482910156250e+01,3.534623336791992188e+01,2.974319839477539062e+01,2.695642662048339844e+01,1.886575317382812500e+01,nan,nan,nan,nan,nan,nan,nan,nan,nan,nan,nan,nan,nan,nan,nan,nan,nan,nan,nan,nan,nan,nan,nan,nan,nan,nan,nan,nan,nan,nan,nan,nan,nan,nan,nan,nan,nan,nan,nan,nan,nan,nan,nan,nan,nan,nan,nan,nan,nan,nan,nan,nan,nan,nan,nan,nan,nan,nan,nan,nan,nan,nan,nan,nan,nan,1.554305553436279297e+01,3.831846618652343750e+01,3.095402908325195312e+01,2.625604438781738281e+01,1.357042789459228516e+01,6.938001155853271484e+00,nan,nan,nan,nan,nan,nan,nan,nan,nan,nan,nan,nan,nan,nan,nan,nan,nan
nan,nan,nan,nan,nan,nan,nan,nan,nan,nan,nan,nan,nan,nan,nan,nan,nan,nan,nan,nan,nan,nan,nan,nan,nan,4.011070632934570312e+01,3.754302597045898438e+01,3.872071075439453125e+01,4.185197067260742188e+01,4.356964111328125000e+01,4.015634536743164062e+01,4.127955245971679688e+01,3.985378646850585938e+01,3.585047531127929688e+01,3.088446998596191406e+01,2.597364044189453125e+01,2.157516860961914062e+01,2.310979461669921875e+01,nan,nan,nan,nan,nan,nan,nan,nan,nan,nan,nan,nan,nan,nan,nan,nan,nan,nan,nan,nan,nan,nan,nan,nan,nan,nan,nan,nan,nan,nan,nan,nan,nan,nan,nan,nan,nan,nan,nan,nan,nan,nan,nan,nan,nan,nan,nan,nan,nan,nan,nan,nan,nan,nan,nan,nan,nan,nan,nan,nan,nan,nan,nan,nan,2.335800552368164062e+01,3.227580261230468750e+01,3.112229537963867188e+01,1.028645229339599609e+01,6.169974327087402344e+00,2.623359680175781250e+00,1.007833766937255859e+01,nan,nan,nan,nan,nan,nan,nan,nan,nan,nan,nan,nan,nan,nan,nan,nan
nan,nan,nan,nan,nan,nan,nan,nan,nan,nan,nan,nan,nan,nan,nan,nan,nan,nan,nan,nan,nan,nan,nan,nan,nan,nan,4.449407196044921875e+01,3.383108139038085938e+01,4.502153778076171875e+01,4.194421005249023438e+01,3.876255035400390625e+01,4.034525299072265625e+01,3.879336547851562500e+01,3.722591781616210938e+01,3.132494735717773438e+01,2.545224761962890625e+01,1.908971786499023438e+01,1.020767784118652344e+01,nan,nan,nan,nan,nan,nan,nan,nan,nan,nan,nan,nan,nan,nan,nan,nan,nan,nan,nan,nan,nan,nan,nan,nan,nan,nan,nan,nan,nan,nan,nan,nan,nan,nan,nan,nan,nan,nan,nan,nan,nan,nan,nan,nan,nan,nan,nan,nan,nan,nan,nan,nan,nan,nan,nan,nan,nan,nan,nan,nan,nan,nan,nan,nan,1.262437725067138672e+01,1.555463695526123047e+01,1.607197380065917969e+01,8.347621917724609375e+00,5.611567497253417969e+00,6.416224002838134766e+00,9.781609535217285156e+00,nan,nan,nan,nan,nan,nan,nan,nan,nan,nan,nan,nan,nan,nan,nan,nan
nan,nan,nan,nan,nan,nan,nan,nan,nan,nan,nan,nan,nan,nan,nan,nan,nan,nan,nan,nan,nan,nan,nan,nan,nan,nan,4.027509307861328125e+01,4.139729690551757812e+01,4.328827285766601562e+01,3.849515533447265625e+01,3.883875656127929688e+01,4.038985061645507812e+01,3.726293945312500000e+01,3.626522827148437500e+01,3.326671218872070312e+01,2.854835319519042969e+01,1.801019477844238281e+01,1.008018302917480469e+01,nan,nan,nan,nan,nan,nan,nan,nan,nan,nan,nan,nan,nan,nan,nan,nan,nan,nan,nan,nan,nan,nan,nan,nan,nan,nan,nan,nan,nan,nan,nan,nan,nan,nan,nan,nan,nan,nan,nan,nan,nan,nan,nan,nan,nan,nan,nan,nan,nan,nan,nan,nan,nan,nan,nan,nan,nan,nan,nan,nan,nan,nan,nan,nan,1.306673622131347656e+01,1.811513137817382812e+01,8.238426208496093750e+00,7.584446907043457031e+00,6.219810009002685547e+00,1.530349349975585938e+01,8.952023506164550781e+00,nan,nan,nan,nan,nan,nan,nan,nan,nan,nan,nan,nan,nan,nan,nan,nan
nan,nan,nan,nan,nan,nan,nan,nan,nan,nan,nan,nan,nan,nan,nan,nan,nan,nan,nan,nan,nan,nan,nan,nan,nan,nan,nan,4.227584075927734375e+01,4.127010726928710938e+01,4.362294006347656250e+01,3.903649520874023438e+01,4.043088531494140625e+01,3.730303192138671875e+01,3.961866378784179688e+01,2.995516777038574219e+01,2.708408546447753906e+01,1.391449832916259766e+01,7.436782360076904297e+00,nan,nan,-1.616276979446411133e+00,nan,nan,nan,nan,nan,nan,nan,nan,nan,nan,nan,nan,nan,nan,nan,nan,nan,nan,nan,nan,nan,nan,nan,nan,nan,nan,nan,nan,nan,nan,nan,nan,nan,nan,nan,nan,nan,nan,nan,nan,nan,nan,nan,nan,nan,nan,nan,nan,nan,nan,nan,nan,nan,nan,nan,nan,nan,nan,nan,8.852408409118652344e+00,-1.545780003070831299e-01,4.674314022064208984e+00,1.201225948333740234e+01,9.272968292236328125e+00,2.399315357208251953e+00,7.587792396545410156e+00,nan,nan,nan,nan,nan,nan,nan,nan,nan,nan,nan,nan,nan,nan,nan,nan,nan,nan
nan,nan,nan,nan,nan,nan,nan,nan,nan,nan,nan,nan,nan,nan,nan,nan,nan,nan,nan,nan,nan,nan,nan,nan,nan,nan,nan,nan,4.120838928222656250e+01,4.741577911376953125e+01,4.656996536254882812e+01,4.357506942749023438e+01,3.735718154907226562e+01,3.655445861816406250e+01,3.002430915832519531e+01,2.944417381286621094e+01,1.551247978210449219e+01,1.110513877868652344e+01,-7.404388785362243652e-01,-1.181074857711791992e+00,-4.207433700561523438e+00,-8.515356063842773438e+00,nan,nan,nan,nan,nan,nan,nan,nan,nan,nan,nan,nan,nan,nan,nan,nan,nan,nan,nan,nan,nan,nan,nan,nan,nan,nan,nan,nan,nan,nan,nan,nan,nan,nan,nan,nan,nan,nan,nan,nan,nan,nan,nan,nan,nan,nan,nan,nan,nan,nan,nan,nan,nan,nan,nan,nan,nan,nan,3.455896139144897461e+00,3.635309636592864990e-01,8.325789451599121094e+00,6.565520286560058594e+00,9.394131660461425781e+00,2.643532991409301758e+00,7.541306018829345703e+00,nan,nan,nan,nan,nan,nan,nan,nan,nan,nan,nan,nan,nan,nan,nan,nan,nan,nan
nan,nan,nan,nan,nan,nan,nan,nan,nan,nan,nan,nan,nan,nan,nan,nan,nan,nan,nan,nan,nan,nan,nan,nan,nan,nan,nan,nan,nan,5.258205795288085938e+01,5.288120269775390625e+01,5.417977523803710938e+01,2.881206321716308594e+01,3.915322113037109375e+01,3.711757278442382812e+01,2.517392730712890625e+01,1.530227184295654297e+01,2.881497383117675781e+00,-3.091546535491943359e+00,-6.986360549926757812e+00,-9.258795738220214844e+00,-6.688908576965332031e+00,-1.189389228820800781e+01,nan,nan,nan,nan,nan,nan,nan,nan,nan,nan,nan,nan,nan,nan,nan,nan,nan,nan,nan,nan,nan,nan,nan,nan,nan,nan,nan,nan,nan,nan,nan,nan,nan,nan,nan,nan,nan,nan,nan,nan,nan,nan,nan,nan,nan,nan,nan,nan,nan,nan,nan,nan,nan,nan,nan,3.275119543075561523e+00,3.500826597213745117e+00,1.598034143447875977e+00,3.877350807189941406e+00,1.079549789428710938e+01,7.292958259582519531e+00,4.440943241119384766e+00,-1.432132816314697266e+01,6.178540706634521484e+00,nan,nan,nan,nan,nan,nan,nan,nan,nan,nan,nan,nan,nan,nan,nan,nan,nan,nan
nan,nan,nan,nan,nan,nan,nan,nan,nan,nan,nan,nan,nan,nan,nan,nan,nan,nan,nan,nan,nan,nan,nan,nan,nan,nan,nan,nan,nan,nan,5.657186889648437500e+01,5.332976913452148438e+01,1.687726974487304688e+01,3.756027603149414062e+01,3.655873870849609375e+01,2.389073944091796875e+01,1.747939491271972656e+01,9.487151503562927246e-01,-6.261100769042968750e+00,-1.549332427978515625e+01,-1.692337036132812500e+01,-1.266259670257568359e+01,-1.108165550231933594e+01,-3.871016025543212891e+00,-7.239401340484619141e-01,5.188757181167602539e-01,-5.718165397644042969e+00,nan,nan,nan,nan,4.135121345520019531e+00,6.583040237426757812e+00,nan,nan,1.233981800079345703e+01,7.923027038574218750e+00,1.388747501373291016e+01,1.377027988433837891e+01,1.285437107086181641e+01,1.128320217132568359e+01,nan,nan,nan,nan,nan,nan,nan,nan,nan,nan,nan,nan,nan,nan,nan,nan,nan,nan,nan,nan,nan,nan,nan,nan,nan,nan,nan,nan,nan,nan,nan,nan,nan,nan,nan,nan,nan,2.058404445648193359e+00,4.319921493530273438e+00,3.295868873596191406e+00,7.480209827423095703e+00,1.066238021850585938e+01,9.300230979919433594e+00,1.798206210136413574e+00,-5.670875549316406250e+00,nan,nan,nan,nan,nan,nan,nan,nan,nan,nan,nan,nan,nan,nan,nan,nan,nan,nan,nan
nan,nan,nan,nan,nan,nan,nan,nan,nan,nan,nan,nan,nan,nan,nan,nan,nan,nan,nan,nan,nan,nan,nan,nan,nan,nan,nan,nan,nan,nan,nan,3.751718521118164062e+01,5.287910079956054688e+01,4.190794754028320312e+01,2.400713348388671875e+01,1.547119331359863281e+01,6.938852310180664062e+00,2.080721855163574219e+00,-1.072188282012939453e+01,-2.360618782043457031e+01,-2.548727989196777344e+01,-1.517848110198974609e+01,-1.207961940765380859e+01,-8.882553100585937500e+00,-7.591979026794433594e+00,-5.712116718292236328e+00,-3.306711912155151367e+00,-1.093374133110046387e+00,4.748012721538543701e-01,-2.745676934719085693e-01,1.818611979484558105e+00,6.473805904388427734e-01,4.135001659393310547e+00,4.158276557922363281e+00,5.018459796905517578e+00,1.375532817840576172e+01,1.739724349975585938e+01,2.117613029479980469e+01,1.977742195129394531e+01,1.672413063049316406e+01,1.218475437164306641e+01,1.601356887817382812e+01,4.989528656005859375e+00,nan,nan,nan,nan,nan,-7.074979305267333984e+00,nan,nan,nan,nan,nan,nan,nan,nan,nan,nan,nan,nan,nan,nan,nan,nan,nan,nan,nan,nan,nan,nan,nan,nan,nan,nan,nan,nan,nan,nan,3.656294584274291992e+00,3.626716375350952148e+00,4.472819328308105469e+00,8.107808113098144531e+00,4.910580158233642578e+00,7.108334064483642578e+00,4.126127243041992188e+00,nan,nan,nan,nan,nan,nan,nan,nan,nan,nan,nan,nan,nan,nan,nan,nan,nan,nan,nan
nan,nan,nan,nan,nan,nan,nan,nan,nan,nan,nan,nan,nan,nan,nan,nan,nan,nan,nan,nan,nan,nan,nan,nan,nan,nan,nan,nan,nan,nan,nan,nan,5.201795578002929688e+01,4.363871383666992188e+01,3.509795379638671875e+01,5.249909400939941406e+00,4.020783424377441406e+00,-2.722440958023071289e+00,-2.104676818847656250e+01,-2.502997207641601562e+01,-3.230468750000000000e+01,-2.338007926940917969e+01,-1.515930652618408203e+01,-1.287558078765869141e+01,-1.063384914398193359e+01,-8.765224456787109375e+00,-6.354557037353515625e+00,-4.352489471435546875e+00,-3.305777549743652344e+00,-1.561364233493804932e-01,3.303122282028198242e+00,3.961891174316406250e+00,5.446077823638916016e+00,7.613230705261230469e+00,1.093904781341552734e+01,1.136947441101074219e+01,1.621132469177246094e+01,1.845274353027343750e+01,1.028875064849853516e+01,1.102500724792480469e+01,5.750708580017089844e+00,1.171761608123779297e+01,7.840213298797607422e+00,-1.239610791206359863e+00,-8.398801803588867188e+00,-8.991932868957519531e+00,-5.746232986450195312e+00,-7.123404979705810547e+00,-8.039720535278320312e+00,nan,nan,nan,nan,nan,nan,nan,nan,nan,nan,nan,nan,nan,nan,nan,nan,nan,nan,nan,nan,nan,nan,nan,nan,nan,nan,nan,nan,nan,-3.271829187870025635e-01,2.556327819824218750e+00,-2.710333347320556641e+00,-4.311872959136962891e+00,4.236651897430419922e+00,6.696971893310546875e+00,2.866998434066772461e+00,nan,nan,nan,nan,nan,nan,nan,nan,nan,nan,nan,nan,nan,nan,nan,nan,nan,nan,nan,nan
nan,nan,nan,nan,nan,nan,nan,nan,nan,nan,nan,nan,nan,nan,nan,nan,nan,nan,nan,nan,nan,nan,nan,nan,nan,nan,nan,nan,nan,nan,nan,nan,2.692431068420410156e+01,2.962210083007812500e+01,2.673392295837402344e+01,1.205198764801025391e+01,-8.200242519378662109e-01,-9.618496894836425781e+00,-2.209755516052246094e+01,-2.987670707702636719e+01,-3.213033676147460938e+01,-2.526741218566894531e+01,-1.851702880859375000e+01,-1.114971542358398438e+01,-9.971044540405273438e+00,-8.678143501281738281e+00,-6.326778888702392578e+00,-4.796416282653808594e+00,-2.473118066787719727e+00,1.014102458953857422e+00,3.290927886962890625e+00,4.514277458190917969e+00,5.981149673461914062e+00,8.028456687927246094e+00,1.303746891021728516e+01,1.596603298187255859e+01,1.899189567565917969e+01,1.667797851562500000e+01,1.021393585205078125e+01,1.621937179565429688e+01,3.749241590499877930e+00,1.245993900299072266e+01,6.193272113800048828e+00,6.868233203887939453e+00,1.106999683380126953e+01,7.846308350563049316e-01,-4.982868671417236328e+00,nan,nan,nan,nan,nan,nan,nan,nan,nan,nan,nan,nan,nan,nan,nan,nan,nan,nan,nan,nan,nan,nan,nan,nan,nan,nan,nan,nan,nan,nan,nan,2.929868459701538086e+00,-3.600368976593017578e+00,-9.440227508544921875e+00,-7.138811111450195312e+00,7.602423667907714844e+00,1.248681902885437012e+00,nan,nan,nan,nan,nan,nan,nan,nan,nan,nan,nan,nan,nan,nan,nan,nan,nan,nan,nan,nan,nan
nan,nan,nan,nan,nan,nan,nan,nan,nan,nan,nan,nan,nan,nan,nan,nan,nan,nan,nan,nan,nan,nan,nan,nan,nan,nan,nan,nan,nan,nan,nan,2.777318763732910156e+01,nan,nan,2.178516387939453125e+01,1.432398128509521484e+01,-1.525884747505187988e+00,-6.818278789520263672e+00,-2.728030014038085938e+01,-3.734061431884765625e+01,-3.203710174560546875e+01,-2.771319198608398438e+01,-2.661666679382324219e+01,-1.520162200927734375e+01,-1.405904388427734375e+01,-7.554916381835937500e+00,-5.920853137969970703e+00,-6.444257259368896484e+00,-3.215724945068359375e+00,8.897558450698852539e-01,3.324080467224121094e+00,4.324883460998535156e+00,3.931796312332153320e+00,8.248448371887207031e+00,1.412438774108886719e+01,1.737897109985351562e+01,2.521697425842285156e+01,2.825045013427734375e+01,1.925374603271484375e+01,1.801864242553710938e+01,3.446912050247192383e+00,-2.077136516571044922e+00,-2.174232304096221924e-01,-3.885991334915161133e+00,7.074368000030517578e-01,-7.987206935882568359e+00,-1.096617317199707031e+01,-1.156848526000976562e+01,nan,nan,nan,nan,nan,nan,nan,nan,nan,nan,nan,nan,nan,nan,nan,nan,nan,nan,nan,nan,nan,nan,nan,nan,nan,nan,nan,nan,nan,-4.495381712913513184e-01,-9.708284735679626465e-01,-9.037235260009765625e+00,-8.298599243164062500e+00,2.062015056610107422e+00,-2.979645431041717529e-01,3.199834227561950684e-01,nan,nan,nan,nan,nan,nan,nan,nan,nan,nan,nan,nan,nan,nan,nan,nan,nan,nan,nan,nan,nan
nan,nan,nan,nan,nan,nan,nan,nan,nan,nan,nan,nan,nan,nan,nan,nan,nan,nan,nan,nan,nan,nan,nan,nan,nan,nan,nan,nan,nan,nan,nan,2.394986152648925781e+01,nan,nan,1.579268169403076172e+01,1.399814414978027344e+01,3.937130212783813477e+00,-9.599171638488769531e+00,-3.245458602905273438e+01,-3.535237884521484375e+01,-3.424335098266601562e+01,-3.042667198181152344e+01,-2.662278366088867188e+01,-2.377237129211425781e+01,-1.613953018188476562e+01,-7.690491199493408203e+00,-8.087220191955566406e+00,-7.642744064331054688e+00,-6.966482639312744141e+00,-2.582065343856811523e+00,3.101348876953125000e+00,4.200557708740234375e+00,3.636486768722534180e+00,9.547184944152832031e+00,1.156770610809326172e+01,1.954695701599121094e+01,2.452788925170898438e+01,3.013146018981933594e+01,3.049381446838378906e+01,1.835571098327636719e+01,9.760113716125488281e+00,1.186414837837219238e+00,-1.826170384883880615e-01,-1.128141117095947266e+01,-1.208649635314941406e+01,-1.854677581787109375e+01,-1.976690101623535156e+01,-3.722965240478515625e+00,-9.819576263427734375e+00,nan,nan,nan,nan,nan,nan,nan,nan,nan,nan,nan,nan,nan,nan,nan,nan,nan,nan,nan,nan,nan,nan,nan,nan,nan,nan,-2.431336164474487305e+00,8.993956446647644043e-02,-6.132410764694213867e-01,3.474909365177154541e-01,-1.279991817474365234e+01,-1.268725872039794922e+01,nan,nan,nan,nan,nan,nan,nan,nan,nan,nan,nan,nan,nan,nan,nan,nan,nan,nan,nan,nan,nan,nan,nan,nan
nan,nan,nan,nan,nan,nan,nan,nan,nan,nan,nan,nan,nan,nan,nan,nan,nan,nan,nan,nan,nan,nan,nan,nan,nan,nan,nan,nan,nan,nan,nan,2.088141441345214844e+01,2.781601333618164062e+01,1.844013977050781250e+01,1.753701210021972656e+01,1.007682418823242188e+01,4.712135791778564453e+00,-1.863967704772949219e+01,-3.384549331665039062e+01,-3.635864257812500000e+01,-4.097852706909179688e+01,-3.745358657836914062e+01,-2.990606307983398438e+01,-2.258539581298828125e+01,-2.000585746765136719e+01,-1.163542842864990234e+01,-9.789002418518066406e+00,-7.850898742675781250e+00,-6.865184783935546875e+00,-1.661760926246643066e+00,2.570891857147216797e+00,3.934167146682739258e+00,5.457773685455322266e+00,9.801332473754882812e+00,1.232786464691162109e+01,1.924227333068847656e+01,2.361977767944335938e+01,3.105303955078125000e+01,3.264147567749023438e+01,1.769634628295898438e+01,5.424777507781982422e+00,2.306288957595825195e+00,-6.087145805358886719e+00,-1.196280193328857422e+01,-1.548458194732666016e+01,-1.995082664489746094e+01,-1.028803634643554688e+01,-5.588128089904785156e+00,nan,nan,nan,nan,nan,nan,nan,nan,nan,nan,nan,nan,nan,nan,nan,nan,nan,nan,nan,nan,nan,nan,nan,nan,nan,nan,nan,nan,-1.042931526899337769e-01,-1.515094280242919922e+00,-7.713316440582275391e+00,-7.991579055786132812e+00,nan,nan,nan,nan,nan,nan,nan,nan,nan,nan,nan,nan,nan,nan,nan,nan,nan,nan,nan,nan,nan,nan,nan,nan,nan
nan,nan,nan,nan,nan,nan,nan,nan,nan,nan,nan,nan,nan,nan,nan,nan,nan,nan,nan,nan,nan,nan,nan,nan,nan,nan,nan,nan,nan,nan,nan,nan,1.446964550018310547e+01,1.786314010620117188e+01,1.807519340515136719e+01,1.119055271148681641e+01,-2.269329309463500977e+00,-2.487463378906250000e+01,-3.120071792602539062e+01,-3.861041641235351562e+01,-4.685676193237304688e+01,-4.449153900146484375e+01,-2.887128639221191406e+01,-2.541035079956054688e+01,-2.514500236511230469e+01,-2.503755950927734375e+01,-1.254941177368164062e+01,-9.748407363891601562e+00,-7.566588401794433594e+00,-3.158962488174438477e+00,8.007393479347229004e-01,1.998743534088134766e+00,5.443542480468750000e+00,8.771306037902832031e+00,1.301004791259765625e+01,1.751520729064941406e+01,2.755003356933593750e+01,3.192142295837402344e+01,3.382021331787109375e+01,2.175365447998046875e+01,4.431017398834228516e+00,-1.404841995239257812e+01,-4.926284790039062500e+00,-9.203521728515625000e+00,-1.488859081268310547e+01,-1.985025787353515625e+01,-1.181419181823730469e+01,nan,nan,nan,nan,nan,nan,nan,nan,nan,nan,nan,nan,nan,nan,nan,nan,nan,nan,nan,nan,nan,nan,nan,nan,nan,nan,nan,nan,-3.636506795883178711e+00,-2.377876788377761841e-01,-1.455738306045532227e+00,1.891892075538635254e+00,nan,nan,nan,nan,nan,nan,nan,nan,nan,nan,nan,nan,nan,nan,nan,nan,nan,nan,nan,nan,nan,nan,nan,nan,nan,nan
nan,nan,nan,nan,nan,nan,nan,nan,nan,nan,nan,nan,nan,nan,nan,nan,nan,nan,nan,nan,nan,nan,nan,nan,nan,nan,nan,nan,nan,nan,nan,nan,nan,nan,1.677899169921875000e+01,1.792203330993652344e+01,5.091790199279785156e+00,-1.896685028076171875e+01,-3.713950729370117188e+01,-4.389684295654296875e+01,-4.991905593872070312e+01,-5.715166473388671875e+01,-3.101984405517578125e+01,-2.685535430908203125e+01,-3.043306350708007812e+01,-2.657580184936523438e+01,-1.868893432617187500e+01,-1.285991668701171875e+01,-5.983904838562011719e+00,-3.749450683593750000e+00,-3.932466506958007812e+00,2.358263969421386719e+00,3.240443944931030273e+00,7.740429401397705078e+00,1.164067554473876953e+01,1.827592658996582031e+01,2.740078926086425781e+01,2.951708412170410156e+01,2.833868026733398438e+01,2.756553840637207031e+01,2.702954483032226562e+01,1.556970977783203125e+01,1.147154998779296875e+01,1.998673915863037109e+00,-1.063402652740478516e+01,-1.963146209716796875e+01,-2.861926078796386719e+00,nan,nan,nan,nan,nan,nan,nan,nan,nan,nan,nan,nan,nan,nan,nan,nan,nan,nan,nan,nan,nan,nan,nan,nan,nan,nan,nan,-3.217706203460693359e+00,-3.506559610366821289e+00,-3.607216835021972656e+00,-5.554931163787841797e+00,-4.073017120361328125e+00,nan,nan,nan,nan,nan,nan,nan,nan,nan,nan,nan,nan,nan,nan,nan,nan,nan,nan,nan,nan,nan,nan,nan,nan,nan,nan
nan,nan,nan,nan,nan,nan,nan,nan,nan,nan,nan,nan,nan,nan,nan,nan,nan,nan,nan,nan,nan,nan,nan,nan,nan,nan,nan,nan,nan,nan,nan,nan,nan,6.202887058258056641e+00,1.985053634643554688e+01,2.005582809448242188e+01,6.151634216308593750e+00,-2.209648704528808594e+01,-5.206947326660156250e+01,-4.788716125488281250e+01,-5.489464569091796875e+01,-5.610750579833984375e+01,-3.729056167602539062e+01,-2.828368759155273438e+01,-3.445644378662109375e+01,-3.199099540710449219e+01,-1.321158123016357422e+01,-1.072905921936035156e+01,-5.225589275360107422e+00,-8.781220436096191406e+00,-6.611639976501464844e+00,-1.466757178306579590e+00,1.065757393836975098e+00,4.543208122253417969e+00,1.304033851623535156e+01,1.815271759033203125e+01,2.700166893005371094e+01,2.634674453735351562e+01,2.434120368957519531e+01,2.645981597900390625e+01,2.226278305053710938e+01,1.836939620971679688e+01,1.879540061950683594e+01,1.609897804260253906e+01,6.175515651702880859e+00,1.044310808181762695e+00,nan,nan,nan,nan,nan,nan,nan,nan,nan,nan,nan,nan,nan,nan,nan,nan,nan,nan,nan,nan,nan,nan,nan,nan,nan,nan,nan,nan,-2.781434535980224609e+00,-7.631481170654296875e+00,-6.877761363983154297e+00,-2.123070001602172852e+00,-4.072558403015136719e+00,nan,nan,nan,nan,nan,nan,nan,nan,nan,nan,nan,nan,nan,nan,nan,nan,nan,nan,nan,nan,nan,nan,nan,nan,nan,nan
nan,nan,nan,nan,nan,nan,nan,nan,nan,nan,nan,nan,nan,nan,nan,nan,nan,nan,nan,nan,nan,nan,nan,nan,nan,nan,nan,nan,nan,nan,nan,nan,7.089912891387939453e+00,1.934952545166015625e+01,1.421967124938964844e+01,1.171708965301513672e+01,5.028587341308593750e+00,-2.540242958068847656e+01,-3.101618957519531250e+01,-4.659728240966796875e+01,-5.418800735473632812e+01,-5.248335266113281250e+01,-3.557958984375000000e+01,-2.975180435180664062e+01,-3.750229644775390625e+01,-2.342188644409179688e+01,-1.497385215759277344e+01,-1.349948215484619141e+01,-1.136825466156005859e+01,-1.169370937347412109e+01,-7.237355709075927734e+00,-1.142305731773376465e+00,5.782831311225891113e-01,7.341122627258300781e+00,1.539774131774902344e+01,1.582875537872314453e+01,2.012538719177246094e+01,2.170339202880859375e+01,1.978867340087890625e+01,2.191086196899414062e+01,1.546867179870605469e+01,2.279682731628417969e+01,2.564177131652832031e+01,1.765034103393554688e+01,1.180601596832275391e+01,8.915866851806640625e+00,5.517766952514648438e+00,nan,nan,nan,nan,nan,nan,nan,nan,nan,nan,nan,nan,nan,nan,nan,nan,nan,nan,nan,nan,nan,nan,nan,nan,-1.425804615020751953e+00,nan,nan,-9.029438018798828125e+00,-1.422227478027343750e+01,-2.489885568618774414e+00,nan,nan,nan,nan,nan,nan,nan,nan,nan,nan,nan,nan,nan,nan,nan,nan,nan,nan,nan,nan,nan,nan,nan,nan,nan,nan,nan,nan
nan,nan,nan,nan,nan,nan,nan,nan,nan,nan,nan,nan,nan,nan,nan,nan,nan,nan,nan,nan,nan,nan,nan,nan,nan,nan,nan,nan,nan,nan,nan,nan,nan,-3.732729673385620117e+00,1.070439529418945312e+01,1.360993385314941406e+00,-2.046567344665527344e+01,-1.794251632690429688e+01,-4.915439224243164062e+01,-4.933552169799804688e+01,-5.536476516723632812e+01,-4.819489669799804688e+01,-3.130901336669921875e+01,-3.029214286804199219e+01,-3.705748748779296875e+01,-2.246782112121582031e+01,-1.538784027099609375e+01,-1.306851100921630859e+01,-1.232155418395996094e+01,-1.230315589904785156e+01,-4.016411304473876953e+00,8.724529743194580078e-01,5.479834079742431641e+00,8.523559570312500000e+00,1.071415233612060547e+01,1.236576461791992188e+01,1.542174625396728516e+01,1.818276596069335938e+01,1.972314643859863281e+01,2.282174682617187500e+01,2.720833969116210938e+01,3.467628479003906250e+01,2.249471664428710938e+01,1.570224094390869141e+01,1.479612255096435547e+01,-2.736499011516571045e-01,-7.469353079795837402e-02,nan,nan,nan,nan,nan,nan,nan,nan,nan,nan,nan,nan,nan,nan,nan,nan,nan,nan,nan,nan,nan,nan,-4.588629722595214844e+00,-2.940005540847778320e+00,9.275364279747009277e-01,-1.505436420440673828e+00,-3.382941961288452148e+00,-6.152778625488281250e+00,-1.110324263572692871e+00,-1.664656043052673340e+00,nan,nan,nan,nan,nan,nan,nan,nan,nan,nan,nan,nan,nan,nan,nan,nan,nan,nan,nan,nan,nan,nan,nan,nan,nan,nan,nan,nan
nan,nan,nan,nan,nan,nan,nan,nan,nan,nan,nan,nan,nan,nan,nan,nan,nan,nan,nan,nan,nan,nan,nan,nan,nan,nan,nan,nan,nan,nan,nan,nan,nan,-1.037238788604736328e+01,-1.693460083007812500e+01,-1.985724639892578125e+01,-3.637158966064453125e+01,-3.792679595947265625e+01,-4.582092285156250000e+01,-5.239783859252929688e+01,-5.307382965087890625e+01,-5.200064086914062500e+01,-3.662424850463867188e+01,-2.960119628906250000e+01,-3.142970275878906250e+01,-1.865475654602050781e+01,-1.439971733093261719e+01,-1.598886203765869141e+01,-1.105521965026855469e+01,-1.425379371643066406e+01,-1.135677051544189453e+01,8.865098655223846436e-02,6.194138526916503906e+00,5.840568065643310547e+00,8.107834815979003906e+00,1.019138050079345703e+01,1.340391731262207031e+01,1.728902816772460938e+01,2.044082832336425781e+01,2.198292922973632812e+01,2.466221809387207031e+01,2.307734489440917969e+01,2.495491600036621094e+01,2.797903442382812500e+01,1.870108604431152344e+01,5.552926540374755859e+00,-4.762763977050781250e+00,-8.245941162109375000e+00,8.277311325073242188e+00,nan,nan,nan,nan,nan,nan,nan,nan,nan,nan,nan,nan,nan,nan,nan,nan,nan,nan,-9.659788131713867188e+00,-7.653337001800537109e+00,-5.955375194549560547e+00,-6.873373508453369141e+00,-3.253319263458251953e+00,-1.952040791511535645e+00,1.664474964141845703e+00,1.132368659973144531e+01,nan,nan,nan,nan,nan,nan,nan,nan,nan,nan,nan,nan,nan,nan,nan,nan,nan,nan,nan,nan,nan,nan,nan,nan,nan,nan,nan,nan,nan,nan
nan,nan,nan,nan,nan,nan,nan,nan,nan,nan,nan,nan,nan,nan,nan,nan,nan,nan,nan,nan,nan,nan,nan,nan,nan,nan,nan,nan,nan,nan,nan,nan,-1.111240673065185547e+01,-1.749341583251953125e+01,-4.968344211578369141e+00,-2.801066970825195312e+01,-3.130740165710449219e+01,-4.619962310791015625e+01,-4.414578247070312500e+01,-5.376816177368164062e+01,-5.257772827148437500e+01,-5.324748992919921875e+01,-3.647529983520507812e+01,-3.259424972534179688e+01,-2.847278785705566406e+01,-2.299226760864257812e+01,-1.769054603576660156e+01,-1.730584144592285156e+01,-9.850973129272460938e+00,-1.249590873718261719e+01,-5.958969116210937500e+00,3.529858827590942383e+00,6.957781314849853516e+00,8.197510719299316406e+00,1.164479827880859375e+01,8.463473320007324219e+00,1.615407371520996094e+01,1.669912719726562500e+01,2.604303550720214844e+01,2.309226036071777344e+01,2.358744621276855469e+01,2.661649322509765625e+01,2.487648963928222656e+01,3.045105743408203125e+01,1.741853713989257812e+01,1.072982788085937500e+01,8.812385559082031250e+00,1.200002384185791016e+01,-1.819325089454650879e+00,-4.729759693145751953e-02,2.798989295959472656e+00,-2.418303251266479492e+00,-5.256055667996406555e-02,1.039215087890625000e+01,nan,nan,nan,nan,nan,nan,nan,1.006949901580810547e+00,-3.648119926452636719e+00,nan,nan,nan,-1.194446086883544922e+01,-2.256177663803100586e+00,-2.370391607284545898e+00,-6.183288574218750000e+00,-9.037401199340820312e+00,1.283703804016113281e+00,2.321287244558334351e-01,9.208081245422363281e+00,2.753566980361938477e+00,nan,nan,nan,nan,nan,nan,nan,nan,nan,nan,nan,nan,nan,nan,nan,nan,nan,nan,nan,nan,nan,nan,nan,nan,nan,nan,nan,nan,nan,nan
nan,nan,nan,nan,nan,nan,nan,nan,nan,nan,nan,nan,nan,nan,nan,nan,nan,nan,nan,nan,nan,nan,nan,nan,nan,nan,nan,nan,nan,nan,nan,nan,nan,-2.411190223693847656e+01,-9.156648635864257812e+00,-2.663655853271484375e+01,-3.583552932739257812e+01,-5.144898605346679688e+01,-5.331111145019531250e+01,-4.201188659667968750e+01,-3.983391189575195312e+01,-3.974028778076171875e+01,-3.868700027465820312e+01,-3.509389114379882812e+01,-2.651603317260742188e+01,-2.433063507080078125e+01,-2.292485046386718750e+01,-1.227641868591308594e+01,-9.822575569152832031e+00,-4.789486408233642578e+00,-1.385817170143127441e+00,3.434849262237548828e+00,3.962264299392700195e+00,1.113111495971679688e+01,9.898097991943359375e+00,9.214910507202148438e+00,7.842411518096923828e+00,2.165726089477539062e+01,2.890403747558593750e+01,2.954036712646484375e+01,2.893460845947265625e+01,2.896977615356445312e+01,3.271493148803710938e+01,3.239383316040039062e+01,2.281406593322753906e+01,1.826804542541503906e+01,1.846727180480957031e+01,1.500714492797851562e+01,6.967609405517578125e+00,7.955350875854492188e+00,5.026479244232177734e+00,6.485842704772949219e+00,3.350637912750244141e+00,1.077157497406005859e+00,1.233634281158447266e+01,4.442361831665039062e+00,7.791390419006347656e+00,1.522546005249023438e+01,5.298249721527099609e+00,1.436637282371520996e+00,7.485603690147399902e-01,-8.254093527793884277e-01,1.328776955604553223e+00,nan,-1.177506256103515625e+01,-1.829412078857421875e+01,-1.018204879760742188e+01,-5.829944133758544922e+00,-4.805074214935302734e+00,-8.120671272277832031e+00,4.190674781799316406e+00,5.040330410003662109e+00,1.708368492126464844e+01,1.275822257995605469e+01,1.235657930374145508e+00,nan,nan,nan,nan,nan,nan,nan,nan,nan,nan,nan,nan,nan,nan,nan,nan,nan,nan,nan,nan,nan,nan,nan,nan,nan,nan,nan,nan,nan,nan
nan,nan,nan,nan,nan,nan,nan,nan,nan,nan,nan,nan,nan,nan,nan,nan,nan,nan,nan,nan,nan,nan,nan,nan,nan,nan,nan,nan,nan,nan,nan,nan,nan,nan,-3.467584609985351562e+01,-2.888741493225097656e+01,-4.802066802978515625e+01,-5.397336578369140625e+01,-5.004447555541992188e+01,-4.487163162231445312e+01,-4.059110641479492188e+01,-3.851455688476562500e+01,-4.504788208007812500e+01,-3.771876144409179688e+01,-3.226434707641601562e+01,-2.905653190612792969e+01,-2.243851089477539062e+01,-1.441703128814697266e+01,-1.303763866424560547e+01,-5.571454524993896484e+00,-6.896050572395324707e-01,1.703512072563171387e+00,4.633030891418457031e+00,1.192067432403564453e+01,1.139858722686767578e+01,1.277580928802490234e+01,1.635220336914062500e+01,1.753920364379882812e+01,2.401041793823242188e+01,2.640463256835937500e+01,2.626448059082031250e+01,2.606135559082031250e+01,2.874908638000488281e+01,3.255770874023437500e+01,2.897723007202148438e+01,1.478978157043457031e+01,1.372268199920654297e+01,1.454123306274414062e+01,9.540048599243164062e+00,1.105164718627929688e+01,1.493235397338867188e+01,1.140795612335205078e+01,7.363942623138427734e+00,1.028182220458984375e+01,1.396210575103759766e+01,1.142262935638427734e+01,1.736104011535644531e+01,2.039134979248046875e+01,2.128422546386718750e+01,1.315813255310058594e+01,-3.316279649734497070e+00,-4.364947319030761719e+00,-1.061249971389770508e+00,-5.280461311340332031e+00,nan,-2.354535865783691406e+01,-2.502952384948730469e+01,-2.508571434020996094e+01,-2.047652816772460938e+01,-1.529007148742675781e+01,-1.637873649597167969e+01,-3.431524991989135742e+00,nan,6.100673675537109375e-01,nan,nan,nan,nan,nan,nan,nan,nan,nan,nan,nan,nan,nan,nan,nan,nan,nan,nan,nan,nan,nan,nan,nan,nan,nan,nan,nan,nan,nan,nan,nan
nan,nan,nan,nan,nan,nan,nan,nan,nan,nan,nan,nan,nan,nan,nan,nan,nan,nan,nan,nan,nan,nan,nan,nan,nan,nan,nan,nan,nan,nan,nan,nan,nan,nan,nan,-3.592311859130859375e+01,-4.452237701416015625e+01,-4.427468872070312500e+01,-4.834865570068359375e+01,-4.522505569458007812e+01,-3.912656021118164062e+01,-4.437165451049804688e+01,-4.004819488525390625e+01,-3.593929290771484375e+01,-3.353580093383789062e+01,-2.982567977905273438e+01,-2.301745605468750000e+01,-1.636484336853027344e+01,-1.399498271942138672e+01,-8.248311996459960938e+00,1.144721984863281250e+00,6.747348904609680176e-01,4.261848449707031250e+00,6.519666194915771484e+00,1.170058727264404297e+01,1.726166915893554688e+01,1.957103157043457031e+01,2.987806320190429688e+01,2.177776336669921875e+01,2.811752891540527344e+01,2.762336540222167969e+01,2.610791969299316406e+01,2.529551696777343750e+01,3.018259239196777344e+01,2.942433547973632812e+01,1.795670127868652344e+01,1.399086093902587891e+01,1.146244812011718750e+01,1.989551734924316406e+01,1.952229881286621094e+01,1.988046073913574219e+01,1.791838836669921875e+01,1.273059749603271484e+01,4.041522979736328125e+00,1.477666473388671875e+01,1.875232696533203125e+01,2.038728904724121094e+01,2.445663833618164062e+01,2.457275581359863281e+01,1.727371788024902344e+01,6.218944072723388672e+00,-4.223704338073730469e+00,-1.139471244812011719e+01,-1.407199478149414062e+01,-1.280562686920166016e+01,-1.426222991943359375e+01,-2.117382240295410156e+01,-2.165703201293945312e+01,-1.060030651092529297e+01,nan,-5.827299594879150391e+00,-3.372179746627807617e+00,nan,nan,nan,nan,nan,nan,nan,nan,nan,nan,nan,nan,nan,nan,nan,nan,nan,nan,nan,nan,nan,nan,nan,nan,nan,nan,nan,nan,nan,nan,nan,nan,nan
nan,nan,nan,nan,nan,nan,nan,nan,nan,nan,nan,nan,nan,nan,nan,nan,nan,nan,nan,nan,nan,nan,nan,nan,nan,nan,nan,nan,nan,nan,nan,nan,nan,nan,nan,-4.014979934692382812e+01,-4.288978958129882812e+01,-4.994683456420898438e+01,-4.297150802612304688e+01,-4.652927398681640625e+01,-4.127434158325195312e+01,-4.191260528564453125e+01,-4.142600631713867188e+01,-4.069243240356445312e+01,-3.267528152465820312e+01,-2.683123016357421875e+01,-2.410955619812011719e+01,-1.532940578460693359e+01,-1.063504314422607422e+01,-1.013238811492919922e+01,1.575455516576766968e-01,8.111467361450195312e+00,6.561685562133789062e+00,7.862644195556640625e+00,1.336743545532226562e+01,1.749601364135742188e+01,2.539335250854492188e+01,3.071690177917480469e+01,2.756055641174316406e+01,2.539384460449218750e+01,2.704820632934570312e+01,2.611181259155273438e+01,2.490399932861328125e+01,2.869905662536621094e+01,3.065797424316406250e+01,3.177097129821777344e+01,3.178693962097167969e+01,3.160412406921386719e+01,2.922852134704589844e+01,2.312286949157714844e+01,2.153858757019042969e+01,2.503745460510253906e+01,nan,nan,1.484841537475585938e+01,1.568392276763916016e+01,1.020590114593505859e+01,2.919693565368652344e+01,2.434608268737792969e+01,1.246186733245849609e+01,-1.661870360374450684e+00,-7.274931430816650391e+00,-1.791886711120605469e+01,-2.627117729187011719e+01,nan,nan,-1.534849929809570312e+01,nan,nan,nan,nan,nan,nan,nan,nan,nan,nan,nan,nan,nan,nan,nan,nan,nan,nan,nan,nan,nan,nan,nan,nan,nan,nan,nan,nan,nan,nan,nan,nan,nan,nan,nan,nan,nan,nan
nan,nan,nan,nan,nan,nan,nan,nan,nan,nan,nan,nan,nan,nan,nan,nan,nan,nan,nan,nan,nan,nan,nan,nan,nan,nan,nan,nan,nan,nan,nan,nan,nan,nan,nan,-4.197790527343750000e+01,-3.380669403076171875e+01,-4.789070510864257812e+01,-4.136997604370117188e+01,-3.968217468261718750e+01,-3.592316055297851562e+01,-4.335611724853515625e+01,-4.564253997802734375e+01,-4.255733489990234375e+01,-3.110325431823730469e+01,-2.849762725830078125e+01,-2.342373657226562500e+01,-1.467710590362548828e+01,-8.206044197082519531e+00,-5.506863594055175781e+00,-1.875931859016418457e+00,3.095312833786010742e+00,6.832394599914550781e+00,1.053391933441162109e+01,1.091842365264892578e+01,1.564407253265380859e+01,2.534460067749023438e+01,2.677395439147949219e+01,2.985645294189453125e+01,3.291918182373046875e+01,3.044785308837890625e+01,2.478686332702636719e+01,2.584258460998535156e+01,2.622809028625488281e+01,3.053379440307617188e+01,3.303828430175781250e+01,3.380070495605468750e+01,3.382772445678710938e+01,3.071849060058593750e+01,2.480370903015136719e+01,2.395460700988769531e+01,2.053238105773925781e+01,1.319143295288085938e+01,1.994211196899414062e+01,nan,2.427954673767089844e+01,2.903605651855468750e+01,1.435316562652587891e+01,1.888654327392578125e+01,1.772339248657226562e+01,6.284867286682128906e+00,-1.980133247375488281e+01,-2.448496055603027344e+01,-2.892975997924804688e+01,nan,nan,nan,nan,nan,nan,nan,nan,nan,nan,nan,nan,nan,nan,nan,nan,nan,nan,nan,nan,nan,nan,nan,nan,nan,nan,nan,nan,nan,nan,nan,nan,nan,nan,nan,nan,nan,nan,nan,nan,nan
nan,nan,nan,nan,nan,nan,nan,nan,nan,nan,nan,nan,nan,nan,nan,nan,nan,nan,nan,nan,nan,nan,nan,nan,nan,nan,nan,nan,nan,nan,nan,nan,nan,nan,nan,-4.287623596191406250e+01,-4.300593566894531250e+01,-4.383564376831054688e+01,-4.896017837524414062e+01,-3.920040893554687500e+01,-4.467927551269531250e+01,-4.636120223999023438e+01,-4.545235443115234375e+01,-4.638737869262695312e+01,-3.479806518554687500e+01,-2.949056816101074219e+01,-2.850317955017089844e+01,-1.769419860839843750e+01,-7.936450004577636719e+00,-5.232711315155029297e+00,5.226517677307128906e+00,6.266321182250976562e+00,4.850208759307861328e+00,1.306672382354736328e+01,1.547513198852539062e+01,2.359867286682128906e+01,2.816003417968750000e+01,2.838651847839355469e+01,2.892169570922851562e+01,3.100292396545410156e+01,2.446211624145507812e+01,2.477809906005859375e+01,2.510246658325195312e+01,2.857823753356933594e+01,4.459675598144531250e+01,4.165721130371093750e+01,3.267630004882812500e+01,3.280032730102539062e+01,3.028409194946289062e+01,2.725981140136718750e+01,2.790395545959472656e+01,2.146724319458007812e+01,1.729526329040527344e+01,2.175352478027343750e+01,nan,nan,2.184772872924804688e+01,2.409051704406738281e+01,1.201372432708740234e+01,1.233443260192871094e+01,nan,nan,-6.125142097473144531e+00,-1.184797286987304688e+01,nan,nan,nan,nan,nan,nan,nan,nan,nan,nan,nan,nan,nan,nan,nan,nan,nan,nan,nan,nan,nan,nan,nan,nan,nan,nan,nan,nan,nan,nan,nan,nan,nan,nan,nan,nan,nan,nan,nan,nan,nan
nan,nan,nan,nan,nan,nan,nan,nan,nan,nan,nan,nan,nan,nan,nan,nan,nan,nan,nan,nan,nan,nan,nan,nan,nan,nan,nan,nan,nan,nan,nan,nan,nan,nan,nan,-4.254817581176757812e+01,nan,-4.296301269531250000e+01,-3.591215896606445312e+01,-4.484963989257812500e+01,-5.011684417724609375e+01,-4.157007980346679688e+01,nan,nan,nan,nan,-2.118169403076171875e+01,-2.468821334838867188e+01,-1.261937332153320312e+01,-9.086718559265136719e+00,5.539766788482666016e+00,8.270075798034667969e+00,7.788089752197265625e+00,1.861083984375000000e+01,2.188790893554687500e+01,2.643446922302246094e+01,3.064795494079589844e+01,2.425704956054687500e+01,2.580779647827148438e+01,2.628542709350585938e+01,2.376384925842285156e+01,1.849554061889648438e+01,2.331085777282714844e+01,2.565366554260253906e+01,4.069248199462890625e+01,5.088318634033203125e+01,4.407020568847656250e+01,4.255638122558593750e+01,3.862290954589843750e+01,3.150804519653320312e+01,2.774830055236816406e+01,2.555764198303222656e+01,8.623403549194335938e+00,1.925918006896972656e+01,3.338853454589843750e+01,2.996144485473632812e+01,2.775902938842773438e+01,2.672304153442382812e+01,nan,nan,nan,nan,nan,nan,nan,nan,nan,nan,nan,nan,nan,nan,nan,nan,nan,nan,nan,nan,nan,nan,nan,nan,nan,nan,nan,nan,nan,nan,nan,nan,nan,nan,nan,nan,nan,nan,nan,nan,nan,nan,nan,nan,nan,nan,nan
nan,nan,nan,nan,nan,nan,nan,nan,nan,nan,nan,nan,nan,nan,nan,nan,nan,nan,nan,nan,nan,nan,nan,nan,nan,nan,nan,nan,nan,nan,nan,nan,nan,nan,nan,nan,nan,-4.290155029296875000e+01,-4.312036514282226562e+01,nan,nan,nan,nan,nan,nan,nan,nan,-1.447736740112304688e+01,nan,-3.856733322143554688e+00,-3.175795555114746094e+00,4.007328987121582031e+00,8.728396415710449219e+00,2.084474754333496094e+01,2.205090332031250000e+01,2.504733085632324219e+01,2.627385330200195312e+01,1.859614753723144531e+01,1.882983398437500000e+01,3.030943107604980469e+01,2.400180816650390625e+01,2.564753341674804688e+01,1.785125541687011719e+01,1.957153892517089844e+01,4.183904647827148438e+01,4.269678497314453125e+01,4.649011993408203125e+01,4.737494277954101562e+01,4.202880859375000000e+01,3.851490783691406250e+01,3.435859680175781250e+01,2.956720161437988281e+01,2.037047004699707031e+01,1.951524353027343750e+01,3.126794624328613281e+01,2.905267143249511719e+01,2.996665382385253906e+01,2.854289436340332031e+01,nan,nan,nan,nan,-8.128115653991699219e+00,nan,nan,nan,nan,nan,nan,nan,nan,nan,nan,nan,nan,nan,nan,nan,nan,nan,nan,nan,nan,nan,nan,nan,nan,nan,nan,nan,nan,nan,nan,nan,nan,nan,nan,nan,nan,nan,nan,nan,nan,nan,nan
nan,nan,nan,nan,nan,nan,nan,nan,nan,nan,nan,nan,nan,nan,nan,nan,nan,nan,nan,nan,nan,nan,nan,nan,nan,nan,nan,nan,nan,nan,nan,nan,nan,nan,nan,nan,nan,-4.264113998413085938e+01,-4.298845672607421875e+01,nan,nan,nan,nan,nan,nan,nan,nan,nan,nan,nan,nan,5.916608333587646484e+00,nan,1.408493614196777344e+01,nan,2.067544937133789062e+01,2.267391014099121094e+01,2.405297088623046875e+01,2.802213478088378906e+01,2.108098220825195312e+01,1.423153972625732422e+01,2.795835304260253906e+01,1.503733348846435547e+01,3.603210067749023438e+01,4.552769470214843750e+01,5.384993362426757812e+01,4.815884780883789062e+01,2.032105255126953125e+01,2.904784584045410156e+01,3.940299224853515625e+01,4.442372512817382812e+01,2.678992843627929688e+01,2.866527175903320312e+01,2.225660896301269531e+01,1.866153907775878906e+01,1.818434906005859375e+01,2.323513603210449219e+01,2.746856498718261719e+01,nan,nan,nan,nan,nan,nan,nan,nan,nan,nan,nan,nan,nan,nan,nan,nan,nan,nan,nan,nan,nan,nan,nan,nan,nan,nan,nan,nan,nan,nan,nan,nan,nan,nan,nan,nan,nan,nan,nan,nan,nan,nan,nan,nan,nan,nan,nan
nan,nan,nan,nan,nan,nan,nan,nan,nan,nan,nan,nan,nan,nan,nan,nan,nan,nan,nan,nan,nan,nan,nan,nan,nan,nan,nan,nan,nan,nan,nan,nan,nan,nan,nan,nan,nan,nan,nan,nan,nan,nan,nan,nan,nan,nan,nan,nan,nan,nan,nan,nan,nan,nan,nan,nan,nan,nan,nan,2.403668594360351562e+01,nan,nan,nan,3.258287048339843750e+01,3.411534881591796875e+01,4.894207763671875000e+01,2.626598739624023438e+01,2.137825965881347656e+01,2.436821937561035156e+01,4.083625030517578125e+01,3.554677581787109375e+01,2.969744110107421875e+01,2.311583900451660156e+01,2.840013313293457031e+01,2.503277015686035156e+01,2.057020950317382812e+01,1.828968048095703125e+01,2.245040702819824219e+01,2.380313110351562500e+01,nan,nan,nan,nan,nan,nan,nan,nan,nan,nan,nan,nan,nan,nan,nan,nan,nan,nan,nan,nan,nan,nan,nan,nan,nan,nan,nan,nan,nan,nan,nan,nan,nan,nan,nan,nan,nan,nan,nan,nan,nan,nan,nan,nan,nan,nan
nan,nan,nan,nan,nan,nan,nan,nan,nan,nan,nan,nan,nan,nan,nan,nan,nan,nan,nan,nan,nan,nan,nan,nan,nan,nan,nan,nan,nan,nan,nan,nan,nan,nan,nan,nan,nan,nan,nan,nan,nan,nan,nan,nan,nan,nan,nan,nan,nan,nan,nan,nan,nan,nan,nan,nan,nan,nan,nan,nan,nan,nan,nan,nan,nan,nan,3.626506042480468750e+01,3.336122512817382812e+01,3.108319664001464844e+01,3.779073715209960938e+01,3.192737770080566406e+01,2.904307937622070312e+01,nan,2.625160598754882812e+01,1.660710906982421875e+01,1.818366622924804688e+01,2.347065544128417969e+01,nan,nan,nan,nan,nan,nan,nan,nan,nan,nan,nan,nan,nan,nan,nan,nan,nan,nan,nan,nan,nan,nan,nan,nan,nan,nan,nan,nan,nan,nan,nan,nan,nan,nan,nan,nan,nan,nan,nan,nan,nan,nan,nan,nan,nan,nan,nan,nan
nan,nan,nan,nan,nan,nan,nan,nan,nan,nan,nan,nan,nan,nan,nan,nan,nan,nan,nan,nan,nan,nan,nan,nan,nan,nan,nan,nan,nan,nan,nan,nan,nan,nan,nan,nan,nan,nan,nan,nan,nan,nan,nan,nan,nan,nan,nan,nan,nan,nan,nan,nan,nan,nan,nan,nan,nan,nan,nan,nan,nan,nan,nan,nan,nan,nan,nan,nan,nan,3.337083816528320312e+01,nan,nan,nan,nan,nan,nan,nan,nan,nan,nan,nan,nan,nan,nan,nan,nan,nan,nan,nan,nan,nan,nan,nan,nan,nan,nan,nan,nan,nan,nan,nan,nan,nan,nan,nan,nan,nan,nan,nan,nan,nan,nan,nan,nan,nan,nan,nan,nan,nan,nan,nan,nan,nan,nan,nan
nan,nan,nan,nan,nan,nan,nan,nan,nan,nan,nan,nan,nan,nan,nan,nan,nan,nan,nan,nan,nan,nan,nan,nan,nan,nan,nan,nan,nan,nan,nan,nan,nan,nan,nan,nan,nan,nan,nan,nan,nan,nan,nan,nan,nan,nan,nan,nan,nan,nan,nan,nan,nan,nan,nan,nan,nan,nan,nan,nan,nan,nan,nan,nan,nan,nan,nan,nan,nan,nan,nan,nan,nan,nan,nan,nan,nan,nan,nan,nan,nan,nan,nan,nan,nan,nan,nan,nan,nan,nan,nan,nan,nan,nan,nan,nan,nan,nan,nan,nan,nan,nan,nan,nan,nan,nan,nan,nan,nan,nan,nan,nan,nan,nan,nan,nan,nan,nan,nan,nan,nan,nan,nan,nan,nan
nan,nan,nan,nan,nan,nan,nan,nan,nan,nan,nan,nan,nan,nan,nan,nan,nan,nan,nan,nan,nan,nan,nan,nan,nan,nan,nan,nan,nan,nan,nan,nan,nan,nan,nan,nan,nan,nan,nan,nan,nan,nan,nan,nan,nan,nan,nan,nan,nan,nan,nan,nan,nan,nan,nan,nan,nan,nan,nan,nan,nan,nan,nan,nan,nan,nan,nan,nan,nan,nan,nan,nan,nan,nan,nan,nan,nan,nan,nan,nan,nan,nan,nan,nan,nan,nan,nan,nan,nan,nan,nan,nan,nan,nan,nan,nan,nan,nan,nan,nan,nan,nan,nan,nan,nan,nan,nan,nan,nan,nan,nan,nan,nan,nan,nan,nan,nan,nan,nan,nan,nan,nan,nan,nan,nan
nan,nan,nan,nan,nan,nan,nan,nan,nan,nan,nan,nan,nan,nan,nan,nan,nan,nan,nan,nan,nan,nan,nan,nan,nan,nan,nan,nan,nan,nan,nan,nan,nan,nan,nan,nan,nan,nan,nan,nan,nan,nan,nan,nan,nan,nan,nan,nan,nan,nan,nan,nan,nan,nan,nan,nan,nan,nan,nan,nan,nan,nan,nan,nan,nan,nan,nan,nan,nan,nan,nan,nan,nan,nan,nan,nan,nan,nan,nan,nan,nan,nan,nan,nan,nan,nan,nan,nan,nan,nan,nan,nan,nan,nan,nan,nan,nan,nan,nan,nan,nan,nan,nan,nan,nan,nan,nan,nan,nan,nan,nan,nan,nan,nan,nan,nan,nan,nan,nan,nan,nan,nan,nan,nan,nan
nan,nan,nan,nan,nan,nan,nan,nan,nan,nan,nan,nan,nan,nan,nan,nan,nan,nan,nan,nan,nan,nan,nan,nan,nan,nan,nan,nan,nan,nan,nan,nan,nan,nan,nan,nan,nan,nan,nan,nan,nan,nan,nan,nan,nan,nan,nan,nan,nan,nan,nan,nan,nan,nan,nan,nan,nan,nan,nan,nan,nan,nan,nan,nan,nan,nan,nan,nan,nan,nan,nan,nan,nan,nan,nan,nan,nan,nan,nan,nan,nan,nan,nan,nan,nan,nan,nan,nan,nan,nan,nan,nan,nan,nan,nan,nan,nan,nan,nan,nan,nan,nan,nan,nan,nan,nan,nan,nan,nan,nan,nan,nan,nan,nan,nan,nan,nan,nan,nan,nan,nan,nan,nan,nan,nan
nan,nan,nan,nan,nan,nan,nan,nan,nan,nan,nan,nan,nan,nan,nan,nan,nan,nan,nan,nan,nan,nan,nan,nan,nan,nan,nan,nan,nan,nan,nan,nan,nan,nan,nan,nan,nan,nan,nan,nan,nan,nan,nan,nan,nan,nan,nan,nan,nan,nan,nan,nan,nan,nan,nan,nan,nan,nan,nan,nan,nan,nan,nan,nan,nan,nan,nan,nan,nan,nan,nan,nan,nan,nan,nan,nan,nan,nan,nan,nan,nan,nan,nan,nan,nan,nan,nan,nan,nan,nan,nan,nan,nan,nan,nan,nan,nan,nan,nan,nan,nan,nan,nan,nan,nan,nan,nan,nan,nan,nan,nan,nan,nan,nan,nan,nan,nan,nan,nan,nan,nan,nan,nan,nan,nan
nan,nan,nan,nan,nan,nan,nan,nan,nan,nan,nan,nan,nan,nan,nan,nan,nan,nan,nan,nan,nan,nan,nan,nan,nan,nan,nan,nan,nan,nan,nan,nan,nan,nan,nan,nan,nan,nan,nan,nan,nan,nan,nan,nan,nan,nan,nan,nan,nan,nan,nan,nan,nan,nan,nan,nan,nan,nan,nan,nan,nan,nan,nan,nan,nan,nan,nan,nan,nan,nan,nan,nan,nan,nan,nan,nan,nan,nan,nan,nan,nan,nan,nan,nan,nan,nan,nan,nan,nan,nan,nan,nan,nan,nan,nan,nan,nan,nan,nan,nan,nan,nan,nan,nan,nan,nan,nan,nan,nan,nan,nan,nan,nan,nan,nan,nan,nan,nan,nan,nan,nan,nan,nan,nan,nan
nan,nan,nan,nan,nan,nan,nan,nan,nan,nan,nan,nan,nan,nan,nan,nan,nan,nan,nan,nan,nan,nan,nan,nan,nan,nan,nan,nan,nan,nan,nan,nan,nan,nan,nan,nan,nan,nan,nan,nan,nan,nan,nan,nan,nan,nan,nan,nan,nan,nan,nan,nan,nan,nan,nan,nan,nan,nan,nan,nan,nan,nan,nan,nan,nan,nan,nan,nan,nan,nan,nan,nan,nan,nan,nan,nan,nan,nan,nan,nan,nan,nan,nan,nan,nan,nan,nan,nan,nan,nan,nan,nan,nan,nan,nan,nan,nan,nan,nan,nan,nan,nan,nan,nan,nan,nan,nan,nan,nan,nan,nan,nan,nan,nan,nan,nan,nan,nan,nan,nan,nan,nan,nan,nan,nan
nan,nan,nan,nan,nan,nan,nan,nan,nan,nan,nan,nan,nan,nan,nan,nan,nan,nan,nan,nan,nan,nan,nan,nan,nan,nan,nan,nan,nan,nan,nan,nan,nan,nan,nan,nan,nan,nan,nan,nan,nan,nan,nan,nan,nan,nan,nan,nan,nan,nan,nan,nan,nan,nan,nan,nan,nan,nan,nan,nan,nan,nan,nan,nan,nan,nan,nan,nan,nan,nan,nan,nan,nan,nan,nan,nan,nan,nan,nan,nan,nan,nan,nan,nan,nan,nan,nan,nan,nan,nan,nan,nan,nan,nan,nan,nan,nan,nan,nan,nan,nan,nan,nan,nan,nan,nan,nan,nan,nan,nan,nan,nan,nan,nan,nan,nan,nan,nan,nan,nan,nan,nan,nan,nan,nan
nan,nan,nan,nan,nan,nan,nan,nan,nan,nan,nan,nan,nan,nan,nan,nan,nan,nan,nan,nan,nan,nan,nan,nan,nan,nan,nan,nan,nan,nan,nan,nan,nan,nan,nan,nan,nan,nan,nan,nan,nan,nan,nan,nan,nan,nan,nan,nan,nan,nan,nan,nan,nan,nan,nan,nan,nan,nan,nan,nan,nan,nan,nan,nan,nan,nan,nan,nan,nan,nan,nan,nan,nan,nan,nan,nan,nan,nan,nan,nan,nan,nan,nan,nan,nan,nan,nan,nan,nan,nan,nan,nan,nan,nan,nan,nan,nan,nan,nan,nan,nan,nan,nan,nan,nan,nan,nan,nan,nan,nan,nan,nan,nan,nan,nan,nan,nan,nan,nan,nan,nan,nan,nan,nan,nan
nan,nan,nan,nan,nan,nan,nan,nan,nan,nan,nan,nan,nan,nan,nan,nan,nan,nan,nan,nan,nan,nan,nan,nan,nan,nan,nan,nan,nan,nan,nan,nan,nan,nan,nan,nan,nan,nan,nan,nan,nan,nan,nan,nan,nan,nan,nan,nan,nan,nan,nan,nan,nan,nan,nan,nan,nan,nan,nan,nan,nan,nan,nan,nan,nan,nan,nan,nan,nan,nan,nan,nan,nan,nan,nan,nan,nan,nan,nan,nan,nan,nan,nan,nan,nan,nan,nan,nan,nan,nan,nan,nan,nan,nan,nan,nan,nan,nan,nan,nan,nan,nan,nan,nan,nan,nan,nan,nan,nan,nan,nan,nan,nan,nan,nan,nan,nan,nan,nan,nan,nan,nan,nan,nan,nan
nan,nan,nan,nan,nan,nan,nan,nan,nan,nan,nan,nan,nan,nan,nan,nan,nan,nan,nan,nan,nan,nan,nan,nan,nan,nan,nan,nan,nan,nan,nan,nan,nan,nan,nan,nan,nan,nan,nan,nan,nan,nan,nan,nan,nan,nan,nan,nan,nan,nan,nan,nan,nan,nan,nan,nan,nan,nan,nan,nan,nan,nan,nan,nan,nan,nan,nan,nan,nan,nan,nan,nan,nan,nan,nan,nan,nan,nan,nan,nan,nan,nan,nan,nan,nan,nan,nan,nan,nan,nan,nan,nan,nan,nan,nan,nan,nan,nan,nan,nan,nan,nan,nan,nan,nan,nan,nan,nan,nan,nan,nan,nan,nan,nan,nan,nan,nan,nan,nan,nan,nan,nan,nan,nan,nan
nan,nan,nan,nan,nan,nan,nan,nan,nan,nan,nan,nan,nan,nan,nan,nan,nan,nan,nan,nan,nan,nan,nan,nan,nan,nan,nan,nan,nan,nan,nan,nan,nan,nan,nan,nan,nan,nan,nan,nan,nan,nan,nan,nan,nan,nan,nan,nan,nan,nan,nan,nan,nan,nan,nan,nan,nan,nan,nan,nan,nan,nan,nan,nan,nan,nan,nan,nan,nan,nan,nan,nan,nan,nan,nan,nan,nan,nan,nan,nan,nan,nan,nan,nan,nan,nan,nan,nan,nan,nan,nan,nan,nan,nan,nan,nan,nan,nan,nan,nan,nan,nan,nan,nan,nan,nan,nan,nan,nan,nan,nan,nan,nan,nan,nan,nan,nan,nan,nan,nan,nan,nan,nan,nan,nan
nan,nan,nan,nan,nan,nan,nan,nan,nan,nan,nan,nan,nan,nan,nan,nan,nan,nan,nan,nan,nan,nan,nan,nan,nan,nan,nan,nan,nan,nan,nan,nan,nan,nan,nan,nan,nan,nan,nan,nan,nan,nan,nan,nan,nan,nan,nan,nan,nan,nan,nan,nan,nan,nan,nan,nan,nan,nan,nan,nan,nan,nan,nan,nan,nan,nan,nan,nan,nan,nan,nan,nan,nan,nan,nan,nan,nan,nan,nan,nan,nan,nan,nan,nan,nan,nan,nan,nan,nan,nan,nan,nan,nan,nan,nan,nan,nan,nan,nan,nan,nan,nan,nan,nan,nan,nan,nan,nan,nan,nan,nan,nan,nan,nan,nan,nan,nan,nan,nan,nan,nan,nan,nan,nan,nan
nan,nan,nan,nan,nan,nan,nan,nan,nan,nan,nan,nan,nan,nan,nan,nan,nan,nan,nan,nan,nan,nan,nan,nan,nan,nan,nan,nan,nan,nan,nan,nan,nan,nan,nan,nan,nan,nan,nan,nan,nan,nan,nan,nan,nan,nan,nan,nan,nan,nan,nan,nan,nan,nan,nan,nan,nan,nan,nan,nan,nan,nan,nan,nan,nan,nan,nan,nan,nan,nan,nan,nan,nan,nan,nan,nan,nan,nan,nan,nan,nan,nan,nan,nan,nan,nan,nan,nan,nan,nan,nan,nan,nan,nan,nan,nan,nan,nan,nan,nan,nan,nan,nan,nan,nan,nan,nan,nan,nan,nan,nan,nan,nan,nan,nan,nan,nan,nan,nan,nan,nan,nan,nan,nan,nan
nan,nan,nan,nan,nan,nan,nan,nan,nan,nan,nan,nan,nan,nan,nan,nan,nan,nan,nan,nan,nan,nan,nan,nan,nan,nan,nan,nan,nan,nan,nan,nan,nan,nan,nan,nan,nan,nan,nan,nan,nan,nan,nan,nan,nan,nan,nan,nan,nan,nan,nan,nan,nan,nan,nan,nan,nan,nan,nan,nan,nan,nan,nan,nan,nan,nan,nan,nan,nan,nan,nan,nan,nan,nan,nan,nan,nan,nan,nan,nan,nan,nan,nan,nan,nan,nan,nan,nan,nan,nan,nan,nan,nan,nan,nan,nan,nan,nan,nan,nan,nan,nan,nan,nan,nan,nan,nan,nan,nan,nan,nan,nan,nan,nan,nan,nan,nan,nan,nan,nan,nan,nan,nan,nan,nan
nan,nan,nan,nan,nan,nan,nan,nan,nan,nan,nan,nan,nan,nan,nan,nan,nan,nan,nan,nan,nan,nan,nan,nan,nan,nan,nan,nan,nan,nan,nan,nan,nan,nan,nan,nan,nan,nan,nan,nan,nan,nan,nan,nan,nan,nan,nan,nan,nan,nan,nan,nan,nan,nan,nan,nan,nan,nan,nan,nan,nan,nan,nan,nan,nan,nan,nan,nan,nan,nan,nan,nan,nan,nan,nan,nan,nan,nan,nan,nan,nan,nan,nan,nan,nan,nan,nan,nan,nan,nan,nan,nan,nan,nan,nan,nan,nan,nan,nan,nan,nan,nan,nan,nan,nan,nan,nan,nan,nan,nan,nan,nan,nan,nan,nan,nan,nan,nan,nan,nan,nan,nan,nan,nan,nan
