nan,nan,nan,nan,nan,nan,nan,nan,nan,nan,nan,nan,nan,nan,nan,nan,nan,nan,nan,nan,nan,nan,nan,nan,nan,nan,nan,nan,nan,nan,nan,nan,nan,nan,nan,nan,nan,nan,nan,nan,nan,nan,nan,nan,nan,nan,nan,nan,nan,nan,nan,nan,nan,nan,nan,nan,nan,nan,nan,nan,nan,nan,nan,nan,nan,nan,nan,nan,nan,nan,nan,nan,nan,nan,nan,nan,nan,nan,nan,nan,nan,nan,nan,nan,nan,nan,nan,nan,nan,nan,nan,nan,nan,nan,nan,nan,nan,nan,nan,nan,nan,nan,nan,nan,nan,nan,nan,nan,nan,nan,nan,nan,nan,nan,nan,nan,nan,nan,nan,nan,nan,nan,nan,nan,nan
nan,nan,nan,nan,nan,nan,nan,nan,nan,nan,nan,nan,nan,nan,nan,nan,nan,nan,nan,nan,nan,nan,nan,nan,nan,nan,nan,nan,nan,nan,nan,nan,nan,nan,nan,nan,nan,nan,nan,nan,nan,nan,nan,nan,nan,nan,nan,nan,nan,nan,nan,nan,nan,nan,nan,nan,nan,nan,nan,nan,nan,nan,nan,nan,nan,nan,nan,nan,nan,nan,nan,nan,nan,nan,nan,nan,nan,nan,nan,nan,nan,nan,nan,nan,nan,nan,nan,nan,nan,nan,nan,nan,nan,nan,nan,nan,nan,nan,nan,nan,nan,nan,nan,nan,nan,nan,nan,nan,nan,nan,nan,nan,nan,nan,nan,nan,nan,nan,nan,nan,nan,nan,nan,nan,nan
nan,nan,nan,nan,nan,nan,nan,nan,nan,nan,nan,nan,nan,nan,nan,nan,nan,nan,nan,nan,nan,nan,nan,nan,nan,nan,nan,nan,nan,nan,nan,nan,nan,nan,nan,nan,nan,nan,nan,nan,nan,nan,nan,nan,nan,nan,nan,nan,nan,nan,nan,nan,nan,nan,nan,nan,nan,nan,nan,nan,nan,nan,nan,nan,nan,nan,nan,nan,nan,nan,nan,nan,nan,nan,nan,nan,nan,nan,nan,nan,nan,nan,nan,nan,nan,nan,nan,nan,nan,nan,nan,nan,nan,nan,nan,nan,nan,nan,nan,nan,nan,nan,nan,nan,nan,nan,nan,nan,nan,nan,nan,nan,nan,nan,nan,nan,nan,nan,nan,nan,nan,nan,nan,nan,nan
nan,nan,nan,nan,nan,nan,nan,nan,nan,nan,nan,nan,nan,nan,nan,nan,nan,nan,nan,nan,nan,nan,nan,nan,nan,nan,nan,nan,nan,nan,nan,nan,nan,nan,nan,nan,nan,nan,nan,nan,nan,nan,nan,nan,nan,nan,nan,nan,nan,nan,nan,nan,nan,nan,nan,nan,nan,nan,nan,nan,nan,nan,nan,nan,nan,nan,nan,nan,nan,nan,nan,nan,nan,nan,nan,nan,nan,nan,nan,nan,nan,nan,nan,nan,nan,nan,nan,nan,nan,nan,nan,nan,nan,nan,nan,nan,nan,nan,nan,nan,nan,nan,nan,nan,nan,nan,nan,nan,nan,nan,nan,nan,nan,nan,nan,nan,nan,nan,nan,nan,nan,nan,nan,nan,nan
nan,nan,nan,nan,nan,nan,nan,nan,nan,nan,nan,nan,nan,nan,nan,nan,nan,nan,nan,nan,nan,nan,nan,nan,nan,nan,nan,nan,nan,nan,nan,nan,nan,nan,nan,nan,nan,nan,nan,nan,nan,nan,nan,nan,nan,nan,nan,nan,nan,nan,nan,nan,nan,nan,nan,nan,nan,nan,nan,nan,nan,nan,nan,nan,nan,nan,nan,nan,nan,nan,nan,nan,nan,nan,nan,nan,nan,nan,nan,nan,nan,nan,nan,nan,nan,nan,nan,nan,nan,nan,nan,nan,nan,nan,nan,nan,nan,nan,nan,nan,nan,nan,nan,nan,nan,nan,nan,nan,nan,nan,nan,nan,nan,nan,nan,nan,nan,nan,nan,nan,nan,nan,nan,nan,nan
nan,nan,nan,nan,nan,nan,nan,nan,nan,nan,nan,nan,nan,nan,nan,nan,nan,nan,nan,nan,nan,nan,nan,nan,nan,nan,nan,nan,nan,nan,nan,nan,nan,nan,nan,nan,nan,nan,nan,nan,nan,nan,nan,nan,nan,nan,nan,nan,nan,nan,nan,nan,nan,nan,nan,nan,nan,nan,nan,nan,nan,nan,nan,nan,nan,nan,nan,nan,nan,nan,nan,nan,nan,nan,nan,nan,nan,nan,nan,nan,nan,nan,nan,nan,nan,nan,nan,nan,nan,nan,nan,nan,nan,nan,nan,nan,nan,nan,nan,nan,nan,nan,nan,nan,nan,nan,nan,nan,nan,nan,nan,nan,nan,nan,nan,nan,nan,nan,nan,nan,nan,nan,nan,nan,nan
nan,nan,nan,nan,nan,nan,nan,nan,nan,nan,nan,nan,nan,nan,nan,nan,nan,nan,nan,nan,nan,nan,nan,nan,nan,nan,nan,nan,nan,nan,nan,nan,nan,nan,nan,nan,nan,nan,nan,nan,nan,nan,nan,nan,nan,nan,nan,nan,nan,nan,nan,nan,nan,nan,nan,nan,nan,nan,nan,nan,nan,nan,nan,nan,nan,nan,nan,nan,nan,nan,nan,nan,nan,nan,nan,nan,nan,nan,nan,nan,nan,nan,nan,nan,nan,nan,nan,nan,nan,nan,nan,nan,nan,nan,nan,nan,nan,nan,nan,nan,nan,nan,nan,nan,nan,nan,nan,nan,nan,nan,nan,nan,nan,nan,nan,nan,nan,nan,nan,nan,nan,nan,nan,nan,nan
nan,nan,nan,nan,nan,nan,nan,nan,nan,nan,nan,nan,nan,nan,nan,nan,nan,nan,nan,nan,nan,nan,nan,nan,nan,nan,nan,nan,nan,nan,nan,nan,nan,nan,nan,nan,nan,nan,nan,nan,nan,nan,nan,nan,nan,nan,nan,nan,nan,nan,nan,nan,nan,nan,nan,nan,nan,nan,nan,nan,nan,nan,nan,nan,nan,nan,nan,nan,nan,nan,nan,nan,nan,nan,nan,nan,nan,nan,nan,nan,nan,nan,nan,nan,nan,nan,nan,nan,nan,nan,nan,nan,nan,nan,nan,nan,nan,nan,nan,nan,nan,nan,nan,nan,nan,nan,nan,nan,nan,nan,nan,nan,nan,nan,nan,nan,nan,nan,nan,nan,nan,nan,nan,nan,nan
nan,nan,nan,nan,nan,nan,nan,nan,nan,nan,nan,nan,nan,nan,nan,nan,nan,nan,nan,nan,nan,nan,nan,nan,nan,nan,nan,nan,nan,nan,nan,nan,nan,nan,nan,nan,nan,nan,nan,nan,nan,nan,nan,nan,nan,nan,nan,nan,nan,nan,nan,nan,nan,nan,nan,nan,nan,nan,nan,nan,nan,nan,nan,nan,nan,nan,nan,nan,nan,nan,nan,nan,nan,nan,nan,nan,nan,nan,nan,nan,nan,nan,nan,nan,nan,nan,nan,nan,nan,nan,nan,nan,nan,nan,nan,nan,nan,nan,nan,nan,nan,nan,nan,nan,nan,nan,nan,nan,nan,nan,nan,nan,nan,nan,nan,nan,nan,nan,nan,nan,nan,nan,nan,nan,nan
nan,nan,nan,nan,nan,nan,nan,nan,nan,nan,nan,nan,nan,nan,nan,nan,nan,nan,nan,nan,nan,nan,nan,nan,nan,nan,nan,nan,nan,nan,nan,nan,nan,nan,nan,nan,nan,nan,nan,nan,nan,nan,nan,nan,nan,nan,nan,nan,nan,nan,nan,nan,nan,nan,nan,nan,nan,nan,nan,nan,nan,nan,nan,nan,nan,nan,nan,nan,nan,nan,nan,nan,nan,nan,nan,nan,nan,nan,nan,nan,nan,nan,nan,nan,nan,nan,nan,nan,nan,nan,nan,nan,nan,nan,nan,nan,nan,nan,nan,nan,nan,nan,nan,nan,nan,nan,nan,nan,nan,nan,nan,nan,nan,nan,nan,nan,nan,nan,nan,nan,nan,nan,nan,nan,nan
nan,nan,nan,nan,nan,nan,nan,nan,nan,nan,nan,nan,nan,nan,nan,nan,nan,nan,nan,nan,nan,nan,nan,nan,nan,nan,nan,nan,nan,nan,nan,nan,nan,nan,nan,nan,nan,nan,nan,nan,nan,nan,nan,nan,nan,nan,nan,nan,nan,nan,nan,nan,nan,nan,nan,nan,nan,nan,nan,nan,nan,nan,nan,nan,nan,nan,nan,nan,nan,nan,nan,nan,nan,nan,nan,nan,nan,nan,nan,nan,nan,nan,nan,nan,nan,nan,nan,nan,nan,nan,nan,nan,nan,nan,nan,nan,nan,nan,nan,nan,nan,nan,nan,nan,nan,nan,nan,nan,nan,nan,nan,nan,nan,nan,nan,nan,nan,nan,nan,nan,nan,nan,nan,nan,nan
nan,nan,nan,nan,nan,nan,nan,nan,nan,nan,nan,nan,nan,nan,nan,nan,nan,nan,nan,nan,nan,nan,nan,nan,nan,nan,nan,nan,nan,nan,nan,nan,nan,nan,nan,nan,nan,nan,nan,nan,nan,nan,nan,nan,nan,nan,nan,nan,nan,nan,nan,nan,nan,nan,nan,nan,nan,nan,nan,nan,nan,nan,nan,nan,nan,nan,nan,nan,nan,nan,nan,nan,nan,nan,nan,nan,nan,nan,nan,nan,nan,nan,nan,nan,nan,nan,nan,nan,nan,nan,nan,nan,nan,nan,nan,nan,nan,nan,nan,nan,nan,nan,nan,nan,nan,nan,nan,nan,nan,nan,nan,nan,nan,nan,nan,nan,nan,nan,nan,nan,nan,nan,nan,nan,nan
nan,nan,nan,nan,nan,nan,nan,nan,nan,nan,nan,nan,nan,nan,nan,nan,nan,nan,nan,nan,nan,nan,nan,nan,nan,nan,nan,nan,nan,nan,nan,nan,nan,nan,nan,nan,nan,nan,nan,nan,nan,nan,nan,nan,nan,nan,nan,nan,nan,nan,nan,nan,nan,nan,nan,nan,nan,nan,nan,nan,nan,nan,nan,nan,nan,nan,nan,nan,nan,nan,nan,nan,nan,nan,nan,nan,nan,nan,nan,nan,nan,nan,nan,nan,nan,nan,nan,nan,nan,nan,nan,nan,nan,nan,nan,nan,nan,nan,nan,nan,nan,nan,nan,nan,nan,nan,nan,nan,nan,nan,nan,nan,nan,nan,nan,nan,nan,nan,nan,nan,nan,nan,nan,nan,nan
nan,nan,nan,nan,nan,nan,nan,nan,nan,nan,nan,nan,nan,nan,nan,nan,nan,nan,nan,nan,nan,nan,nan,nan,nan,nan,nan,nan,nan,nan,nan,nan,nan,nan,nan,nan,nan,nan,nan,nan,nan,nan,nan,nan,nan,nan,nan,nan,nan,nan,nan,nan,nan,nan,2.337167549133300781e+01,2.342638206481933594e+01,2.414891624450683594e+01,1.838459205627441406e+01,2.496729469299316406e+01,2.464340782165527344e+01,nan,nan,nan,nan,nan,nan,nan,nan,nan,8.788782119750976562e+00,nan,nan,nan,nan,nan,nan,nan,nan,nan,nan,nan,nan,nan,nan,nan,nan,nan,nan,nan,nan,nan,nan,nan,nan,nan,nan,nan,nan,nan,nan,nan,nan,nan,nan,nan,nan,nan,nan,nan,nan,nan,nan,nan,nan,nan,nan,nan,nan,nan,nan,nan,nan,nan,nan,nan
nan,nan,nan,nan,nan,nan,nan,nan,nan,nan,nan,nan,nan,nan,nan,nan,nan,nan,nan,nan,nan,nan,nan,nan,nan,nan,nan,nan,nan,nan,nan,nan,nan,nan,nan,nan,nan,nan,nan,nan,nan,nan,nan,nan,nan,nan,nan,nan,nan,nan,nan,nan,2.231332778930664062e+01,2.695421981811523438e+01,3.002952957153320312e+01,1.861544609069824219e+01,2.628906440734863281e+01,2.412277603149414062e+01,2.756759452819824219e+01,2.907624244689941406e+01,3.263329315185546875e+01,2.995407485961914062e+01,2.505477523803710938e+01,3.203157424926757812e+01,2.997479820251464844e+01,1.877149963378906250e+01,1.562401199340820312e+01,1.253903484344482422e+01,1.959127998352050781e+01,9.840583801269531250e+00,7.469896793365478516e+00,2.102342605590820312e+00,nan,nan,nan,nan,nan,nan,nan,nan,nan,nan,nan,nan,nan,nan,nan,nan,nan,nan,nan,nan,nan,nan,nan,nan,nan,nan,nan,nan,nan,nan,nan,nan,nan,nan,nan,nan,nan,nan,nan,nan,nan,nan,nan,nan,nan,nan,nan,nan,nan,nan,nan,nan,nan
nan,nan,nan,nan,nan,nan,nan,nan,nan,nan,nan,nan,nan,nan,nan,nan,nan,nan,nan,nan,nan,nan,nan,nan,nan,nan,nan,nan,nan,nan,nan,nan,nan,nan,nan,nan,nan,nan,nan,nan,nan,nan,nan,nan,nan,nan,nan,nan,nan,1.691837310791015625e+01,1.896472167968750000e+01,5.481260776519775391e+00,2.268453216552734375e+01,2.547825622558593750e+01,2.450549888610839844e+01,2.557796669006347656e+01,2.377387619018554688e+01,1.929370307922363281e+01,1.985185813903808594e+01,1.901518249511718750e+01,3.113634109497070312e+01,3.463784027099609375e+01,2.488841819763183594e+01,2.688544845581054688e+01,2.547528457641601562e+01,1.934832763671875000e+01,1.576547145843505859e+01,1.526895332336425781e+01,1.153280162811279297e+01,9.749376296997070312e+00,7.604918479919433594e+00,4.333920955657958984e+00,-2.616839706897735596e-01,nan,nan,nan,nan,nan,nan,nan,nan,nan,nan,nan,nan,nan,nan,nan,nan,nan,nan,nan,nan,nan,nan,nan,nan,nan,nan,nan,nan,nan,nan,nan,nan,nan,nan,nan,nan,nan,nan,nan,nan,nan,nan,nan,nan,nan,nan,nan,nan,nan,nan,nan,nan
nan,nan,nan,nan,nan,nan,nan,nan,nan,nan,nan,nan,nan,nan,nan,nan,nan,nan,nan,nan,nan,nan,nan,nan,nan,nan,nan,nan,nan,nan,nan,nan,nan,nan,nan,nan,nan,8.516448020935058594e+00,nan,nan,nan,nan,nan,nan,nan,8.330046653747558594e+00,1.079068279266357422e+01,1.243310832977294922e+01,1.265869903564453125e+01,2.112254905700683594e+01,1.866368675231933594e+01,1.780133819580078125e+01,2.032168769836425781e+01,2.483666801452636719e+01,2.637294578552246094e+01,3.138791656494140625e+01,2.389086914062500000e+01,1.815955924987792969e+01,1.370116996765136719e+01,1.451257133483886719e+01,2.871835899353027344e+01,3.186439895629882812e+01,1.829978942871093750e+01,2.172264099121093750e+01,2.724638938903808594e+01,2.231258773803710938e+01,1.377967548370361328e+01,1.289350128173828125e+01,9.729014396667480469e+00,1.078885841369628906e+01,1.083207702636718750e+01,-2.446463346481323242e+00,-3.543963670730590820e+00,-1.231652855873107910e+00,-1.647727608680725098e+00,nan,nan,nan,nan,nan,nan,nan,nan,nan,nan,nan,nan,nan,nan,nan,nan,nan,nan,nan,nan,nan,nan,nan,nan,nan,nan,nan,nan,nan,nan,nan,nan,nan,nan,nan,nan,nan,nan,nan,nan,nan,nan,nan,nan,nan,nan,nan,nan,nan,nan
nan,nan,nan,nan,nan,nan,nan,nan,nan,nan,nan,nan,nan,nan,nan,nan,nan,nan,nan,nan,nan,nan,nan,nan,nan,nan,nan,nan,nan,nan,nan,nan,nan,nan,nan,nan,1.206302833557128906e+01,nan,7.380628585815429688e+00,4.956103324890136719e+00,nan,nan,1.962598204612731934e+00,nan,5.781998157501220703e+00,8.479396820068359375e+00,1.044887828826904297e+01,1.544959640502929688e+01,1.270845890045166016e+01,1.840145301818847656e+01,1.795614051818847656e+01,1.648016929626464844e+01,2.544442176818847656e+01,2.627800178527832031e+01,2.653403663635253906e+01,3.095148849487304688e+01,2.559111213684082031e+01,2.363139152526855469e+01,2.418476867675781250e+01,1.949000740051269531e+01,2.742549896240234375e+01,2.332879638671875000e+01,1.995601081848144531e+01,1.963250541687011719e+01,3.123657798767089844e+01,1.851878356933593750e+01,1.142218112945556641e+01,8.517581939697265625e+00,7.502566337585449219e+00,8.443773269653320312e+00,-3.186428546905517578e+00,-1.593038272857666016e+01,-1.690011024475097656e+01,-1.085598230361938477e+00,-1.532716369628906250e+01,-1.465704250335693359e+01,nan,nan,nan,nan,nan,nan,nan,nan,nan,nan,nan,nan,nan,nan,nan,nan,nan,nan,nan,nan,nan,nan,nan,nan,nan,nan,nan,nan,nan,nan,nan,nan,nan,nan,nan,nan,nan,nan,nan,nan,nan,nan,nan,nan,nan,nan,nan,nan,nan
nan,nan,nan,nan,nan,nan,nan,nan,nan,nan,nan,nan,nan,nan,nan,nan,nan,nan,nan,nan,nan,nan,nan,nan,nan,nan,nan,nan,nan,nan,nan,nan,nan,nan,nan,1.388359928131103516e+01,1.974524116516113281e+01,nan,7.868017673492431641e+00,5.800351619720458984e+00,nan,nan,3.109941005706787109e+00,nan,3.242786884307861328e+00,1.840024709701538086e+00,9.467360496520996094e+00,1.352430629730224609e+01,1.360780525207519531e+01,1.644404602050781250e+01,1.604308128356933594e+01,1.832182312011718750e+01,2.289903068542480469e+01,2.498065376281738281e+01,2.439709472656250000e+01,3.071176147460937500e+01,2.906649971008300781e+01,3.003413772583007812e+01,2.719392013549804688e+01,2.564262390136718750e+01,2.614631080627441406e+01,2.349194526672363281e+01,1.963796997070312500e+01,1.759553337097167969e+01,2.791469573974609375e+01,8.212140083312988281e+00,2.105114459991455078e+00,-1.587851881980895996e+00,-5.342401981353759766e+00,-6.535547733306884766e+00,-9.007353782653808594e+00,-1.348665618896484375e+01,-1.245403861999511719e+01,-4.925362110137939453e+00,-6.076280117034912109e+00,1.212464237213134766e+01,1.279916667938232422e+01,nan,nan,nan,nan,nan,nan,nan,nan,nan,nan,nan,nan,nan,nan,nan,nan,nan,nan,nan,nan,nan,nan,nan,nan,nan,nan,nan,nan,nan,nan,nan,nan,nan,nan,nan,nan,nan,nan,nan,nan,nan,nan,nan,nan,nan,nan,nan,nan
nan,nan,nan,nan,nan,nan,nan,nan,nan,nan,nan,nan,nan,nan,nan,nan,nan,nan,nan,nan,nan,nan,nan,nan,nan,nan,nan,nan,nan,nan,nan,nan,nan,nan,nan,1.032158470153808594e+01,1.606788825988769531e+01,1.111675930023193359e+01,nan,1.086872959136962891e+01,-5.563756465911865234e+00,-1.407970046997070312e+01,5.877666473388671875e+00,-9.433206558227539062e+00,-8.928400039672851562e+00,7.440205097198486328e+00,1.643282127380371094e+01,1.742742729187011719e+01,1.420020675659179688e+01,1.205056953430175781e+01,1.364212703704833984e+01,1.923665046691894531e+01,2.172919654846191406e+01,2.364492988586425781e+01,2.697974586486816406e+01,2.604294395446777344e+01,2.580806922912597656e+01,2.827760505676269531e+01,2.983763885498046875e+01,2.650484466552734375e+01,2.181151771545410156e+01,2.205131149291992188e+01,1.527143669128417969e+01,1.096023750305175781e+01,1.207904529571533203e+01,7.068498611450195312e+00,-5.460429191589355469e+00,-6.886481285095214844e+00,-8.297641754150390625e+00,-7.262238979339599609e+00,1.203253746032714844e+00,1.872310638427734375e-01,-4.902168273925781250e+00,-1.049527168273925781e+00,7.520638942718505859e+00,5.507290363311767578e+00,5.631694793701171875e+00,4.508161544799804688e+00,nan,nan,nan,nan,nan,nan,nan,nan,nan,nan,nan,nan,nan,nan,nan,nan,nan,nan,nan,nan,nan,nan,nan,nan,nan,nan,nan,nan,nan,nan,nan,nan,nan,nan,nan,nan,nan,nan,nan,nan,nan,nan,nan,nan,nan,nan,nan
nan,nan,nan,nan,nan,nan,nan,nan,nan,nan,nan,nan,nan,nan,nan,nan,nan,nan,nan,nan,nan,nan,nan,nan,nan,nan,nan,nan,nan,nan,nan,nan,nan,nan,1.411595153808593750e+01,1.486293792724609375e+01,1.814500045776367188e+01,nan,8.324821472167968750e+00,9.267900466918945312e+00,-9.573177337646484375e+00,-1.489141368865966797e+01,-6.187211036682128906e+00,-7.322532176971435547e+00,1.277475476264953613e+00,1.004506778717041016e+01,1.514642524719238281e+01,1.737894821166992188e+01,1.322792816162109375e+01,1.196402168273925781e+01,1.173261070251464844e+01,2.124102973937988281e+01,2.112016296386718750e+01,2.344410133361816406e+01,2.445883178710937500e+01,2.723092460632324219e+01,2.842388916015625000e+01,2.641631889343261719e+01,2.653693962097167969e+01,2.846341514587402344e+01,2.808767509460449219e+01,2.531811141967773438e+01,1.456619262695312500e+01,8.571712493896484375e+00,8.405675888061523438e+00,1.171715736389160156e+00,1.333434700965881348e+00,-8.921150207519531250e+00,-9.890687942504882812e+00,-6.936480998992919922e+00,1.843570947647094727e+00,3.896969795227050781e+00,-9.235124588012695312e-01,5.725439190864562988e-01,5.580039501190185547e+00,5.066212654113769531e+00,4.040608882904052734e+00,5.188063621520996094e+00,1.310722231864929199e+00,nan,nan,nan,nan,nan,nan,nan,nan,nan,nan,nan,nan,nan,nan,nan,nan,nan,nan,nan,nan,nan,nan,nan,nan,nan,nan,nan,nan,nan,nan,nan,nan,nan,nan,nan,nan,nan,nan,nan,nan,nan,nan,nan,nan,nan,nan
nan,nan,nan,nan,nan,nan,nan,nan,nan,nan,nan,nan,nan,nan,nan,nan,nan,nan,nan,nan,nan,nan,nan,nan,nan,nan,nan,nan,nan,nan,nan,nan,1.550818347930908203e+01,1.456759071350097656e+01,1.619521713256835938e+01,1.569993019104003906e+01,1.858472633361816406e+01,1.248437976837158203e+01,1.520714282989501953e+01,9.861703872680664062e+00,-2.325226545333862305e+00,-1.300227880477905273e+00,1.071987056732177734e+01,1.213119220733642578e+01,1.001243495941162109e+01,1.020835781097412109e+01,1.463090133666992188e+01,1.404214191436767578e+01,1.494458198547363281e+01,1.421011638641357422e+01,1.586345100402832031e+01,1.972556686401367188e+01,2.108972358703613281e+01,2.379541206359863281e+01,2.485216903686523438e+01,2.941607666015625000e+01,2.974168968200683594e+01,2.534057807922363281e+01,2.699205398559570312e+01,2.784086799621582031e+01,2.759067916870117188e+01,2.338945960998535156e+01,1.114235210418701172e+01,-4.194664359092712402e-01,-7.435897827148437500e+00,-1.711513280868530273e+00,4.658995270729064941e-01,-1.171751594543457031e+01,-1.148030662536621094e+01,-2.129511833190917969e+01,-1.116244029998779297e+01,1.707836723327636719e+01,-3.838421404361724854e-01,-5.339697837829589844e+00,-2.620143890380859375e+00,1.881126880645751953e+00,4.522638320922851562e+00,4.425030708312988281e+00,4.932376384735107422e+00,7.544884204864501953e+00,-1.084363579750061035e+00,nan,nan,nan,nan,nan,nan,nan,nan,nan,nan,nan,nan,nan,nan,nan,nan,nan,nan,nan,nan,nan,nan,nan,nan,nan,nan,nan,nan,nan,nan,nan,nan,nan,nan,nan,nan,nan,nan,nan,nan,nan,nan,nan,nan
nan,nan,nan,nan,nan,nan,nan,nan,nan,nan,nan,nan,nan,nan,nan,nan,nan,nan,nan,nan,nan,nan,nan,nan,nan,nan,nan,nan,nan,nan,1.657306480407714844e+01,nan,1.492681217193603516e+01,1.908319282531738281e+01,1.349549770355224609e+01,1.297214126586914062e+01,1.273895549774169922e+01,1.002698040008544922e+01,8.513022422790527344e+00,7.019279956817626953e+00,3.834463119506835938e+00,1.261456108093261719e+01,1.429352378845214844e+01,8.646547317504882812e+00,9.117844581604003906e+00,9.109176635742187500e+00,1.179166793823242188e+01,1.184436988830566406e+01,1.466027545928955078e+01,1.543092250823974609e+01,1.684758949279785156e+01,1.803351783752441406e+01,2.192282676696777344e+01,2.328314590454101562e+01,2.831185340881347656e+01,3.193247795104980469e+01,3.089938354492187500e+01,3.152597236633300781e+01,3.224274444580078125e+01,3.269699096679687500e+01,3.090633964538574219e+01,1.360991287231445312e+01,4.653559207916259766e+00,-1.037496328353881836e+00,-8.322359085083007812e+00,-3.457668781280517578e+00,-6.993486404418945312e+00,nan,-1.725820922851562500e+01,-2.078804969787597656e+01,-2.554745292663574219e+01,-2.556157112121582031e+01,-2.146881675720214844e+01,-1.810378074645996094e+01,-1.002068805694580078e+01,-1.570803113281726837e-03,-2.024255692958831787e-01,-5.099140167236328125e+00,5.254929065704345703e+00,2.873607397079467773e+00,-9.545257568359375000e+00,nan,nan,nan,nan,nan,nan,nan,nan,nan,nan,nan,nan,nan,nan,nan,nan,nan,nan,nan,nan,nan,nan,nan,nan,nan,nan,nan,nan,nan,nan,nan,nan,nan,nan,nan,nan,nan,nan,nan,nan,nan,nan,nan,nan
nan,nan,nan,nan,nan,nan,nan,nan,nan,nan,nan,nan,nan,nan,nan,nan,nan,nan,nan,nan,nan,nan,nan,nan,nan,nan,nan,nan,nan,1.635141563415527344e+01,1.151686763763427734e+01,1.238343620300292969e+01,2.847351837158203125e+01,2.176973342895507812e+01,1.250886344909667969e+01,1.033014583587646484e+01,9.227642059326171875e+00,8.104395866394042969e+00,5.821957588195800781e+00,5.089344978332519531e+00,4.177609443664550781e+00,7.324898719787597656e+00,8.548698425292968750e+00,1.073430633544921875e+01,1.004996967315673828e+01,1.129568576812744141e+01,1.389499568939208984e+01,1.223550605773925781e+01,1.491485214233398438e+01,1.638173103332519531e+01,1.730559730529785156e+01,1.930980873107910156e+01,2.265135192871093750e+01,2.505414199829101562e+01,2.851803779602050781e+01,3.229619979858398438e+01,3.475466918945312500e+01,3.305809402465820312e+01,3.191560554504394531e+01,3.241068649291992188e+01,2.811238479614257812e+01,2.446357154846191406e+01,-1.202664494514465332e+00,-1.911198496818542480e+00,-1.328523278236389160e+00,-1.382934951782226562e+01,-1.027164459228515625e+01,-1.191463851928710938e+01,-6.834213733673095703e+00,-1.926070976257324219e+01,-2.852179527282714844e+01,-2.758878135681152344e+01,-2.887017059326171875e+01,-1.947730636596679688e+01,-1.178372573852539062e+01,-9.452236175537109375e+00,-1.446662235260009766e+01,-5.220301628112792969e+00,-2.360469341278076172e+00,-3.422169446945190430e+00,-1.100884819030761719e+01,nan,nan,nan,nan,nan,nan,nan,nan,nan,nan,nan,nan,nan,nan,nan,nan,nan,nan,nan,nan,nan,nan,nan,nan,nan,nan,nan,nan,nan,nan,nan,nan,nan,nan,nan,nan,nan,nan,nan,nan,nan,nan,nan,nan
nan,nan,nan,nan,nan,nan,nan,nan,nan,nan,nan,nan,nan,nan,nan,nan,nan,nan,nan,nan,nan,nan,nan,nan,nan,nan,nan,nan,nan,1.375297069549560547e+01,1.896280479431152344e+01,2.131543540954589844e+01,2.180098533630371094e+01,1.659921836853027344e+01,1.200053405761718750e+01,7.935520648956298828e+00,6.165067195892333984e+00,5.222796916961669922e+00,4.028112411499023438e+00,4.440331459045410156e+00,7.846190929412841797e+00,5.138170719146728516e+00,6.213765621185302734e+00,1.034181880950927734e+01,1.174037933349609375e+01,1.499032020568847656e+01,1.514236164093017578e+01,1.432213401794433594e+01,1.612857055664062500e+01,1.824609375000000000e+01,1.883538436889648438e+01,2.190025901794433594e+01,2.357382011413574219e+01,2.351662635803222656e+01,2.707096290588378906e+01,3.137085533142089844e+01,3.685438919067382812e+01,3.513681411743164062e+01,3.189143943786621094e+01,2.912124443054199219e+01,2.594371604919433594e+01,2.139078140258789062e+01,5.278771400451660156e+00,-8.646677017211914062e+00,-1.016905117034912109e+01,-2.098796844482421875e+01,-1.823037147521972656e+01,-9.342999458312988281e+00,-7.991502285003662109e+00,-1.857846069335937500e+01,-3.490013122558593750e+01,-2.931892585754394531e+01,-2.846398735046386719e+01,-1.844369506835937500e+01,-1.326059055328369141e+01,-1.653603363037109375e+01,-1.622104454040527344e+01,-7.130742549896240234e+00,-5.938506126403808594e+00,-4.383704185485839844e+00,4.473648071289062500e+00,nan,nan,nan,nan,nan,nan,nan,nan,nan,nan,nan,nan,nan,nan,nan,nan,nan,nan,nan,nan,nan,nan,nan,nan,nan,nan,nan,nan,nan,nan,nan,nan,nan,nan,nan,nan,nan,nan,nan,nan,nan,nan,nan,nan
nan,nan,nan,nan,nan,nan,nan,nan,nan,nan,nan,nan,nan,nan,nan,nan,nan,nan,nan,nan,nan,nan,nan,nan,nan,nan,nan,nan,1.446257209777832031e+01,2.007174491882324219e+01,1.596582031250000000e+01,1.477763843536376953e+01,1.838231468200683594e+01,1.538396930694580078e+01,1.239649486541748047e+01,4.929605960845947266e+00,3.294493675231933594e+00,2.756746292114257812e+00,3.703082084655761719e+00,1.796733021736145020e+00,6.517595291137695312e+00,7.232163906097412109e+00,8.484772682189941406e+00,1.305275154113769531e+01,1.298408985137939453e+01,1.405278015136718750e+01,1.576204490661621094e+01,1.726657295227050781e+01,1.753749847412109375e+01,1.754715919494628906e+01,2.016116523742675781e+01,1.980331039428710938e+01,2.401949310302734375e+01,2.658227920532226562e+01,2.836798095703125000e+01,3.314531707763671875e+01,3.557557678222656250e+01,3.409136962890625000e+01,2.927200508117675781e+01,3.156278610229492188e+01,2.433338737487792969e+01,1.908204650878906250e+01,3.584060668945312500e+00,-3.893219232559204102e+00,-1.040770149230957031e+01,-1.266917705535888672e+01,-1.124921035766601562e+01,-2.688966560363769531e+01,-2.455773162841796875e+01,-2.473338699340820312e+01,-2.371368026733398438e+01,-3.347846603393554688e+01,-2.776911163330078125e+01,-2.412626457214355469e+01,-1.669052505493164062e+01,-1.561519908905029297e+01,-1.688323783874511719e+01,-6.320983409881591797e+00,-1.158017730712890625e+01,-6.829110145568847656e+00,8.703002706170082092e-03,-3.110316991806030273e+00,-3.117533445358276367e+00,1.097448825836181641e+01,-1.322774767875671387e+00,nan,nan,nan,nan,nan,nan,nan,nan,nan,nan,nan,nan,nan,nan,nan,nan,nan,nan,nan,nan,nan,nan,nan,nan,nan,nan,nan,nan,nan,nan,nan,nan,nan,nan,nan,nan,nan,nan,nan,nan
nan,nan,nan,nan,nan,nan,nan,nan,nan,nan,nan,nan,nan,nan,nan,nan,nan,nan,nan,nan,nan,nan,nan,nan,nan,nan,nan,1.388628578186035156e+01,2.355687713623046875e+01,1.618729400634765625e+01,8.378007888793945312e+00,1.151134109497070312e+01,1.392940807342529297e+01,1.304318046569824219e+01,1.019971466064453125e+01,3.502542495727539062e+00,2.635976076126098633e+00,2.782708168029785156e+00,2.607090950012207031e+00,1.273869514465332031e+00,3.861108303070068359e+00,6.383586406707763672e+00,8.896937370300292969e+00,1.293907356262207031e+01,1.297466468811035156e+01,1.248412132263183594e+01,1.235980224609375000e+01,1.616799163818359375e+01,1.609881782531738281e+01,1.865648651123046875e+01,2.059893989562988281e+01,2.410793304443359375e+01,2.414328002929687500e+01,2.591780662536621094e+01,3.057060432434082031e+01,3.539323043823242188e+01,3.522579193115234375e+01,3.340731048583984375e+01,3.254992675781250000e+01,2.336585998535156250e+01,1.722115707397460938e+01,5.062617301940917969e+00,1.802668094635009766e+00,-1.175154466181993484e-03,-1.298366165161132812e+01,-8.020246505737304688e+00,-6.835494041442871094e+00,-2.842324256896972656e+01,-2.471336364746093750e+01,-2.336803817749023438e+01,-1.776508331298828125e+01,-2.622421455383300781e+01,-3.057589721679687500e+01,-2.137932777404785156e+01,-2.206262397766113281e+01,-2.116349601745605469e+01,-1.623644256591796875e+01,-1.585162544250488281e+01,-1.673259925842285156e+01,-1.183350944519042969e+01,3.737483620643615723e-01,-7.246771335601806641e+00,-5.645918369293212891e+00,-4.145398616790771484e+00,6.931179523468017578e+00,-8.220769166946411133e-01,-2.817177474498748779e-01,nan,nan,nan,nan,nan,nan,nan,nan,nan,nan,nan,nan,nan,nan,nan,nan,nan,nan,nan,nan,nan,nan,nan,nan,nan,nan,nan,nan,nan,nan,nan,nan,nan,nan,nan,nan,nan,nan
nan,nan,nan,nan,nan,nan,nan,nan,nan,nan,nan,nan,nan,nan,nan,nan,nan,nan,nan,nan,nan,nan,nan,nan,nan,nan,1.348252010345458984e+01,2.042249298095703125e+01,2.127552413940429688e+01,1.328017044067382812e+01,6.129890918731689453e+00,8.493095397949218750e+00,1.183877944946289062e+01,9.480379104614257812e+00,7.116949558258056641e+00,1.361429810523986816e+00,2.273779392242431641e+00,2.781088829040527344e+00,3.378798961639404297e+00,3.549756050109863281e+00,3.098026037216186523e+00,7.524974346160888672e+00,1.057268810272216797e+01,1.163856506347656250e+01,1.253126430511474609e+01,1.120524501800537109e+01,1.235117435455322266e+01,1.214860630035400391e+01,1.859091377258300781e+01,2.056391525268554688e+01,2.174745178222656250e+01,2.389321136474609375e+01,2.425357818603515625e+01,2.579265975952148438e+01,2.910411453247070312e+01,2.819121551513671875e+01,3.191442489624023438e+01,3.076895332336425781e+01,3.047988891601562500e+01,1.684639549255371094e+01,9.825475692749023438e+00,9.165272712707519531e+00,5.086802482604980469e+00,-1.206855392456054688e+01,-2.277001380920410156e+01,-1.691763687133789062e+01,-9.520232200622558594e+00,-9.915553092956542969e+00,-6.804707050323486328e+00,-1.978184318542480469e+01,-1.537553501129150391e+01,-2.270574188232421875e+01,-2.310918807983398438e+01,-2.242268943786621094e+01,-2.027312088012695312e+01,-2.537731552124023438e+01,-2.283058547973632812e+01,-1.734716796875000000e+01,-1.487302398681640625e+01,-1.375383472442626953e+01,-4.248688697814941406e+00,-2.327919960021972656e+00,-2.675308227539062500e+00,-2.771921396255493164e+00,-1.048188328742980957e+00,-6.622001171112060547e+00,-3.065931558609008789e+00,-5.556266903877258301e-01,nan,nan,nan,nan,nan,nan,nan,nan,nan,nan,nan,nan,nan,nan,nan,nan,nan,nan,nan,nan,nan,nan,nan,nan,nan,nan,nan,nan,nan,nan,nan,nan,nan,nan,nan,nan,nan
nan,nan,nan,nan,nan,nan,nan,nan,nan,nan,nan,nan,nan,nan,nan,nan,nan,nan,nan,nan,nan,nan,nan,nan,nan,nan,7.730653762817382812e+00,1.570421791076660156e+01,2.066487884521484375e+01,1.835770416259765625e+01,2.808103084564208984e+00,3.233308792114257812e+00,6.391040802001953125e+00,6.318192481994628906e+00,2.005286931991577148e+00,1.180075883865356445e+00,2.223889827728271484e+00,3.930858850479125977e+00,4.126951217651367188e+00,4.887921333312988281e+00,7.503470897674560547e+00,8.419352531433105469e+00,1.019406223297119141e+01,1.173219680786132812e+01,1.136449050903320312e+01,1.177685642242431641e+01,1.083039188385009766e+01,1.104915714263916016e+01,1.685867881774902344e+01,1.931735038757324219e+01,2.057264518737792969e+01,2.471277999877929688e+01,2.549147987365722656e+01,2.512516021728515625e+01,2.247323036193847656e+01,2.225799179077148438e+01,2.420793914794921875e+01,3.054729652404785156e+01,2.568140983581542969e+01,6.565458774566650391e+00,1.042181873321533203e+01,7.258324623107910156e+00,8.871625661849975586e-01,-1.163821029663085938e+01,-2.654874801635742188e+01,-2.513680839538574219e+01,-1.599854278564453125e+01,-1.525506591796875000e+01,-1.561257266998291016e+01,-1.600988960266113281e+01,-1.564015102386474609e+01,-1.463917064666748047e+01,-1.288202381134033203e+01,-1.552239608764648438e+01,-1.287434864044189453e+01,-1.203328990936279297e+01,-2.553941535949707031e+01,-1.659552574157714844e+01,-1.284429264068603516e+01,-1.252089500427246094e+01,-1.233866977691650391e+01,1.001203441619873047e+01,9.338981509208679199e-01,-6.358543395996093750e+00,-6.993356227874755859e+00,-9.360203742980957031e+00,-1.587223768234252930e+00,9.691826417110860348e-04,-8.798394203186035156e-01,nan,nan,nan,nan,nan,nan,nan,nan,nan,nan,nan,nan,nan,nan,nan,nan,nan,nan,nan,nan,nan,nan,nan,nan,nan,nan,nan,nan,nan,nan,nan,nan,nan,nan,nan,nan
nan,nan,nan,nan,nan,nan,nan,nan,nan,nan,nan,nan,nan,nan,nan,nan,nan,nan,nan,nan,nan,nan,nan,nan,nan,nan,4.676209926605224609e+00,1.559588432312011719e+01,1.955807685852050781e+01,1.534892177581787109e+01,1.430398941040039062e+00,-8.031393885612487793e-01,-6.607032264582812786e-04,1.872700214385986328e+00,5.066494345664978027e-01,1.127864599227905273e+00,3.712725639343261719e+00,4.456883907318115234e+00,4.535568237304687500e+00,4.991299629211425781e+00,7.280456542968750000e+00,7.668251991271972656e+00,8.070691108703613281e+00,1.050245094299316406e+01,1.104455375671386719e+01,1.060476303100585938e+01,9.607063293457031250e+00,7.643464565277099609e+00,1.083858013153076172e+01,1.610094451904296875e+01,1.808156204223632812e+01,2.050695610046386719e+01,2.353937721252441406e+01,2.225537300109863281e+01,2.139576721191406250e+01,2.024031639099121094e+01,2.210354232788085938e+01,2.571988487243652344e+01,1.313053989410400391e+01,1.287598896026611328e+01,7.935954570770263672e+00,5.230337619781494141e+00,-5.943043231964111328e-01,-9.734134674072265625e+00,-2.286980056762695312e+01,-3.116441345214843750e+01,-1.751778030395507812e+01,-1.226633739471435547e+01,-1.935951042175292969e+01,-1.353363037109375000e+01,-1.345186328887939453e+01,-1.488489627838134766e+01,-7.623377323150634766e+00,-7.951693534851074219e+00,-6.464094638824462891e+00,-7.481451511383056641e+00,-1.334317111968994141e+01,-1.450933933258056641e+01,-1.066152286529541016e+01,-9.916604995727539062e+00,-8.397621154785156250e+00,1.309784650802612305e+00,8.207436561584472656e+00,4.416410923004150391e+00,5.204584121704101562e+00,-5.003707885742187500e+00,5.975173473358154297e+00,4.519828319549560547e+00,2.165551900863647461e+00,-3.742006063461303711e+00,nan,nan,nan,nan,nan,nan,nan,nan,nan,nan,nan,nan,nan,nan,nan,nan,nan,nan,nan,nan,nan,nan,nan,nan,nan,nan,nan,nan,nan,nan,nan,nan,nan,nan,nan
nan,nan,nan,nan,nan,nan,nan,nan,nan,nan,nan,nan,nan,nan,nan,nan,nan,nan,nan,nan,nan,nan,nan,nan,nan,1.052535915374755859e+01,1.755734443664550781e+01,9.746391296386718750e+00,1.857207870483398438e+01,1.405982208251953125e+01,8.280289769172668457e-01,-3.638861179351806641e+00,-1.378887414932250977e+00,1.680246949195861816e+00,1.929563641548156738e+00,2.438355684280395508e+00,2.997377157211303711e+00,4.075095176696777344e+00,4.145801067352294922e+00,3.719037771224975586e+00,6.735420703887939453e+00,7.874617099761962891e+00,7.820102691650390625e+00,1.040319824218750000e+01,1.140283966064453125e+01,1.141700935363769531e+01,1.093647289276123047e+01,1.181800651550292969e+01,1.356586456298828125e+01,1.182642555236816406e+01,1.615884017944335938e+01,1.660240173339843750e+01,2.107403755187988281e+01,2.266440391540527344e+01,2.026725196838378906e+01,1.954054641723632812e+01,1.634825325012207031e+01,1.398097515106201172e+01,1.392694187164306641e+01,3.182605504989624023e-01,2.715451717376708984e+00,5.783464431762695312e+00,4.141157150268554688e+00,4.565910816192626953e+00,-6.114643096923828125e+00,-2.325178146362304688e+01,-1.695705413818359375e+01,-9.793953895568847656e+00,-1.803571319580078125e+01,-1.259285545349121094e+01,-1.523796272277832031e+01,-1.008149623870849609e+01,-7.427186012268066406e+00,-8.454299926757812500e+00,-8.452894210815429688e+00,-8.788011550903320312e+00,-6.201231956481933594e+00,-6.794343590736389160e-01,5.639375209808349609e+00,-2.698862552642822266e+00,-4.152363777160644531e+00,-5.218516588211059570e-01,2.600520610809326172e+00,2.051902770996093750e+00,5.687146186828613281e+00,5.626538276672363281e+00,-2.189811706542968750e+00,4.014194011688232422e+00,-3.318820953369140625e+00,3.591274261474609375e+00,7.937489986419677734e+00,nan,nan,nan,nan,nan,nan,nan,nan,nan,nan,nan,nan,nan,nan,nan,nan,nan,nan,nan,nan,nan,nan,nan,nan,nan,nan,nan,nan,nan,nan,nan,nan,nan,nan
nan,nan,nan,nan,nan,nan,nan,nan,nan,nan,nan,nan,nan,nan,nan,nan,nan,nan,nan,nan,nan,nan,nan,nan,nan,9.324748992919921875e+00,nan,7.206512689590454102e-01,3.741311788558959961e+00,7.946832776069641113e-01,-1.405595541000366211e+00,-2.041458368301391602e+00,-1.008889317512512207e+00,1.017714619636535645e+00,2.601021766662597656e+00,1.986109375953674316e+00,3.020602941513061523e+00,3.212645292282104492e+00,3.316229343414306641e+00,3.589497089385986328e+00,4.801512241363525391e+00,7.743404865264892578e+00,8.112298965454101562e+00,9.489075660705566406e+00,1.135325717926025391e+01,1.044281959533691406e+01,1.019461441040039062e+01,1.177663993835449219e+01,1.224110698699951172e+01,1.453448200225830078e+01,1.503215026855468750e+01,1.493220996856689453e+01,1.818165969848632812e+01,1.926112556457519531e+01,1.879014778137207031e+01,1.630265998840332031e+01,2.924673557281494141e+00,2.842306852340698242e+00,-4.000738263130187988e-01,-4.108567714691162109e+00,5.388575077056884766e+00,3.065282344818115234e+00,4.745188236236572266e+00,2.051614189147949219e+01,1.465679645538330078e+01,1.157276248931884766e+01,-4.334707736968994141e+00,-6.859323978424072266e+00,-1.513964748382568359e+01,-1.368269824981689453e+01,1.881244592368602753e-02,-4.912309646606445312e-01,-5.638767242431640625e+00,-7.890286445617675781e+00,-8.972404479980468750e+00,-4.695614814758300781e+00,-9.460774660110473633e-01,5.172350406646728516e+00,-3.579414784908294678e-01,-1.192772626876831055e+00,-6.556241989135742188e+00,-3.161807060241699219e+00,2.385572910308837891e+00,-8.691083908081054688e+00,-3.224216461181640625e+00,-6.430017948150634766e+00,-8.101016998291015625e+00,3.762289047241210938e+00,-6.063021183013916016e+00,-1.052342796325683594e+01,1.839231610298156738e+00,1.243384265899658203e+01,6.782548904418945312e+00,nan,nan,nan,nan,nan,nan,nan,nan,nan,nan,nan,nan,nan,nan,nan,nan,nan,nan,nan,nan,nan,nan,nan,nan,nan,nan,nan,nan,nan,nan,nan,nan
nan,nan,nan,nan,nan,nan,nan,nan,nan,nan,nan,nan,nan,nan,nan,nan,nan,nan,nan,nan,nan,nan,nan,nan,9.350899696350097656e+00,nan,nan,7.281370162963867188e+00,2.670271635055541992e+00,-1.319987535476684570e+00,-1.393720984458923340e+00,-1.381098508834838867e+00,6.483222246170043945e-01,-1.665100336074829102e+00,-9.668567776679992676e-01,1.551960349082946777e+00,2.329601526260375977e+00,2.524434804916381836e+00,1.922763228416442871e+00,2.953844308853149414e+00,4.907615184783935547e+00,5.328264236450195312e+00,5.987090110778808594e+00,7.333800792694091797e+00,1.018370437622070312e+01,1.106199073791503906e+01,1.288276958465576172e+01,1.097481441497802734e+01,1.353254508972167969e+01,1.529345417022705078e+01,1.669836616516113281e+01,1.623019218444824219e+01,1.780469131469726562e+01,1.718456077575683594e+01,1.562413501739501953e+01,8.216193199157714844e+00,2.168405055999755859e-01,4.267934262752532959e-01,-7.848059535026550293e-01,-6.754658222198486328e+00,-8.645408630371093750e+00,nan,nan,-2.002505302429199219e+00,5.079513072967529297e+00,-2.646752649405718916e-15,9.485477805137634277e-01,-1.196257877349853516e+01,-1.547270584106445312e+01,-5.106920242309570312e+00,-3.028383731842041016e+00,2.891844749450683594e+00,-1.471921205520629883e+00,-4.852039337158203125e+00,-8.702180862426757812e+00,-2.157623052597045898e+00,4.815114498138427734e+00,4.897246837615966797e+00,-1.091956496238708496e+00,-4.181100368499755859e+00,-1.038080120086669922e+01,-2.991062879562377930e+00,-5.238747596740722656e+00,-8.587460517883300781e+00,-1.303894329071044922e+01,-5.165255546569824219e+00,-8.675218820571899414e-01,-6.865069389343261719e+00,-1.162031173706054688e+01,-9.587182998657226562e+00,-5.163091659545898438e+00,1.247252464294433594e+01,1.072764873504638672e+01,8.081491470336914062e+00,nan,nan,nan,nan,nan,nan,nan,nan,nan,nan,nan,nan,nan,nan,nan,nan,nan,nan,nan,nan,nan,nan,nan,nan,nan,nan,nan,nan,nan,nan,nan
nan,nan,nan,nan,nan,nan,nan,nan,nan,nan,nan,nan,nan,nan,nan,nan,nan,nan,nan,nan,nan,nan,nan,nan,8.741692543029785156e+00,6.911269664764404297e+00,1.131370830535888672e+01,2.970616817474365234e+00,6.821392178535461426e-01,-2.332315444946289062e+00,-3.289300441741943359e+00,-1.105866312980651855e+00,9.132596254348754883e-01,-1.061753511428833008e+00,-1.776383280754089355e+00,1.206943392753601074e+00,1.194133162498474121e+00,8.909130692481994629e-01,2.035569906234741211e+00,2.996166944503784180e+00,1.630801200866699219e+00,3.325956583023071289e+00,4.474187374114990234e+00,7.228102684020996094e+00,1.097455501556396484e+01,1.040485095977783203e+01,1.074604606628417969e+01,7.748004436492919922e+00,8.677630424499511719e+00,1.239668369293212891e+01,1.532416152954101562e+01,1.485567188262939453e+01,1.498206901550292969e+01,1.268929004669189453e+01,7.118034362792968750e+00,5.408928915858268738e-02,nan,-5.547174930572509766e+00,-3.417373895645141602e+00,-9.724222421646118164e-01,2.850537300109863281e+00,nan,nan,nan,nan,-4.852688789367675781e+00,nan,-7.663140296936035156e+00,nan,-8.660181999206542969e+00,nan,nan,nan,-3.107883214950561523e+00,-1.993856906890869141e+00,1.574248123168945312e+01,7.940851688385009766e+00,3.554910659790039062e+00,-1.452713251113891602e+00,6.390910148620605469e-01,-4.752009391784667969e+00,-7.038846969604492188e+00,-3.427876472473144531e+00,-9.348481178283691406e+00,-1.037390327453613281e+01,1.191318511962890625e+00,7.830151081085205078e+00,2.306964397430419922e+00,-4.701759338378906250e+00,-8.496160507202148438e+00,4.008699417114257812e+00,1.602295875549316406e+01,2.503755187988281250e+01,3.529898834228515625e+01,nan,nan,nan,nan,nan,nan,nan,nan,nan,nan,nan,nan,nan,nan,nan,nan,nan,nan,nan,nan,nan,nan,nan,nan,nan,nan,nan,nan,nan,nan,nan
nan,nan,nan,nan,nan,nan,nan,nan,nan,nan,nan,nan,nan,nan,nan,nan,nan,nan,nan,nan,nan,nan,nan,nan,8.177837371826171875e+00,1.926055335998535156e+01,8.371011734008789062e+00,3.903797388076782227e+00,-8.583711981773376465e-01,-5.209564208984375000e+00,-5.845410346984863281e+00,-3.469304561614990234e+00,2.881241440773010254e-01,1.025853037834167480e+00,-2.600563764572143555e+00,2.759158015251159668e-01,7.034470438957214355e-01,1.242220163345336914e+00,2.303115367889404297e+00,2.548523664474487305e+00,8.094090223312377930e-01,2.354597330093383789e+00,4.683563232421875000e+00,6.748924255371093750e+00,9.317326545715332031e+00,9.849411010742187500e+00,1.061472702026367188e+01,7.817780971527099609e+00,9.009296417236328125e+00,1.310228919982910156e+01,1.415414810180664062e+01,1.112651348114013672e+01,9.129095077514648438e+00,3.246244430541992188e+00,2.602423667907714844e+00,9.282566070556640625e+00,3.454519748687744141e+00,4.022664546966552734e+00,nan,nan,nan,nan,nan,nan,nan,nan,nan,nan,nan,nan,nan,nan,nan,nan,1.062624573707580566e+00,8.708829879760742188e-01,8.902117729187011719e+00,3.253219604492187500e+00,2.571581363677978516e+00,6.980651855468750000e+00,3.656942844390869141e+00,-4.915834426879882812e+00,-5.681878566741943359e+00,-6.785933971405029297e+00,-4.710973262786865234e+00,-1.429618477821350098e+00,3.586795806884765625e+00,2.060252428054809570e+00,1.730257153511047363e+00,3.504495620727539062e+00,5.744361877441406250e+00,1.274691772460937500e+01,2.295615959167480469e+01,2.770755577087402344e+01,4.590511322021484375e+00,nan,nan,nan,nan,nan,nan,nan,nan,nan,nan,nan,nan,nan,nan,nan,nan,nan,nan,nan,nan,nan,nan,nan,nan,nan,nan,nan,nan,nan,nan
nan,nan,nan,nan,nan,nan,nan,nan,nan,nan,nan,nan,nan,nan,nan,nan,nan,nan,nan,nan,nan,nan,nan,nan,2.477652740478515625e+01,1.832196998596191406e+01,4.650098323822021484e+00,2.032911300659179688e+00,-6.124373674392700195e-01,-6.481149196624755859e+00,-7.507388114929199219e+00,-6.400026321411132812e+00,-1.163183093070983887e+00,-3.811794519424438477e-01,-1.709946393966674805e+00,1.016940951347351074e+00,2.343842029571533203e+00,2.502037763595581055e+00,2.261875629425048828e+00,3.326925039291381836e+00,3.888860464096069336e+00,3.887055873870849609e+00,5.189733982086181641e+00,6.107642650604248047e+00,9.683641433715820312e+00,1.338763523101806641e+01,1.217859458923339844e+01,1.105319404602050781e+01,9.284261703491210938e+00,1.043940639495849609e+01,1.047389984130859375e+01,8.099395751953125000e+00,6.218184947967529297e+00,2.073967933654785156e+00,1.888678789138793945e+00,-2.860418796539306641e+00,nan,nan,nan,nan,nan,nan,nan,nan,nan,nan,nan,nan,nan,nan,nan,nan,nan,nan,nan,1.113715052604675293e+00,2.434839487075805664e+00,1.639824271202087402e+00,-2.726468086242675781e+00,-1.120772004127502441e+00,3.756522893905639648e+00,-3.646652698516845703e+00,-6.719924449920654297e+00,-7.551280498504638672e+00,6.282355189323425293e-01,4.403081893920898438e+00,6.841769218444824219e+00,2.395517349243164062e+00,7.430831432342529297e+00,8.562012672424316406e+00,8.222287178039550781e+00,-6.050833702087402344e+00,-1.002108097076416016e+01,2.192263412475585938e+01,2.748781442642211914e+00,nan,nan,nan,nan,nan,nan,nan,nan,nan,nan,nan,nan,nan,nan,nan,nan,nan,nan,nan,nan,nan,nan,nan,nan,nan,nan,nan,nan,nan,nan
nan,nan,nan,nan,nan,nan,nan,nan,nan,nan,nan,nan,nan,nan,nan,nan,nan,nan,nan,nan,nan,nan,nan,nan,7.295431613922119141e+00,1.237857151031494141e+01,3.718109846115112305e+00,3.462878942489624023e+00,-9.446166157722473145e-01,-6.705065250396728516e+00,-8.155595779418945312e+00,-9.949466705322265625e+00,-2.897867441177368164e+00,-1.778349757194519043e+00,2.401274144649505615e-01,1.414791703224182129e+00,2.583582162857055664e+00,2.458618402481079102e+00,1.920637011528015137e+00,1.565731287002563477e+00,2.221794843673706055e+00,2.380774259567260742e+00,3.093973636627197266e+00,3.434313535690307617e+00,7.681800365447998047e+00,1.373447704315185547e+01,1.304662609100341797e+01,9.669238090515136719e+00,7.066056728363037109e+00,8.356007575988769531e+00,7.512939929962158203e+00,4.348278522491455078e+00,3.863842010498046875e+00,-1.661380410194396973e+00,-1.862412333488464355e+00,3.769697189331054688e+00,nan,nan,nan,nan,nan,nan,nan,nan,nan,nan,nan,nan,nan,nan,nan,nan,nan,nan,nan,nan,nan,7.158475518226623535e-01,-4.467500209808349609e+00,-7.965253591537475586e-01,-6.523854255676269531e+00,-1.544201493263244629e+00,-4.339374899864196777e-01,-4.900837421417236328e+00,-3.330323398113250732e-01,7.894864082336425781e+00,8.058882713317871094e+00,8.592479825019836426e-01,1.080161213874816895e+00,6.379240512847900391e+00,1.658400344848632812e+01,1.688324546813964844e+01,-5.781650543212890625e-01,-2.400886344909667969e+01,-1.532924556732177734e+01,-8.402672767639160156e+00,-9.715273976325988770e-01,nan,nan,nan,nan,nan,nan,nan,nan,nan,nan,nan,nan,nan,nan,nan,nan,nan,nan,nan,nan,nan,nan,nan,nan,nan,nan,nan,nan
nan,nan,nan,nan,nan,nan,nan,nan,nan,nan,nan,nan,nan,nan,nan,nan,nan,nan,nan,nan,nan,nan,nan,nan,nan,1.028922653198242188e+01,6.594738960266113281e+00,5.352830410003662109e+00,3.023488044738769531e+00,-5.722723960876464844e+00,-8.174591064453125000e+00,-1.013916587829589844e+01,-4.282540798187255859e+00,-1.864568948745727539e+00,-7.828395962715148926e-01,1.936341047286987305e+00,2.435630321502685547e+00,2.656097888946533203e+00,1.798636794090270996e+00,1.218776106834411621e+00,2.278300523757934570e+00,2.025955915451049805e+00,2.652211666107177734e+00,3.487431526184082031e+00,7.065226078033447266e+00,8.920253753662109375e+00,6.990636825561523438e+00,7.174110412597656250e+00,6.791857242584228516e+00,7.196648120880126953e+00,5.954925060272216797e+00,1.981870174407958984e+00,-2.046047687530517578e+00,5.584874153137207031e+00,3.367137432098388672e+00,nan,nan,nan,nan,nan,nan,nan,nan,nan,nan,nan,nan,nan,nan,nan,nan,nan,nan,nan,nan,nan,nan,nan,nan,nan,nan,nan,nan,nan,-1.483091235160827637e+00,4.467419147491455078e+00,8.804744720458984375e+00,8.286281585693359375e+00,-1.612363815307617188e+00,-3.596360087394714355e-01,1.651103591918945312e+01,1.251540374755859375e+01,3.450369596481323242e+00,-1.664549446105957031e+01,-1.861301231384277344e+01,-5.947395324707031250e+00,-1.455995559692382812e+01,-2.271046936511993408e-01,nan,nan,nan,nan,nan,nan,nan,nan,nan,nan,nan,nan,nan,nan,nan,nan,nan,nan,nan,nan,nan,nan,nan,nan,nan,nan,nan
nan,nan,nan,nan,nan,nan,nan,nan,nan,nan,nan,nan,nan,nan,nan,nan,nan,nan,nan,nan,nan,nan,nan,nan,6.458966732025146484e+00,4.025622844696044922e+00,5.205412387847900391e+00,7.077775955200195312e+00,3.027486562728881836e+00,-3.462269306182861328e+00,-9.239216804504394531e+00,-1.103935146331787109e+01,-8.570482254028320312e+00,-1.600575804710388184e+00,7.381135821342468262e-01,2.285739898681640625e+00,2.901435852050781250e+00,2.185232162475585938e+00,1.554305255413055420e-01,2.404618501663208008e+00,2.929791927337646484e+00,4.918565750122070312e+00,4.780137062072753906e+00,3.880579948425292969e+00,2.084083795547485352e+00,4.528285503387451172e+00,5.174270629882812500e+00,4.618121147155761719e+00,3.664250850677490234e+00,3.981301069259643555e+00,2.413354158401489258e+00,-3.067858695983886719e+00,3.098288774490356445e+00,2.687183618545532227e+00,nan,nan,nan,nan,nan,nan,nan,nan,nan,nan,nan,nan,nan,nan,nan,nan,nan,nan,nan,nan,nan,nan,nan,nan,nan,nan,nan,nan,nan,nan,nan,1.143294215202331543e+00,1.799940586090087891e+00,5.820849895477294922e+00,-1.457694649696350098e+00,-4.310706853866577148e-01,2.018795013427734375e+00,8.750976562500000000e+00,8.376028060913085938e+00,-1.853825569152832031e+01,-9.141399383544921875e+00,-5.033935546875000000e+00,6.302703022956848145e-01,1.967472076416015625e+00,nan,nan,nan,nan,nan,nan,nan,nan,nan,nan,nan,nan,nan,nan,nan,nan,nan,nan,nan,nan,nan,nan,nan,nan,nan,nan,nan
nan,nan,nan,nan,nan,nan,nan,nan,nan,nan,nan,nan,nan,nan,nan,nan,nan,nan,nan,nan,nan,nan,nan,nan,3.592327356338500977e+00,3.313592910766601562e+00,8.368187904357910156e+00,8.931518554687500000e+00,5.114562988281250000e+00,-3.910398185253143311e-01,-9.138072013854980469e+00,-1.161318969726562500e+01,-1.124378299713134766e+01,-5.009577274322509766e+00,-1.872902989387512207e+00,1.762608408927917480e+00,2.035175800323486328e+00,1.765881299972534180e+00,-1.700901746749877930e+00,6.612049341201782227e-01,2.434926748275756836e+00,4.302716732025146484e+00,4.417325973510742188e+00,4.076571464538574219e+00,2.331797599792480469e+00,4.294956684112548828e+00,4.220285415649414062e+00,3.309756994247436523e+00,4.643426895141601562e+00,4.573321342468261719e+00,1.546015858650207520e+00,-3.489357948303222656e+00,1.730130910873413086e+00,nan,nan,nan,nan,nan,nan,nan,nan,nan,nan,nan,nan,nan,nan,nan,nan,nan,nan,nan,nan,nan,nan,nan,nan,nan,nan,nan,nan,nan,nan,nan,nan,1.927998900413513184e+00,9.018440246582031250e-01,1.985468506813049316e+00,-1.260133743286132812e+00,-2.436831712722778320e+00,-1.763845980167388916e-01,9.525420069694519043e-01,-2.825546860694885254e-01,6.892416477203369141e-01,-1.566724205017089844e+01,3.390953063964843750e+00,1.104871463775634766e+01,7.581646442413330078e+00,7.956382274627685547e+00,nan,nan,nan,nan,nan,nan,nan,nan,nan,nan,nan,nan,nan,nan,nan,nan,nan,nan,nan,nan,nan,nan,nan,nan,nan,nan
nan,nan,nan,nan,nan,nan,nan,nan,nan,nan,nan,nan,nan,nan,nan,nan,nan,nan,nan,nan,nan,nan,nan,5.365162849426269531e+00,-9.095355868339538574e-01,6.236465454101562500e+00,8.130195617675781250e+00,8.966394424438476562e+00,4.581741333007812500e+00,-3.948118448257446289e+00,-1.031721782684326172e+01,-1.320564270019531250e+01,-1.144906234741210938e+01,-7.629764080047607422e+00,-3.327110290527343750e+00,-1.100000143051147461e+00,-3.295291960239410400e-01,-7.317264080047607422e-01,-1.159597873687744141e+00,2.589219570159912109e+00,1.977738261222839355e+00,2.419724225997924805e+00,2.618005752563476562e+00,3.094699144363403320e+00,3.252502202987670898e+00,5.730985164642333984e+00,3.070912837982177734e+00,3.131082534790039062e+00,3.806826114654541016e+00,1.263027787208557129e+00,1.765016764402389526e-01,-2.592078208923339844e+00,nan,nan,nan,nan,nan,nan,nan,nan,nan,nan,nan,nan,nan,nan,nan,nan,nan,nan,nan,nan,nan,nan,nan,nan,nan,nan,nan,nan,nan,nan,nan,nan,nan,nan,nan,nan,nan,2.304133653640747070e+00,8.202576041221618652e-01,-3.838182687759399414e-01,-6.619808673858642578e-01,-1.790899038314819336e+00,1.361624598503112793e+00,2.938983678817749023e+00,1.636331558227539062e+01,1.239921188354492188e+01,3.266094684600830078e+00,nan,nan,nan,nan,nan,nan,nan,nan,nan,nan,nan,nan,nan,nan,nan,nan,nan,nan,nan,nan,nan,nan,nan,nan,nan,nan
nan,nan,nan,nan,nan,nan,nan,nan,nan,nan,nan,nan,nan,nan,nan,nan,nan,nan,nan,nan,nan,nan,nan,nan,nan,2.680091857910156250e+00,7.585545539855957031e+00,6.481694698333740234e+00,3.912851810455322266e+00,2.037226915359497070e+00,-7.876735210418701172e+00,-1.008098125457763672e+01,-9.300111770629882812e+00,-6.813199043273925781e+00,-2.564619541168212891e+00,-5.804304480552673340e-01,-3.374255448579788208e-02,-5.406602025032043457e-01,1.844495654106140137e+00,4.119173526763916016e+00,2.985538959503173828e+00,4.056455612182617188e+00,4.460033893585205078e+00,2.894368886947631836e+00,3.975684642791748047e+00,3.856490135192871094e+00,8.227020502090454102e-01,2.826406717300415039e+00,3.198375701904296875e+00,-4.956743121147155762e-01,-3.205275058746337891e+00,-5.924666672945022583e-02,nan,nan,nan,nan,nan,nan,nan,nan,nan,nan,nan,nan,nan,nan,nan,nan,nan,nan,nan,nan,nan,nan,nan,nan,nan,nan,nan,nan,nan,nan,nan,nan,nan,nan,nan,nan,nan,nan,nan,nan,nan,nan,3.320633649826049805e+00,5.868447780609130859e+00,1.709060478210449219e+01,1.785248565673828125e+01,2.104688072204589844e+01,1.676952743530273438e+01,1.855172157287597656e+01,nan,nan,nan,nan,nan,nan,nan,nan,nan,nan,nan,nan,nan,nan,nan,nan,nan,nan,nan,nan,nan,nan,nan,nan
nan,nan,nan,nan,nan,nan,nan,nan,nan,nan,nan,nan,nan,nan,nan,nan,nan,nan,nan,nan,nan,nan,nan,nan,nan,1.668183445930480957e+00,3.417329549789428711e+00,6.828648090362548828e+00,6.003356933593750000e+00,2.850159168243408203e+00,-4.416072845458984375e+00,-9.103102684020996094e+00,-6.802491664886474609e+00,-5.286344051361083984e+00,-1.643779873847961426e-01,2.406560659408569336e+00,-1.965888887643814087e-01,-4.598232805728912354e-01,4.415488243103027344e+00,3.306444883346557617e+00,3.403288841247558594e+00,2.947741270065307617e+00,3.347582101821899414e+00,4.670639514923095703e+00,2.960707664489746094e+00,2.539321184158325195e+00,-6.789501905441284180e-01,-2.385091066360473633e+00,-2.388498544692993164e+00,-3.135443210601806641e+00,-5.082277774810791016e+00,-1.779096245765686035e+00,nan,nan,nan,nan,nan,nan,nan,nan,nan,nan,nan,nan,nan,nan,nan,nan,nan,nan,nan,nan,nan,nan,nan,nan,nan,nan,nan,nan,nan,nan,nan,nan,nan,nan,nan,nan,nan,nan,nan,nan,nan,nan,nan,nan,1.218979835510253906e+01,6.928905487060546875e+00,1.921462631225585938e+01,2.083328819274902344e+01,1.844175338745117188e+01,2.005581665039062500e+01,nan,nan,nan,nan,nan,nan,nan,nan,nan,nan,nan,nan,nan,nan,nan,nan,nan,nan,nan,nan,nan,nan,nan
nan,nan,nan,nan,nan,nan,nan,nan,nan,nan,nan,nan,nan,nan,nan,nan,nan,nan,nan,nan,nan,nan,nan,nan,nan,2.837694168090820312e+00,5.259670257568359375e+00,1.058857727050781250e+01,8.897293090820312500e+00,3.567248582839965820e+00,-4.255694866180419922e+00,-6.569390773773193359e+00,-4.786837100982666016e+00,-2.719763278961181641e+00,-8.331048488616943359e-01,8.909436464309692383e-01,-5.533251166343688965e-01,8.760365843772888184e-01,3.663535594940185547e+00,4.446917057037353516e+00,3.916736364364624023e+00,1.825635313987731934e+00,2.647520065307617188e+00,1.694377660751342773e+00,3.802331209182739258e+00,1.123900890350341797e+00,-2.537963628768920898e+00,-3.673169374465942383e+00,-5.823943138122558594e+00,-1.026882457733154297e+01,nan,nan,nan,nan,nan,nan,nan,nan,nan,nan,nan,nan,nan,nan,nan,nan,nan,nan,nan,nan,nan,nan,nan,nan,nan,nan,nan,nan,nan,nan,nan,nan,nan,nan,nan,nan,nan,nan,nan,nan,nan,nan,nan,nan,nan,nan,nan,3.283468723297119141e+00,2.442605400085449219e+01,2.811654663085937500e+01,1.553841590881347656e+01,1.900744056701660156e+01,2.251235198974609375e+01,nan,nan,nan,nan,nan,nan,nan,nan,nan,nan,nan,nan,nan,nan,nan,nan,nan,nan,nan,nan,nan,nan
nan,nan,nan,nan,nan,nan,nan,nan,nan,nan,nan,nan,nan,nan,nan,nan,nan,nan,nan,nan,nan,nan,nan,nan,nan,5.431329727172851562e+00,4.581522464752197266e+00,5.340501308441162109e+00,5.838980674743652344e+00,4.681460380554199219e+00,-3.670275926589965820e+00,-3.372978925704956055e+00,-2.110616207122802734e+00,1.529392838478088379e+00,3.088355362415313721e-01,8.040588498115539551e-01,2.632186889648437500e+00,3.446694135665893555e+00,6.051903247833251953e+00,6.492737293243408203e+00,5.773967266082763672e+00,4.652572154998779297e+00,5.403192043304443359e+00,1.502837538719177246e+00,2.865946769714355469e+00,-1.171940341591835022e-01,-3.119441986083984375e+00,-3.905846357345581055e+00,-7.559136390686035156e+00,-5.692170619964599609e+00,nan,nan,nan,nan,nan,nan,nan,nan,nan,nan,nan,nan,nan,nan,nan,nan,nan,nan,nan,nan,nan,nan,nan,nan,nan,nan,nan,nan,nan,nan,nan,nan,nan,nan,nan,nan,nan,nan,nan,nan,nan,nan,nan,nan,nan,nan,nan,nan,1.403401947021484375e+01,2.683082389831542969e+01,2.663706588745117188e+01,2.726589393615722656e+01,2.091163825988769531e+01,1.700760269165039062e+01,nan,nan,nan,nan,nan,nan,nan,nan,nan,nan,nan,nan,nan,nan,nan,nan,nan,nan,nan,nan,nan
nan,nan,nan,nan,nan,nan,nan,nan,nan,nan,nan,nan,nan,nan,nan,nan,nan,nan,nan,nan,nan,nan,nan,nan,nan,3.536717176437377930e+00,2.906919240951538086e+00,1.939095377922058105e+00,1.464474439620971680e+00,-1.311443448066711426e-01,3.412578821182250977e+00,1.848876118659973145e+00,1.860524892807006836e+00,1.264911770820617676e+00,2.901849031448364258e+00,5.198810100555419922e+00,4.541347503662109375e+00,3.831066608428955078e+00,4.965078353881835938e+00,6.220028877258300781e+00,6.884442329406738281e+00,8.588785171508789062e+00,8.306362152099609375e+00,1.650324583053588867e+00,4.752378761768341064e-01,-2.665038824081420898e+00,-5.602755546569824219e+00,-4.707968711853027344e+00,-5.987546443939208984e+00,-5.227089405059814453e+00,-5.742865085601806641e+00,nan,nan,nan,nan,nan,nan,nan,nan,nan,nan,nan,nan,nan,nan,nan,nan,nan,nan,nan,nan,nan,nan,nan,nan,nan,nan,nan,nan,nan,nan,nan,nan,nan,nan,nan,nan,nan,nan,nan,nan,nan,nan,nan,nan,nan,nan,nan,1.351907920837402344e+01,2.691626930236816406e+01,3.430656051635742188e+01,3.266344070434570312e+01,3.008216094970703125e+01,2.334092903137207031e+01,2.614036560058593750e+01,nan,nan,nan,nan,nan,nan,nan,nan,nan,nan,nan,nan,nan,nan,nan,nan,nan,nan,nan,nan
nan,nan,nan,nan,nan,nan,nan,nan,nan,nan,nan,nan,nan,nan,nan,nan,nan,nan,nan,nan,nan,nan,nan,nan,nan,nan,2.288645505905151367e+00,-1.283962428569793701e-01,1.164277315139770508e+00,-2.683670759201049805e+00,-5.256444811820983887e-01,3.214718103408813477e+00,3.028269767761230469e+00,3.630388975143432617e+00,3.098413705825805664e+00,5.129159450531005859e+00,1.799516558647155762e+00,3.495908021926879883e+00,5.888616561889648438e+00,6.466044902801513672e+00,6.223172664642333984e+00,7.232943534851074219e+00,6.357179164886474609e+00,3.504903316497802734e+00,1.182643622159957886e-01,-1.635285019874572754e+00,-4.133777618408203125e+00,-4.296425819396972656e+00,-6.646842956542968750e+00,-4.974983215332031250e+00,nan,nan,nan,nan,nan,nan,nan,nan,nan,nan,nan,nan,nan,nan,nan,nan,nan,nan,nan,nan,nan,nan,nan,nan,nan,nan,nan,nan,nan,nan,nan,nan,nan,nan,nan,nan,nan,nan,nan,nan,nan,nan,nan,nan,nan,nan,nan,nan,7.589391231536865234e+00,2.889694404602050781e+01,2.818296813964843750e+01,3.362683868408203125e+01,3.248076629638671875e+01,2.684842109680175781e+01,3.147128677368164062e+01,2.124240303039550781e+01,nan,nan,nan,nan,nan,nan,nan,nan,nan,nan,nan,nan,nan,nan,nan,nan,nan,nan,nan
nan,nan,nan,nan,nan,nan,nan,nan,nan,nan,nan,nan,nan,nan,nan,nan,nan,nan,nan,nan,nan,nan,nan,nan,nan,nan,1.786010622978210449e+00,1.306296586990356445e+00,-3.787425458431243896e-01,-2.105301141738891602e+00,-2.621513605117797852e+00,2.008175373077392578e+00,1.826028585433959961e+00,2.049313068389892578e+00,2.455144405364990234e+00,4.764812946319580078e+00,4.928490161895751953e+00,5.832385063171386719e+00,8.654077529907226562e+00,8.686460494995117188e+00,1.056406784057617188e+01,7.699004173278808594e+00,7.524141788482666016e+00,6.770634174346923828e+00,2.391220569610595703e+00,4.626106843352317810e-02,-4.981130123138427734e+00,-8.411190986633300781e+00,-9.698423385620117188e+00,-8.233075141906738281e+00,nan,nan,nan,nan,nan,nan,nan,nan,nan,nan,nan,nan,nan,nan,nan,nan,nan,nan,nan,nan,nan,nan,nan,nan,nan,nan,nan,nan,nan,nan,nan,nan,nan,nan,nan,nan,nan,nan,nan,nan,nan,nan,nan,nan,nan,nan,nan,1.875919532775878906e+01,3.662946462631225586e+00,2.041539764404296875e+01,2.763550376892089844e+01,2.862393569946289062e+01,2.225323295593261719e+01,1.839072418212890625e+01,2.056790351867675781e+01,2.503360366821289062e+01,nan,nan,nan,nan,nan,nan,nan,nan,nan,nan,nan,nan,nan,nan,nan,nan,nan,nan,nan
nan,nan,nan,nan,nan,nan,nan,nan,nan,nan,nan,nan,nan,nan,nan,nan,nan,nan,nan,nan,nan,nan,nan,nan,nan,nan,nan,nan,4.162035286426544189e-01,-2.756391763687133789e+00,-1.145693659782409668e+00,-2.213804244995117188e+00,-1.256319046020507812e+00,4.441825300455093384e-02,7.293697595596313477e-01,4.062920093536376953e+00,5.745677947998046875e+00,6.778054237365722656e+00,9.323011398315429688e+00,9.921782493591308594e+00,9.790501594543457031e+00,1.316616153717041016e+01,1.055551242828369141e+01,8.037941932678222656e+00,-1.849051937460899353e-02,-1.893318593502044678e-01,-6.117865562438964844e+00,-8.262836456298828125e+00,-1.400529479980468750e+01,-1.093438529968261719e+01,nan,nan,nan,nan,nan,nan,nan,nan,nan,nan,nan,nan,nan,nan,nan,nan,nan,nan,nan,nan,nan,nan,nan,nan,nan,nan,nan,nan,nan,nan,nan,nan,nan,nan,nan,nan,nan,nan,nan,nan,nan,nan,nan,nan,nan,nan,nan,1.789582824707031250e+01,8.435688972473144531e+00,1.569837951660156250e+01,2.370129585266113281e+01,3.061588859558105469e+01,1.708301162719726562e+01,8.983357429504394531e+00,1.258466911315917969e+01,2.013640975952148438e+01,nan,nan,nan,nan,nan,nan,nan,nan,nan,nan,nan,nan,nan,nan,nan,nan,nan,nan,nan
nan,nan,nan,nan,nan,nan,nan,nan,nan,nan,nan,nan,nan,nan,nan,nan,nan,nan,nan,nan,nan,nan,nan,nan,nan,nan,nan,nan,nan,nan,nan,nan,-1.353383779525756836e+00,-6.213026642799377441e-01,1.799854993820190430e+00,4.595943450927734375e+00,5.892129421234130859e+00,8.302768707275390625e+00,1.199611186981201172e+01,1.430424880981445312e+01,1.488060760498046875e+01,1.091790485382080078e+01,1.097136402130126953e+01,-4.622248932719230652e-02,-5.705367326736450195e-01,-6.056167602539062500e+00,-7.901144981384277344e+00,-1.249150753021240234e+01,-1.335619831085205078e+01,-1.105600261688232422e+01,nan,nan,nan,nan,nan,nan,nan,nan,nan,nan,nan,nan,nan,nan,nan,nan,nan,nan,nan,nan,nan,nan,nan,nan,nan,nan,nan,nan,nan,nan,nan,nan,nan,nan,nan,nan,nan,nan,nan,nan,nan,nan,nan,nan,nan,nan,nan,1.645691299438476562e+01,7.342044353485107422e+00,1.333342838287353516e+01,3.008322525024414062e+01,2.149746704101562500e+01,1.124831867218017578e+01,2.592590093612670898e+00,1.778195381164550781e+01,1.638103675842285156e+01,2.207253074645996094e+01,nan,nan,nan,nan,nan,nan,nan,nan,nan,nan,nan,nan,nan,nan,nan,nan,nan,nan
nan,nan,nan,nan,nan,nan,nan,nan,nan,nan,nan,nan,nan,nan,nan,nan,nan,nan,nan,nan,nan,nan,nan,nan,nan,nan,nan,nan,nan,nan,nan,nan,9.756047725677490234e-01,-1.279906988143920898e+00,3.013613522052764893e-01,1.580842494964599609e+00,6.246062755584716797e+00,1.101798820495605469e+01,1.268884944915771484e+01,1.418156909942626953e+01,1.603117752075195312e+01,1.413290405273437500e+01,1.112879562377929688e+01,2.407644033432006836e+00,5.174900293350219727e-01,-2.934966325759887695e+00,-6.108130455017089844e+00,-8.756144523620605469e+00,-1.027357101440429688e+01,-7.555783271789550781e+00,nan,nan,nan,nan,nan,nan,nan,nan,nan,nan,nan,nan,nan,nan,nan,nan,nan,nan,nan,nan,nan,nan,nan,nan,nan,nan,nan,nan,nan,nan,nan,nan,nan,nan,nan,nan,nan,nan,nan,nan,nan,nan,nan,nan,nan,nan,nan,nan,1.086329650878906250e+01,2.257134675979614258e+00,1.863617324829101562e+01,2.721144866943359375e+01,1.772333335876464844e+01,1.376426982879638672e+01,1.238080406188964844e+01,1.618600654602050781e+01,1.055585002899169922e+01,2.186925888061523438e+01,nan,nan,nan,nan,nan,nan,nan,nan,nan,nan,nan,nan,nan,nan,nan,nan,nan
nan,nan,nan,nan,nan,nan,nan,nan,nan,nan,nan,nan,nan,nan,nan,nan,nan,nan,nan,nan,nan,nan,nan,nan,nan,nan,nan,nan,nan,nan,nan,nan,nan,1.889082789421081543e+00,3.569014310836791992e+00,-1.025316476821899414e+00,-6.408763676881790161e-02,1.049350452423095703e+01,1.769949150085449219e+01,1.788629913330078125e+01,1.776211357116699219e+01,1.713138389587402344e+01,1.475400543212890625e+01,6.583297729492187500e+00,6.983925700187683105e-01,-1.064938902854919434e+00,-5.836265563964843750e+00,-7.428168296813964844e+00,-5.844084739685058594e+00,nan,nan,nan,nan,nan,nan,nan,nan,nan,nan,nan,nan,nan,nan,nan,nan,nan,nan,nan,nan,nan,nan,nan,nan,nan,nan,nan,nan,nan,nan,nan,nan,nan,nan,nan,nan,nan,nan,nan,nan,nan,nan,nan,nan,nan,nan,nan,nan,nan,1.481588554382324219e+01,4.395980834960937500e-01,8.769462585449218750e+00,2.725617599487304688e+01,2.685051155090332031e+01,2.651470184326171875e+01,2.236675071716308594e+01,1.308442687988281250e+01,1.521271514892578125e+01,3.150307846069335938e+01,nan,nan,nan,nan,nan,nan,nan,nan,nan,nan,nan,nan,nan,nan,nan,nan,nan
nan,nan,nan,nan,nan,nan,nan,nan,nan,nan,nan,nan,nan,nan,nan,nan,nan,nan,nan,nan,nan,nan,nan,nan,nan,nan,nan,nan,nan,nan,nan,nan,nan,nan,nan,nan,7.845758914947509766e+00,9.964198470115661621e-01,1.442936611175537109e+01,2.131446647644042969e+01,1.984927940368652344e+01,1.528593349456787109e+01,1.512469482421875000e+01,1.328683376312255859e+01,9.084803581237792969e+00,2.031918764114379883e+00,-4.407858371734619141e+00,-3.355070590972900391e+00,nan,nan,nan,nan,nan,nan,nan,nan,nan,nan,nan,nan,nan,nan,nan,nan,nan,nan,nan,nan,nan,nan,nan,nan,nan,nan,nan,nan,nan,nan,nan,nan,nan,nan,nan,nan,nan,nan,nan,nan,nan,nan,nan,nan,nan,nan,nan,nan,nan,nan,nan,4.896232187747955322e-01,2.256367111206054688e+01,2.612524986267089844e+01,2.942814445495605469e+01,3.058224868774414062e+01,2.006955146789550781e+01,1.528203201293945312e+01,2.861681365966796875e+01,3.766710281372070312e+01,4.250136184692382812e+01,2.520084190368652344e+01,nan,nan,nan,nan,nan,nan,nan,nan,nan,nan,nan,nan,nan,nan,nan
nan,nan,nan,nan,nan,nan,nan,nan,nan,nan,nan,nan,nan,nan,nan,nan,nan,nan,nan,nan,nan,5.914394378662109375e+00,6.903459548950195312e+00,7.883151054382324219e+00,nan,nan,nan,nan,nan,nan,nan,nan,nan,nan,nan,nan,nan,9.855410575866699219e+00,3.516295552253723145e-01,1.795927810668945312e+01,1.375990009307861328e+01,7.388098239898681641e+00,7.589353561401367188e+00,4.283967018127441406e+00,3.780441284179687500e+00,5.467637777328491211e-01,-1.471938639879226685e-01,nan,nan,nan,nan,nan,nan,nan,nan,nan,nan,nan,nan,nan,nan,nan,nan,nan,nan,nan,nan,nan,nan,nan,nan,nan,nan,nan,nan,nan,nan,nan,nan,nan,nan,nan,nan,nan,nan,nan,nan,nan,nan,nan,nan,nan,nan,nan,nan,nan,nan,nan,nan,1.342397689819335938e+01,3.595242261886596680e+00,9.169167518615722656e+00,1.917710304260253906e+01,1.559010314941406250e+01,1.870396423339843750e+01,2.101492881774902344e+01,1.886068725585937500e+01,3.078927993774414062e+01,4.121815872192382812e+01,2.503031158447265625e+01,2.534796524047851562e+01,nan,nan,nan,nan,nan,nan,nan,nan,nan,nan,nan,nan,nan,nan
nan,nan,nan,nan,nan,nan,nan,nan,nan,nan,nan,nan,nan,nan,nan,nan,nan,nan,nan,nan,nan,4.424962043762207031e+00,1.686964225769042969e+01,2.773773765563964844e+01,nan,nan,nan,nan,nan,nan,nan,nan,nan,nan,nan,nan,nan,nan,nan,1.138326930999755859e+01,3.964452072978019714e-02,1.044995403289794922e+01,9.158995628356933594e+00,nan,nan,nan,nan,nan,nan,nan,nan,nan,nan,nan,nan,nan,nan,nan,nan,nan,nan,nan,nan,nan,nan,nan,nan,nan,nan,nan,nan,nan,nan,nan,nan,nan,nan,nan,nan,nan,nan,nan,nan,nan,nan,nan,nan,nan,nan,nan,nan,nan,nan,nan,nan,nan,nan,nan,nan,1.174296760559082031e+01,1.545519351959228516e+00,6.348911285400390625e+00,2.519771194458007812e+01,2.018163299560546875e+01,1.617002296447753906e+01,2.028287124633789062e+01,1.784896659851074219e+01,2.619371604919433594e+01,3.575441360473632812e+01,1.926835632324218750e+01,2.287736892700195312e+01,nan,nan,nan,nan,nan,nan,nan,nan,nan,nan,nan,nan,nan,nan
nan,nan,nan,nan,nan,nan,nan,nan,nan,nan,nan,nan,nan,nan,nan,nan,nan,nan,nan,nan,nan,5.377305507659912109e+00,-4.098833084106445312e+00,2.082833099365234375e+01,9.617083549499511719e+00,nan,nan,nan,nan,nan,nan,nan,nan,nan,nan,nan,nan,nan,nan,nan,nan,nan,nan,nan,nan,nan,nan,nan,nan,nan,nan,nan,nan,nan,nan,nan,nan,nan,nan,nan,nan,nan,nan,nan,nan,nan,nan,nan,nan,nan,nan,nan,nan,nan,nan,nan,nan,nan,nan,nan,nan,nan,nan,nan,nan,nan,nan,nan,nan,nan,nan,nan,nan,nan,nan,nan,nan,nan,nan,nan,-2.311288595199584961e+00,1.369001770019531250e+01,2.819907951354980469e+01,2.557946968078613281e+01,2.452812194824218750e+01,2.227136993408203125e+01,2.159145355224609375e+01,2.136722564697265625e+01,2.489425659179687500e+01,3.107615089416503906e+01,2.038138771057128906e+01,nan,nan,nan,nan,nan,nan,nan,nan,nan,nan,nan,nan,nan,nan
nan,nan,nan,nan,nan,nan,nan,nan,nan,nan,nan,nan,nan,nan,nan,nan,nan,nan,nan,nan,nan,-1.998646163940429688e+01,-1.172600841522216797e+01,6.992861270904541016e+00,2.117115783691406250e+01,nan,nan,nan,nan,nan,nan,nan,nan,nan,nan,nan,nan,nan,nan,nan,nan,nan,nan,nan,nan,nan,nan,nan,nan,nan,nan,nan,nan,nan,nan,nan,nan,nan,nan,nan,nan,nan,nan,nan,nan,nan,nan,nan,nan,nan,nan,nan,nan,nan,nan,nan,nan,nan,nan,nan,nan,nan,nan,nan,nan,nan,nan,nan,nan,nan,nan,nan,nan,nan,nan,nan,nan,nan,6.080327510833740234e+00,7.679979324340820312e+00,-9.765672683715820312e-01,3.402889966964721680e+00,9.964323043823242188e+00,2.468253326416015625e+01,2.710589027404785156e+01,2.676264953613281250e+01,8.260510444641113281e+00,1.925986289978027344e+01,1.937393569946289062e+01,2.282118225097656250e+01,2.594806671142578125e+01,nan,nan,nan,nan,nan,nan,nan,nan,nan,nan,nan,nan,nan,nan
nan,nan,nan,nan,nan,nan,nan,nan,nan,nan,nan,nan,nan,nan,nan,nan,nan,nan,nan,nan,nan,7.854730606079101562e+00,-2.066492462158203125e+01,-2.924699544906616211e+00,1.791165161132812500e+01,1.991965866088867188e+01,nan,nan,nan,nan,nan,nan,nan,nan,nan,nan,nan,nan,nan,nan,nan,nan,nan,nan,nan,nan,nan,nan,nan,nan,nan,nan,nan,nan,nan,nan,nan,nan,nan,nan,nan,nan,nan,nan,nan,nan,nan,nan,nan,nan,nan,nan,nan,nan,nan,nan,nan,nan,nan,nan,nan,nan,nan,nan,nan,nan,nan,nan,nan,nan,nan,nan,nan,nan,nan,nan,nan,nan,nan,nan,4.471835613250732422e+00,5.952835455536842346e-02,4.655828952789306641e+00,5.805938243865966797e+00,1.273890590667724609e+01,1.611621856689453125e+01,1.777691459655761719e+01,1.479606723785400391e+01,1.755807876586914062e+01,1.572460174560546875e+01,1.401880645751953125e+01,1.431896972656250000e+01,nan,nan,nan,nan,nan,nan,nan,nan,nan,nan,nan,nan,nan
nan,nan,nan,nan,nan,nan,nan,nan,nan,nan,nan,nan,nan,nan,nan,nan,nan,nan,nan,nan,nan,1.056112194061279297e+01,-2.377518463134765625e+01,1.948966026306152344e+00,1.587692642211914062e+01,2.761694145202636719e+01,1.063773059844970703e+01,2.361657142639160156e+01,nan,nan,nan,nan,nan,nan,nan,nan,nan,nan,nan,nan,nan,nan,nan,nan,nan,nan,nan,nan,nan,nan,nan,nan,nan,nan,nan,nan,nan,nan,nan,nan,nan,nan,nan,nan,nan,nan,nan,nan,nan,nan,nan,nan,nan,nan,nan,nan,nan,nan,nan,nan,nan,nan,nan,nan,nan,nan,nan,nan,nan,nan,nan,nan,nan,nan,nan,nan,nan,nan,nan,4.348396778106689453e+00,1.345838665962219238e+00,-1.336419820785522461e+00,-7.324526906013488770e-01,7.098047137260437012e-01,6.562216281890869141e+00,8.310239791870117188e+00,3.009050846099853516e+00,7.190205574035644531e+00,9.179049491882324219e+00,9.561614036560058594e+00,1.229223251342773438e+01,1.304473686218261719e+01,1.146354866027832031e+01,nan,nan,nan,nan,nan,nan,nan,nan,nan,nan,nan,nan
nan,nan,nan,nan,nan,nan,nan,nan,nan,nan,nan,nan,nan,nan,nan,nan,nan,nan,nan,nan,nan,1.391409015655517578e+01,4.198235511779785156e+00,1.584223461151123047e+01,3.738832473754882812e+01,3.339919662475585938e+01,1.881567192077636719e+01,2.489682388305664062e+01,nan,nan,nan,nan,nan,nan,nan,nan,nan,nan,nan,nan,nan,nan,nan,nan,nan,nan,nan,nan,nan,nan,nan,nan,nan,nan,nan,nan,nan,nan,nan,nan,nan,nan,nan,nan,nan,nan,nan,nan,nan,nan,nan,nan,nan,nan,nan,nan,nan,nan,nan,nan,nan,nan,nan,nan,nan,nan,nan,nan,nan,nan,nan,nan,nan,nan,nan,nan,nan,nan,nan,3.150865793228149414e+00,-2.969756603240966797e+00,1.181629300117492676e+00,2.253287553787231445e+00,-1.105651259422302246e+00,9.580398559570312500e+00,1.656284523010253906e+01,1.262332916259765625e+01,2.885390758514404297e+00,-5.285151600837707520e-01,2.662172317504882812e+00,1.970853233337402344e+01,2.150920295715332031e+01,9.023253440856933594e+00,9.589517593383789062e+00,nan,nan,nan,nan,nan,nan,nan,nan,nan,nan,nan
nan,nan,nan,nan,nan,nan,nan,nan,nan,nan,nan,nan,nan,nan,nan,nan,nan,nan,nan,nan,nan,1.855233764648437500e+01,2.063751983642578125e+01,2.258713150024414062e+01,3.110409355163574219e+01,3.625498962402343750e+01,2.991498374938964844e+01,2.528741836547851562e+01,nan,nan,nan,nan,nan,nan,nan,nan,nan,nan,nan,nan,nan,nan,nan,nan,nan,nan,nan,nan,nan,nan,nan,nan,nan,nan,nan,nan,nan,nan,nan,nan,nan,nan,nan,nan,nan,nan,nan,nan,nan,nan,nan,nan,nan,nan,nan,nan,nan,nan,nan,nan,nan,nan,nan,nan,nan,nan,nan,nan,nan,nan,nan,nan,nan,nan,nan,nan,nan,nan,1.232210874557495117e+00,1.763247251510620117e+00,2.984968662261962891e+00,2.201480627059936523e+00,1.937058210372924805e+00,1.811150550842285156e+00,8.520170211791992188e+00,1.330684566497802734e+01,1.506292915344238281e+01,6.348633766174316406e+00,-2.003690719604492188e+00,8.363637924194335938e+00,1.251772499084472656e+01,1.783527183532714844e+01,5.222777843475341797e+00,1.208848953247070312e+00,nan,nan,nan,nan,nan,nan,nan,nan,nan,nan,nan
nan,nan,nan,nan,nan,nan,nan,nan,nan,nan,nan,nan,nan,nan,nan,nan,nan,nan,nan,nan,nan,nan,2.601842689514160156e+01,2.710205078125000000e+01,4.140610885620117188e+01,4.174141311645507812e+01,3.014834403991699219e+01,2.572769737243652344e+01,2.947467422485351562e+01,1.603078079223632812e+01,2.228458213806152344e+01,2.109902381896972656e+01,1.866407966613769531e+01,nan,nan,nan,nan,nan,nan,nan,nan,nan,nan,nan,nan,nan,nan,nan,nan,nan,nan,nan,nan,nan,nan,nan,nan,nan,nan,nan,nan,nan,nan,nan,nan,nan,nan,nan,nan,nan,nan,nan,nan,nan,nan,nan,nan,nan,nan,nan,nan,nan,nan,nan,nan,nan,nan,nan,nan,nan,nan,nan,nan,nan,nan,nan,nan,nan,nan,nan,nan,3.310034513473510742e+00,4.017279148101806641e+00,1.850204765796661377e-01,7.030525803565979004e-01,5.410006523132324219e+00,5.557441711425781250e+00,7.159831523895263672e+00,4.191812992095947266e+00,4.762747764587402344e+00,1.267579460144042969e+01,9.031704902648925781e+00,-1.057187080383300781e+00,-3.041438341140747070e+00,nan,nan,nan,nan,nan,nan,nan,nan,nan,nan,nan
nan,nan,nan,nan,nan,nan,nan,nan,nan,nan,nan,nan,nan,nan,nan,nan,nan,nan,nan,nan,nan,nan,3.010733032226562500e+01,4.230115890502929688e+01,4.796075820922851562e+01,nan,nan,2.508327674865722656e+01,2.020046234130859375e+01,9.594014167785644531e+00,1.095411109924316406e+01,1.895540618896484375e+01,nan,nan,nan,nan,nan,nan,nan,nan,nan,nan,nan,nan,nan,nan,nan,nan,nan,nan,nan,nan,nan,nan,nan,nan,nan,nan,nan,nan,nan,nan,nan,nan,nan,nan,nan,nan,nan,nan,nan,nan,nan,nan,nan,nan,nan,nan,nan,nan,nan,nan,nan,nan,nan,nan,nan,nan,nan,nan,nan,nan,nan,nan,nan,nan,nan,nan,nan,nan,nan,2.897316455841064453e+00,nan,nan,nan,1.678179502487182617e+00,2.697343587875366211e+00,2.682309865951538086e+00,2.272298574447631836e+00,3.881664752960205078e+00,1.251563549041748047e+01,7.829200744628906250e+00,5.692076206207275391e+00,4.224194526672363281e+00,nan,nan,nan,nan,nan,nan,nan,nan,nan,nan,nan
nan,nan,nan,nan,nan,nan,nan,nan,nan,nan,nan,nan,nan,nan,nan,nan,nan,nan,nan,nan,nan,nan,nan,4.272608184814453125e+01,3.612648010253906250e+01,3.427936935424804688e+01,nan,3.796770858764648438e+01,1.761955642700195312e+01,1.591976070404052734e+01,2.488690757751464844e+01,2.267767143249511719e+01,nan,nan,nan,nan,nan,nan,nan,nan,nan,nan,nan,nan,nan,nan,nan,nan,nan,nan,nan,nan,nan,nan,nan,nan,nan,nan,nan,nan,nan,nan,nan,nan,nan,nan,nan,nan,nan,nan,nan,nan,nan,nan,nan,nan,nan,nan,nan,nan,nan,nan,nan,nan,nan,nan,nan,nan,nan,nan,nan,nan,nan,nan,nan,nan,nan,nan,nan,nan,nan,nan,nan,nan,nan,5.633922100067138672e+00,-4.679715633392333984e+00,-1.822764992713928223e+00,-1.402975559234619141e+00,3.940969228744506836e+00,1.904534912109375000e+01,8.975596427917480469e+00,2.044930696487426758e+00,-1.205094218254089355e+00,nan,nan,nan,nan,nan,nan,nan,nan,nan,nan,nan
nan,nan,nan,nan,nan,nan,nan,nan,nan,nan,nan,nan,nan,nan,nan,nan,nan,nan,nan,nan,nan,nan,nan,2.845241165161132812e+01,3.623580169677734375e+01,3.422640609741210938e+01,3.573300552368164062e+01,3.418132400512695312e+01,3.147425460815429688e+01,2.173782348632812500e+01,nan,nan,2.075836372375488281e+01,nan,nan,nan,nan,nan,nan,nan,nan,nan,nan,nan,nan,nan,nan,nan,nan,nan,nan,nan,nan,nan,nan,nan,nan,nan,nan,nan,nan,nan,nan,nan,nan,nan,nan,nan,nan,nan,nan,nan,nan,nan,nan,nan,nan,nan,nan,nan,nan,nan,nan,nan,nan,nan,nan,nan,nan,nan,nan,nan,nan,nan,nan,nan,nan,nan,nan,nan,nan,nan,nan,nan,6.025773882865905762e-01,4.206388950347900391e+00,-4.670880734920501709e-01,-7.621512413024902344e+00,-6.182307243347167969e+00,9.573046684265136719e+00,1.875711250305175781e+01,1.720368576049804688e+01,-1.704005699139088392e-04,7.249566555023193359e+00,nan,nan,nan,nan,nan,nan,nan,nan,nan,nan,nan
nan,nan,nan,nan,nan,nan,nan,nan,nan,nan,nan,nan,nan,nan,nan,nan,nan,nan,nan,nan,nan,nan,3.089113044738769531e+01,2.759645843505859375e+01,3.378876113891601562e+01,3.366695404052734375e+01,2.992621040344238281e+01,2.762115287780761719e+01,nan,2.632203102111816406e+01,nan,nan,nan,nan,nan,nan,nan,nan,nan,nan,nan,nan,nan,nan,nan,nan,nan,nan,nan,nan,nan,nan,nan,nan,nan,nan,nan,nan,nan,nan,nan,nan,nan,nan,nan,nan,nan,nan,nan,nan,nan,nan,nan,nan,nan,nan,nan,nan,nan,nan,nan,nan,nan,nan,nan,nan,nan,nan,nan,nan,nan,nan,nan,nan,nan,nan,nan,nan,nan,nan,nan,nan,nan,nan,nan,1.626395225524902344e+00,-2.267756700515747070e+00,-1.004397296905517578e+01,1.152241945266723633e+00,1.545433712005615234e+01,1.834811782836914062e+01,1.442204570770263672e+01,9.597106933593750000e+00,nan,nan,nan,nan,nan,nan,nan,nan,nan,nan,nan,nan
nan,nan,nan,nan,nan,nan,nan,nan,nan,nan,nan,nan,nan,nan,nan,nan,nan,nan,nan,nan,nan,2.880739021301269531e+01,2.664682197570800781e+01,3.313821411132812500e+01,2.975496864318847656e+01,2.441642379760742188e+01,2.977601051330566406e+01,2.980065727233886719e+01,3.113127517700195312e+01,2.634090805053710938e+01,nan,nan,nan,nan,nan,nan,nan,nan,nan,nan,nan,nan,nan,nan,nan,nan,nan,nan,nan,nan,nan,nan,nan,nan,nan,nan,nan,nan,nan,nan,nan,nan,nan,nan,nan,nan,nan,nan,nan,nan,nan,nan,nan,nan,nan,nan,nan,nan,nan,nan,nan,nan,nan,nan,nan,nan,nan,nan,nan,nan,nan,nan,nan,nan,nan,nan,nan,nan,nan,nan,nan,nan,nan,nan,nan,1.610005736351013184e+00,5.657890439033508301e-01,3.263224840164184570e+00,-6.143690586090087891e+00,7.870717525482177734e+00,9.628276824951171875e+00,nan,3.911695957183837891e+00,nan,nan,nan,nan,nan,nan,nan,nan,nan,nan,nan,nan
nan,nan,nan,nan,nan,nan,nan,nan,nan,nan,nan,nan,nan,nan,nan,nan,nan,nan,nan,nan,nan,nan,2.773985290527343750e+01,2.710486602783203125e+01,1.636941337585449219e+01,1.587645721435546875e+01,2.824777603149414062e+01,3.133258056640625000e+01,3.310787200927734375e+01,2.667607688903808594e+01,2.677174186706542969e+01,2.581127929687500000e+01,nan,nan,nan,nan,nan,nan,nan,nan,nan,nan,nan,nan,nan,nan,nan,nan,nan,nan,nan,nan,nan,nan,nan,nan,nan,nan,nan,nan,nan,nan,nan,nan,nan,nan,nan,nan,nan,nan,nan,nan,nan,nan,nan,nan,nan,nan,nan,nan,nan,nan,nan,nan,nan,nan,nan,nan,nan,nan,nan,nan,nan,nan,nan,nan,nan,nan,nan,nan,nan,nan,nan,nan,nan,2.075325727462768555e+00,-2.296136140823364258e+00,-8.808392524719238281e+00,-1.221029663085937500e+01,1.104847788810729980e+00,4.204769134521484375e+00,8.107144832611083984e-01,2.219888210296630859e+00,nan,nan,nan,nan,nan,nan,nan,nan,nan,nan,nan,nan
nan,nan,nan,nan,nan,nan,nan,nan,nan,nan,nan,nan,nan,nan,nan,nan,nan,nan,nan,nan,nan,nan,3.616480255126953125e+01,2.821988677978515625e+01,1.592289543151855469e+01,nan,2.874201393127441406e+01,3.456336212158203125e+01,nan,2.133329200744628906e+01,1.798542213439941406e+01,nan,nan,nan,nan,nan,nan,nan,nan,nan,nan,nan,nan,nan,nan,nan,nan,nan,nan,nan,nan,nan,nan,nan,nan,nan,nan,nan,nan,nan,nan,nan,nan,nan,nan,nan,nan,nan,nan,nan,nan,nan,nan,nan,nan,nan,nan,nan,nan,nan,nan,nan,nan,nan,nan,nan,nan,nan,nan,nan,nan,nan,nan,nan,nan,nan,nan,nan,nan,nan,nan,nan,nan,nan,-3.833538770675659180e+00,4.565271377563476562e+00,6.196799129247665405e-02,-1.123087215423583984e+01,-1.886713409423828125e+01,2.778574228286743164e-01,-2.300709336996078491e-01,-5.042705059051513672e+00,nan,nan,nan,nan,nan,nan,nan,nan,nan,nan,nan,nan,nan
nan,nan,nan,nan,nan,nan,nan,nan,nan,nan,nan,nan,nan,nan,nan,nan,nan,nan,nan,nan,nan,nan,3.662144088745117188e+01,2.657416915893554688e+01,1.494227981567382812e+01,nan,2.759502792358398438e+01,3.065687370300292969e+01,3.167582893371582031e+01,1.525153923034667969e+01,2.614662170410156250e+01,nan,nan,nan,nan,nan,nan,nan,nan,nan,nan,nan,nan,nan,nan,nan,nan,nan,nan,nan,nan,nan,nan,nan,nan,nan,nan,nan,nan,nan,nan,nan,nan,nan,nan,nan,nan,nan,nan,nan,nan,nan,nan,nan,nan,nan,nan,nan,nan,nan,nan,nan,nan,nan,nan,nan,nan,nan,nan,nan,nan,nan,nan,nan,nan,nan,nan,nan,nan,nan,nan,nan,nan,nan,-4.385293483734130859e+00,-7.879310607910156250e+00,-3.124027013778686523e+00,-6.596271991729736328e+00,-1.094956111907958984e+01,-3.194147586822509766e+00,-6.022415161132812500e+00,-5.733734130859375000e+00,-1.793315529823303223e+00,nan,nan,nan,nan,nan,nan,nan,nan,nan,nan,nan,nan
nan,nan,nan,nan,nan,nan,nan,nan,nan,nan,nan,nan,nan,nan,nan,nan,nan,nan,nan,nan,2.749496078491210938e+01,2.591856765747070312e+01,1.860429954528808594e+01,2.735704231262207031e+01,1.497191810607910156e+01,1.337608814239501953e+01,2.428205490112304688e+01,2.900909805297851562e+01,2.571468544006347656e+01,1.892513275146484375e+01,2.580109024047851562e+01,nan,nan,nan,nan,nan,nan,nan,nan,nan,nan,nan,nan,nan,nan,nan,nan,nan,nan,nan,nan,nan,nan,nan,nan,nan,nan,nan,nan,nan,nan,nan,nan,nan,nan,nan,nan,nan,nan,nan,nan,nan,nan,nan,nan,nan,nan,nan,nan,nan,nan,nan,nan,nan,nan,nan,nan,nan,nan,nan,nan,nan,nan,nan,nan,nan,nan,nan,nan,nan,nan,nan,nan,nan,-4.771928310394287109e+00,nan,-3.227893352508544922e+00,-4.779737949371337891e+00,-5.283582210540771484e+00,-6.916641712188720703e+00,-5.039527893066406250e+00,-6.677743911743164062e+00,nan,nan,nan,nan,nan,nan,nan,nan,nan,nan,nan,nan,nan
nan,nan,nan,nan,nan,nan,nan,nan,nan,nan,nan,nan,nan,nan,nan,nan,nan,nan,nan,nan,2.734914398193359375e+01,1.714620971679687500e+01,2.933367156982421875e+01,2.978063774108886719e+01,1.744425964355468750e+01,2.254653358459472656e+01,3.197340011596679688e+01,3.375293350219726562e+01,2.558990859985351562e+01,2.002646636962890625e+01,nan,nan,nan,nan,nan,nan,nan,nan,nan,nan,nan,nan,nan,nan,nan,nan,nan,nan,nan,nan,nan,nan,nan,nan,nan,nan,nan,nan,nan,nan,nan,nan,nan,nan,nan,nan,nan,nan,nan,nan,nan,nan,nan,nan,nan,nan,nan,nan,nan,nan,nan,nan,nan,nan,nan,nan,nan,nan,nan,nan,nan,nan,nan,nan,nan,nan,nan,nan,nan,nan,nan,nan,nan,nan,-5.362624645233154297e+00,-5.406342983245849609e+00,-8.262078285217285156e+00,-5.878008842468261719e+00,-6.853372573852539062e+00,-7.216668128967285156e+00,-4.956667423248291016e+00,-4.849596977233886719e+00,nan,nan,nan,nan,nan,nan,nan,nan,nan,nan,nan,nan,nan
nan,nan,nan,nan,nan,nan,nan,nan,nan,nan,nan,nan,nan,nan,nan,nan,nan,nan,nan,nan,nan,3.914655685424804688e+01,3.677663421630859375e+01,3.186036872863769531e+01,2.074829483032226562e+01,1.373155117034912109e+01,2.306162452697753906e+01,3.253929138183593750e+01,2.440328788757324219e+01,2.063515281677246094e+01,2.466240501403808594e+01,nan,nan,nan,nan,nan,nan,nan,nan,nan,nan,nan,nan,nan,nan,nan,nan,nan,nan,nan,nan,nan,nan,nan,nan,nan,nan,nan,nan,nan,nan,nan,nan,nan,nan,nan,nan,nan,nan,nan,nan,nan,nan,nan,nan,nan,nan,nan,nan,nan,nan,nan,nan,nan,nan,nan,nan,nan,nan,nan,nan,nan,nan,nan,nan,nan,nan,nan,nan,nan,nan,nan,nan,nan,nan,nan,nan,-1.275176429748535156e+01,-3.578372955322265625e+00,-1.289793491363525391e+00,-1.419139862060546875e+00,4.489802360534667969e+00,nan,nan,nan,nan,nan,nan,nan,nan,nan,nan,nan,nan,nan
nan,nan,nan,nan,nan,nan,nan,nan,nan,nan,nan,nan,nan,nan,nan,nan,nan,nan,nan,nan,nan,4.001767349243164062e+01,4.089553070068359375e+01,3.187238693237304688e+01,2.100795364379882812e+01,1.948422813415527344e+01,9.144166946411132812e+00,3.372523498535156250e+01,2.671082878112792969e+01,2.959839439392089844e+01,nan,nan,nan,nan,nan,nan,nan,nan,nan,nan,nan,nan,nan,nan,nan,nan,nan,nan,nan,nan,nan,nan,nan,nan,nan,nan,nan,nan,nan,nan,nan,nan,nan,nan,nan,nan,nan,nan,nan,nan,nan,nan,nan,nan,nan,nan,nan,nan,nan,nan,nan,nan,nan,nan,nan,nan,nan,nan,nan,nan,nan,nan,nan,nan,nan,nan,nan,nan,nan,nan,nan,nan,nan,nan,nan,nan,nan,-5.169044971466064453e+00,-3.302988529205322266e+00,-5.403721332550048828e+00,-1.056520080566406250e+01,-6.331214427947998047e+00,-4.517852783203125000e+00,nan,nan,nan,nan,nan,nan,nan,nan,nan,nan,nan,nan
nan,nan,nan,nan,nan,nan,nan,nan,nan,nan,nan,nan,nan,nan,nan,nan,nan,nan,nan,nan,nan,2.535721588134765625e+01,3.036988258361816406e+01,1.436309528350830078e+01,1.418310260772705078e+01,1.846216583251953125e+01,1.224743461608886719e+01,2.496759223937988281e+01,2.837330055236816406e+01,2.665339279174804688e+01,2.193251037597656250e+01,nan,nan,nan,nan,nan,nan,nan,nan,nan,nan,nan,nan,nan,nan,nan,nan,nan,nan,nan,nan,nan,nan,nan,nan,nan,nan,nan,nan,nan,nan,nan,nan,nan,nan,nan,nan,nan,nan,nan,nan,nan,nan,nan,nan,nan,nan,nan,nan,nan,nan,nan,nan,nan,nan,nan,nan,nan,nan,nan,nan,nan,nan,nan,nan,nan,nan,nan,nan,nan,nan,nan,nan,nan,nan,nan,nan,nan,3.446909904479980469e+00,-7.340310573577880859e+00,-6.054678916931152344e+00,-3.076887607574462891e+00,nan,nan,nan,nan,nan,nan,nan,nan,nan,nan,nan,nan,nan
nan,nan,nan,nan,nan,nan,nan,nan,nan,nan,nan,nan,nan,nan,nan,nan,nan,nan,nan,nan,nan,nan,2.373964881896972656e+01,1.905456161499023438e+01,1.582656574249267578e+01,2.050940513610839844e+01,3.218572235107421875e+01,2.505889701843261719e+01,2.968943023681640625e+01,2.626082801818847656e+01,2.063847351074218750e+01,nan,nan,nan,nan,nan,nan,nan,nan,nan,nan,nan,nan,nan,nan,nan,nan,nan,nan,nan,nan,nan,nan,nan,nan,nan,nan,nan,nan,nan,nan,nan,nan,nan,nan,nan,nan,nan,nan,nan,nan,nan,nan,nan,nan,nan,nan,nan,nan,nan,nan,nan,nan,nan,nan,nan,nan,nan,nan,nan,nan,nan,nan,nan,nan,nan,nan,nan,nan,nan,nan,nan,nan,nan,nan,nan,nan,nan,-2.843106746673583984e+00,-9.498449325561523438e+00,-1.583896160125732422e+00,-4.709220886230468750e+00,nan,nan,nan,nan,nan,nan,nan,nan,nan,nan,nan,nan,nan
nan,nan,nan,nan,nan,nan,nan,nan,nan,nan,nan,nan,nan,nan,nan,nan,nan,nan,nan,nan,nan,nan,nan,nan,2.007028007507324219e+01,2.899837493896484375e+01,2.380492019653320312e+01,2.202694320678710938e+01,2.413975524902343750e+01,2.228478622436523438e+01,1.764468193054199219e+01,1.621856498718261719e+01,8.838071823120117188e+00,1.604988288879394531e+01,nan,nan,nan,nan,nan,nan,nan,nan,nan,nan,nan,nan,nan,nan,nan,nan,nan,nan,nan,nan,nan,nan,nan,nan,nan,nan,nan,nan,nan,nan,nan,nan,nan,nan,nan,nan,nan,nan,nan,nan,nan,nan,nan,nan,nan,nan,nan,nan,nan,nan,nan,nan,nan,nan,nan,nan,nan,nan,nan,nan,nan,nan,nan,nan,nan,nan,nan,nan,nan,nan,nan,-5.057619094848632812e+00,-6.933684825897216797e+00,-3.496173381805419922e+00,-3.964720726013183594e+00,-6.609382629394531250e+00,-3.471527338027954102e+00,-5.442817211151123047e+00,nan,nan,nan,nan,nan,nan,nan,nan,nan,nan,nan,nan,nan
nan,nan,nan,nan,nan,nan,nan,nan,nan,nan,nan,nan,nan,nan,nan,nan,nan,nan,nan,nan,nan,nan,nan,nan,2.470530891418457031e+01,1.918881034851074219e+01,1.745623779296875000e+01,1.407753372192382812e+01,1.735239791870117188e+01,2.267289543151855469e+01,1.833666419982910156e+01,1.661843681335449219e+01,1.107070922851562500e+01,1.126064109802246094e+01,1.434456729888916016e+01,nan,nan,nan,nan,nan,nan,nan,nan,nan,nan,nan,nan,nan,nan,nan,nan,nan,nan,nan,nan,nan,nan,nan,nan,nan,nan,nan,nan,nan,nan,nan,nan,nan,nan,nan,nan,nan,nan,nan,nan,nan,nan,nan,nan,nan,nan,nan,nan,nan,nan,nan,nan,nan,nan,nan,nan,nan,nan,nan,nan,nan,nan,nan,nan,nan,nan,nan,nan,nan,nan,-2.367086410522460938e+00,-8.439887046813964844e+00,-5.390530586242675781e+00,-6.010574817657470703e+00,-3.370975732803344727e+00,nan,nan,nan,nan,nan,nan,nan,nan,nan,nan,nan,nan,nan,nan,nan
nan,nan,nan,nan,nan,nan,nan,nan,nan,nan,nan,nan,nan,nan,nan,nan,nan,nan,nan,nan,nan,nan,nan,nan,2.283984565734863281e+01,1.982623863220214844e+01,1.976175308227539062e+01,1.421463680267333984e+01,1.339144229888916016e+01,1.929857444763183594e+01,2.143670654296875000e+01,1.625842666625976562e+01,1.125571250915527344e+01,1.320481681823730469e+01,1.661199188232421875e+01,nan,nan,nan,nan,nan,nan,nan,nan,nan,nan,nan,nan,nan,nan,nan,nan,nan,nan,nan,nan,nan,nan,nan,nan,nan,nan,nan,nan,nan,nan,nan,nan,nan,nan,nan,nan,nan,nan,nan,nan,nan,nan,nan,nan,nan,nan,nan,nan,nan,nan,nan,nan,nan,nan,nan,nan,nan,nan,nan,nan,nan,nan,nan,nan,nan,nan,nan,nan,nan,nan,-3.583416223526000977e+00,-4.776245594024658203e+00,-4.321202754974365234e+00,-8.113129615783691406e+00,-8.040843009948730469e+00,nan,nan,nan,nan,nan,nan,nan,nan,nan,nan,nan,nan,nan,nan,nan
nan,nan,nan,nan,nan,nan,nan,nan,nan,nan,nan,nan,nan,nan,nan,nan,nan,nan,nan,nan,nan,nan,nan,nan,1.188835334777832031e+01,1.809891128540039062e+01,1.716957473754882812e+01,1.668877410888671875e+01,1.914181709289550781e+01,2.078764915466308594e+01,1.932093811035156250e+01,1.558476829528808594e+01,1.413222217559814453e+01,1.633820724487304688e+01,1.389412689208984375e+01,1.387801265716552734e+01,nan,nan,nan,nan,nan,nan,nan,nan,nan,nan,nan,nan,nan,nan,nan,nan,nan,nan,nan,nan,nan,nan,nan,nan,nan,nan,nan,nan,nan,nan,nan,nan,nan,nan,nan,nan,nan,nan,nan,nan,nan,nan,nan,nan,nan,nan,nan,nan,nan,nan,nan,nan,nan,nan,nan,nan,nan,nan,nan,nan,nan,nan,nan,nan,nan,nan,nan,nan,-3.486366033554077148e+00,-1.012200474739074707e+00,-1.776108264923095703e+00,-7.473515510559082031e+00,-1.080775833129882812e+01,-1.493438529968261719e+01,-7.884288787841796875e+00,nan,nan,nan,nan,nan,nan,nan,nan,nan,nan,nan,nan,nan,nan
nan,nan,nan,nan,nan,nan,nan,nan,nan,nan,nan,nan,nan,nan,nan,nan,nan,nan,nan,nan,nan,nan,nan,nan,1.469355297088623047e+01,1.674338722229003906e+01,1.269634532928466797e+01,1.607189369201660156e+01,1.959876441955566406e+01,1.871941947937011719e+01,1.684049797058105469e+01,1.284200286865234375e+01,1.451415729522705078e+01,1.433252429962158203e+01,1.300322341918945312e+01,1.138881301879882812e+01,nan,nan,nan,nan,nan,nan,nan,nan,nan,nan,nan,nan,nan,nan,nan,nan,nan,nan,nan,nan,nan,nan,nan,nan,nan,nan,nan,nan,nan,nan,nan,nan,nan,nan,nan,nan,nan,nan,nan,nan,nan,nan,nan,nan,nan,nan,nan,nan,nan,nan,nan,nan,nan,nan,nan,nan,nan,nan,nan,nan,nan,nan,nan,nan,nan,nan,nan,-1.778310060501098633e+00,-2.212518692016601562e+00,-3.475194215774536133e+00,2.054938793182373047e+00,-9.480137825012207031e+00,-1.339136886596679688e+01,-9.594357490539550781e+00,nan,nan,nan,nan,nan,nan,nan,nan,nan,nan,nan,nan,nan,nan,nan
nan,nan,nan,nan,nan,nan,nan,nan,nan,nan,nan,nan,nan,nan,nan,nan,nan,nan,nan,nan,nan,nan,nan,nan,4.947824001312255859e+00,5.969376087188720703e+00,8.010152816772460938e+00,1.797982788085937500e+01,1.794842147827148438e+01,1.828554916381835938e+01,1.634742164611816406e+01,1.676259422302246094e+01,1.562250423431396484e+01,1.499136066436767578e+01,1.256225013732910156e+01,1.188627719879150391e+01,1.374758529663085938e+01,nan,nan,nan,nan,nan,nan,nan,nan,nan,nan,nan,nan,nan,nan,nan,nan,nan,nan,nan,nan,nan,nan,nan,nan,nan,nan,nan,nan,nan,nan,nan,nan,nan,nan,nan,nan,nan,nan,nan,nan,nan,nan,nan,nan,nan,nan,nan,nan,nan,nan,nan,nan,nan,nan,nan,nan,nan,nan,nan,nan,nan,nan,nan,nan,nan,-2.250634670257568359e+00,8.776426315307617188e-01,2.367524147033691406e+00,-5.040805816650390625e+00,-3.045460700988769531e+00,-9.805745482444763184e-01,-2.580341339111328125e+01,nan,nan,nan,nan,nan,nan,nan,nan,nan,nan,nan,nan,nan,nan,nan,nan
nan,nan,nan,nan,nan,nan,nan,nan,nan,nan,nan,nan,nan,nan,nan,nan,nan,nan,nan,nan,nan,nan,nan,nan,1.299099159240722656e+01,1.432146263122558594e+01,1.378907012939453125e+01,1.778366470336914062e+01,1.881921577453613281e+01,2.107406997680664062e+01,2.124828529357910156e+01,2.123454093933105469e+01,1.854582977294921875e+01,1.507683658599853516e+01,1.305457592010498047e+01,1.144594669342041016e+01,9.909518241882324219e+00,nan,nan,nan,nan,nan,nan,nan,nan,nan,nan,nan,nan,nan,nan,nan,nan,nan,nan,nan,nan,nan,nan,nan,nan,nan,nan,nan,nan,nan,nan,nan,nan,nan,nan,nan,nan,nan,nan,nan,nan,nan,nan,nan,nan,nan,nan,nan,nan,nan,nan,nan,nan,nan,nan,nan,nan,nan,nan,nan,nan,nan,nan,nan,nan,nan,8.869813680648803711e-01,-3.687407255172729492e+00,4.245636463165283203e+00,-8.979783058166503906e+00,-1.303904914855957031e+01,-5.127649307250976562e+00,-1.896789932250976562e+01,nan,nan,nan,nan,nan,nan,nan,nan,nan,nan,nan,nan,nan,nan,nan,nan
nan,nan,nan,nan,nan,nan,nan,nan,nan,nan,nan,nan,nan,nan,nan,nan,nan,nan,nan,nan,nan,nan,nan,nan,nan,2.023633193969726562e+01,9.399188041687011719e+00,7.601462364196777344e+00,1.230970954895019531e+01,1.891590499877929688e+01,2.073034286499023438e+01,2.043545341491699219e+01,1.984134101867675781e+01,1.744827079772949219e+01,1.352572250366210938e+01,1.086443710327148438e+01,1.126976203918457031e+01,1.337924194335937500e+01,nan,nan,nan,nan,nan,nan,nan,nan,nan,nan,nan,nan,nan,nan,nan,nan,nan,nan,nan,nan,nan,nan,nan,nan,nan,nan,nan,nan,nan,nan,nan,nan,nan,nan,nan,nan,nan,nan,nan,nan,nan,nan,nan,nan,nan,nan,nan,nan,nan,nan,nan,nan,nan,nan,nan,nan,nan,nan,nan,nan,nan,nan,nan,nan,3.451550483703613281e+00,-1.609605312347412109e+00,-1.442759752273559570e+00,-4.252532958984375000e+00,-1.048421573638916016e+01,-1.104901504516601562e+01,-6.710718631744384766e+00,nan,nan,nan,nan,nan,nan,nan,nan,nan,nan,nan,nan,nan,nan,nan,nan
nan,nan,nan,nan,nan,nan,nan,nan,nan,nan,nan,nan,nan,nan,nan,nan,nan,nan,nan,nan,nan,nan,nan,nan,nan,nan,2.820202589035034180e+00,1.501040935516357422e+00,7.477623462677001953e+00,1.708513832092285156e+01,1.851189994812011719e+01,1.932867240905761719e+01,1.985506057739257812e+01,1.844119834899902344e+01,1.637906074523925781e+01,1.393213748931884766e+01,1.261366844177246094e+01,1.028066349029541016e+01,nan,nan,nan,nan,nan,nan,nan,nan,nan,nan,nan,nan,nan,nan,nan,nan,nan,nan,nan,nan,nan,nan,nan,nan,nan,nan,nan,nan,nan,nan,nan,nan,nan,nan,nan,nan,nan,nan,nan,nan,nan,nan,nan,nan,nan,nan,nan,nan,nan,nan,nan,nan,nan,nan,nan,nan,nan,nan,nan,nan,nan,nan,nan,nan,-4.695158481597900391e+00,5.091393470764160156e+00,-4.186767578125000000e+00,-3.458765745162963867e+00,-1.542177677154541016e+01,-1.345245742797851562e+01,-5.732612133026123047e+00,nan,nan,nan,nan,nan,nan,nan,nan,nan,nan,nan,nan,nan,nan,nan,nan
nan,nan,nan,nan,nan,nan,nan,nan,nan,nan,nan,nan,nan,nan,nan,nan,nan,nan,nan,nan,nan,nan,nan,nan,nan,nan,1.079214096069335938e+01,5.601101875305175781e+00,9.302977561950683594e+00,9.934862136840820312e+00,1.183370018005371094e+01,1.574666023254394531e+01,1.899436187744140625e+01,1.670999717712402344e+01,1.558390998840332031e+01,1.582729721069335938e+01,1.507244491577148438e+01,1.207996845245361328e+01,nan,nan,nan,nan,nan,nan,nan,nan,nan,nan,nan,nan,nan,nan,nan,nan,nan,nan,nan,nan,nan,nan,nan,nan,nan,nan,nan,nan,nan,nan,nan,nan,nan,nan,nan,nan,nan,nan,nan,nan,nan,nan,nan,nan,nan,nan,nan,nan,nan,nan,nan,nan,nan,nan,nan,nan,nan,nan,nan,nan,nan,nan,nan,nan,-5.753966808319091797e+00,2.589757919311523438e+00,-4.390044689178466797e+00,9.938088059425354004e-01,-5.513226032257080078e+00,-9.144509315490722656e+00,-4.679471492767333984e+00,nan,nan,nan,nan,nan,nan,nan,nan,nan,nan,nan,nan,nan,nan,nan,nan
nan,nan,nan,nan,nan,nan,nan,nan,nan,nan,nan,nan,nan,nan,nan,nan,nan,nan,nan,nan,nan,nan,nan,nan,nan,nan,nan,7.824604034423828125e+00,7.215414047241210938e+00,4.673081874847412109e+00,7.693074703216552734e+00,1.190595436096191406e+01,1.569145298004150391e+01,1.505165004730224609e+01,1.332324695587158203e+01,1.714479637145996094e+01,1.482872867584228516e+01,1.246092700958251953e+01,nan,nan,1.660374641418457031e+01,nan,nan,nan,nan,nan,nan,nan,nan,nan,nan,nan,nan,nan,nan,nan,nan,nan,nan,nan,nan,nan,nan,nan,nan,nan,nan,nan,nan,nan,nan,nan,nan,nan,nan,nan,nan,nan,nan,nan,nan,nan,nan,nan,nan,nan,nan,nan,nan,nan,nan,nan,nan,nan,nan,nan,nan,nan,nan,nan,-2.278246581554412842e-01,-9.183786511421203613e-01,3.852396726608276367e+00,9.848136901855468750e+00,2.208431243896484375e+00,1.281131649017333984e+01,7.022653102874755859e+00,nan,nan,nan,nan,nan,nan,nan,nan,nan,nan,nan,nan,nan,nan,nan,nan,nan,nan
nan,nan,nan,nan,nan,nan,nan,nan,nan,nan,nan,nan,nan,nan,nan,nan,nan,nan,nan,nan,nan,nan,nan,nan,nan,nan,nan,nan,8.191420555114746094e+00,9.066398620605468750e+00,6.134002208709716797e+00,1.168734455108642578e+01,1.551020240783691406e+01,1.443873405456542969e+01,1.527035713195800781e+01,1.913042831420898438e+01,1.889750289916992188e+01,1.703735923767089844e+01,5.442324638366699219e+00,5.977637290954589844e+00,8.410950660705566406e+00,1.870537376403808594e+01,nan,nan,nan,nan,nan,nan,nan,nan,nan,nan,nan,nan,nan,nan,nan,nan,nan,nan,nan,nan,nan,nan,nan,nan,nan,nan,nan,nan,nan,nan,nan,nan,nan,nan,nan,nan,nan,nan,nan,nan,nan,nan,nan,nan,nan,nan,nan,nan,nan,nan,nan,nan,nan,nan,nan,nan,nan,nan,2.327644824981689453e+00,1.303131699562072754e+00,-1.446090817451477051e+00,3.243060588836669922e+00,5.126405239105224609e+00,1.046585273742675781e+01,-1.271610379219055176e+00,nan,nan,nan,nan,nan,nan,nan,nan,nan,nan,nan,nan,nan,nan,nan,nan,nan,nan
nan,nan,nan,nan,nan,nan,nan,nan,nan,nan,nan,nan,nan,nan,nan,nan,nan,nan,nan,nan,nan,nan,nan,nan,nan,nan,nan,nan,nan,1.079719352722167969e+01,2.833982944488525391e+00,-4.438356459140777588e-01,1.560747241973876953e+01,1.683947181701660156e+01,1.807255554199218750e+01,2.024375534057617188e+01,2.054391098022460938e+01,1.812704277038574219e+01,1.772209167480468750e+01,1.620333099365234375e+01,1.607600402832031250e+01,1.738357353210449219e+01,2.120528221130371094e+01,nan,nan,nan,nan,nan,nan,nan,nan,nan,nan,nan,nan,nan,nan,nan,nan,nan,nan,nan,nan,nan,nan,nan,nan,nan,nan,nan,nan,nan,nan,nan,nan,nan,nan,nan,nan,nan,nan,nan,nan,nan,nan,nan,nan,nan,nan,nan,nan,nan,nan,nan,nan,nan,nan,nan,-1.722757704555988312e-02,3.371193885803222656e+00,2.183043718338012695e+00,-2.080707788467407227e+00,-1.761338114738464355e+00,-4.317824840545654297e+00,3.398430585861206055e+00,7.552150726318359375e+00,-1.232962012290954590e+00,nan,nan,nan,nan,nan,nan,nan,nan,nan,nan,nan,nan,nan,nan,nan,nan,nan,nan
nan,nan,nan,nan,nan,nan,nan,nan,nan,nan,nan,nan,nan,nan,nan,nan,nan,nan,nan,nan,nan,nan,nan,nan,nan,nan,nan,nan,nan,9.273249626159667969e+00,2.862426996231079102e+00,4.363421916961669922e+00,6.488363265991210938e+00,1.374824523925781250e+01,2.159352111816406250e+01,2.262298965454101562e+01,1.591679573059082031e+01,1.746640014648437500e+01,2.354247474670410156e+01,2.557829666137695312e+01,2.399720764160156250e+01,2.134499168395996094e+01,1.829308319091796875e+01,1.634223175048828125e+01,1.100524806976318359e+01,1.990546822547912598e+00,2.140567016601562500e+01,nan,nan,nan,nan,1.299579429626464844e+01,9.519289970397949219e+00,nan,nan,-1.216429233551025391e+00,-4.085688591003417969e+00,-9.381130218505859375e+00,-1.284807491302490234e+01,-1.582691001892089844e+01,-1.773635101318359375e+01,nan,nan,nan,nan,nan,nan,nan,nan,nan,nan,nan,nan,nan,nan,nan,nan,nan,nan,nan,nan,nan,nan,nan,nan,nan,nan,nan,nan,nan,nan,nan,nan,nan,nan,nan,nan,nan,6.469525694847106934e-01,2.611047267913818359e+00,-1.137478351593017578e+00,3.221754074096679688e+00,-7.481823921203613281e+00,-8.844830513000488281e+00,-3.444427490234375000e+00,-1.589640259742736816e+00,-1.278028726577758789e+00,nan,nan,nan,nan,nan,nan,nan,nan,nan,nan,nan,nan,nan,nan,nan,nan,nan,nan
nan,nan,nan,nan,nan,nan,nan,nan,nan,nan,nan,nan,nan,nan,nan,nan,nan,nan,nan,nan,nan,nan,nan,nan,nan,nan,nan,nan,nan,nan,2.635253667831420898e+00,7.899337768554687500e+00,1.360803318023681641e+01,1.463864898681640625e+01,2.044889640808105469e+01,1.958767509460449219e+01,1.453796863555908203e+01,1.594286632537841797e+01,2.305905723571777344e+01,2.726539421081542969e+01,2.734147644042968750e+01,2.867222023010253906e+01,2.426218986511230469e+01,2.088819503784179688e+01,1.628383445739746094e+01,1.112088108062744141e+01,8.094707489013671875e+00,1.065133762359619141e+01,4.729928493499755859e+00,2.036964225769042969e+01,1.836837768554687500e+01,8.530969619750976562e+00,7.713446617126464844e+00,7.695121288299560547e+00,8.710495948791503906e+00,-2.015747278928756714e-01,-1.262651634216308594e+01,-1.744674110412597656e+01,-1.667430877685546875e+01,-1.658317947387695312e+01,-1.360289096832275391e+01,-1.096648883819580078e+01,-1.961923789978027344e+01,nan,nan,nan,nan,nan,-1.156388092041015625e+01,nan,nan,nan,nan,nan,nan,nan,nan,nan,nan,nan,nan,nan,nan,nan,nan,nan,nan,nan,nan,nan,nan,nan,nan,nan,nan,nan,nan,nan,nan,1.639850616455078125e+00,3.115732669830322266e+00,-3.619040966033935547e+00,-1.604182052612304688e+01,-1.316345596313476562e+01,-2.043076992034912109e+00,-2.350751638412475586e+00,nan,nan,nan,nan,nan,nan,nan,nan,nan,nan,nan,nan,nan,nan,nan,nan,nan,nan,nan
nan,nan,nan,nan,nan,nan,nan,nan,nan,nan,nan,nan,nan,nan,nan,nan,nan,nan,nan,nan,nan,nan,nan,nan,nan,nan,nan,nan,nan,nan,9.854342460632324219e+00,9.848978042602539062e+00,1.505741024017333984e+01,1.449409484863281250e+01,1.336291599273681641e+01,1.543752098083496094e+01,1.525836372375488281e+01,2.004943656921386719e+01,2.324915504455566406e+01,3.229066085815429688e+01,3.180195999145507812e+01,3.361188125610351562e+01,2.638803482055664062e+01,2.471456527709960938e+01,1.802659416198730469e+01,1.730926895141601562e+01,1.729687690734863281e+01,1.867127037048339844e+01,1.388356494903564453e+01,1.409946727752685547e+01,9.847931861877441406e+00,8.743115425109863281e+00,9.115531921386718750e+00,9.232947349548339844e+00,1.135500240325927734e+01,1.494872212409973145e+00,-1.234313488006591797e+01,-1.131710720062255859e+01,-1.350939083099365234e+01,-1.995011138916015625e+01,-3.236978530883789062e+01,-2.359628486633300781e+01,-1.210591411590576172e+01,-1.299934387207031250e+01,-1.343935394287109375e+01,-1.546917343139648438e+01,-1.572050666809082031e+01,-1.390617275238037109e+01,-1.214148426055908203e+01,nan,nan,nan,nan,nan,nan,nan,nan,nan,nan,nan,nan,nan,nan,nan,nan,nan,nan,nan,nan,nan,nan,nan,nan,nan,nan,nan,nan,nan,1.718096852302551270e+00,-1.356023848056793213e-01,3.560040712356567383e+00,-5.741842746734619141e+00,-9.887494087219238281e+00,-1.556168651580810547e+01,-3.451820135116577148e+00,nan,nan,nan,nan,nan,nan,nan,nan,nan,nan,nan,nan,nan,nan,nan,nan,nan,nan,nan,nan
nan,nan,nan,nan,nan,nan,nan,nan,nan,nan,nan,nan,nan,nan,nan,nan,nan,nan,nan,nan,nan,nan,nan,nan,nan,nan,nan,nan,nan,nan,nan,1.042775440216064453e+01,1.274568843841552734e+01,1.692021560668945312e+01,1.288711261749267578e+01,1.838693809509277344e+01,2.236297225952148438e+01,2.144426345825195312e+01,2.503022003173828125e+01,3.208253097534179688e+01,3.433546447753906250e+01,3.498130035400390625e+01,3.503794479370117188e+01,3.295062637329101562e+01,3.484761428833007812e+01,3.476575088500976562e+01,3.248932647705078125e+01,3.047504234313964844e+01,2.923693847656250000e+01,2.263308906555175781e+01,1.883243560791015625e+01,1.444148063659667969e+01,1.172885799407958984e+01,1.034359264373779297e+01,7.603956699371337891e+00,4.200857162475585938e+00,-2.627997398376464844e+00,-1.014980602264404297e+01,-1.794014930725097656e+01,-2.064776992797851562e+01,-2.975362205505371094e+01,-3.069585990905761719e+01,-2.044183731079101562e+01,-1.875657081604003906e+01,-1.529032325744628906e+01,-1.596961021423339844e+01,-4.417389392852783203e+00,nan,nan,nan,nan,nan,nan,nan,nan,nan,nan,nan,nan,nan,nan,nan,nan,nan,nan,nan,nan,nan,nan,nan,nan,nan,nan,nan,nan,nan,nan,nan,3.707176446914672852e+00,7.027342796325683594e+00,2.579635381698608398e+00,-1.871651530265808105e+00,-1.235731244087219238e+00,-1.633528709411621094e+01,nan,nan,nan,nan,nan,nan,nan,nan,nan,nan,nan,nan,nan,nan,nan,nan,nan,nan,nan,nan,nan
nan,nan,nan,nan,nan,nan,nan,nan,nan,nan,nan,nan,nan,nan,nan,nan,nan,nan,nan,nan,nan,nan,nan,nan,nan,nan,nan,nan,nan,nan,nan,1.360973119735717773e+00,7.890944480895996094e+00,9.404622077941894531e+00,1.382704067230224609e+01,1.918672943115234375e+01,1.979436111450195312e+01,2.571732330322265625e+01,2.600189971923828125e+01,3.529920196533203125e+01,3.265637588500976562e+01,4.195074462890625000e+01,4.594699859619140625e+01,4.908208847045898438e+01,4.788250732421875000e+01,4.143345260620117188e+01,3.993274688720703125e+01,4.143661880493164062e+01,3.816217422485351562e+01,3.546532440185546875e+01,2.487706184387207031e+01,1.878578186035156250e+01,1.557051277160644531e+01,1.033280754089355469e+01,8.861209869384765625e+00,5.089043140411376953e+00,-1.954779028892517090e+00,-8.278466224670410156e+00,-1.729562377929687500e+01,-1.951499176025390625e+01,-2.006694412231445312e+01,-2.821495819091796875e+01,-3.325882339477539062e+01,-2.457366371154785156e+01,-1.328169536590576172e+01,-1.702232360839843750e+01,-1.138305473327636719e+01,-3.299499511718750000e+00,nan,nan,nan,nan,nan,nan,nan,nan,nan,nan,nan,nan,nan,nan,nan,nan,nan,nan,nan,nan,nan,nan,nan,nan,nan,nan,nan,nan,nan,3.199902772903442383e+00,6.662273406982421875e+00,9.556945800781250000e+00,4.551908016204833984e+00,5.095276355743408203e+00,-5.952043533325195312e+00,-2.777108192443847656e+00,nan,nan,nan,nan,nan,nan,nan,nan,nan,nan,nan,nan,nan,nan,nan,nan,nan,nan,nan,nan,nan
nan,nan,nan,nan,nan,nan,nan,nan,nan,nan,nan,nan,nan,nan,nan,nan,nan,nan,nan,nan,nan,nan,nan,nan,nan,nan,nan,nan,nan,nan,nan,7.878152728080749512e-01,2.225509166717529297e+00,6.280591011047363281e+00,1.850373840332031250e+01,2.105028152465820312e+01,1.740858650207519531e+01,2.687857818603515625e+01,2.995474433898925781e+01,3.434644317626953125e+01,3.331531143188476562e+01,4.262614440917968750e+01,4.204856109619140625e+01,4.698899459838867188e+01,4.740703964233398438e+01,4.952172851562500000e+01,4.918056106567382812e+01,4.903467178344726562e+01,4.635931777954101562e+01,4.378690338134765625e+01,3.231233596801757812e+01,2.840542602539062500e+01,2.645124435424804688e+01,1.839676094055175781e+01,1.743367958068847656e+01,6.871873378753662109e+00,-1.702637672424316406e-01,-9.543210983276367188e+00,-1.702135086059570312e+01,-2.163150978088378906e+01,-2.010110092163085938e+01,-2.314406776428222656e+01,-3.472363662719726562e+01,-2.897038078308105469e+01,-1.963862037658691406e+01,-1.913941192626953125e+01,-1.317972469329833984e+01,-2.099642753601074219e+00,-1.502199077606201172e+01,nan,nan,nan,nan,nan,nan,nan,nan,nan,nan,nan,nan,nan,nan,nan,nan,nan,nan,nan,nan,nan,nan,nan,nan,nan,nan,4.754363536834716797e+00,1.544680237770080566e+00,-3.229168057441711426e-01,6.258126735687255859e+00,8.811719894409179688e+00,4.201114654541015625e+00,nan,nan,nan,nan,nan,nan,nan,nan,nan,nan,nan,nan,nan,nan,nan,nan,nan,nan,nan,nan,nan,nan,nan,nan
nan,nan,nan,nan,nan,nan,nan,nan,nan,nan,nan,nan,nan,nan,nan,nan,nan,nan,nan,nan,nan,nan,nan,nan,nan,nan,nan,nan,nan,nan,nan,1.141693401336669922e+01,5.587228298187255859e+00,1.124289321899414062e+01,1.967678833007812500e+01,2.913845443725585938e+01,1.711512756347656250e+01,2.634882736206054688e+01,2.880726242065429688e+01,3.197900390625000000e+01,3.900976562500000000e+01,3.932853317260742188e+01,4.277446746826171875e+01,4.756595230102539062e+01,5.306119155883789062e+01,5.270687866210937500e+01,5.195834350585937500e+01,5.182171630859375000e+01,4.585102462768554688e+01,4.430890655517578125e+01,4.062466812133789062e+01,3.043035697937011719e+01,2.529231834411621094e+01,1.909037208557128906e+01,1.762036705017089844e+01,1.336541271209716797e+01,1.969291090965270996e+00,-7.699323177337646484e+00,-1.458948898315429688e+01,-1.506197738647460938e+01,-1.626506614685058594e+01,-2.411181640625000000e+01,-3.423046493530273438e+01,-2.915006065368652344e+01,-2.615439796447753906e+01,-2.385269927978515625e+01,-1.146355533599853516e+01,-9.017182350158691406e+00,nan,nan,nan,nan,nan,nan,nan,nan,nan,nan,nan,nan,nan,nan,nan,nan,nan,nan,nan,nan,nan,nan,nan,nan,nan,nan,nan,nan,1.650639533996582031e+00,-1.265491724014282227e+00,8.264730453491210938e+00,5.739051818847656250e+00,3.115254878997802734e+00,nan,nan,nan,nan,nan,nan,nan,nan,nan,nan,nan,nan,nan,nan,nan,nan,nan,nan,nan,nan,nan,nan,nan,nan
nan,nan,nan,nan,nan,nan,nan,nan,nan,nan,nan,nan,nan,nan,nan,nan,nan,nan,nan,nan,nan,nan,nan,nan,nan,nan,nan,nan,nan,nan,nan,1.103674030303955078e+01,5.018049716949462891e+00,1.635276985168457031e+01,2.177616882324218750e+01,2.730629539489746094e+01,2.371183586120605469e+01,2.255805397033691406e+01,2.757206153869628906e+01,2.977101325988769531e+01,3.509672164916992188e+01,3.864245223999023438e+01,4.646616744995117188e+01,5.353382110595703125e+01,5.460106658935546875e+01,5.477066040039062500e+01,5.661849975585937500e+01,4.589859008789062500e+01,4.678898620605468750e+01,4.185888290405273438e+01,4.310046005249023438e+01,3.094336128234863281e+01,2.336667442321777344e+01,2.113802909851074219e+01,1.636309623718261719e+01,1.522894763946533203e+01,1.096331596374511719e+01,-2.065768718719482422e+00,-5.933633804321289062e+00,-9.929302215576171875e+00,-1.104555010795593262e+00,-2.163800621032714844e+01,-7.169875621795654297e+00,-2.442729568481445312e+01,-2.938429832458496094e+01,-2.430394172668457031e+01,-2.032013893127441406e+01,nan,nan,nan,nan,nan,nan,nan,nan,nan,nan,nan,nan,nan,nan,nan,nan,nan,nan,nan,nan,nan,nan,nan,nan,nan,nan,nan,nan,6.078072547912597656e+00,-1.081975363194942474e-02,1.265236854553222656e+01,1.228279018402099609e+01,5.321130275726318359e+00,4.176662445068359375e+00,nan,nan,nan,nan,nan,nan,nan,nan,nan,nan,nan,nan,nan,nan,nan,nan,nan,nan,nan,nan,nan,nan,nan,nan
nan,nan,nan,nan,nan,nan,nan,nan,nan,nan,nan,nan,nan,nan,nan,nan,nan,nan,nan,nan,nan,nan,nan,nan,nan,nan,nan,nan,nan,nan,nan,nan,5.304421901702880859e+00,1.157120704650878906e+01,2.159950637817382812e+01,2.274873924255371094e+01,2.201781463623046875e+01,2.547101593017578125e+01,2.431897544860839844e+01,2.705747985839843750e+01,3.182374382019042969e+01,3.546367263793945312e+01,4.421297836303710938e+01,5.257363128662109375e+01,5.659596633911132812e+01,5.397311401367187500e+01,4.867669296264648438e+01,4.347798538208007812e+01,4.729357528686523438e+01,4.578881072998046875e+01,4.582043075561523438e+01,3.102414703369140625e+01,2.739244461059570312e+01,2.418071746826171875e+01,2.457644081115722656e+01,1.655435943603515625e+01,9.115105628967285156e+00,7.750806808471679688e+00,2.267107009887695312e+00,-5.275808811187744141e+00,-1.341829204559326172e+01,7.969048619270324707e-01,-6.936683654785156250e-01,-1.428673458099365234e+01,-2.718113136291503906e+01,-2.583966064453125000e+01,-2.005152893066406250e+01,nan,nan,nan,nan,nan,nan,nan,nan,nan,nan,nan,nan,nan,nan,nan,nan,nan,nan,nan,nan,nan,nan,nan,nan,nan,nan,nan,9.013051986694335938e+00,2.683399319648742676e-01,6.065332889556884766e+00,4.115167617797851562e+00,-1.597436428070068359e+00,nan,nan,nan,nan,nan,nan,nan,nan,nan,nan,nan,nan,nan,nan,nan,nan,nan,nan,nan,nan,nan,nan,nan,nan,nan,nan
nan,nan,nan,nan,nan,nan,nan,nan,nan,nan,nan,nan,nan,nan,nan,nan,nan,nan,nan,nan,nan,nan,nan,nan,nan,nan,nan,nan,nan,nan,nan,nan,3.568560600280761719e+00,7.157788276672363281e+00,1.292085838317871094e+01,1.861215019226074219e+01,1.964905548095703125e+01,2.270452880859375000e+01,2.110724067687988281e+01,2.362979507446289062e+01,3.285794830322265625e+01,3.494739913940429688e+01,3.796979522705078125e+01,4.765854644775390625e+01,5.571007919311523438e+01,5.643166732788085938e+01,4.678321838378906250e+01,4.688719177246093750e+01,5.411310958862304688e+01,4.943092727661132812e+01,4.853279113769531250e+01,3.784440994262695312e+01,3.146010780334472656e+01,3.398784637451171875e+01,3.327267837524414062e+01,1.782705879211425781e+01,9.738306999206542969e+00,9.525762557983398438e+00,6.081318855285644531e+00,-4.758377552032470703e+00,-4.577985286712646484e+00,-2.196409940719604492e+00,-4.096253588795661926e-02,-1.546425437927246094e+01,-2.549164581298828125e+01,-2.548359870910644531e+01,nan,nan,nan,nan,nan,nan,nan,nan,nan,nan,nan,nan,nan,nan,nan,nan,nan,nan,nan,nan,nan,nan,nan,nan,nan,nan,nan,nan,1.194732379913330078e+01,1.754217910766601562e+01,1.187128257751464844e+01,2.353824377059936523e+00,6.450468063354492188e+00,nan,nan,nan,nan,nan,nan,nan,nan,nan,nan,nan,nan,nan,nan,nan,nan,nan,nan,nan,nan,nan,nan,nan,nan,nan,nan
nan,nan,nan,nan,nan,nan,nan,nan,nan,nan,nan,nan,nan,nan,nan,nan,nan,nan,nan,nan,nan,nan,nan,nan,nan,nan,nan,nan,nan,nan,nan,nan,-4.991700172424316406e+00,3.995883703231811523e+00,1.503338623046875000e+01,1.808781623840332031e+01,2.433867835998535156e+01,2.594986724853515625e+01,2.250524711608886719e+01,2.596170234680175781e+01,2.920496177673339844e+01,3.328991699218750000e+01,3.220325851440429688e+01,4.107891464233398438e+01,5.166226196289062500e+01,5.301932525634765625e+01,5.340555191040039062e+01,5.010910797119140625e+01,4.595419311523437500e+01,4.881565856933593750e+01,4.804347610473632812e+01,4.368591308593750000e+01,4.457965087890625000e+01,3.211860656738281250e+01,2.902465057373046875e+01,1.925343132019042969e+01,1.249226093292236328e+01,8.213200569152832031e+00,7.375597476959228516e+00,8.263843655586242676e-01,-4.548917770385742188e+00,-6.354274272918701172e+00,-1.322977924346923828e+01,-1.905467033386230469e+01,-1.765369224548339844e+01,-1.615794181823730469e+01,-2.172072029113769531e+01,nan,nan,nan,nan,nan,nan,nan,nan,nan,nan,nan,nan,nan,nan,nan,nan,nan,nan,nan,nan,nan,nan,nan,nan,2.078421592712402344e+01,nan,nan,1.619716644287109375e+01,1.237785530090332031e+01,1.035463619232177734e+01,nan,nan,nan,nan,nan,nan,nan,nan,nan,nan,nan,nan,nan,nan,nan,nan,nan,nan,nan,nan,nan,nan,nan,nan,nan,nan,nan,nan
nan,nan,nan,nan,nan,nan,nan,nan,nan,nan,nan,nan,nan,nan,nan,nan,nan,nan,nan,nan,nan,nan,nan,nan,nan,nan,nan,nan,nan,nan,nan,nan,9.876988410949707031e+00,3.397199392318725586e+00,9.892236709594726562e+00,1.277058982849121094e+01,1.609566116333007812e+01,1.906413841247558594e+01,2.557356643676757812e+01,2.793339157104492188e+01,3.188579177856445312e+01,3.281406021118164062e+01,4.096950149536132812e+01,4.888023376464843750e+01,4.881468200683593750e+01,5.161256408691406250e+01,5.416598892211914062e+01,4.842231369018554688e+01,4.609187698364257812e+01,5.166923904418945312e+01,4.392423248291015625e+01,3.937730789184570312e+01,4.652195358276367188e+01,4.102657318115234375e+01,2.153152465820312500e+01,1.911218261718750000e+01,1.015648555755615234e+01,9.906263351440429688e+00,9.689768791198730469e+00,3.590481758117675781e+00,-6.314659595489501953e+00,-1.345897006988525391e+01,-1.929791259765625000e+01,-2.371977233886718750e+01,-3.177987670898437500e+01,-1.893517494201660156e+01,-1.499482631683349609e+01,nan,nan,nan,nan,nan,nan,nan,nan,nan,nan,nan,nan,nan,nan,nan,nan,nan,nan,nan,nan,nan,nan,nan,1.725476074218750000e+01,6.755339622497558594e+00,1.923891258239746094e+01,1.788772201538085938e+01,9.128163337707519531e+00,8.671439170837402344e+00,nan,nan,nan,nan,nan,nan,nan,nan,nan,nan,nan,nan,nan,nan,nan,nan,nan,nan,nan,nan,nan,nan,nan,nan,nan,nan,nan,nan,nan
nan,nan,nan,nan,nan,nan,nan,nan,nan,nan,nan,nan,nan,nan,nan,nan,nan,nan,nan,nan,nan,nan,nan,nan,nan,nan,nan,nan,nan,nan,nan,nan,nan,3.357998847961425781e+00,9.055061340332031250e+00,1.407644367218017578e+01,1.720880699157714844e+01,1.566835498809814453e+01,2.272013092041015625e+01,2.634366798400878906e+01,2.873324584960937500e+01,2.989347648620605469e+01,3.811715698242187500e+01,4.607518386840820312e+01,5.191963958740234375e+01,5.597135925292968750e+01,5.666270828247070312e+01,5.615344238281250000e+01,5.742095184326171875e+01,nan,4.327820205688476562e+01,3.936128616333007812e+01,3.738920974731445312e+01,2.682883071899414062e+01,2.679965591430664062e+01,1.727463912963867188e+01,7.654764175415039062e+00,1.378918647766113281e+01,1.103876590728759766e+01,9.456932067871093750e+00,-8.800036430358886719e+00,-1.575945377349853516e+01,-2.896006584167480469e+01,-2.931931877136230469e+01,-3.117775535583496094e+01,-3.712413406372070312e+01,-2.963486480712890625e+01,-1.139983463287353516e+01,-1.762427520751953125e+01,nan,nan,nan,nan,nan,nan,nan,nan,nan,nan,nan,nan,nan,nan,nan,nan,nan,nan,1.058959674835205078e+01,nan,1.764286422729492188e+01,1.871149635314941406e+01,4.216755676269531250e+01,3.989711761474609375e+01,2.392481994628906250e+01,8.124418258666992188e+00,nan,nan,nan,nan,nan,nan,nan,nan,nan,nan,nan,nan,nan,nan,nan,nan,nan,nan,nan,nan,nan,nan,nan,nan,nan,nan,nan,nan,nan,nan
nan,nan,nan,nan,nan,nan,nan,nan,nan,nan,nan,nan,nan,nan,nan,nan,nan,nan,nan,nan,nan,nan,nan,nan,nan,nan,nan,nan,nan,nan,nan,nan,6.670195102691650391e+00,4.046927452087402344e+00,6.254428386688232422e+00,1.319337368011474609e+01,1.348748207092285156e+01,1.507615756988525391e+01,1.463477993011474609e+01,2.297327041625976562e+01,2.467606735229492188e+01,2.373756599426269531e+01,3.381914138793945312e+01,4.497655487060546875e+01,5.037799453735351562e+01,5.595372772216796875e+01,5.790893173217773438e+01,5.161779403686523438e+01,5.700371932983398438e+01,nan,3.529986190795898438e+01,3.646753311157226562e+01,3.559460830688476562e+01,2.990970611572265625e+01,2.647639083862304688e+01,2.125477027893066406e+01,1.119786548614501953e+01,1.212389469146728516e+01,1.369716453552246094e+01,8.757019042968750000e+00,5.997967243194580078e+00,2.194161415100097656e+00,-2.964558792114257812e+01,-2.718092155456542969e+01,-3.051647949218750000e+01,-3.644542694091796875e+01,-3.368003845214843750e+01,-2.096785736083984375e+01,-1.270170116424560547e+01,-4.809776782989501953e+00,-4.312753200531005859e+00,4.548566639423370361e-01,-2.123518943786621094e+00,-2.914845705032348633e+00,nan,nan,nan,nan,nan,nan,nan,7.554071903228759766e+00,7.962339401245117188e+00,nan,nan,nan,6.632150173187255859e+00,9.900790214538574219e+00,nan,1.662907600402832031e+01,2.908687210083007812e+01,3.711802673339843750e+01,3.839123535156250000e+01,1.259963893890380859e+01,1.681998062133789062e+01,nan,nan,nan,nan,nan,nan,nan,nan,nan,nan,nan,nan,nan,nan,nan,nan,nan,nan,nan,nan,nan,nan,nan,nan,nan,nan,nan,nan,nan,nan
nan,nan,nan,nan,nan,nan,nan,nan,nan,nan,nan,nan,nan,nan,nan,nan,nan,nan,nan,nan,nan,nan,nan,nan,nan,nan,nan,nan,nan,nan,nan,nan,7.766361236572265625e+00,6.547107696533203125e+00,7.113319396972656250e+00,8.370690345764160156e+00,6.287565708160400391e+00,8.810859680175781250e+00,8.702613830566406250e+00,2.177018737792968750e+01,1.786286735534667969e+01,2.833481788635253906e+01,3.437688446044921875e+01,4.176490020751953125e+01,5.326628494262695312e+01,5.678884506225585938e+01,5.548766708374023438e+01,4.965592575073242188e+01,4.944022750854492188e+01,4.682298278808593750e+01,4.469655227661132812e+01,3.638701248168945312e+01,2.983609580993652344e+01,2.281032371520996094e+01,2.924065017700195312e+01,3.293601989746093750e+01,1.746647834777832031e+01,1.309355449676513672e+01,1.313863468170166016e+01,6.807084560394287109e+00,2.696033954620361328e+00,6.514632701873779297e+00,-1.324713039398193359e+01,-2.279320144653320312e+01,-3.021990585327148438e+01,-2.806561660766601562e+01,-1.808116149902343750e+01,-1.846680641174316406e+01,-1.791705131530761719e+01,-1.590211486816406250e+01,-1.041683483123779297e+01,-4.343207836151123047e+00,-4.057336330413818359e+00,-5.169489860534667969e+00,-1.144389867782592773e+00,2.823622465133666992e+00,9.615142822265625000e+00,6.856589794158935547e+00,-4.712471008300781250e+00,4.294646739959716797e+00,9.599233627319335938e+00,1.027851867675781250e+01,4.487204074859619141e+00,-2.650375068187713623e-01,nan,1.369203853607177734e+01,7.708310127258300781e+00,-5.655217647552490234e+00,1.307589340209960938e+01,1.572788906097412109e+01,1.682435417175292969e+01,2.712465286254882812e+01,1.939505386352539062e+01,2.647311401367187500e+01,1.995387268066406250e+01,nan,nan,nan,nan,nan,nan,nan,nan,nan,nan,nan,nan,nan,nan,nan,nan,nan,nan,nan,nan,nan,nan,nan,nan,nan,nan,nan,nan,nan,nan
nan,nan,nan,nan,nan,nan,nan,nan,nan,nan,nan,nan,nan,nan,nan,nan,nan,nan,nan,nan,nan,nan,nan,nan,nan,nan,nan,nan,nan,nan,nan,nan,-4.689188480377197266e+00,2.265034437179565430e+00,4.632636547088623047e+00,5.652112483978271484e+00,9.033784866333007812e+00,1.170078277587890625e+01,1.729353141784667969e+01,2.024362373352050781e+01,1.608974456787109375e+01,3.185952949523925781e+01,3.183773422241210938e+01,3.608427429199218750e+01,5.115937042236328125e+01,5.174155044555664062e+01,5.709183502197265625e+01,4.693028640747070312e+01,3.974238204956054688e+01,4.621145629882812500e+01,4.995100402832031250e+01,4.139851760864257812e+01,3.305598068237304688e+01,2.122109222412109375e+01,2.463855743408203125e+01,2.279467582702636719e+01,2.508246421813964844e+01,1.073754882812500000e+01,7.461906909942626953e+00,6.760823726654052734e+00,4.543314933776855469e+00,2.393690824508666992e+00,-9.396651268005371094e+00,-2.043753051757812500e+01,-2.402890205383300781e+01,-1.773490905761718750e+01,nan,-2.427293014526367188e+01,-2.118647766113281250e+01,-1.477313613891601562e+01,-1.201211357116699219e+01,-6.519433975219726562e+00,-2.848189830780029297e+00,-0.000000000000000000e+00,2.314805746078491211e+00,3.857797622680664062e+00,5.386949062347412109e+00,4.153278350830078125e+00,2.742077350616455078e+00,4.861543178558349609e+00,6.553967952728271484e+00,8.590430259704589844e+00,4.038738727569580078e+00,3.719547986984252930e+00,1.101872539520263672e+01,1.680711364746093750e+01,2.417571783065795898e+00,-7.212002277374267578e+00,5.743209719657897949e-01,1.474533653259277344e+01,nan,9.798032045364379883e-02,3.306206464767456055e+00,2.399786567687988281e+01,2.019717407226562500e+01,nan,nan,nan,nan,nan,nan,nan,nan,nan,nan,nan,nan,nan,nan,nan,nan,nan,nan,nan,nan,nan,nan,nan,nan,nan,nan,nan,nan,nan,nan
nan,nan,nan,nan,nan,nan,nan,nan,nan,nan,nan,nan,nan,nan,nan,nan,nan,nan,nan,nan,nan,nan,nan,nan,nan,nan,nan,nan,nan,nan,nan,nan,2.728837490081787109e+00,-5.185893058776855469e+00,2.258947372436523438e+00,3.184645175933837891e+00,3.863180160522460938e+00,5.058776378631591797e+00,1.055688571929931641e+01,2.174972534179687500e+01,2.209243392944335938e+01,3.001346397399902344e+01,3.284407806396484375e+01,3.487542724609375000e+01,4.817388534545898438e+01,5.395942687988281250e+01,5.981869888305664062e+01,4.354984283447265625e+01,4.143493270874023438e+01,4.383594131469726562e+01,4.092993927001953125e+01,3.849967193603515625e+01,3.184185791015625000e+01,3.687617111206054688e+01,2.521331214904785156e+01,1.562482929229736328e+01,2.013518714904785156e+01,2.283987045288085938e+01,1.384587287902832031e+01,6.612510681152343750e+00,6.166512489318847656e+00,-1.101292133331298828e+00,-5.946546077728271484e+00,-1.629076766967773438e+01,-1.999658966064453125e+01,-1.615938186645507812e+01,nan,nan,-1.822288131713867188e+01,-1.366782379150390625e+01,-1.040458393096923828e+01,-5.457708835601806641e+00,5.389313697814941406e+00,-2.900324296206235886e-03,-1.403399372100830078e+01,1.314858943223953247e-01,1.982452750205993652e+00,3.298823118209838867e+00,4.693637371063232422e+00,8.339586257934570312e+00,1.711080551147460938e+01,1.426358985900878906e+01,5.193871974945068359e+00,5.782909870147705078e+00,8.938563346862792969e+00,9.854776382446289062e+00,9.609823226928710938e+00,-3.060031652450561523e+00,1.195045089721679688e+01,nan,nan,1.765270614624023438e+01,2.061655235290527344e+01,nan,nan,nan,nan,nan,nan,nan,nan,nan,nan,nan,nan,nan,nan,nan,nan,nan,nan,nan,nan,nan,nan,nan,nan,nan,nan,nan,nan,nan,nan,nan,nan
nan,nan,nan,nan,nan,nan,nan,nan,nan,nan,nan,nan,nan,nan,nan,nan,nan,nan,nan,nan,nan,nan,nan,nan,nan,nan,nan,nan,nan,nan,nan,nan,nan,-8.435227274894714355e-01,-7.617416381835937500e-01,1.028799176216125488e+00,3.776510000228881836e+00,5.181052684783935547e+00,-2.459947347640991211e+00,5.518057823181152344e+00,1.369631195068359375e+01,3.345272827148437500e+01,3.143355560302734375e+01,3.224319458007812500e+01,4.338066864013671875e+01,5.526476669311523438e+01,6.163044738769531250e+01,5.243323516845703125e+01,4.771086883544921875e+01,4.727790451049804688e+01,4.308632659912109375e+01,4.521018218994140625e+01,4.067020797729492188e+01,3.387556838989257812e+01,2.209615516662597656e+01,2.115853500366210938e+01,2.503243446350097656e+01,2.579346656799316406e+01,2.442947769165039062e+01,1.704950714111328125e+01,8.119421958923339844e+00,2.618031740188598633e+00,-2.701812505722045898e+00,-8.469814300537109375e+00,-1.448495388031005859e+01,-1.950905418395996094e+01,-1.714788055419921875e+01,-1.428014469146728516e+01,-1.306783771514892578e+01,-9.348866462707519531e+00,-1.067469501495361328e+01,-7.433374404907226562e+00,nan,nan,-2.071345567703247070e+00,-8.145954132080078125e+00,-9.173101425170898438e+00,-4.800041675567626953e+00,7.983832836151123047e+00,1.906443214416503906e+01,1.530452442169189453e+01,1.009959411621093750e+01,7.679160594940185547e+00,1.648670196533203125e+01,1.216134548187255859e+01,1.085562896728515625e+01,1.056079196929931641e+01,nan,nan,nan,nan,nan,nan,nan,nan,nan,nan,nan,nan,nan,nan,nan,nan,nan,nan,nan,nan,nan,nan,nan,nan,nan,nan,nan,nan,nan,nan,nan,nan,nan,nan,nan,nan,nan,nan
nan,nan,nan,nan,nan,nan,nan,nan,nan,nan,nan,nan,nan,nan,nan,nan,nan,nan,nan,nan,nan,nan,nan,nan,nan,nan,nan,nan,nan,nan,nan,nan,nan,-9.459980964660644531e+00,6.840028166770935059e-01,3.860010623931884766e+00,3.416145324707031250e+00,3.358446359634399414e+00,1.124693274497985840e+00,2.282404661178588867e+00,1.708572959899902344e+01,3.091599273681640625e+01,3.327852249145507812e+01,3.961743927001953125e+01,5.538975524902343750e+01,5.936323165893554688e+01,6.422534179687500000e+01,6.283501815795898438e+01,5.933438873291015625e+01,4.868986892700195312e+01,4.741184234619140625e+01,4.950349807739257812e+01,3.566410064697265625e+01,2.528589630126953125e+01,2.411768722534179688e+01,2.502938079833984375e+01,1.703876686096191406e+01,1.590208435058593750e+01,2.484753417968750000e+01,1.949812126159667969e+01,7.698271274566650391e+00,4.668703556060791016e+00,2.704819440841674805e+00,-2.890896081924438477e+00,-9.897533416748046875e+00,-1.615569686889648438e+01,-1.037561702728271484e+01,-5.339689254760742188e+00,-7.209108829498291016e+00,-8.758917808532714844e+00,-1.177602672576904297e+01,-6.430396080017089844e+00,-1.106376838684082031e+01,-3.975893259048461914e+00,nan,nan,-9.131616592407226562e+00,2.578093051910400391e+00,1.814043998718261719e+01,8.244998931884765625e+00,7.076787471771240234e+00,4.252541542053222656e+00,1.370191860198974609e+01,1.887203979492187500e+01,2.136163330078125000e+01,2.698880386352539062e+01,nan,nan,nan,nan,nan,nan,nan,nan,nan,nan,nan,nan,nan,nan,nan,nan,nan,nan,nan,nan,nan,nan,nan,nan,nan,nan,nan,nan,nan,nan,nan,nan,nan,nan,nan,nan,nan,nan,nan
nan,nan,nan,nan,nan,nan,nan,nan,nan,nan,nan,nan,nan,nan,nan,nan,nan,nan,nan,nan,nan,nan,nan,nan,nan,nan,nan,nan,nan,nan,nan,nan,nan,-9.399113059043884277e-01,-4.592559635639190674e-01,2.848806381225585938e+00,7.237759232521057129e-01,1.444643259048461914e+00,-6.392541527748107910e-02,3.833627462387084961e+00,2.135385704040527344e+01,2.869769477844238281e+01,3.558705902099609375e+01,4.217340087890625000e+01,5.109731292724609375e+01,6.029313659667968750e+01,6.122606658935546875e+01,7.116310882568359375e+01,6.109608459472656250e+01,4.722446060180664062e+01,4.417161560058593750e+01,4.000470733642578125e+01,3.830746841430664062e+01,3.513723754882812500e+01,2.782834053039550781e+01,2.354441833496093750e+01,1.710680198669433594e+01,1.725718116760253906e+01,2.483729743957519531e+01,nan,nan,1.147795104980468750e+01,1.132650852203369141e+01,4.986055850982666016e+00,-5.854863643646240234e+00,-9.685692787170410156e+00,-5.742636680603027344e+00,-3.828464746475219727e+00,-7.465026855468750000e+00,-7.494145870208740234e+00,-6.306536197662353516e+00,-3.265542507171630859e+00,-4.630383491516113281e+00,-9.270994186401367188e+00,nan,nan,2.009694337844848633e+00,8.116732597351074219e+00,1.890714263916015625e+01,1.489462184906005859e+01,8.250710487365722656e+00,nan,1.579730319976806641e+01,1.891476058959960938e+01,2.954343223571777344e+01,1.358593750000000000e+01,nan,nan,nan,nan,nan,nan,nan,nan,nan,nan,nan,nan,nan,nan,nan,nan,nan,nan,nan,nan,nan,nan,nan,nan,nan,nan,nan,nan,nan,nan,nan,nan,nan,nan,nan,nan,nan,nan,nan
nan,nan,nan,nan,nan,nan,nan,nan,nan,nan,nan,nan,nan,nan,nan,nan,nan,nan,nan,nan,nan,nan,nan,nan,nan,nan,nan,nan,nan,nan,nan,nan,nan,3.669325709342956543e-01,-3.476008415222167969e+00,-3.379628658294677734e+00,1.383680850267410278e-01,4.100546360015869141e+00,9.297492980957031250e+00,1.042743301391601562e+01,2.039163589477539062e+01,2.747118186950683594e+01,2.998448562622070312e+01,nan,nan,nan,5.185557937622070312e+01,nan,nan,nan,4.500741195678710938e+01,nan,nan,3.031434822082519531e+01,2.965675544738769531e+01,2.267131614685058594e+01,1.480267715454101562e+01,1.447872829437255859e+01,2.022347259521484375e+01,1.594565486907958984e+01,1.047258090972900391e+01,1.668884086608886719e+01,1.119414520263671875e+01,9.533617973327636719e+00,1.290560054779052734e+01,-1.143531894683837891e+01,7.395914793014526367e-01,-9.804273843765258789e-01,-3.932476758956909180e+00,-3.873033761978149414e+00,2.205285787582397461e+00,-1.447355508804321289e+00,-1.280329704284667969e+00,-2.576382398605346680e+00,-3.084980964660644531e+00,-1.409420776367187500e+01,-5.654556751251220703e+00,8.163774490356445312e+00,9.971549987792968750e+00,1.303989028930664062e+01,nan,2.226354789733886719e+01,1.747581100463867188e+01,1.422943115234375000e+01,nan,nan,nan,nan,nan,nan,nan,nan,nan,nan,nan,nan,nan,nan,nan,nan,nan,nan,nan,nan,nan,nan,nan,nan,nan,nan,nan,nan,nan,nan,nan,nan,nan,nan,nan,nan,nan,nan,nan,nan,nan
nan,nan,nan,nan,nan,nan,nan,nan,nan,nan,nan,nan,nan,nan,nan,nan,nan,nan,nan,nan,nan,nan,nan,nan,nan,nan,nan,nan,nan,nan,nan,nan,nan,nan,1.698654055595397949e+00,-7.697685360908508301e-01,-4.946221113204956055e-01,3.650399923324584961e+00,1.979791259765625000e+01,1.914391517639160156e+01,1.975537681579589844e+01,nan,nan,nan,nan,nan,nan,nan,nan,nan,nan,nan,nan,nan,nan,2.317086029052734375e+01,nan,1.034734725952148438e+01,9.310295104980468750e+00,7.926449298858642578e+00,1.802306747436523438e+01,2.428025054931640625e+01,1.774175262451171875e+01,1.176635932922363281e+01,1.234705924987792969e+01,-1.945836097002029419e-01,6.549221515655517578e+00,2.023024320602416992e+00,-2.460628509521484375e+00,-2.089529991149902344e+00,1.098961949348449707e+00,-4.327359676361083984e+00,-5.193254470825195312e+00,-5.020980834960937500e+00,-8.099288344383239746e-01,-7.888184189796447754e-01,-1.799388527870178223e+00,-4.083477020263671875e+00,nan,nan,1.075472927093505859e+01,1.313340377807617188e+01,1.410219192504882812e+01,1.598890209197998047e+01,nan,nan,nan,nan,nan,nan,nan,nan,nan,nan,nan,nan,nan,nan,nan,nan,nan,nan,nan,nan,nan,nan,nan,nan,nan,nan,nan,nan,nan,nan,nan,nan,nan,nan,nan,nan,nan,nan,nan,nan,nan
nan,nan,nan,nan,nan,nan,nan,nan,nan,nan,nan,nan,nan,nan,nan,nan,nan,nan,nan,nan,nan,nan,nan,nan,nan,nan,nan,nan,nan,nan,nan,nan,nan,nan,nan,nan,4.802506446838378906e+00,3.443619489669799805e+00,1.793941116333007812e+01,1.044545078277587891e+01,nan,nan,nan,nan,nan,nan,nan,nan,nan,nan,nan,nan,nan,nan,nan,nan,nan,nan,1.632407569885253906e+01,1.469245052337646484e+01,nan,1.118725013732910156e+01,nan,7.025405406951904297e+00,2.538365745544433594e+01,4.373655319213867188e+00,5.190480232238769531e+00,-9.643053412437438965e-01,-6.647913455963134766e+00,-1.721567392349243164e+00,1.888326883316040039e+00,-3.208769559860229492e+00,-8.486523628234863281e+00,-5.560285568237304688e+00,-2.719202280044555664e+00,-3.915984392166137695e+00,5.569849967956542969e+00,4.716907024383544922e+00,1.081584072113037109e+01,nan,nan,nan,nan,nan,nan,nan,nan,nan,nan,nan,nan,nan,nan,nan,nan,nan,nan,nan,nan,nan,nan,nan,nan,nan,nan,nan,nan,nan,nan,nan,nan,nan,nan,nan,nan,nan,nan,nan,nan,nan,nan,nan,nan,nan,nan
nan,nan,nan,nan,nan,nan,nan,nan,nan,nan,nan,nan,nan,nan,nan,nan,nan,nan,nan,nan,nan,nan,nan,nan,nan,nan,nan,nan,nan,nan,nan,nan,nan,nan,nan,nan,nan,7.737639427185058594e+00,9.468799591064453125e+00,nan,nan,nan,nan,nan,nan,nan,nan,nan,nan,nan,nan,nan,nan,nan,nan,nan,nan,nan,nan,nan,nan,nan,nan,nan,nan,1.068928909301757812e+01,1.503200054168701172e+01,3.827900886535644531e+00,2.237287998199462891e+00,8.901074409484863281e+00,-8.363015651702880859e-01,-1.633993029594421387e+00,4.213538646697998047e+00,1.246685981750488281e+00,3.891098737716674805e+00,4.438972473144531250e+00,6.859448432922363281e+00,8.931065559387207031e+00,1.046493721008300781e+01,8.006032943725585938e+00,nan,nan,nan,nan,nan,nan,nan,nan,nan,nan,nan,nan,nan,nan,nan,nan,nan,nan,nan,nan,nan,nan,nan,nan,nan,nan,nan,nan,nan,nan,nan,nan,nan,nan,nan,nan,nan,nan,nan,nan,nan,nan,nan,nan,nan
nan,nan,nan,nan,nan,nan,nan,nan,nan,nan,nan,nan,nan,nan,nan,nan,nan,nan,nan,nan,nan,nan,nan,nan,nan,nan,nan,nan,nan,nan,nan,nan,nan,nan,nan,nan,nan,nan,nan,nan,nan,nan,nan,nan,nan,nan,nan,nan,nan,nan,nan,nan,nan,nan,nan,nan,nan,nan,nan,nan,nan,nan,nan,nan,nan,nan,4.817607879638671875e+00,6.498174190521240234e+00,2.290216445922851562e+00,nan,nan,nan,-7.904404997825622559e-01,-1.877722442150115967e-01,6.292504072189331055e-01,1.349432826042175293e+00,9.857105255126953125e+00,3.533816099166870117e+00,nan,nan,nan,nan,nan,nan,nan,nan,nan,nan,nan,nan,nan,nan,nan,nan,nan,nan,nan,nan,nan,nan,nan,nan,nan,nan,nan,nan,nan,nan,nan,nan,nan,nan,nan,nan,nan,nan,nan,nan,nan,nan,nan,nan,nan,nan,nan
nan,nan,nan,nan,nan,nan,nan,nan,nan,nan,nan,nan,nan,nan,nan,nan,nan,nan,nan,nan,nan,nan,nan,nan,nan,nan,nan,nan,nan,nan,nan,nan,nan,nan,nan,nan,nan,nan,nan,nan,nan,nan,nan,nan,nan,nan,nan,nan,nan,nan,nan,nan,nan,nan,nan,nan,nan,nan,nan,nan,nan,nan,nan,nan,nan,nan,nan,nan,nan,nan,nan,nan,nan,nan,nan,nan,nan,nan,nan,nan,nan,nan,nan,nan,nan,nan,nan,nan,nan,nan,nan,nan,nan,nan,nan,nan,nan,nan,nan,nan,nan,nan,nan,nan,nan,nan,nan,nan,nan,nan,nan,nan,nan,nan,nan,nan,nan,nan,nan,nan,nan,nan,nan,nan,nan
nan,nan,nan,nan,nan,nan,nan,nan,nan,nan,nan,nan,nan,nan,nan,nan,nan,nan,nan,nan,nan,nan,nan,nan,nan,nan,nan,nan,nan,nan,nan,nan,nan,nan,nan,nan,nan,nan,nan,nan,nan,nan,nan,nan,nan,nan,nan,nan,nan,nan,nan,nan,nan,nan,nan,nan,nan,nan,nan,nan,nan,nan,nan,nan,nan,nan,nan,nan,nan,nan,nan,nan,nan,nan,nan,nan,nan,nan,nan,nan,nan,nan,nan,nan,nan,nan,nan,nan,nan,nan,nan,nan,nan,nan,nan,nan,nan,nan,nan,nan,nan,nan,nan,nan,nan,nan,nan,nan,nan,nan,nan,nan,nan,nan,nan,nan,nan,nan,nan,nan,nan,nan,nan,nan,nan
nan,nan,nan,nan,nan,nan,nan,nan,nan,nan,nan,nan,nan,nan,nan,nan,nan,nan,nan,nan,nan,nan,nan,nan,nan,nan,nan,nan,nan,nan,nan,nan,nan,nan,nan,nan,nan,nan,nan,nan,nan,nan,nan,nan,nan,nan,nan,nan,nan,nan,nan,nan,nan,nan,nan,nan,nan,nan,nan,nan,nan,nan,nan,nan,nan,nan,nan,nan,nan,nan,nan,nan,nan,nan,nan,nan,nan,nan,nan,nan,nan,nan,nan,nan,nan,nan,nan,nan,nan,nan,nan,nan,nan,nan,nan,nan,nan,nan,nan,nan,nan,nan,nan,nan,nan,nan,nan,nan,nan,nan,nan,nan,nan,nan,nan,nan,nan,nan,nan,nan,nan,nan,nan,nan,nan
nan,nan,nan,nan,nan,nan,nan,nan,nan,nan,nan,nan,nan,nan,nan,nan,nan,nan,nan,nan,nan,nan,nan,nan,nan,nan,nan,nan,nan,nan,nan,nan,nan,nan,nan,nan,nan,nan,nan,nan,nan,nan,nan,nan,nan,nan,nan,nan,nan,nan,nan,nan,nan,nan,nan,nan,nan,nan,nan,nan,nan,nan,nan,nan,nan,nan,nan,nan,nan,nan,nan,nan,nan,nan,nan,nan,nan,nan,nan,nan,nan,nan,nan,nan,nan,nan,nan,nan,nan,nan,nan,nan,nan,nan,nan,nan,nan,nan,nan,nan,nan,nan,nan,nan,nan,nan,nan,nan,nan,nan,nan,nan,nan,nan,nan,nan,nan,nan,nan,nan,nan,nan,nan,nan,nan
nan,nan,nan,nan,nan,nan,nan,nan,nan,nan,nan,nan,nan,nan,nan,nan,nan,nan,nan,nan,nan,nan,nan,nan,nan,nan,nan,nan,nan,nan,nan,nan,nan,nan,nan,nan,nan,nan,nan,nan,nan,nan,nan,nan,nan,nan,nan,nan,nan,nan,nan,nan,nan,nan,nan,nan,nan,nan,nan,nan,nan,nan,nan,nan,nan,nan,nan,nan,nan,nan,nan,nan,nan,nan,nan,nan,nan,nan,nan,nan,nan,nan,nan,nan,nan,nan,nan,nan,nan,nan,nan,nan,nan,nan,nan,nan,nan,nan,nan,nan,nan,nan,nan,nan,nan,nan,nan,nan,nan,nan,nan,nan,nan,nan,nan,nan,nan,nan,nan,nan,nan,nan,nan,nan,nan
nan,nan,nan,nan,nan,nan,nan,nan,nan,nan,nan,nan,nan,nan,nan,nan,nan,nan,nan,nan,nan,nan,nan,nan,nan,nan,nan,nan,nan,nan,nan,nan,nan,nan,nan,nan,nan,nan,nan,nan,nan,nan,nan,nan,nan,nan,nan,nan,nan,nan,nan,nan,nan,nan,nan,nan,nan,nan,nan,nan,nan,nan,nan,nan,nan,nan,nan,nan,nan,nan,nan,nan,nan,nan,nan,nan,nan,nan,nan,nan,nan,nan,nan,nan,nan,nan,nan,nan,nan,nan,nan,nan,nan,nan,nan,nan,nan,nan,nan,nan,nan,nan,nan,nan,nan,nan,nan,nan,nan,nan,nan,nan,nan,nan,nan,nan,nan,nan,nan,nan,nan,nan,nan,nan,nan
nan,nan,nan,nan,nan,nan,nan,nan,nan,nan,nan,nan,nan,nan,nan,nan,nan,nan,nan,nan,nan,nan,nan,nan,nan,nan,nan,nan,nan,nan,nan,nan,nan,nan,nan,nan,nan,nan,nan,nan,nan,nan,nan,nan,nan,nan,nan,nan,nan,nan,nan,nan,nan,nan,nan,nan,nan,nan,nan,nan,nan,nan,nan,nan,nan,nan,nan,nan,nan,nan,nan,nan,nan,nan,nan,nan,nan,nan,nan,nan,nan,nan,nan,nan,nan,nan,nan,nan,nan,nan,nan,nan,nan,nan,nan,nan,nan,nan,nan,nan,nan,nan,nan,nan,nan,nan,nan,nan,nan,nan,nan,nan,nan,nan,nan,nan,nan,nan,nan,nan,nan,nan,nan,nan,nan
nan,nan,nan,nan,nan,nan,nan,nan,nan,nan,nan,nan,nan,nan,nan,nan,nan,nan,nan,nan,nan,nan,nan,nan,nan,nan,nan,nan,nan,nan,nan,nan,nan,nan,nan,nan,nan,nan,nan,nan,nan,nan,nan,nan,nan,nan,nan,nan,nan,nan,nan,nan,nan,nan,nan,nan,nan,nan,nan,nan,nan,nan,nan,nan,nan,nan,nan,nan,nan,nan,nan,nan,nan,nan,nan,nan,nan,nan,nan,nan,nan,nan,nan,nan,nan,nan,nan,nan,nan,nan,nan,nan,nan,nan,nan,nan,nan,nan,nan,nan,nan,nan,nan,nan,nan,nan,nan,nan,nan,nan,nan,nan,nan,nan,nan,nan,nan,nan,nan,nan,nan,nan,nan,nan,nan
nan,nan,nan,nan,nan,nan,nan,nan,nan,nan,nan,nan,nan,nan,nan,nan,nan,nan,nan,nan,nan,nan,nan,nan,nan,nan,nan,nan,nan,nan,nan,nan,nan,nan,nan,nan,nan,nan,nan,nan,nan,nan,nan,nan,nan,nan,nan,nan,nan,nan,nan,nan,nan,nan,nan,nan,nan,nan,nan,nan,nan,nan,nan,nan,nan,nan,nan,nan,nan,nan,nan,nan,nan,nan,nan,nan,nan,nan,nan,nan,nan,nan,nan,nan,nan,nan,nan,nan,nan,nan,nan,nan,nan,nan,nan,nan,nan,nan,nan,nan,nan,nan,nan,nan,nan,nan,nan,nan,nan,nan,nan,nan,nan,nan,nan,nan,nan,nan,nan,nan,nan,nan,nan,nan,nan
nan,nan,nan,nan,nan,nan,nan,nan,nan,nan,nan,nan,nan,nan,nan,nan,nan,nan,nan,nan,nan,nan,nan,nan,nan,nan,nan,nan,nan,nan,nan,nan,nan,nan,nan,nan,nan,nan,nan,nan,nan,nan,nan,nan,nan,nan,nan,nan,nan,nan,nan,nan,nan,nan,nan,nan,nan,nan,nan,nan,nan,nan,nan,nan,nan,nan,nan,nan,nan,nan,nan,nan,nan,nan,nan,nan,nan,nan,nan,nan,nan,nan,nan,nan,nan,nan,nan,nan,nan,nan,nan,nan,nan,nan,nan,nan,nan,nan,nan,nan,nan,nan,nan,nan,nan,nan,nan,nan,nan,nan,nan,nan,nan,nan,nan,nan,nan,nan,nan,nan,nan,nan,nan,nan,nan
nan,nan,nan,nan,nan,nan,nan,nan,nan,nan,nan,nan,nan,nan,nan,nan,nan,nan,nan,nan,nan,nan,nan,nan,nan,nan,nan,nan,nan,nan,nan,nan,nan,nan,nan,nan,nan,nan,nan,nan,nan,nan,nan,nan,nan,nan,nan,nan,nan,nan,nan,nan,nan,nan,nan,nan,nan,nan,nan,nan,nan,nan,nan,nan,nan,nan,nan,nan,nan,nan,nan,nan,nan,nan,nan,nan,nan,nan,nan,nan,nan,nan,nan,nan,nan,nan,nan,nan,nan,nan,nan,nan,nan,nan,nan,nan,nan,nan,nan,nan,nan,nan,nan,nan,nan,nan,nan,nan,nan,nan,nan,nan,nan,nan,nan,nan,nan,nan,nan,nan,nan,nan,nan,nan,nan
nan,nan,nan,nan,nan,nan,nan,nan,nan,nan,nan,nan,nan,nan,nan,nan,nan,nan,nan,nan,nan,nan,nan,nan,nan,nan,nan,nan,nan,nan,nan,nan,nan,nan,nan,nan,nan,nan,nan,nan,nan,nan,nan,nan,nan,nan,nan,nan,nan,nan,nan,nan,nan,nan,nan,nan,nan,nan,nan,nan,nan,nan,nan,nan,nan,nan,nan,nan,nan,nan,nan,nan,nan,nan,nan,nan,nan,nan,nan,nan,nan,nan,nan,nan,nan,nan,nan,nan,nan,nan,nan,nan,nan,nan,nan,nan,nan,nan,nan,nan,nan,nan,nan,nan,nan,nan,nan,nan,nan,nan,nan,nan,nan,nan,nan,nan,nan,nan,nan,nan,nan,nan,nan,nan,nan
nan,nan,nan,nan,nan,nan,nan,nan,nan,nan,nan,nan,nan,nan,nan,nan,nan,nan,nan,nan,nan,nan,nan,nan,nan,nan,nan,nan,nan,nan,nan,nan,nan,nan,nan,nan,nan,nan,nan,nan,nan,nan,nan,nan,nan,nan,nan,nan,nan,nan,nan,nan,nan,nan,nan,nan,nan,nan,nan,nan,nan,nan,nan,nan,nan,nan,nan,nan,nan,nan,nan,nan,nan,nan,nan,nan,nan,nan,nan,nan,nan,nan,nan,nan,nan,nan,nan,nan,nan,nan,nan,nan,nan,nan,nan,nan,nan,nan,nan,nan,nan,nan,nan,nan,nan,nan,nan,nan,nan,nan,nan,nan,nan,nan,nan,nan,nan,nan,nan,nan,nan,nan,nan,nan,nan
nan,nan,nan,nan,nan,nan,nan,nan,nan,nan,nan,nan,nan,nan,nan,nan,nan,nan,nan,nan,nan,nan,nan,nan,nan,nan,nan,nan,nan,nan,nan,nan,nan,nan,nan,nan,nan,nan,nan,nan,nan,nan,nan,nan,nan,nan,nan,nan,nan,nan,nan,nan,nan,nan,nan,nan,nan,nan,nan,nan,nan,nan,nan,nan,nan,nan,nan,nan,nan,nan,nan,nan,nan,nan,nan,nan,nan,nan,nan,nan,nan,nan,nan,nan,nan,nan,nan,nan,nan,nan,nan,nan,nan,nan,nan,nan,nan,nan,nan,nan,nan,nan,nan,nan,nan,nan,nan,nan,nan,nan,nan,nan,nan,nan,nan,nan,nan,nan,nan,nan,nan,nan,nan,nan,nan
nan,nan,nan,nan,nan,nan,nan,nan,nan,nan,nan,nan,nan,nan,nan,nan,nan,nan,nan,nan,nan,nan,nan,nan,nan,nan,nan,nan,nan,nan,nan,nan,nan,nan,nan,nan,nan,nan,nan,nan,nan,nan,nan,nan,nan,nan,nan,nan,nan,nan,nan,nan,nan,nan,nan,nan,nan,nan,nan,nan,nan,nan,nan,nan,nan,nan,nan,nan,nan,nan,nan,nan,nan,nan,nan,nan,nan,nan,nan,nan,nan,nan,nan,nan,nan,nan,nan,nan,nan,nan,nan,nan,nan,nan,nan,nan,nan,nan,nan,nan,nan,nan,nan,nan,nan,nan,nan,nan,nan,nan,nan,nan,nan,nan,nan,nan,nan,nan,nan,nan,nan,nan,nan,nan,nan
nan,nan,nan,nan,nan,nan,nan,nan,nan,nan,nan,nan,nan,nan,nan,nan,nan,nan,nan,nan,nan,nan,nan,nan,nan,nan,nan,nan,nan,nan,nan,nan,nan,nan,nan,nan,nan,nan,nan,nan,nan,nan,nan,nan,nan,nan,nan,nan,nan,nan,nan,nan,nan,nan,nan,nan,nan,nan,nan,nan,nan,nan,nan,nan,nan,nan,nan,nan,nan,nan,nan,nan,nan,nan,nan,nan,nan,nan,nan,nan,nan,nan,nan,nan,nan,nan,nan,nan,nan,nan,nan,nan,nan,nan,nan,nan,nan,nan,nan,nan,nan,nan,nan,nan,nan,nan,nan,nan,nan,nan,nan,nan,nan,nan,nan,nan,nan,nan,nan,nan,nan,nan,nan,nan,nan
nan,nan,nan,nan,nan,nan,nan,nan,nan,nan,nan,nan,nan,nan,nan,nan,nan,nan,nan,nan,nan,nan,nan,nan,nan,nan,nan,nan,nan,nan,nan,nan,nan,nan,nan,nan,nan,nan,nan,nan,nan,nan,nan,nan,nan,nan,nan,nan,nan,nan,nan,nan,nan,nan,nan,nan,nan,nan,nan,nan,nan,nan,nan,nan,nan,nan,nan,nan,nan,nan,nan,nan,nan,nan,nan,nan,nan,nan,nan,nan,nan,nan,nan,nan,nan,nan,nan,nan,nan,nan,nan,nan,nan,nan,nan,nan,nan,nan,nan,nan,nan,nan,nan,nan,nan,nan,nan,nan,nan,nan,nan,nan,nan,nan,nan,nan,nan,nan,nan,nan,nan,nan,nan,nan,nan
