nan,nan,nan,nan,nan,nan,nan,nan,nan,nan,nan,nan,nan,nan,nan,nan,nan,nan,nan,nan,nan,nan,nan,nan,nan,nan,nan,nan,nan,nan,nan,nan,nan,nan,nan,nan,nan,nan,nan,nan,nan,nan,nan,nan,nan,nan,nan,nan,nan,nan,nan,nan,nan,nan,nan,nan,nan,nan,nan,nan,nan,nan,nan,nan,nan,nan,nan,nan,nan,nan,nan,nan,nan,nan,nan,nan,nan,nan,nan,nan,nan,nan,nan,nan,nan,nan,nan,nan,nan,nan,nan,nan,nan,nan,nan,nan,nan,nan,nan,nan,nan,nan,nan,nan,nan,nan,nan,nan,nan,nan,nan,nan,nan,nan,nan,nan,nan,nan,nan,nan,nan,nan,nan,nan,nan
nan,nan,nan,nan,nan,nan,nan,nan,nan,nan,nan,nan,nan,nan,nan,nan,nan,nan,nan,nan,nan,nan,nan,nan,nan,nan,nan,nan,nan,nan,nan,nan,nan,nan,nan,nan,nan,nan,nan,nan,nan,nan,nan,nan,nan,nan,nan,nan,nan,nan,nan,nan,nan,nan,nan,nan,nan,nan,nan,nan,nan,nan,nan,nan,nan,nan,nan,nan,nan,nan,nan,nan,nan,nan,nan,nan,nan,nan,nan,nan,nan,nan,nan,nan,nan,nan,nan,nan,nan,nan,nan,nan,nan,nan,nan,nan,nan,nan,nan,nan,nan,nan,nan,nan,nan,nan,nan,nan,nan,nan,nan,nan,nan,nan,nan,nan,nan,nan,nan,nan,nan,nan,nan,nan,nan
nan,nan,nan,nan,nan,nan,nan,nan,nan,nan,nan,nan,nan,nan,nan,nan,nan,nan,nan,nan,nan,nan,nan,nan,nan,nan,nan,nan,nan,nan,nan,nan,nan,nan,nan,nan,nan,nan,nan,nan,nan,nan,nan,nan,nan,nan,nan,nan,nan,nan,nan,nan,nan,nan,nan,nan,nan,nan,nan,nan,nan,nan,nan,nan,nan,nan,nan,nan,nan,nan,nan,nan,nan,nan,nan,nan,nan,nan,nan,nan,nan,nan,nan,nan,nan,nan,nan,nan,nan,nan,nan,nan,nan,nan,nan,nan,nan,nan,nan,nan,nan,nan,nan,nan,nan,nan,nan,nan,nan,nan,nan,nan,nan,nan,nan,nan,nan,nan,nan,nan,nan,nan,nan,nan,nan
nan,nan,nan,nan,nan,nan,nan,nan,nan,nan,nan,nan,nan,nan,nan,nan,nan,nan,nan,nan,nan,nan,nan,nan,nan,nan,nan,nan,nan,nan,nan,nan,nan,nan,nan,nan,nan,nan,nan,nan,nan,nan,nan,nan,nan,nan,nan,nan,nan,nan,nan,nan,nan,nan,nan,nan,nan,nan,nan,nan,nan,nan,nan,nan,nan,nan,nan,nan,nan,nan,nan,nan,nan,nan,nan,nan,nan,nan,nan,nan,nan,nan,nan,nan,nan,nan,nan,nan,nan,nan,nan,nan,nan,nan,nan,nan,nan,nan,nan,nan,nan,nan,nan,nan,nan,nan,nan,nan,nan,nan,nan,nan,nan,nan,nan,nan,nan,nan,nan,nan,nan,nan,nan,nan,nan
nan,nan,nan,nan,nan,nan,nan,nan,nan,nan,nan,nan,nan,nan,nan,nan,nan,nan,nan,nan,nan,nan,nan,nan,nan,nan,nan,nan,nan,nan,nan,nan,nan,nan,nan,nan,nan,nan,nan,nan,nan,nan,nan,nan,nan,nan,nan,nan,nan,nan,nan,nan,nan,nan,nan,nan,nan,nan,nan,nan,nan,nan,nan,nan,nan,nan,nan,nan,nan,nan,nan,nan,nan,nan,nan,nan,nan,nan,nan,nan,nan,nan,nan,nan,nan,nan,nan,nan,nan,nan,nan,nan,nan,nan,nan,nan,nan,nan,nan,nan,nan,nan,nan,nan,nan,nan,nan,nan,nan,nan,nan,nan,nan,nan,nan,nan,nan,nan,nan,nan,nan,nan,nan,nan,nan
nan,nan,nan,nan,nan,nan,nan,nan,nan,nan,nan,nan,nan,nan,nan,nan,nan,nan,nan,nan,nan,nan,nan,nan,nan,nan,nan,nan,nan,nan,nan,nan,nan,nan,nan,nan,nan,nan,nan,nan,nan,nan,nan,nan,nan,nan,nan,nan,nan,nan,nan,nan,nan,nan,nan,nan,nan,nan,nan,nan,nan,nan,nan,nan,nan,nan,nan,nan,nan,nan,nan,nan,nan,nan,nan,nan,nan,nan,nan,nan,nan,nan,nan,nan,nan,nan,nan,nan,nan,nan,nan,nan,nan,nan,nan,nan,nan,nan,nan,nan,nan,nan,nan,nan,nan,nan,nan,nan,nan,nan,nan,nan,nan,nan,nan,nan,nan,nan,nan,nan,nan,nan,nan,nan,nan
nan,nan,nan,nan,nan,nan,nan,nan,nan,nan,nan,nan,nan,nan,nan,nan,nan,nan,nan,nan,nan,nan,nan,nan,nan,nan,nan,nan,nan,nan,nan,nan,nan,nan,nan,nan,nan,nan,nan,nan,nan,nan,nan,nan,nan,nan,nan,nan,nan,nan,nan,nan,nan,nan,nan,nan,nan,nan,nan,nan,nan,nan,nan,nan,nan,nan,nan,nan,nan,nan,nan,nan,nan,nan,nan,nan,nan,nan,nan,nan,nan,nan,nan,nan,nan,nan,nan,nan,nan,nan,nan,nan,nan,nan,nan,nan,nan,nan,nan,nan,nan,nan,nan,nan,nan,nan,nan,nan,nan,nan,nan,nan,nan,nan,nan,nan,nan,nan,nan,nan,nan,nan,nan,nan,nan
nan,nan,nan,nan,nan,nan,nan,nan,nan,nan,nan,nan,nan,nan,nan,nan,nan,nan,nan,nan,nan,nan,nan,nan,nan,nan,nan,nan,nan,nan,nan,nan,nan,nan,nan,nan,nan,nan,nan,nan,nan,nan,nan,nan,nan,nan,nan,nan,nan,nan,nan,nan,nan,nan,nan,nan,nan,nan,nan,nan,nan,nan,nan,nan,nan,nan,nan,nan,nan,nan,nan,nan,nan,nan,nan,nan,nan,nan,nan,nan,nan,nan,nan,nan,nan,nan,nan,nan,nan,nan,nan,nan,nan,nan,nan,nan,nan,nan,nan,nan,nan,nan,nan,nan,nan,nan,nan,nan,nan,nan,nan,nan,nan,nan,nan,nan,nan,nan,nan,nan,nan,nan,nan,nan,nan
nan,nan,nan,nan,nan,nan,nan,nan,nan,nan,nan,nan,nan,nan,nan,nan,nan,nan,nan,nan,nan,nan,nan,nan,nan,nan,nan,nan,nan,nan,nan,nan,nan,nan,nan,nan,nan,nan,nan,nan,nan,nan,nan,nan,nan,nan,nan,nan,nan,nan,nan,nan,nan,nan,nan,nan,nan,nan,nan,nan,nan,nan,nan,nan,nan,nan,nan,nan,nan,nan,nan,nan,nan,nan,nan,nan,nan,nan,nan,nan,nan,nan,nan,nan,nan,nan,nan,nan,nan,nan,nan,nan,nan,nan,nan,nan,nan,nan,nan,nan,nan,nan,nan,nan,nan,nan,nan,nan,nan,nan,nan,nan,nan,nan,nan,nan,nan,nan,nan,nan,nan,nan,nan,nan,nan
nan,nan,nan,nan,nan,nan,nan,nan,nan,nan,nan,nan,nan,nan,nan,nan,nan,nan,nan,nan,nan,nan,nan,nan,nan,nan,nan,nan,nan,nan,nan,nan,nan,nan,nan,nan,nan,nan,nan,nan,nan,nan,nan,nan,nan,nan,nan,nan,nan,nan,nan,nan,nan,nan,nan,nan,nan,nan,nan,nan,nan,nan,nan,nan,nan,nan,nan,nan,nan,nan,nan,nan,nan,nan,nan,nan,nan,nan,nan,nan,nan,nan,nan,nan,nan,nan,nan,nan,nan,nan,nan,nan,nan,nan,nan,nan,nan,nan,nan,nan,nan,nan,nan,nan,nan,nan,nan,nan,nan,nan,nan,nan,nan,nan,nan,nan,nan,nan,nan,nan,nan,nan,nan,nan,nan
nan,nan,nan,nan,nan,nan,nan,nan,nan,nan,nan,nan,nan,nan,nan,nan,nan,nan,nan,nan,nan,nan,nan,nan,nan,nan,nan,nan,nan,nan,nan,nan,nan,nan,nan,nan,nan,nan,nan,nan,nan,nan,nan,nan,nan,nan,nan,nan,nan,nan,nan,nan,nan,nan,nan,nan,nan,nan,nan,nan,nan,nan,nan,nan,nan,nan,nan,nan,nan,nan,nan,nan,nan,nan,nan,nan,nan,nan,nan,nan,nan,nan,nan,nan,nan,nan,nan,nan,nan,nan,nan,nan,nan,nan,nan,nan,nan,nan,nan,nan,nan,nan,nan,nan,nan,nan,nan,nan,nan,nan,nan,nan,nan,nan,nan,nan,nan,nan,nan,nan,nan,nan,nan,nan,nan
nan,nan,nan,nan,nan,nan,nan,nan,nan,nan,nan,nan,nan,nan,nan,nan,nan,nan,nan,nan,nan,nan,nan,nan,nan,nan,nan,nan,nan,nan,nan,nan,nan,nan,nan,nan,nan,nan,nan,nan,nan,nan,nan,nan,nan,nan,nan,nan,nan,nan,nan,nan,nan,nan,nan,nan,nan,nan,nan,nan,nan,nan,nan,nan,nan,nan,nan,nan,nan,nan,nan,nan,nan,nan,nan,nan,nan,nan,nan,nan,nan,nan,nan,nan,nan,nan,nan,nan,nan,nan,nan,nan,nan,nan,nan,nan,nan,nan,nan,nan,nan,nan,nan,nan,nan,nan,nan,nan,nan,nan,nan,nan,nan,nan,nan,nan,nan,nan,nan,nan,nan,nan,nan,nan,nan
nan,nan,nan,nan,nan,nan,nan,nan,nan,nan,nan,nan,nan,nan,nan,nan,nan,nan,nan,nan,nan,nan,nan,nan,nan,nan,nan,nan,nan,nan,nan,nan,nan,nan,nan,nan,nan,nan,nan,nan,nan,nan,nan,nan,nan,nan,nan,nan,nan,nan,nan,nan,nan,nan,nan,nan,nan,nan,nan,nan,nan,nan,nan,nan,nan,nan,2.136754035949707031e+01,nan,nan,2.252095222473144531e+01,nan,nan,nan,nan,nan,nan,nan,nan,nan,nan,nan,nan,nan,nan,nan,nan,nan,nan,nan,nan,nan,nan,nan,nan,nan,nan,nan,nan,nan,nan,nan,nan,nan,nan,nan,nan,nan,nan,nan,nan,nan,nan,nan,nan,nan,nan,nan,nan,nan,nan,nan,nan,nan,nan,nan
nan,nan,nan,nan,nan,nan,nan,nan,nan,nan,nan,nan,nan,nan,nan,nan,nan,nan,nan,nan,nan,nan,nan,nan,nan,nan,nan,nan,nan,nan,nan,nan,nan,nan,nan,nan,nan,nan,nan,nan,nan,nan,nan,nan,nan,nan,nan,nan,nan,nan,nan,nan,nan,nan,-1.593905639648437500e+01,nan,nan,-7.981505870819091797e+00,nan,nan,4.136830806732177734e+00,5.848461627960205078e+00,9.683821678161621094e+00,1.574077987670898438e+01,2.201015853881835938e+01,3.005772590637207031e+01,2.594257736206054688e+01,2.429558753967285156e+01,2.546461105346679688e+01,3.051216316223144531e+01,2.875864219665527344e+01,1.964098167419433594e+01,nan,nan,nan,nan,nan,nan,nan,nan,nan,nan,nan,nan,nan,nan,nan,nan,nan,nan,nan,nan,nan,nan,nan,nan,nan,nan,nan,nan,nan,nan,nan,nan,nan,nan,nan,nan,nan,nan,nan,nan,nan,nan,nan,nan,nan,nan,nan,nan,nan,nan,nan,nan,nan
nan,nan,nan,nan,nan,nan,nan,nan,nan,nan,nan,nan,nan,nan,nan,nan,nan,nan,nan,nan,nan,nan,nan,nan,nan,nan,nan,nan,nan,nan,nan,nan,nan,nan,nan,nan,nan,nan,nan,nan,nan,nan,nan,nan,nan,nan,nan,nan,nan,nan,nan,nan,-1.600877380371093750e+01,-8.277339935302734375e+00,-1.575589847564697266e+01,-1.420201206207275391e+01,-1.217366313934326172e+01,-9.057398796081542969e+00,-8.429687500000000000e+00,5.677619934082031250e+00,-4.218887805938720703e+00,-2.199946165084838867e+00,1.314483642578125000e+01,1.576299571990966797e+01,1.936156845092773438e+01,2.379935455322265625e+01,3.099783134460449219e+01,2.205249404907226562e+01,2.202651596069335938e+01,2.744421768188476562e+01,2.452424812316894531e+01,1.759018325805664062e+01,2.028123092651367188e+01,nan,nan,nan,nan,nan,nan,nan,nan,nan,nan,nan,nan,nan,nan,nan,nan,nan,nan,nan,nan,nan,nan,nan,nan,nan,nan,nan,nan,nan,nan,nan,nan,nan,nan,nan,nan,nan,nan,nan,nan,nan,nan,nan,nan,nan,nan,nan,nan,nan,nan,nan,nan
nan,nan,nan,nan,nan,nan,nan,nan,nan,nan,nan,nan,nan,nan,nan,nan,nan,nan,nan,nan,nan,nan,nan,nan,nan,nan,nan,nan,nan,nan,nan,nan,nan,nan,nan,nan,nan,nan,nan,nan,nan,nan,nan,nan,nan,nan,nan,nan,-1.112981224060058594e+01,-1.241778182983398438e+01,-1.363710308074951172e+01,-2.148688697814941406e+01,-1.326254463195800781e+01,-9.747125625610351562e+00,-1.019134330749511719e+01,-2.826941871643066406e+01,-1.209684753417968750e+01,-9.327448844909667969e+00,8.941959142684936523e-01,-1.458909630775451660e+00,-1.429152131080627441e+00,1.209918212890625000e+01,1.286094474792480469e+01,9.563975334167480469e+00,1.376524066925048828e+01,1.713212394714355469e+01,2.863997650146484375e+01,2.689691925048828125e+01,2.335692405700683594e+01,2.351648712158203125e+01,1.965904426574707031e+01,6.588306427001953125e+00,7.276563167572021484e+00,2.018285751342773438e+01,nan,nan,nan,nan,nan,nan,nan,nan,nan,nan,nan,nan,nan,nan,nan,nan,nan,nan,nan,nan,nan,nan,nan,nan,nan,nan,nan,nan,nan,nan,nan,nan,nan,nan,nan,nan,nan,nan,nan,nan,nan,nan,nan,nan,nan,nan,nan,nan,nan,nan,nan
nan,nan,nan,nan,nan,nan,nan,nan,nan,nan,nan,nan,nan,nan,nan,nan,nan,nan,nan,nan,nan,nan,nan,nan,nan,nan,nan,nan,nan,nan,nan,nan,nan,nan,nan,nan,nan,-4.194868206977844238e-01,-3.315965890884399414e+00,nan,nan,nan,nan,nan,nan,-6.166551589965820312e+00,-1.197128200531005859e+01,-1.667345619201660156e+01,-1.628997611999511719e+01,-1.604938125610351562e+01,-1.777352523803710938e+01,-2.127191162109375000e+01,-1.382416915893554688e+01,-1.287974166870117188e+01,-2.193699073791503906e+01,-2.709235954284667969e+01,-2.296591186523437500e+01,-9.118185997009277344e+00,-6.000058650970458984e+00,1.152844786643981934e+00,-1.248624920845031738e+00,6.401514530181884766e+00,6.202399730682373047e+00,4.780152320861816406e+00,8.072724342346191406e+00,9.049723625183105469e+00,2.263329887390136719e+01,2.174926376342773438e+01,2.057884025573730469e+01,1.925379562377929688e+01,1.596515560150146484e+01,1.571156120300292969e+01,1.640885353088378906e+01,1.768486404418945312e+01,1.615867233276367188e+01,1.679217338562011719e+01,nan,nan,nan,nan,nan,nan,nan,nan,nan,nan,nan,nan,nan,nan,nan,nan,nan,nan,nan,nan,nan,nan,nan,nan,nan,nan,nan,nan,nan,nan,nan,nan,nan,nan,nan,nan,nan,nan,nan,nan,nan,nan,nan,nan,nan,nan,nan,nan,nan
nan,nan,nan,nan,nan,nan,nan,nan,nan,nan,nan,nan,nan,nan,nan,nan,nan,nan,nan,nan,nan,nan,nan,nan,nan,nan,nan,nan,nan,nan,nan,nan,nan,nan,nan,nan,3.218827962875366211e+00,nan,-2.636106014251708984e+00,-4.429779529571533203e+00,nan,nan,-6.006020069122314453e+00,-5.843396663665771484e+00,-2.829599380493164062e+00,5.895321369171142578e+00,-1.529565691947937012e+00,-5.459757804870605469e+00,-7.388492107391357422e+00,-1.332462215423583984e+01,-1.678055191040039062e+01,-2.028242111206054688e+01,-1.423452758789062500e+01,-1.444128417968750000e+01,-1.752314758300781250e+01,-1.892251586914062500e+01,-1.761842918395996094e+01,-1.270403766632080078e+01,-1.241945075988769531e+01,-2.434330940246582031e+00,-6.996079921722412109e+00,5.684533596038818359e+00,2.664996147155761719e+00,8.929901123046875000e+00,8.564496040344238281e+00,7.120967388153076172e+00,1.193486785888671875e+01,1.126586532592773438e+01,5.721462249755859375e+00,8.399932861328125000e+00,1.074901962280273438e+01,2.163637733459472656e+01,1.899246406555175781e+01,1.583976268768310547e+01,1.537156200408935547e+01,1.623640632629394531e+01,nan,nan,nan,nan,nan,nan,nan,nan,nan,nan,nan,nan,nan,nan,nan,nan,nan,nan,nan,nan,nan,nan,nan,nan,nan,nan,nan,nan,nan,nan,nan,nan,nan,nan,nan,nan,nan,nan,nan,nan,nan,nan,nan,nan,nan,nan,nan,nan,nan
nan,nan,nan,nan,nan,nan,nan,nan,nan,nan,nan,nan,nan,nan,nan,nan,nan,nan,nan,nan,nan,nan,nan,nan,nan,nan,nan,nan,nan,nan,nan,nan,nan,nan,nan,7.843506336212158203e+00,3.979104280471801758e+00,nan,-2.126383066177368164e+00,-4.341195583343505859e+00,nan,nan,-8.560618400573730469e+00,-2.017052888870239258e+00,-5.326952338218688965e-01,6.492815613746643066e-01,1.553259342908859253e-01,-2.059548616409301758e+00,-7.059435367584228516e+00,-1.528254604339599609e+01,-1.761594581604003906e+01,-1.485960102081298828e+01,-1.426457977294921875e+01,-1.480353546142578125e+01,-1.272647476196289062e+01,-1.356146717071533203e+01,-1.296142101287841797e+01,-1.277731609344482422e+01,-1.462975883483886719e+01,-1.136098003387451172e+01,-1.162364292144775391e+01,-8.077564239501953125e-01,6.503946304321289062e+00,1.221049690246582031e+01,9.014039039611816406e+00,6.364814281463623047e+00,1.220105743408203125e+01,1.015751934051513672e+01,8.065117835998535156e+00,8.623959541320800781e+00,1.041076564788818359e+01,1.717999458312988281e+01,1.625763893127441406e+01,1.389382648468017578e+01,1.917981338500976562e+01,2.132170677185058594e+01,2.940983772277832031e+01,1.410249996185302734e+01,1.859271430969238281e+01,nan,nan,nan,nan,nan,nan,nan,nan,nan,nan,nan,nan,nan,nan,nan,nan,nan,nan,nan,nan,nan,nan,nan,nan,nan,nan,nan,nan,nan,nan,nan,nan,nan,nan,nan,nan,nan,nan,nan,nan,nan,nan,nan,nan,nan,nan
nan,nan,nan,nan,nan,nan,nan,nan,nan,nan,nan,nan,nan,nan,nan,nan,nan,nan,nan,nan,nan,nan,nan,nan,nan,nan,nan,nan,nan,nan,nan,nan,nan,nan,nan,7.596574306488037109e+00,3.898153781890869141e+00,7.351574897766113281e-01,nan,3.226406574249267578e+00,-9.100960731506347656e+00,nan,-9.358080863952636719e+00,-9.034721255302429199e-01,-4.520140647888183594e+00,-7.101035594940185547e+00,-2.670534372329711914e+00,-1.004823923110961914e+00,-7.959952354431152344e+00,-1.401618576049804688e+01,-1.706090736389160156e+01,-1.702762413024902344e+01,-1.345727634429931641e+01,-1.107254981994628906e+01,-9.765196800231933594e+00,-1.158679103851318359e+01,-9.559783935546875000e+00,-8.930319786071777344e+00,-8.781994819641113281e+00,-6.213745594024658203e+00,-4.754651546478271484e+00,4.337587833404541016e+00,9.359597206115722656e+00,9.483145713806152344e+00,1.092305660247802734e+01,1.295017814636230469e+01,1.422879505157470703e+01,7.447851657867431641e+00,-1.832125902175903320e+00,-1.290447115898132324e+00,-6.270356774330139160e-01,7.458288192749023438e+00,1.187367725372314453e+01,1.473603439331054688e+01,1.255125045776367188e+01,1.864972686767578125e+01,2.086448669433593750e+01,2.198513221740722656e+01,1.867736053466796875e+01,nan,nan,nan,nan,nan,nan,nan,nan,nan,nan,nan,nan,nan,nan,nan,nan,nan,nan,nan,nan,nan,nan,nan,nan,nan,nan,nan,nan,nan,nan,nan,nan,nan,nan,nan,nan,nan,nan,nan,nan,nan,nan,nan,nan,nan,nan
nan,nan,nan,nan,nan,nan,nan,nan,nan,nan,nan,nan,nan,nan,nan,nan,nan,nan,nan,nan,nan,nan,nan,nan,nan,nan,nan,nan,nan,nan,nan,nan,nan,1.223506355285644531e+01,9.462873458862304688e+00,1.923821258544921875e+01,8.145256996154785156e+00,nan,3.937862634658813477e+00,-3.574565887451171875e+00,-2.070728492736816406e+01,-1.870557594299316406e+01,-4.449374675750732422e+00,-6.543678283691406250e+00,-8.838701248168945312e+00,-1.030561828613281250e+01,-7.936087131500244141e+00,-3.995252370834350586e+00,-9.581994056701660156e+00,-1.406796932220458984e+01,-1.559784412384033203e+01,-1.455904769897460938e+01,-1.258371925354003906e+01,-7.674357891082763672e+00,-8.932967185974121094e+00,-7.369564533233642578e+00,-7.457826137542724609e+00,-1.100576686859130859e+01,-3.803878307342529297e+00,3.629941225051879883e+00,2.302239418029785156e+00,4.593732833862304688e+00,1.017997455596923828e+01,1.055454444885253906e+01,6.710206031799316406e+00,8.948371887207031250e+00,5.836937904357910156e+00,6.635839939117431641e+00,5.450244426727294922e+00,4.004614353179931641e+00,1.201218366622924805e+00,1.641863584518432617e+00,9.138895988464355469e+00,1.280435371398925781e+01,1.226327037811279297e+01,1.574144935607910156e+01,2.234305763244628906e+01,1.701082992553710938e+01,1.773259544372558594e+01,1.870868110656738281e+01,1.824107360839843750e+01,nan,nan,nan,nan,nan,nan,nan,nan,nan,nan,nan,nan,nan,nan,nan,nan,nan,nan,nan,nan,nan,nan,nan,nan,nan,nan,nan,nan,nan,nan,nan,nan,nan,nan,nan,nan,nan,nan,nan,nan,nan,nan,nan,nan
nan,nan,nan,nan,nan,nan,nan,nan,nan,nan,nan,nan,nan,nan,nan,nan,nan,nan,nan,nan,nan,nan,nan,nan,nan,nan,nan,nan,nan,nan,nan,nan,1.265484619140625000e+01,8.331561088562011719e+00,8.848294258117675781e+00,1.679429817199707031e+01,1.524827098846435547e+01,5.385970592498779297e+00,-1.099119567871093750e+01,-1.196106910705566406e+01,-1.585809898376464844e+01,-8.384287834167480469e+00,-6.932856082916259766e+00,-6.784156322479248047e+00,-8.902932167053222656e+00,-1.242128086090087891e+01,-1.124816131591796875e+01,-8.855378150939941406e+00,-1.512384510040283203e+01,-1.507188701629638672e+01,-1.434998798370361328e+01,-1.157036876678466797e+01,-1.073972892761230469e+01,-1.422902584075927734e+01,-8.375553131103515625e+00,-1.017208957672119141e+01,-7.828939914703369141e+00,-3.221811294555664062e+00,6.491429805755615234e-01,5.820432662963867188e+00,8.596170425415039062e+00,5.854566574096679688e+00,7.740396976470947266e+00,1.023750400543212891e+01,9.663661956787109375e+00,9.249899864196777344e+00,8.903807640075683594e+00,1.683212280273437500e+01,6.397146701812744141e+00,1.013297557830810547e+00,6.386030912399291992e-01,-1.350610733032226562e+00,-1.063862323760986328e+00,1.279667663574218750e+01,1.561091327667236328e+01,1.736718177795410156e+01,2.315460777282714844e+01,1.326010990142822266e+01,8.551193237304687500e+00,1.794949340820312500e+01,2.779500579833984375e+01,nan,nan,nan,nan,nan,nan,nan,nan,nan,nan,nan,nan,nan,nan,nan,nan,nan,nan,nan,nan,nan,nan,nan,nan,nan,nan,nan,nan,nan,nan,nan,nan,nan,nan,nan,nan,nan,nan,nan,nan,nan,nan,nan,nan
nan,nan,nan,nan,nan,nan,nan,nan,nan,nan,nan,nan,nan,nan,nan,nan,nan,nan,nan,nan,nan,nan,nan,nan,nan,nan,nan,nan,nan,nan,1.386502265930175781e+01,2.060058403015136719e+01,1.984952163696289062e+01,7.563077926635742188e+00,1.465440273284912109e+01,1.575056838989257812e+01,1.209033298492431641e+01,1.465948343276977539e+00,-9.733036994934082031e+00,-7.984850406646728516e+00,-5.846561431884765625e+00,-5.740240573883056641e+00,-1.644068336486816406e+01,-1.341581153869628906e+01,-1.058740139007568359e+01,-1.097903537750244141e+01,-1.180526161193847656e+01,-1.000229549407958984e+01,-1.373307609558105469e+01,-1.455218315124511719e+01,-1.069688224792480469e+01,-6.554551601409912109e+00,-9.289375305175781250e+00,-1.352413463592529297e+01,-6.861012935638427734e+00,-5.634128570556640625e+00,-3.107588052749633789e+00,-7.406272390521166388e-16,1.128685951232910156e+00,1.720344305038452148e+00,1.102056026458740234e+01,1.152531147003173828e+01,8.211183547973632812e+00,1.518926525115966797e+01,1.597103214263916016e+01,9.893419265747070312e+00,5.429616928100585938e+00,1.236816692352294922e+01,1.138598632812500000e+01,1.619068861007690430e+00,-1.222817540168762207e+00,-3.545216023921966553e-01,7.145891666412353516e+00,1.568707942962646484e+01,1.412117195129394531e+01,1.568668937683105469e+01,1.752394676208496094e+01,1.862911033630371094e+01,1.853472709655761719e+01,1.796119308471679688e+01,1.778919982910156250e+01,1.422116374969482422e+01,nan,nan,nan,nan,nan,nan,nan,nan,nan,nan,nan,nan,nan,nan,nan,nan,nan,nan,nan,nan,nan,nan,nan,nan,nan,nan,nan,nan,nan,nan,nan,nan,nan,nan,nan,nan,nan,nan,nan,nan,nan,nan,nan
nan,nan,nan,nan,nan,nan,nan,nan,nan,nan,nan,nan,nan,nan,nan,nan,nan,nan,nan,nan,nan,nan,nan,nan,nan,nan,nan,nan,nan,3.319969558715820312e+01,2.198580932617187500e+01,1.488176345825195312e+01,1.333633899688720703e+01,1.274209976196289062e+01,1.165669631958007812e+01,1.074099731445312500e+01,8.511684417724609375e+00,-1.202278971672058105e+00,-8.798353195190429688e+00,-1.112394618988037109e+01,-1.482757568359375000e+01,-1.631892967224121094e+01,-1.420562648773193359e+01,-1.147372627258300781e+01,-9.585868835449218750e+00,-9.579488754272460938e+00,-9.506464958190917969e+00,-1.255445575714111328e+01,-1.389731597900390625e+01,-1.268683147430419922e+01,-9.640906333923339844e+00,-8.671665191650390625e+00,-1.021110057830810547e+01,-1.013778972625732422e+01,-6.043128490447998047e+00,-4.024901866912841797e+00,-3.123414993286132812e+00,-1.222995400428771973e+00,3.068453073501586914e+00,3.522083997726440430e+00,9.907908439636230469e+00,1.119650650024414062e+01,1.875276374816894531e+01,1.545458316802978516e+01,1.304051780700683594e+01,9.713780403137207031e+00,2.270881652832031250e+00,2.679271936416625977e+00,8.391083717346191406e+00,2.292108774185180664e+00,-1.930047154426574707e+00,-2.256561815738677979e-01,4.284967422485351562e+00,1.012236309051513672e+01,1.709013748168945312e+01,1.619906806945800781e+01,1.808845329284667969e+01,1.913251495361328125e+01,1.872381019592285156e+01,1.756907081604003906e+01,1.794630813598632812e+01,1.699211883544921875e+01,nan,7.037052154541015625e+00,4.531176567077636719e+00,nan,nan,nan,nan,nan,nan,nan,nan,nan,nan,nan,nan,nan,nan,nan,nan,nan,nan,nan,nan,nan,nan,nan,nan,nan,nan,nan,nan,nan,nan,nan,nan,nan,nan,nan,nan,nan,nan,nan,nan
nan,nan,nan,nan,nan,nan,nan,nan,nan,nan,nan,nan,nan,nan,nan,nan,nan,nan,nan,nan,nan,nan,nan,nan,nan,nan,nan,nan,2.988829612731933594e+01,2.988978385925292969e+01,1.876380348205566406e+01,1.143853569030761719e+01,8.819083213806152344e+00,4.859499454498291016e+00,4.005114078521728516e+00,3.939552307128906250e+00,2.432362318038940430e+00,-3.446403503417968750e+00,-7.883535861968994141e+00,-1.143328857421875000e+01,-1.580797672271728516e+01,-1.604316902160644531e+01,-1.289963722229003906e+01,-1.175527381896972656e+01,-8.302052497863769531e+00,-8.140337944030761719e+00,-9.799921989440917969e+00,-1.580172061920166016e+01,-1.350188922882080078e+01,-1.187932205200195312e+01,-8.808902740478515625e+00,-8.816658973693847656e+00,-8.924357414245605469e+00,-8.280799865722656250e+00,-6.327767372131347656e+00,-4.427923202514648438e+00,-4.196970939636230469e+00,1.470576047897338867e+00,5.472046852111816406e+00,7.949854373931884766e+00,1.202623462677001953e+01,1.102822971343994141e+01,1.889255142211914062e+01,2.259103012084960938e+01,2.633511352539062500e+01,5.364608287811279297e+00,3.171016454696655273e+00,3.298202276229858398e+00,-3.865825653076171875e+00,-3.227976799011230469e+00,-1.637024164199829102e+00,1.163103818893432617e+00,7.924815177917480469e+00,1.068709659576416016e+01,1.744698143005371094e+01,2.181457901000976562e+01,2.739986419677734375e+01,3.402120208740234375e+01,2.399146080017089844e+01,8.885985374450683594e+00,1.708171081542968750e+01,1.232894992828369141e+01,5.912015438079833984e+00,9.486555099487304688e+00,8.683057785034179688e+00,nan,nan,nan,nan,nan,nan,nan,nan,nan,nan,nan,nan,nan,nan,nan,nan,nan,nan,nan,nan,nan,nan,nan,nan,nan,nan,nan,nan,nan,nan,nan,nan,nan,nan,nan,nan,nan,nan,nan,nan
nan,nan,nan,nan,nan,nan,nan,nan,nan,nan,nan,nan,nan,nan,nan,nan,nan,nan,nan,nan,nan,nan,nan,nan,nan,nan,nan,1.641886711120605469e+01,2.702219581604003906e+01,2.505321693420410156e+01,2.559199094772338867e+00,4.220780372619628906e+00,2.398073434829711914e+00,9.057821035385131836e-01,-2.085630893707275391e+00,-2.025462150573730469e+00,-1.774525761604309082e+00,-4.098365783691406250e+00,-7.162474632263183594e+00,-1.002992916107177734e+01,-9.466223716735839844e+00,-1.113084888458251953e+01,-1.061960124969482422e+01,-9.876831054687500000e+00,-8.857268333435058594e+00,-9.260263442993164062e+00,-9.331008911132812500e+00,-1.348174667358398438e+01,-1.059732532501220703e+01,-5.570669651031494141e+00,-7.264794826507568359e+00,-7.691274642944335938e+00,-7.313554286956787109e+00,-6.250905513763427734e+00,-2.390556335449218750e+00,-1.155189156532287598e+00,-5.646108984947204590e-01,4.099081516265869141e+00,6.311747074127197266e+00,8.445779800415039062e+00,8.575652122497558594e+00,1.190839290618896484e+01,2.147918510437011719e+01,2.045359611511230469e+01,2.195033454895019531e+01,2.572626686096191406e+01,6.804840087890625000e+00,7.408693313598632812e+00,-3.972953796386718750e+00,-3.944150686264038086e+00,3.108276128768920898e+00,9.513047218322753906e+00,1.032458686828613281e+01,1.729168701171875000e+01,1.988529014587402344e+01,2.823697280883789062e+01,1.884667205810546875e+01,2.133577728271484375e+01,9.854760169982910156e+00,7.265228748321533203e+00,2.304452896118164062e+01,1.660483932495117188e+01,-5.562757253646850586e-01,3.903703927993774414e+00,8.227428436279296875e+00,nan,nan,nan,nan,nan,nan,nan,nan,nan,nan,nan,nan,nan,nan,nan,nan,nan,nan,nan,nan,nan,nan,nan,nan,nan,nan,nan,nan,nan,nan,nan,nan,nan,nan,nan,nan,nan,nan,nan,nan
nan,nan,nan,nan,nan,nan,nan,nan,nan,nan,nan,nan,nan,nan,nan,nan,nan,nan,nan,nan,nan,nan,nan,nan,nan,nan,1.740756416320800781e+01,2.715752029418945312e+01,2.639300346374511719e+01,8.578650474548339844e+00,2.426427602767944336e-01,-1.982733249664306641e+00,-1.559896826744079590e+00,-3.420646190643310547e+00,-3.407977342605590820e+00,-2.358895778656005859e+00,-2.244206190109252930e+00,-3.818480491638183594e+00,-6.011009216308593750e+00,-6.608667373657226562e+00,-8.183717727661132812e+00,-5.922048091888427734e+00,-9.024095535278320312e+00,-8.050513267517089844e+00,-7.461133480072021484e+00,-7.614021301269531250e+00,-9.202383995056152344e+00,-5.507121086120605469e+00,-5.552497386932373047e+00,-5.980673313140869141e+00,-6.274798393249511719e+00,-5.421667098999023438e+00,-5.772055149078369141e+00,-5.744577884674072266e+00,-2.779885292053222656e+00,-1.442796945571899414e+00,2.255510091781616211e+00,-2.558406591415405273e-01,4.183618068695068359e+00,9.372640609741210938e+00,1.041644382476806641e+01,1.898809432983398438e+01,2.289734268188476562e+01,2.776121520996093750e+01,2.404858970642089844e+01,7.595855236053466797e+00,5.979416370391845703e+00,5.237790107727050781e+00,3.263625860214233398e+00,-3.688104391098022461e+00,4.439913272857666016e+00,1.050918197631835938e+01,1.359555530548095703e+01,1.638227844238281250e+01,1.955350494384765625e+01,2.391572380065917969e+01,2.822893142700195312e+01,2.617306709289550781e+01,2.987959289550781250e+01,1.695300865173339844e+01,1.486254405975341797e+01,1.170772933959960938e+01,-2.010379791259765625e+00,-5.108917236328125000e+00,2.391021728515625000e+00,-6.360672950744628906e+00,-1.311908054351806641e+01,-1.800203323364257812e+00,nan,nan,nan,nan,nan,nan,nan,nan,nan,nan,nan,nan,nan,nan,nan,nan,nan,nan,nan,nan,nan,nan,nan,nan,nan,nan,nan,nan,nan,nan,nan,nan,nan,nan,nan,nan,nan
nan,nan,nan,nan,nan,nan,nan,nan,nan,nan,nan,nan,nan,nan,nan,nan,nan,nan,nan,nan,nan,nan,nan,nan,nan,nan,1.601526641845703125e+01,2.421576499938964844e+01,2.273826599121093750e+01,9.751706123352050781e+00,-4.124677181243896484e-01,-2.414849758148193359e+00,-1.621937990188598633e+00,-3.250777721405029297e+00,-4.374482154846191406e+00,-4.404040813446044922e+00,-4.788474559783935547e+00,-5.866610527038574219e+00,-7.095869541168212891e+00,-7.058182716369628906e+00,-7.426479339599609375e+00,-6.518786430358886719e+00,-8.102147102355957031e+00,-6.236802577972412109e+00,-4.894723415374755859e+00,-3.285581588745117188e+00,-7.729519844055175781e+00,-2.267813920974731445e+00,-1.893365979194641113e+00,-3.705039262771606445e+00,-4.391152858734130859e+00,-5.268889904022216797e+00,-3.897237300872802734e+00,-3.952842235565185547e+00,4.613909721374511719e+00,4.953737735748291016e+00,3.599277734756469727e-01,-1.929744124412536621e+00,5.932259082794189453e+00,9.986975669860839844e+00,1.596385478973388672e+01,3.118039512634277344e+01,2.782984161376953125e+01,2.226579093933105469e+01,2.272375488281250000e+01,4.463348388671875000e+00,2.892926692962646484e+00,-1.793675994873046875e+01,-8.107180595397949219e+00,-4.516272068023681641e+00,1.936066150665283203e+00,7.026895046234130859e+00,1.210788536071777344e+01,1.280263805389404297e+01,1.525061225891113281e+01,1.833094406127929688e+01,2.651481246948242188e+01,2.898800659179687500e+01,3.414047241210937500e+01,2.738350296020507812e+01,7.530677795410156250e+00,6.336898803710937500e+00,-1.762887597084045410e+00,-4.709144592285156250e+00,8.357039690017700195e-01,-5.895147800445556641e+00,-1.899960899353027344e+01,-2.518558311462402344e+01,-6.568264365196228027e-01,nan,nan,nan,nan,nan,nan,nan,nan,nan,nan,nan,nan,nan,nan,nan,nan,nan,nan,nan,nan,nan,nan,nan,nan,nan,nan,nan,nan,nan,nan,nan,nan,nan,nan,nan,nan
nan,nan,nan,nan,nan,nan,nan,nan,nan,nan,nan,nan,nan,nan,nan,nan,nan,nan,nan,nan,nan,nan,nan,nan,nan,nan,2.382612419128417969e+01,1.987442588806152344e+01,1.906482315063476562e+01,4.323573112487792969e+00,-1.667220830917358398e+00,-3.190693855285644531e+00,-1.298276782035827637e+00,-3.173370838165283203e+00,-4.866990566253662109e+00,-5.905866146087646484e+00,-6.751179218292236328e+00,-7.653430938720703125e+00,-8.506902694702148438e+00,-1.139899158477783203e+01,-9.887289047241210938e+00,-6.622048377990722656e+00,-7.399398326873779297e+00,-5.265157222747802734e+00,-4.586994171142578125e+00,-3.607009410858154297e+00,-4.911482334136962891e+00,4.941111207008361816e-01,-9.373213052749633789e-01,-6.731925606727600098e-01,-6.978138685226440430e-01,2.742314338684082031e+00,1.225433111190795898e+00,3.927779436111450195e+00,5.555472850799560547e+00,6.471343994140625000e+00,4.935478210449218750e+00,3.944731712341308594e+00,7.681955814361572266e+00,1.253023529052734375e+01,1.929751586914062500e+01,2.520722770690917969e+01,2.438475418090820312e+01,1.129731559753417969e+01,7.923862934112548828e+00,-2.141576766967773438e+00,-9.417969703674316406e+00,-1.681054306030273438e+01,-1.931357955932617188e+01,-3.343575716018676758e+00,1.231487154960632324e+00,4.183718204498291016e+00,9.163181304931640625e+00,1.488099479675292969e+01,1.351938629150390625e+01,1.639137458801269531e+01,2.478778839111328125e+01,3.140300369262695312e+01,2.936920166015625000e+01,1.751558494567871094e+01,1.299686622619628906e+01,9.114198684692382812e+00,8.933886528015136719e+00,8.700712203979492188e+00,8.673679351806640625e+00,-1.110557174682617188e+01,-1.696747779846191406e+01,-6.551999092102050781e+00,5.034605264663696289e-01,nan,nan,nan,6.085798740386962891e+00,nan,nan,nan,nan,nan,nan,nan,nan,nan,nan,nan,nan,nan,nan,nan,nan,nan,nan,nan,nan,nan,nan,nan,nan,nan,nan,nan,nan,nan,nan,nan,nan
nan,nan,nan,nan,nan,nan,nan,nan,nan,nan,nan,nan,nan,nan,nan,nan,nan,nan,nan,nan,nan,nan,nan,nan,nan,nan,2.140949249267578125e+01,1.860766220092773438e+01,1.600924491882324219e+01,4.053032398223876953e+00,-6.615765094757080078e-01,-1.976613759994506836e+00,-1.750702619552612305e+00,-2.041799783706665039e+00,-4.481696605682373047e+00,-7.301286220550537109e+00,-8.660817146301269531e+00,-8.577395439147949219e+00,-9.100202560424804688e+00,-8.902081489562988281e+00,-8.049054145812988281e+00,-7.505618095397949219e+00,-6.879410743713378906e+00,-5.126381397247314453e+00,-3.954424142837524414e+00,-4.168893814086914062e+00,5.074393749237060547e-01,3.953445672988891602e+00,5.394520759582519531e+00,-3.371842503547668457e-01,1.973871111869812012e+00,4.451283454895019531e+00,4.614053249359130859e+00,4.363852500915527344e+00,5.056133747100830078e+00,6.058610439300537109e+00,8.152560234069824219e+00,7.444673061370849609e+00,3.695021867752075195e+00,7.527920722961425781e+00,1.680541992187500000e+01,2.382881164550781250e+01,2.432394981384277344e+01,2.256212615966796875e+01,8.813488960266113281e+00,7.503063678741455078e+00,-2.957236766815185547e+00,-1.393802642822265625e+01,-4.160637855529785156e+00,-7.550173759460449219e+00,-2.793346166610717773e+00,3.719742536544799805e+00,8.666838645935058594e+00,1.030748367309570312e+01,9.944885253906250000e+00,2.400318384170532227e+00,1.515381908416748047e+01,2.342843246459960938e+01,2.491100883483886719e+01,1.920669555664062500e+01,1.143233013153076172e+01,1.112819766998291016e+01,1.661553382873535156e+01,3.766837596893310547e+00,1.840714335441589355e+00,-2.068714380264282227e+00,1.258601903915405273e+00,6.079955577850341797e+00,7.663323879241943359e+00,1.041332912445068359e+01,1.636347770690917969e+01,6.988638401031494141e+00,5.007284164428710938e+00,nan,nan,nan,nan,nan,nan,nan,nan,nan,nan,nan,nan,nan,nan,nan,nan,nan,nan,nan,nan,nan,nan,nan,nan,nan,nan,nan,nan,nan,nan,nan,nan
nan,nan,nan,nan,nan,nan,nan,nan,nan,nan,nan,nan,nan,nan,nan,nan,nan,nan,nan,nan,nan,nan,nan,nan,nan,1.113297176361083984e+01,1.122891330718994141e+01,1.275726509094238281e+01,1.043113613128662109e+01,5.572371006011962891e+00,5.282071590423583984e+00,2.909265756607055664e+00,-2.872952520847320557e-01,-2.168076038360595703e+00,-5.137650012969970703e+00,-6.963328838348388672e+00,-8.445314407348632812e+00,-8.082709312438964844e+00,-7.762511253356933594e+00,-8.795805931091308594e+00,-7.159115791320800781e+00,-7.145946502685546875e+00,-6.785159111022949219e+00,-6.247633934020996094e+00,-5.079079627990722656e+00,-6.782405376434326172e-01,2.153234004974365234e+00,5.399335384368896484e+00,5.283440589904785156e+00,5.020539760589599609e+00,5.347787857055664062e+00,7.899221897125244141e+00,6.502816677093505859e+00,4.725893020629882812e+00,7.686629295349121094e+00,8.109033584594726562e+00,5.440533638000488281e+00,5.646587371826171875e+00,7.101721763610839844e+00,8.253967761993408203e-01,1.278879928588867188e+01,1.762588500976562500e+01,1.964846420288085938e+01,2.078975296020507812e+01,1.003054141998291016e+01,9.799625396728515625e+00,6.457477569580078125e+00,-7.172614574432373047e+00,-9.126769065856933594e+00,-6.023503303527832031e+00,-2.428354024887084961e+00,5.000939846038818359e+00,1.294280719757080078e+01,1.217066669464111328e+01,-8.852266073226928711e-01,-1.090723323822021484e+01,1.363550472259521484e+01,1.352225875854492188e+01,2.201110649108886719e+01,8.450304985046386719e+00,1.078860569000244141e+01,1.522298526763916016e+01,6.408136844635009766e+00,3.982239961624145508e+00,2.332166433334350586e+00,-3.065455436706542969e+00,7.140383243560791016e+00,4.521184921264648438e+00,-5.324026107788085938e+00,8.074918746948242188e+00,1.038932609558105469e+01,9.588339805603027344e+00,4.478133201599121094e+00,nan,nan,nan,nan,nan,nan,nan,nan,nan,nan,nan,nan,nan,nan,nan,nan,nan,nan,nan,nan,nan,nan,nan,nan,nan,nan,nan,nan,nan,nan,nan,nan
nan,nan,nan,nan,nan,nan,nan,nan,nan,nan,nan,nan,nan,nan,nan,nan,nan,nan,nan,nan,nan,nan,nan,nan,nan,8.614315986633300781e+00,nan,1.025852394104003906e+01,6.128709793090820312e+00,8.114150047302246094e+00,6.978976249694824219e+00,4.588891506195068359e+00,1.738448977470397949e+00,-3.934065103530883789e+00,-5.659197807312011719e+00,-6.121552944183349609e+00,-6.463294506072998047e+00,-7.540768623352050781e+00,-7.574418544769287109e+00,-5.751536369323730469e+00,-7.645063400268554688e+00,-7.330990791320800781e+00,-6.670614242553710938e+00,-6.582266807556152344e+00,-5.237717628479003906e+00,-3.634390234947204590e-01,4.498319625854492188e-01,1.847390651702880859e+00,3.588722467422485352e+00,4.351339817047119141e+00,5.947999954223632812e+00,6.560498714447021484e+00,6.038378715515136719e+00,7.183248043060302734e+00,8.777614593505859375e+00,5.944173812866210938e+00,5.233976840972900391e+00,8.013185501098632812e+00,1.561971569061279297e+01,9.238280296325683594e+00,8.691287040710449219e-01,1.340138053894042969e+01,1.638994026184082031e+01,1.671602821350097656e+01,1.234638309478759766e+01,6.391412258148193359e+00,8.508566617965698242e-01,3.611952364444732666e-01,-8.126272201538085938e+00,-4.915595531463623047e+00,1.143859863281250000e+00,1.325326442718505859e+00,1.514245605468750000e+01,2.041749000549316406e+01,1.107701110839843750e+01,-5.285509586334228516e+00,-2.411414623260498047e+00,1.145810699462890625e+01,1.351823806762695312e+01,9.188235282897949219e+00,6.809929370880126953e+00,3.359373092651367188e+00,1.079433250427246094e+01,-5.128057003021240234e+00,1.453393340110778809e+00,4.868289470672607422e+00,6.963630199432373047e+00,-2.420961380004882812e+00,-1.148656082153320312e+01,-6.271780490875244141e+00,1.472548580169677734e+01,1.626056289672851562e+01,-1.842554330825805664e+00,nan,nan,nan,nan,nan,nan,nan,nan,nan,nan,nan,nan,nan,nan,nan,nan,nan,nan,nan,nan,nan,nan,nan,nan,nan,nan,nan,nan,nan,nan,nan,nan
nan,nan,nan,nan,nan,nan,nan,nan,nan,nan,nan,nan,nan,nan,nan,nan,nan,nan,nan,nan,nan,nan,nan,nan,6.660103321075439453e+00,nan,nan,1.129646205902099609e+01,7.956384181976318359e+00,6.633472919464111328e+00,5.751798152923583984e+00,2.516796112060546875e+00,-1.021736502647399902e+00,-2.902004003524780273e+00,-3.954339504241943359e+00,-4.906879425048828125e+00,-5.774289131164550781e+00,-7.219318866729736328e+00,-8.619299888610839844e+00,-1.078388500213623047e+01,-1.064591026306152344e+01,-7.531602859497070312e+00,-6.330370426177978516e+00,-5.257808208465576172e+00,-4.017312526702880859e+00,-1.588730931282043457e+00,-1.054052472114562988e+00,1.141862511634826660e+00,2.933233022689819336e+00,5.795962333679199219e+00,5.198395729064941406e+00,7.041981697082519531e+00,7.718587875366210938e+00,1.057881927490234375e+01,1.161531257629394531e+01,9.104681015014648438e+00,4.154701709747314453e+00,1.401093864440917969e+01,1.681997108459472656e+01,9.331195831298828125e+00,-7.024767875671386719e+00,nan,nan,9.009375572204589844e+00,2.415710836648941040e-01,3.806793093681335449e-01,3.619317412376403809e-01,-1.936655491590499878e-01,1.788897812366485596e-01,-4.102688789367675781e+00,-3.317680060863494873e-01,3.626643180847167969e+00,5.681382179260253906e+00,1.986278724670410156e+01,1.193107032775878906e+01,1.150779533386230469e+01,3.503771305084228516e+00,1.284656333923339844e+01,1.439987373352050781e+01,1.142721939086914062e+01,5.659801483154296875e+00,2.209781646728515625e+00,2.548092365264892578e+00,5.427907943725585938e+00,4.985143184661865234e+00,2.793497323989868164e+00,4.567701816558837891e+00,4.906590461730957031e+00,-7.150768756866455078e+00,7.013328075408935547e+00,1.167558479309082031e+01,7.642334938049316406e+00,-6.352373123168945312e+00,nan,nan,nan,nan,nan,nan,nan,nan,nan,nan,nan,nan,nan,nan,nan,nan,nan,nan,nan,nan,nan,nan,nan,nan,nan,nan,nan,nan,nan,nan,nan,nan
nan,nan,nan,nan,nan,nan,nan,nan,nan,nan,nan,nan,nan,nan,nan,nan,nan,nan,nan,nan,nan,nan,nan,nan,4.705160140991210938e+00,-3.121020555496215820e+00,1.235606551170349121e+00,5.502534389495849609e+00,5.077841281890869141e+00,5.231516838073730469e+00,4.376745700836181641e+00,1.670612096786499023e+00,-2.522207021713256836e+00,-3.934799194335937500e+00,-3.651196956634521484e+00,-4.687667846679687500e+00,-5.463388442993164062e+00,-6.877377510070800781e+00,-6.724832534790039062e+00,-7.445888996124267578e+00,-1.096934890747070312e+01,-8.858228683471679688e+00,-7.912933826446533203e+00,-6.934209823608398438e+00,-4.361612796783447266e+00,-2.649085283279418945e+00,-1.517605781555175781e+00,-2.540988683700561523e+00,-2.012423753738403320e+00,4.922162532806396484e+00,6.813643932342529297e+00,1.004272651672363281e+01,1.043558788299560547e+01,8.361927986145019531e+00,9.320649147033691406e+00,1.349772739410400391e+01,nan,8.779309272766113281e+00,1.449534177780151367e+00,-1.546595303807407618e-04,9.261445999145507812e+00,nan,nan,nan,nan,4.768762111663818359e+00,nan,6.137319803237915039e-01,nan,7.141542434692382812e-01,nan,nan,nan,7.361034393310546875e+00,1.081753253936767578e+01,1.576747608184814453e+01,1.310931777954101562e+01,5.462575912475585938e+00,9.257028579711914062e+00,7.173001289367675781e+00,8.319005966186523438e+00,-5.722727179527282715e-01,-1.696051955223083496e-01,5.918434619903564453e+00,7.687059402465820312e+00,2.153299331665039062e+00,2.519107580184936523e+00,6.720057964324951172e+00,8.312101364135742188e+00,1.022977066040039062e+01,7.657719135284423828e+00,-7.000058174133300781e+00,-3.100967645645141602e+00,-6.976625919342041016e+00,1.545149922370910645e+00,nan,nan,nan,nan,nan,nan,nan,nan,nan,nan,nan,nan,nan,nan,nan,nan,nan,nan,nan,nan,nan,nan,nan,nan,nan,nan,nan,nan,nan,nan
nan,nan,nan,nan,nan,nan,nan,nan,nan,nan,nan,nan,nan,nan,nan,nan,nan,nan,nan,nan,nan,nan,nan,nan,-5.692803859710693359e+00,4.387649536132812500e+00,4.188522338867187500e+00,4.036593437194824219e+00,2.657045841217041016e+00,1.312327027320861816e+00,3.687860488891601562e+00,2.294436693191528320e+00,-3.554321289062500000e+00,-4.381297111511230469e+00,-4.665917396545410156e+00,-4.882013797760009766e+00,-5.928454399108886719e+00,-6.823112487792968750e+00,-7.485205173492431641e+00,-7.243470668792724609e+00,-8.943517684936523438e+00,-1.103419017791748047e+01,-1.067313480377197266e+01,-5.645123004913330078e+00,-3.315798044204711914e+00,-3.689234733581542969e+00,-2.586327314376831055e+00,-8.817890882492065430e-01,1.450118541717529297e+00,2.312881469726562500e+00,6.847661972045898438e+00,1.563837432861328125e+01,1.339886093139648438e+01,7.763871192932128906e+00,7.114005088806152344e+00,3.351475954055786133e+00,-2.116743326187133789e+00,6.432938575744628906e+00,nan,nan,nan,nan,nan,nan,nan,nan,nan,nan,nan,nan,nan,nan,nan,nan,9.712299346923828125e+00,8.849644660949707031e+00,1.361575698852539062e+01,1.144139289855957031e+01,1.037338638305664062e+01,1.971925020217895508e+00,8.346286773681640625e+00,6.502204418182373047e+00,5.238497734069824219e+00,6.159469604492187500e+00,7.717551708221435547e+00,6.405804753303527832e-01,4.153719902038574219e+00,1.627469635009765625e+01,4.492766380310058594e+00,4.171170234680175781e+00,4.053284168243408203e+00,-7.495610237121582031e+00,-4.645915985107421875e+00,-4.930774688720703125e+00,-6.782032012939453125e+00,-5.659252166748046875e+00,nan,nan,nan,nan,nan,nan,nan,nan,nan,nan,nan,nan,nan,nan,nan,nan,nan,nan,nan,nan,nan,nan,nan,nan,nan,nan,nan,nan,nan
nan,nan,nan,nan,nan,nan,nan,nan,nan,nan,nan,nan,nan,nan,nan,nan,nan,nan,nan,nan,nan,nan,nan,nan,8.386215209960937500e+00,-4.164258003234863281e+00,6.666867733001708984e+00,4.695765972137451172e+00,3.172732353210449219e+00,8.298628926277160645e-01,1.023985743522644043e+00,6.060821413993835449e-01,-2.706234931945800781e+00,-4.004533767700195312e+00,-4.439254760742187500e+00,-5.163946628570556641e+00,-4.721117019653320312e+00,-6.810724258422851562e+00,-1.050512504577636719e+01,-1.026692008972167969e+01,-1.047777271270751953e+01,-6.651307106018066406e+00,-6.088990688323974609e+00,-3.183429479598999023e+00,-2.151821851730346680e+00,-3.495390653610229492e+00,-4.064153671264648438e+00,2.927956342697143555e+00,3.946953058242797852e+00,5.582273960113525391e+00,9.307670593261718750e+00,1.052536010742187500e+01,1.388836669921875000e+01,9.856980323791503906e+00,2.031785249710083008e+00,-5.308284759521484375e+00,nan,nan,nan,nan,nan,nan,nan,nan,nan,nan,nan,nan,nan,nan,nan,nan,nan,nan,nan,8.553829193115234375e+00,1.024834513664245605e+00,3.967401027679443359e+00,2.846611022949218750e+00,1.362625241279602051e+00,1.683497309684753418e+00,6.794552803039550781e+00,4.848528385162353516e+00,4.855912208557128906e+00,1.503269863128662109e+01,9.662088155746459961e-01,6.775354862213134766e+00,1.121797847747802734e+01,4.723320007324218750e+00,2.757464790344238281e+01,4.822123050689697266e+00,-2.055360794067382812e+00,-5.246933460235595703e+00,5.469182133674621582e-01,-2.259407281875610352e+00,4.645009517669677734e+00,5.059473037719726562e+00,nan,nan,nan,nan,nan,nan,nan,nan,nan,nan,nan,nan,nan,nan,nan,nan,nan,nan,nan,nan,nan,nan,nan,nan,nan,nan,nan,nan
nan,nan,nan,nan,nan,nan,nan,nan,nan,nan,nan,nan,nan,nan,nan,nan,nan,nan,nan,nan,nan,nan,nan,nan,4.264369964599609375e+00,2.914762735366821289e+00,4.265900135040283203e+00,4.747147083282470703e+00,2.906202793121337891e+00,4.259167984127998352e-02,-2.264751434326171875e+00,-1.686942696571350098e+00,-2.654030799865722656e+00,-2.220077753067016602e+00,-3.335178136825561523e+00,-4.213666915893554688e+00,-4.587683677673339844e+00,-5.614209651947021484e+00,-6.287111282348632812e+00,-9.504669189453125000e+00,-5.256924629211425781e+00,-5.004673480987548828e+00,-7.158414363861083984e+00,-5.708250999450683594e+00,-4.459360122680664062e+00,-4.776511669158935547e+00,-1.456448197364807129e+00,2.724995613098144531e+00,5.831048011779785156e+00,6.846020221710205078e+00,8.822981834411621094e+00,1.285468387603759766e+01,1.157654666900634766e+01,3.846013545989990234e+00,1.760282516479492188e+00,6.767297744750976562e+00,nan,nan,nan,nan,nan,nan,nan,nan,nan,nan,nan,nan,nan,nan,nan,nan,nan,nan,nan,nan,nan,6.694094181060791016e+00,3.211778879165649414e+00,8.398865163326263428e-02,5.187853574752807617e-01,6.843903975095599890e-05,4.613044738769531250e+00,3.133322238922119141e+00,4.946537017822265625e+00,5.817517757415771484e+00,1.866242980957031250e+01,4.900322914123535156e+00,1.439176678657531738e+00,1.269722223281860352e+00,5.788150787353515625e+00,6.175520896911621094e+00,1.531773662567138672e+01,1.221533107757568359e+01,4.089610576629638672e+00,-1.553982377052307129e+00,1.084304332733154297e+00,nan,nan,nan,nan,nan,nan,nan,nan,nan,nan,nan,nan,nan,nan,nan,nan,nan,nan,nan,nan,nan,nan,nan,nan,nan,nan,nan,nan
nan,nan,nan,nan,nan,nan,nan,nan,nan,nan,nan,nan,nan,nan,nan,nan,nan,nan,nan,nan,nan,nan,nan,nan,3.304255008697509766e+00,1.465345849283039570e-04,2.036236971616744995e-01,4.337258338928222656e+00,2.839530944824218750e+00,1.864908695220947266e+00,-1.021857261657714844e+00,-1.391652941703796387e+00,-2.572992086410522461e+00,-3.473723649978637695e+00,-3.818515300750732422e+00,-4.748075962066650391e+00,-4.597118854522705078e+00,-4.601358413696289062e+00,-5.888943672180175781e+00,-4.926066875457763672e+00,-3.995257377624511719e+00,-5.505639076232910156e+00,-7.978221416473388672e+00,-6.848106861114501953e+00,-3.013617038726806641e+00,3.312408626079559326e-01,5.230363607406616211e-01,8.680572509765625000e-01,3.352852344512939453e+00,6.839694499969482422e+00,8.038021087646484375e+00,8.268255233764648438e+00,8.001217842102050781e+00,1.954323649406433105e+00,6.371440887451171875e+00,nan,nan,nan,nan,nan,nan,nan,nan,nan,nan,nan,nan,nan,nan,nan,nan,nan,nan,nan,nan,nan,nan,nan,nan,nan,nan,nan,nan,nan,5.425204277038574219e+00,5.719829082489013672e+00,7.271863460540771484e+00,1.047694873809814453e+01,-8.430836677551269531e+00,-5.975925445556640625e+00,4.111499309539794922e+00,7.341384887695312500e+00,1.112751579284667969e+01,9.129975318908691406e+00,4.050868511199951172e+00,8.896162033081054688e+00,5.814058303833007812e+00,nan,nan,nan,nan,nan,nan,nan,nan,nan,nan,nan,nan,nan,nan,nan,nan,nan,nan,nan,nan,nan,nan,nan,nan,nan,nan,nan,nan
nan,nan,nan,nan,nan,nan,nan,nan,nan,nan,nan,nan,nan,nan,nan,nan,nan,nan,nan,nan,nan,nan,nan,nan,-5.049506664276123047e+00,-3.667577743530273438e+00,9.197863340377807617e-01,3.283294677734375000e+00,2.777876377105712891e+00,1.912042975425720215e+00,1.231784105300903320e+00,2.277610540390014648e+00,-1.304285168647766113e+00,-3.182304143905639648e+00,-3.463090419769287109e+00,-4.326426506042480469e+00,-4.568845748901367188e+00,-4.073724269866943359e+00,-6.152495384216308594e+00,-4.125592231750488281e+00,-5.304515361785888672e+00,-6.086169719696044922e+00,-5.749458789825439453e+00,-1.036463260650634766e+01,-3.495450735092163086e+00,-4.642606258392333984e+00,-2.448741197586059570e+00,1.403993070125579834e-01,2.226164817810058594e+00,5.775282382965087891e+00,6.364882469177246094e+00,3.489039897918701172e+00,5.270714759826660156e+00,5.503322124481201172e+00,nan,nan,nan,nan,nan,nan,nan,nan,nan,nan,nan,nan,nan,nan,nan,nan,nan,nan,nan,nan,nan,nan,nan,nan,nan,nan,nan,nan,nan,nan,nan,-1.669229626655578613e+00,-2.017344713211059570e+00,-2.580343186855316162e-02,-1.330996417999267578e+01,-6.459748268127441406e+00,2.335829734802246094e+01,1.251765537261962891e+01,1.934547805786132812e+01,2.069423866271972656e+01,2.040856170654296875e+01,1.680918693542480469e+01,1.555884170532226562e+01,2.424735546112060547e+00,nan,nan,nan,nan,nan,nan,nan,nan,nan,nan,nan,nan,nan,nan,nan,nan,nan,nan,nan,nan,nan,nan,nan,nan,nan,nan,nan
nan,nan,nan,nan,nan,nan,nan,nan,nan,nan,nan,nan,nan,nan,nan,nan,nan,nan,nan,nan,nan,nan,nan,9.505025297403335571e-02,-6.187423706054687500e+00,-4.686207294464111328e+00,1.751225471496582031e+00,2.610058546066284180e+00,2.255601406097412109e+00,2.473673820495605469e+00,1.630713820457458496e+00,3.027244329452514648e+00,1.491579055786132812e+00,9.133710861206054688e-01,2.399578243494033813e-01,-2.884655237197875977e+00,-4.018510341644287109e+00,-3.770241260528564453e+00,-4.398112773895263672e+00,-3.485918521881103516e+00,-3.964087009429931641e+00,-4.498442649841308594e+00,-5.643886566162109375e+00,-1.031037330627441406e+01,-4.210568428039550781e+00,-2.972218036651611328e+00,-2.235576152801513672e+00,9.116446971893310547e-01,3.234561443328857422e+00,3.355556488037109375e+00,4.575978755950927734e+00,4.562179565429687500e+00,4.251722812652587891e+00,nan,nan,nan,nan,nan,nan,nan,nan,nan,nan,nan,nan,nan,nan,nan,nan,nan,nan,nan,nan,nan,nan,nan,nan,nan,nan,nan,nan,nan,nan,nan,nan,2.986331701278686523e+00,-2.482128381729125977e+00,3.744157314300537109e+00,5.112533092498779297e+00,6.771625518798828125e+00,5.015023231506347656e+00,1.946999168395996094e+01,2.011468887329101562e+01,2.298918724060058594e+01,1.951673126220703125e+01,2.071755790710449219e+01,1.044706439971923828e+01,-2.393322229385375977e+00,1.249894046783447266e+01,nan,nan,nan,nan,nan,nan,nan,nan,nan,nan,nan,nan,nan,nan,nan,nan,nan,nan,nan,nan,nan,nan,nan,nan,nan,nan
nan,nan,nan,nan,nan,nan,nan,nan,nan,nan,nan,nan,nan,nan,nan,nan,nan,nan,nan,nan,nan,nan,nan,-4.709308147430419922e-01,-3.727392673492431641e+00,3.239400684833526611e-01,1.195418357849121094e+00,1.192751407623291016e+00,2.492433547973632812e+00,1.781454205513000488e+00,1.875162482261657715e+00,2.684516191482543945e+00,2.201022386550903320e+00,1.529848873615264893e-01,-2.521351575851440430e-01,-1.033563852310180664e+00,-9.059696793556213379e-01,-6.044412255287170410e-01,-4.742041587829589844e+00,-4.372474670410156250e+00,-3.044463157653808594e+00,-3.618065834045410156e+00,-4.774837017059326172e+00,-2.711599588394165039e+00,-5.977289006114006042e-02,-1.591558098793029785e+00,-2.503028512001037598e-01,8.736733198165893555e-01,2.934045553207397461e+00,2.388071060180664062e+00,1.663386940956115723e+00,1.835411600768566132e-02,nan,nan,nan,nan,nan,nan,nan,nan,nan,nan,nan,nan,nan,nan,nan,nan,nan,nan,nan,nan,nan,nan,nan,nan,nan,nan,nan,nan,nan,nan,nan,nan,nan,nan,nan,nan,nan,6.930767536163330078e+00,9.158671379089355469e+00,3.643137693405151367e+00,1.572684955596923828e+01,1.718852424621582031e+01,1.693354797363281250e+01,2.190176200866699219e+01,1.345092391967773438e+01,-3.857478857040405273e+00,1.443381690979003906e+01,nan,nan,nan,nan,nan,nan,nan,nan,nan,nan,nan,nan,nan,nan,nan,nan,nan,nan,nan,nan,nan,nan,nan,nan,nan,nan
nan,nan,nan,nan,nan,nan,nan,nan,nan,nan,nan,nan,nan,nan,nan,nan,nan,nan,nan,nan,nan,nan,-1.747179627418518066e+00,nan,nan,-1.235520601272583008e+00,2.182991743087768555e+00,2.917199373245239258e+00,3.684801578521728516e+00,1.775553345680236816e+00,2.065025568008422852e+00,2.897249937057495117e+00,8.537214994430541992e-01,1.037611603736877441e+00,-1.521183967590332031e+00,-2.402761459350585938e+00,-2.033932924270629883e+00,-3.889984488487243652e-01,-3.767836093902587891e-01,-7.238849401473999023e-01,1.483018159866333008e+00,1.591341972351074219e+00,-2.196351528167724609e+00,1.163222312927246094e+00,8.591256141662597656e-01,-3.120587468147277832e-01,-7.504019141197204590e-01,5.999616384506225586e-01,1.618720173835754395e+00,-1.885179281234741211e+00,-6.919115185737609863e-01,1.096926689147949219e+00,nan,nan,nan,nan,nan,nan,nan,nan,nan,nan,nan,nan,nan,nan,nan,nan,nan,nan,nan,nan,nan,nan,nan,nan,nan,nan,nan,nan,nan,nan,nan,nan,nan,nan,nan,nan,nan,nan,nan,nan,nan,nan,1.430207824707031250e+01,1.454552650451660156e+01,1.470653057098388672e+01,1.595321941375732422e+01,2.455944252014160156e+01,1.719836616516113281e+01,1.815982055664062500e+01,nan,nan,nan,nan,nan,nan,nan,nan,nan,nan,nan,nan,nan,nan,nan,nan,nan,nan,nan,nan,nan,nan,nan,nan
nan,nan,nan,nan,nan,nan,nan,nan,nan,nan,nan,nan,nan,nan,nan,nan,nan,nan,nan,nan,nan,nan,nan,nan,nan,-5.777925014495849609e+00,3.819570064544677734e+00,3.754961729049682617e+00,2.502340078353881836e+00,3.446866750717163086e+00,1.064491271972656250e+00,2.497970581054687500e+00,3.020474910736083984e+00,9.224427342414855957e-01,-5.793422460556030273e-01,-4.819096565246582031e+00,-1.603629946708679199e+00,6.093509197235107422e-01,-9.206009507179260254e-01,-7.805123925209045410e-01,-3.147102892398834229e-01,-4.384510517120361328e-01,2.931836843490600586e+00,2.651484966278076172e+00,1.909276247024536133e+00,1.513608813285827637e+00,-5.106346011161804199e-01,-1.768095970153808594e+00,-7.624222040176391602e-01,-1.674596905708312988e+00,-2.279434680938720703e+00,4.019475355744361877e-02,nan,nan,nan,nan,nan,nan,nan,nan,nan,nan,nan,nan,nan,nan,nan,nan,nan,nan,nan,nan,nan,nan,nan,nan,nan,nan,nan,nan,nan,nan,nan,nan,nan,nan,nan,nan,nan,nan,nan,nan,nan,nan,nan,nan,1.521788787841796875e+01,8.872275352478027344e+00,2.340923690795898438e+01,1.839786338806152344e+01,1.960090827941894531e+01,3.382168197631835938e+01,nan,nan,nan,nan,nan,nan,nan,nan,nan,nan,nan,nan,nan,nan,nan,nan,nan,nan,nan,nan,nan,nan,nan
nan,nan,nan,nan,nan,nan,nan,nan,nan,nan,nan,nan,nan,nan,nan,nan,nan,nan,nan,nan,nan,nan,nan,nan,nan,-6.626542568206787109e+00,2.115633964538574219e+00,-1.372351646423339844e+00,1.345073819160461426e+00,2.322632074356079102e+00,1.062075734138488770e+00,2.690301895141601562e+00,4.427768707275390625e+00,1.438807129859924316e+00,-5.866103768348693848e-01,-1.622863769531250000e+00,8.893542289733886719e-01,-1.915953040122985840e+00,-1.806743383407592773e+00,4.195898473262786865e-01,-5.376296043395996094e-01,-9.127894043922424316e-01,-5.560353770852088928e-02,1.952329754829406738e+00,9.272945523262023926e-01,2.053545475006103516e+00,-6.712650656700134277e-01,-2.826568365097045898e+00,-2.470555543899536133e+00,-5.239395618438720703e+00,nan,nan,nan,nan,nan,nan,nan,nan,nan,nan,nan,nan,nan,nan,nan,nan,nan,nan,nan,nan,nan,nan,nan,nan,nan,nan,nan,nan,nan,nan,nan,nan,nan,nan,nan,nan,nan,nan,nan,nan,nan,nan,nan,nan,nan,nan,nan,1.586951637268066406e+01,4.674317836761474609e+00,2.158365440368652344e+01,1.767181015014648438e+01,2.741253280639648438e+01,2.892774200439453125e+01,nan,nan,nan,nan,nan,nan,nan,nan,nan,nan,nan,nan,nan,nan,nan,nan,nan,nan,nan,nan,nan,nan
nan,nan,nan,nan,nan,nan,nan,nan,nan,nan,nan,nan,nan,nan,nan,nan,nan,nan,nan,nan,nan,nan,nan,nan,nan,-2.368155956268310547e+00,-1.937715649604797363e+00,-3.673309683799743652e-01,8.819916248321533203e-01,4.123527705669403076e-01,3.007056951522827148e+00,3.231127262115478516e+00,4.525902748107910156e+00,2.909874916076660156e+00,-3.252169117331504822e-02,-5.702754855155944824e-01,5.976138114929199219e-01,1.980295777320861816e+00,-1.140942096710205078e+00,-2.004691362380981445e+00,9.798266291618347168e-01,-3.050594031810760498e-01,-2.442350864410400391e+00,1.456836104393005371e+00,1.264499425888061523e+00,1.681933403015136719e-01,-8.769674301147460938e-01,-2.451199293136596680e+00,-2.749749422073364258e+00,-1.310061931610107422e+00,nan,nan,nan,nan,nan,nan,nan,nan,nan,nan,nan,nan,nan,nan,nan,nan,nan,nan,nan,nan,nan,nan,nan,nan,nan,nan,nan,nan,nan,nan,nan,nan,nan,nan,nan,nan,nan,nan,nan,nan,nan,nan,nan,nan,nan,nan,nan,nan,1.672227859497070312e+01,2.396424674987792969e+01,1.409762001037597656e+01,2.494325828552246094e+01,2.198766517639160156e+01,1.855517387390136719e+01,1.853063583374023438e+01,nan,nan,nan,nan,nan,nan,nan,nan,nan,nan,nan,nan,nan,nan,nan,nan,nan,nan,nan,nan
nan,nan,nan,nan,nan,nan,nan,nan,nan,nan,nan,nan,nan,nan,nan,nan,nan,nan,nan,nan,nan,nan,nan,nan,nan,-4.867570996284484863e-01,-4.533216059207916260e-01,-1.180918812751770020e+00,7.953047752380371094e-02,-8.521368503570556641e-01,2.831582678481936455e-03,2.898858785629272461e+00,3.142088413238525391e+00,3.165122270584106445e+00,2.827493906021118164e+00,-7.096920013427734375e-01,1.058200955390930176e+00,1.433093786239624023e+00,2.570682764053344727e+00,1.450292944908142090e+00,-1.543856739997863770e+00,5.494468808174133301e-01,2.696135759353637695e+00,1.681384801864624023e+00,8.323976397514343262e-01,3.285759389400482178e-01,-3.376015663146972656e+00,-1.825361728668212891e+00,-3.818601846694946289e+00,-2.273638725280761719e+00,-2.363034725189208984e+00,nan,nan,nan,nan,nan,nan,nan,nan,nan,nan,nan,nan,nan,nan,nan,nan,nan,nan,nan,nan,nan,nan,nan,nan,nan,nan,nan,nan,nan,nan,nan,nan,nan,nan,nan,nan,nan,nan,nan,nan,nan,nan,nan,nan,nan,nan,nan,1.491337394714355469e+01,2.041725349426269531e+01,1.968524360656738281e+01,2.498240089416503906e+01,1.367680835723876953e+01,2.793407058715820312e+01,1.727054405212402344e+01,nan,nan,nan,nan,nan,nan,nan,nan,nan,nan,nan,nan,nan,nan,nan,nan,nan,nan,nan,nan
nan,nan,nan,nan,nan,nan,nan,nan,nan,nan,nan,nan,nan,nan,nan,nan,nan,nan,nan,nan,nan,nan,nan,nan,nan,nan,-5.280748605728149414e-01,-3.466619253158569336e+00,-1.619615793228149414e+00,-1.760842442512512207e+00,-8.656101822853088379e-01,3.031831741333007812e+00,8.332930803298950195e-01,-2.908809296786785126e-02,-6.741123795509338379e-01,-2.427584379911422729e-01,2.557471275329589844e+00,2.844837903976440430e+00,2.661748647689819336e+00,1.449405074119567871e+00,1.296663165092468262e+00,4.788942813873291016e+00,5.845079421997070312e+00,4.948973655700683594e+00,3.702131032943725586e+00,2.360600471496582031e+00,-1.212793827056884766e+00,-2.337766885757446289e+00,-4.171363353729248047e+00,-1.663926601409912109e+00,nan,nan,nan,nan,nan,nan,nan,nan,nan,nan,nan,nan,nan,nan,nan,nan,nan,nan,nan,nan,nan,nan,nan,nan,nan,nan,nan,nan,nan,nan,nan,nan,nan,nan,nan,nan,nan,nan,nan,nan,nan,nan,nan,nan,nan,nan,nan,nan,-8.144300580024719238e-01,1.079751491546630859e+01,1.571387386322021484e+01,2.051396369934082031e+01,1.852015686035156250e+01,1.301282024383544922e+01,2.257337760925292969e+01,1.575316238403320312e+01,nan,nan,nan,nan,nan,nan,nan,nan,nan,nan,nan,nan,nan,nan,nan,nan,nan,nan,nan
nan,nan,nan,nan,nan,nan,nan,nan,nan,nan,nan,nan,nan,nan,nan,nan,nan,nan,nan,nan,nan,nan,nan,nan,nan,nan,-8.182974457740783691e-01,-2.804598808288574219e-01,-1.588496565818786621e+00,-2.002192497253417969e+00,1.537194609642028809e+00,3.173219442367553711e+00,5.719257593154907227e-01,1.517644643783569336e+00,1.891898870468139648e+00,1.994052767753601074e+00,3.308241605758666992e+00,2.340138673782348633e+00,2.668571710586547852e+00,3.667234659194946289e+00,2.972151756286621094e+00,4.340279102325439453e+00,5.420433998107910156e+00,4.916436672210693359e+00,3.599904775619506836e+00,1.263707578182220459e-01,-2.002334356307983398e+00,-1.886554002761840820e+00,-5.351955413818359375e+00,-2.275576114654541016e+00,nan,nan,nan,nan,nan,nan,nan,nan,nan,nan,nan,nan,nan,nan,nan,nan,nan,nan,nan,nan,nan,nan,nan,nan,nan,nan,nan,nan,nan,nan,nan,nan,nan,nan,nan,nan,nan,nan,nan,nan,nan,nan,nan,nan,nan,nan,nan,1.004889678955078125e+01,-8.036562204360961914e-01,9.025867462158203125e+00,6.126502990722656250e+00,2.045382118225097656e+01,1.843959999084472656e+01,1.281794834136962891e+01,8.420245170593261719e+00,1.522766399383544922e+01,nan,nan,nan,nan,nan,nan,nan,nan,nan,nan,nan,nan,nan,nan,nan,nan,nan,nan,nan
nan,nan,nan,nan,nan,nan,nan,nan,nan,nan,nan,nan,nan,nan,nan,nan,nan,nan,nan,nan,nan,nan,nan,nan,nan,nan,nan,nan,9.811722487211227417e-02,1.045369148254394531e+00,-9.601026177406311035e-01,1.865650296211242676e+00,2.310855627059936523e+00,2.405718564987182617e+00,2.610432386398315430e+00,2.546462297439575195e+00,3.407910823822021484e+00,3.411017417907714844e+00,2.205187320709228516e+00,4.872119426727294922e+00,7.930619716644287109e+00,8.672951698303222656e+00,7.453179359436035156e+00,5.274840831756591797e+00,2.443012952804565430e+00,2.105664163827896118e-01,-1.308086872100830078e+00,-4.636263847351074219e+00,-5.025804519653320312e+00,-3.764495372772216797e+00,nan,nan,nan,nan,nan,nan,nan,nan,nan,nan,nan,nan,nan,nan,nan,nan,nan,nan,nan,nan,nan,nan,nan,nan,nan,nan,nan,nan,nan,nan,nan,nan,nan,nan,nan,nan,nan,nan,nan,nan,nan,nan,nan,nan,nan,nan,nan,8.629057884216308594e+00,9.626286029815673828e-01,4.736526966094970703e+00,1.200368499755859375e+01,1.469212245941162109e+01,9.155616760253906250e+00,1.494433498382568359e+01,5.649323940277099609e+00,5.612017631530761719e+00,nan,nan,nan,nan,nan,nan,nan,nan,nan,nan,nan,nan,nan,nan,nan,nan,nan,nan,nan
nan,nan,nan,nan,nan,nan,nan,nan,nan,nan,nan,nan,nan,nan,nan,nan,nan,nan,nan,nan,nan,nan,nan,nan,nan,nan,nan,nan,nan,nan,nan,nan,1.035326838493347168e+00,1.231480479240417480e+00,2.216534376144409180e+00,2.190263986587524414e+00,3.183429956436157227e+00,4.222349643707275391e+00,5.059439659118652344e+00,7.801384449005126953e+00,1.282082271575927734e+01,1.215475654602050781e+01,8.826616287231445312e+00,4.609787464141845703e+00,3.281249523162841797e+00,5.088583827018737793e-01,-4.862023293972015381e-01,2.135266304016113281e+00,-6.390136718750000000e+00,-4.235113143920898438e+00,nan,nan,nan,nan,nan,nan,nan,nan,nan,nan,nan,nan,nan,nan,nan,nan,nan,nan,nan,nan,nan,nan,nan,nan,nan,nan,nan,nan,nan,nan,nan,nan,nan,nan,nan,nan,nan,nan,nan,nan,nan,nan,nan,nan,nan,nan,nan,7.739838123321533203e+00,1.330107450485229492e+00,-2.844352722167968750e+00,1.123029708862304688e+01,1.469927501678466797e+01,2.550506210327148438e+01,2.731956672668457031e+01,5.718388080596923828e+00,4.160915374755859375e+00,1.246104335784912109e+01,6.723855018615722656e+00,nan,nan,nan,nan,nan,nan,nan,nan,nan,nan,nan,nan,nan,nan,nan,nan,nan
nan,nan,nan,nan,nan,nan,nan,nan,nan,nan,nan,nan,nan,nan,nan,nan,nan,nan,nan,nan,nan,nan,nan,nan,nan,nan,nan,nan,nan,nan,nan,nan,1.507956266403198242e+00,-1.856526434421539307e-01,8.204979896545410156e-01,1.694107174873352051e+00,7.414790630340576172e+00,8.208342552185058594e+00,7.555217742919921875e+00,1.230556488037109375e+01,1.542751598358154297e+01,1.359803199768066406e+01,1.188224315643310547e+01,5.607584476470947266e+00,1.842917561531066895e+00,-1.273296713829040527e+00,-4.294075489044189453e+00,-5.318594455718994141e+00,-6.763205051422119141e+00,-2.903610944747924805e+00,nan,nan,nan,nan,nan,nan,nan,nan,nan,nan,nan,nan,nan,nan,nan,nan,nan,nan,nan,nan,nan,nan,nan,nan,nan,nan,nan,nan,nan,nan,nan,nan,nan,nan,nan,nan,nan,nan,nan,nan,nan,nan,nan,nan,nan,nan,nan,nan,-2.753514647483825684e-01,1.814906001091003418e-01,1.401856327056884766e+01,2.107980346679687500e+01,2.174203300476074219e+01,1.046100521087646484e+01,7.096877098083496094e+00,6.989101409912109375e+00,1.180043411254882812e+01,7.202157974243164062e+00,nan,nan,nan,nan,nan,nan,nan,nan,nan,nan,nan,nan,nan,nan,nan,nan,nan
nan,nan,nan,nan,nan,nan,nan,nan,nan,nan,nan,nan,nan,nan,nan,nan,nan,nan,nan,nan,nan,nan,nan,nan,nan,nan,nan,nan,nan,nan,nan,nan,nan,2.380356788635253906e+00,3.262999296188354492e+00,1.295859217643737793e+00,5.539601325988769531e+00,8.802656173706054688e+00,1.512474822998046875e+01,1.942603111267089844e+01,1.670650291442871094e+01,1.301591777801513672e+01,1.098079872131347656e+01,5.887051105499267578e+00,9.328425526618957520e-01,-2.984895229339599609e+00,-6.622905254364013672e+00,-7.295824289321899414e-01,-2.230259895324707031e+00,nan,nan,nan,nan,nan,nan,nan,nan,nan,nan,nan,nan,nan,nan,nan,nan,nan,nan,nan,nan,nan,nan,nan,nan,nan,nan,nan,nan,nan,nan,nan,nan,nan,nan,nan,nan,nan,nan,nan,nan,nan,nan,nan,nan,nan,nan,nan,nan,nan,1.145164585113525391e+01,-4.762876033782958984e+00,4.039281368255615234e+00,1.968792915344238281e+01,2.819556045532226562e+01,1.275100326538085938e+01,8.149271965026855469e+00,5.811951637268066406e+00,1.072761535644531250e+01,8.473354339599609375e+00,5.244027614593505859e+00,1.718203067779541016e+00,nan,nan,nan,nan,nan,nan,nan,nan,nan,nan,nan,nan,nan,nan,nan
nan,nan,nan,nan,nan,nan,nan,nan,nan,nan,nan,nan,nan,nan,nan,nan,nan,nan,nan,nan,nan,nan,nan,nan,nan,nan,nan,nan,nan,nan,nan,nan,nan,nan,nan,nan,6.655158042907714844e+00,3.990200161933898926e-01,1.191645431518554688e+01,2.050249481201171875e+01,1.636780357360839844e+01,1.049301719665527344e+01,4.244482040405273438e+00,6.130434870719909668e-01,-8.173550963401794434e-01,5.728332400321960449e-01,-7.516180872917175293e-01,-1.353481888771057129e+00,nan,nan,nan,nan,nan,nan,nan,nan,nan,nan,nan,nan,nan,nan,nan,nan,nan,nan,nan,nan,nan,nan,nan,nan,nan,nan,nan,nan,nan,nan,nan,nan,nan,nan,nan,nan,nan,nan,nan,nan,nan,nan,nan,nan,nan,nan,nan,nan,nan,nan,nan,-4.547490596771240234e+00,1.742382764816284180e+00,3.544618606567382812e+01,3.129253196716308594e+01,9.045546531677246094e+00,1.871363449096679688e+01,1.475645256042480469e+01,1.364327430725097656e+01,-4.021606445312500000e+01,-2.740074729919433594e+01,-5.246479034423828125e+00,nan,nan,nan,nan,nan,nan,nan,nan,nan,nan,nan,nan,nan,nan,nan
nan,nan,nan,nan,nan,nan,nan,nan,nan,nan,nan,nan,nan,nan,nan,nan,nan,nan,nan,nan,nan,8.474899291992187500e+00,8.335107803344726562e+00,8.224294662475585938e+00,nan,nan,nan,nan,nan,nan,nan,nan,nan,nan,nan,nan,nan,8.220135688781738281e+00,8.159424066543579102e-01,1.328607463836669922e+01,1.359477043151855469e+01,-1.407480239868164062e+00,-3.009898185729980469e+00,-2.365704774856567383e+00,3.585446476936340332e-01,-5.963408350944519043e-01,-2.543898820877075195e-01,nan,nan,nan,nan,nan,nan,nan,nan,nan,nan,nan,nan,nan,nan,nan,nan,nan,nan,nan,nan,nan,nan,nan,nan,nan,nan,nan,nan,nan,nan,nan,nan,nan,nan,nan,nan,nan,nan,nan,nan,nan,nan,nan,nan,nan,nan,nan,nan,nan,nan,nan,nan,1.743785667419433594e+01,1.380466365814208984e+01,3.499608230590820312e+01,3.621902847290039062e+01,3.688743591308593750e+01,3.949821472167968750e+01,2.451324844360351562e+01,3.776657581329345703e+00,3.416349172592163086e+00,-3.138510131835937500e+01,-5.954677104949951172e+00,2.008144378662109375e+00,nan,nan,nan,nan,nan,nan,nan,nan,nan,nan,nan,nan,nan,nan
nan,nan,nan,nan,nan,nan,nan,nan,nan,nan,nan,nan,nan,nan,nan,nan,nan,nan,nan,nan,nan,1.012510776519775391e+01,-6.454877853393554688e+00,1.019709491729736328e+01,nan,nan,nan,nan,nan,nan,nan,nan,nan,nan,nan,nan,nan,nan,nan,8.440555572509765625e+00,-5.705941677093505859e+00,6.690304279327392578e+00,5.432548999786376953e+00,nan,nan,nan,nan,nan,nan,nan,nan,nan,nan,nan,nan,nan,nan,nan,nan,nan,nan,nan,nan,nan,nan,nan,nan,nan,nan,nan,nan,nan,nan,nan,nan,nan,nan,nan,nan,nan,nan,nan,nan,nan,nan,nan,nan,nan,nan,nan,nan,nan,nan,nan,nan,nan,nan,nan,nan,1.884335899353027344e+01,2.064608001708984375e+01,2.161413574218750000e+01,3.351532363891601562e+01,3.501911926269531250e+01,3.583888626098632812e+01,2.464410018920898438e+01,2.198465538024902344e+01,2.219145584106445312e+01,1.173938274383544922e+01,-4.189093589782714844e+00,-1.446581009076908231e-04,nan,nan,nan,nan,nan,nan,nan,nan,nan,nan,nan,nan,nan,nan
nan,nan,nan,nan,nan,nan,nan,nan,nan,nan,nan,nan,nan,nan,nan,nan,nan,nan,nan,nan,nan,1.602798652648925781e+01,9.308870315551757812e+00,1.196560192108154297e+01,nan,nan,nan,nan,nan,nan,nan,nan,nan,nan,nan,nan,nan,nan,nan,nan,nan,nan,nan,nan,nan,nan,nan,nan,nan,nan,nan,nan,nan,nan,nan,nan,nan,nan,nan,nan,nan,nan,nan,nan,nan,nan,nan,nan,nan,nan,nan,nan,nan,nan,nan,nan,nan,nan,nan,nan,nan,nan,nan,nan,nan,nan,nan,nan,nan,nan,nan,nan,nan,nan,nan,nan,nan,nan,nan,nan,1.659908294677734375e+01,2.999352073669433594e+01,3.182419967651367188e+01,3.274519729614257812e+01,2.994567489624023438e+01,3.106084632873535156e+01,3.289400100708007812e+01,3.268974304199218750e+01,1.031093215942382812e+01,-5.652734756469726562e+00,3.811310768127441406e+00,nan,nan,nan,nan,nan,nan,nan,nan,nan,nan,nan,nan,nan,nan
nan,nan,nan,nan,nan,nan,nan,nan,nan,nan,nan,nan,nan,nan,nan,nan,nan,nan,nan,nan,1.180209350585937500e+01,1.619856071472167969e+01,4.285376071929931641e+00,1.089580440521240234e+01,1.407867908477783203e+01,nan,nan,nan,nan,nan,nan,nan,nan,nan,nan,nan,nan,nan,nan,nan,nan,nan,nan,nan,nan,nan,nan,nan,nan,nan,nan,nan,nan,nan,nan,nan,nan,nan,nan,nan,nan,nan,nan,nan,nan,nan,nan,nan,nan,nan,nan,nan,nan,nan,nan,nan,nan,nan,nan,nan,nan,nan,nan,nan,nan,nan,nan,nan,nan,nan,nan,nan,nan,nan,nan,nan,nan,nan,1.629467391967773438e+01,1.813805198669433594e+01,1.371936798095703125e+01,2.267008972167968750e+01,2.848126029968261719e+01,2.858123588562011719e+01,2.371289825439453125e+01,2.854530143737792969e+01,3.511212539672851562e+01,2.794649314880371094e+01,2.025750732421875000e+01,8.272878646850585938e+00,2.781829595565795898e+00,2.472954034805297852e+00,nan,nan,nan,nan,nan,nan,nan,nan,nan,nan,nan,nan,nan
nan,nan,nan,nan,nan,nan,nan,nan,nan,nan,nan,nan,nan,nan,nan,nan,nan,nan,nan,nan,nan,1.246353054046630859e+01,8.530480384826660156e+00,7.925541877746582031e+00,1.246443271636962891e+01,1.507481288909912109e+01,1.539151859283447266e+01,nan,nan,nan,nan,nan,nan,nan,nan,nan,nan,nan,nan,nan,nan,nan,nan,nan,nan,nan,nan,nan,nan,nan,nan,nan,nan,nan,nan,nan,nan,nan,nan,nan,nan,nan,nan,nan,nan,nan,nan,nan,nan,nan,nan,nan,nan,nan,nan,nan,nan,nan,nan,nan,nan,nan,nan,nan,nan,nan,nan,nan,nan,nan,nan,nan,nan,nan,nan,nan,nan,nan,nan,nan,8.442568778991699219e+00,1.234288787841796875e+01,2.396015548706054688e+01,2.451886558532714844e+01,2.556084251403808594e+01,1.536415195465087891e+01,2.532812118530273438e+01,2.136026191711425781e+01,-2.309918403625488281e+00,-2.200152635574340820e+00,1.593181490898132324e+00,-6.065088748931884766e+00,3.397302389144897461e+00,nan,nan,nan,nan,nan,nan,nan,nan,nan,nan,nan,nan
nan,nan,nan,nan,nan,nan,nan,nan,nan,nan,nan,nan,nan,nan,nan,nan,nan,nan,nan,nan,nan,1.327418327331542969e+01,1.249848461151123047e+01,1.771557044982910156e+01,2.973910903930664062e+01,8.408097267150878906e+00,8.129529953002929688e+00,1.603832244873046875e+01,nan,nan,nan,nan,nan,nan,nan,nan,nan,nan,nan,nan,nan,nan,nan,nan,nan,nan,nan,nan,nan,nan,nan,nan,nan,nan,nan,nan,nan,nan,nan,nan,nan,nan,nan,nan,nan,nan,nan,nan,nan,nan,nan,nan,nan,nan,nan,nan,nan,nan,nan,nan,nan,nan,nan,nan,nan,nan,nan,nan,nan,nan,nan,nan,nan,nan,nan,nan,nan,nan,nan,1.431217384338378906e+01,1.033061981201171875e+01,9.493975639343261719e+00,1.903580474853515625e+01,2.189023208618164062e+01,2.771589088439941406e+01,2.569945335388183594e+01,9.254662513732910156e+00,1.283114147186279297e+01,-3.541292905807495117e+00,-3.663711071014404297e+00,-8.481801748275756836e-01,2.759380817413330078e+00,-2.239616394042968750e+00,nan,nan,nan,nan,nan,nan,nan,nan,nan,nan,nan,nan
nan,nan,nan,nan,nan,nan,nan,nan,nan,nan,nan,nan,nan,nan,nan,nan,nan,nan,nan,nan,nan,8.654481887817382812e+00,1.122021961212158203e+01,1.622832870483398438e+01,2.328409576416015625e+01,3.212698745727539062e+01,1.570871257781982422e+01,1.725840377807617188e+01,nan,nan,nan,nan,nan,nan,nan,nan,nan,nan,nan,nan,nan,nan,nan,nan,nan,nan,nan,nan,nan,nan,nan,nan,nan,nan,nan,nan,nan,nan,nan,nan,nan,nan,nan,nan,nan,nan,nan,nan,nan,nan,nan,nan,nan,nan,nan,nan,nan,nan,nan,nan,nan,nan,nan,nan,nan,nan,nan,nan,nan,nan,nan,nan,nan,nan,nan,nan,nan,nan,nan,1.233027553558349609e+01,4.044946193695068359e+00,1.250410437583923340e+00,2.031650066375732422e+00,7.448474407196044922e+00,2.242052650451660156e+01,2.004658126831054688e+01,2.706254959106445312e+01,1.737447738647460938e+01,1.630108451843261719e+01,9.099040985107421875e+00,4.998912811279296875e+00,-3.410988569259643555e+00,-9.751468300819396973e-01,1.097111415863037109e+01,nan,nan,nan,nan,nan,nan,nan,nan,nan,nan,nan
nan,nan,nan,nan,nan,nan,nan,nan,nan,nan,nan,nan,nan,nan,nan,nan,nan,nan,nan,nan,nan,1.623127937316894531e+01,8.576248168945312500e+00,1.674505615234375000e+01,2.717689514160156250e+01,2.838985633850097656e+01,2.865417480468750000e+01,1.779485893249511719e+01,nan,nan,nan,nan,nan,nan,nan,nan,nan,nan,nan,nan,nan,nan,nan,nan,nan,nan,nan,nan,nan,nan,nan,nan,nan,nan,nan,nan,nan,nan,nan,nan,nan,nan,nan,nan,nan,nan,nan,nan,nan,nan,nan,nan,nan,nan,nan,nan,nan,nan,nan,nan,nan,nan,nan,nan,nan,nan,nan,nan,nan,nan,nan,nan,nan,nan,nan,nan,nan,nan,9.094805717468261719e+00,9.833004951477050781e+00,1.116632652282714844e+01,1.165351033210754395e+00,1.835853457450866699e+00,3.825388669967651367e+00,1.160587120056152344e+01,2.095141220092773438e+01,2.285234260559082031e+01,3.503750991821289062e+01,7.482614994049072266e+00,1.080891990661621094e+01,1.281769847869873047e+01,1.090344333648681641e+01,1.372711944580078125e+01,1.417432212829589844e+01,nan,nan,nan,nan,nan,nan,nan,nan,nan,nan,nan
nan,nan,nan,nan,nan,nan,nan,nan,nan,nan,nan,nan,nan,nan,nan,nan,nan,nan,nan,nan,nan,1.841868591308593750e+01,6.777175426483154297e+00,6.556627750396728516e+00,nan,nan,1.989954566955566406e+01,2.870300483703613281e+01,6.100644111633300781e+00,2.960768461227416992e+00,-4.506879806518554688e+00,8.001874923706054688e+00,3.207922697067260742e+00,nan,nan,nan,nan,nan,nan,nan,nan,nan,nan,nan,nan,nan,nan,nan,nan,nan,nan,nan,nan,nan,nan,nan,nan,nan,nan,nan,nan,nan,nan,nan,nan,nan,nan,nan,nan,nan,nan,nan,nan,nan,nan,nan,nan,nan,nan,nan,nan,nan,nan,nan,nan,nan,nan,nan,nan,nan,nan,nan,nan,nan,nan,nan,nan,nan,nan,nan,nan,1.118183994293212891e+01,1.359592437744140625e+01,7.322713732719421387e-01,2.309266805648803711e+00,1.675781250000000000e+01,2.782208442687988281e+01,3.257833480834960938e+01,1.898630142211914062e+01,1.216659069061279297e+01,2.648180961608886719e+01,2.778640556335449219e+01,2.153056907653808594e+01,1.668533515930175781e+01,nan,nan,nan,nan,nan,nan,nan,nan,nan,nan,nan
nan,nan,nan,nan,nan,nan,nan,nan,nan,nan,nan,nan,nan,nan,nan,nan,nan,nan,nan,nan,nan,nan,2.169472312927246094e+01,1.137243556976318359e+01,nan,nan,nan,2.422519111633300781e+01,1.116364860534667969e+01,7.558878898620605469e+00,-2.491304636001586914e+00,-8.304743766784667969e+00,nan,nan,nan,nan,nan,nan,nan,nan,nan,nan,nan,nan,nan,nan,nan,nan,nan,nan,nan,nan,nan,nan,nan,nan,nan,nan,nan,nan,nan,nan,nan,nan,nan,nan,nan,nan,nan,nan,nan,nan,nan,nan,nan,nan,nan,nan,nan,nan,nan,nan,nan,nan,nan,nan,nan,nan,nan,nan,nan,nan,nan,nan,nan,nan,nan,nan,nan,nan,nan,1.031989574432373047e+01,nan,nan,nan,1.927262687683105469e+01,2.051239395141601562e+01,4.363609313964843750e+01,1.561407947540283203e+01,1.472409629821777344e+01,2.830834197998046875e+01,3.206302642822265625e+01,2.867926216125488281e+01,1.858402633666992188e+01,nan,nan,nan,nan,nan,nan,nan,nan,nan,nan,nan
nan,nan,nan,nan,nan,nan,nan,nan,nan,nan,nan,nan,nan,nan,nan,nan,nan,nan,nan,nan,nan,nan,nan,2.704653167724609375e+01,3.298178100585937500e+01,2.992759323120117188e+01,3.570081710815429688e+01,3.113819694519042969e+01,1.979829216003417969e+01,1.450038814544677734e+01,5.750684261322021484e+00,1.106048011779785156e+01,nan,nan,nan,nan,nan,nan,nan,nan,nan,nan,nan,nan,nan,nan,nan,nan,nan,nan,nan,nan,nan,nan,nan,nan,nan,nan,nan,nan,nan,nan,nan,nan,nan,nan,nan,nan,nan,nan,nan,nan,nan,nan,nan,nan,nan,nan,nan,nan,nan,nan,nan,nan,nan,nan,nan,nan,nan,nan,nan,nan,nan,nan,nan,nan,nan,nan,nan,nan,nan,nan,nan,nan,nan,1.858050155639648438e+01,2.496759605407714844e+01,2.784733200073242188e+01,2.175493621826171875e+01,1.798484039306640625e+01,3.121142578125000000e+01,3.085613250732421875e+01,2.699890518188476562e+01,1.178474426269531250e+01,nan,nan,nan,nan,nan,nan,nan,nan,nan,nan,nan
nan,nan,nan,nan,nan,nan,nan,nan,nan,nan,nan,nan,nan,nan,nan,nan,nan,nan,nan,nan,nan,nan,nan,3.471516036987304688e+01,3.282732391357421875e+01,3.061612510681152344e+01,1.200216579437255859e+01,1.292663955688476562e+01,nan,1.758549499511718750e+01,nan,nan,7.748001575469970703e+00,nan,nan,nan,nan,nan,nan,nan,nan,nan,nan,nan,nan,nan,nan,nan,nan,nan,nan,nan,nan,nan,nan,nan,nan,nan,nan,nan,nan,nan,nan,nan,nan,nan,nan,nan,nan,nan,nan,nan,nan,nan,nan,nan,nan,nan,nan,nan,nan,nan,nan,nan,nan,nan,nan,nan,nan,nan,nan,nan,nan,nan,nan,nan,nan,nan,nan,nan,nan,nan,nan,nan,2.176907539367675781e+01,1.886508178710937500e+01,2.318857574462890625e+01,2.102380943298339844e+01,2.093859672546386719e+01,1.936854362487792969e+01,3.009648704528808594e+01,3.145879554748535156e+01,2.612106323242187500e+01,2.311489295959472656e+01,2.299680137634277344e+01,nan,nan,nan,nan,nan,nan,nan,nan,nan,nan
nan,nan,nan,nan,nan,nan,nan,nan,nan,nan,nan,nan,nan,nan,nan,nan,nan,nan,nan,nan,nan,2.297541999816894531e+01,2.372333335876464844e+01,3.453949356079101562e+01,3.185263442993164062e+01,3.017620658874511719e+01,3.220227813720703125e+01,3.207474136352539062e+01,nan,1.850285911560058594e+01,nan,nan,9.560647964477539062e+00,nan,nan,nan,nan,nan,nan,nan,nan,nan,nan,nan,nan,nan,nan,nan,nan,nan,nan,nan,nan,nan,nan,nan,nan,nan,nan,nan,nan,nan,nan,nan,nan,nan,nan,nan,nan,nan,nan,nan,nan,nan,nan,nan,nan,nan,nan,nan,nan,nan,nan,nan,nan,nan,nan,nan,nan,nan,nan,nan,nan,nan,nan,nan,nan,nan,nan,nan,nan,nan,nan,nan,nan,1.224971771240234375e+01,2.968546676635742188e+01,2.375259971618652344e+01,2.889316558837890625e+01,2.112117576599121094e+01,2.044625473022460938e+01,2.939058113098144531e+01,1.503365993499755859e+01,nan,nan,nan,nan,nan,nan,nan,nan,nan,nan,nan,nan
nan,nan,nan,nan,nan,nan,nan,nan,nan,nan,nan,nan,nan,nan,nan,nan,nan,nan,nan,nan,nan,2.268663215637207031e+01,2.335771179199218750e+01,1.896711158752441406e+01,2.351374816894531250e+01,2.765980148315429688e+01,3.064721870422363281e+01,2.834848022460937500e+01,2.161952400207519531e+01,2.911437416076660156e+01,1.865628242492675781e+01,1.606988143920898438e+01,nan,nan,nan,nan,nan,nan,nan,nan,nan,nan,nan,nan,nan,nan,nan,nan,nan,nan,nan,nan,nan,nan,nan,nan,nan,nan,nan,nan,nan,nan,nan,nan,nan,nan,nan,nan,nan,nan,nan,nan,nan,nan,nan,nan,nan,nan,nan,nan,nan,nan,nan,nan,nan,nan,nan,nan,nan,nan,nan,nan,nan,nan,nan,nan,nan,nan,nan,nan,nan,nan,nan,nan,nan,2.594620323181152344e+01,3.266438293457031250e+01,3.148733901977539062e+01,2.678405952453613281e+01,2.797706604003906250e+01,3.020218658447265625e+01,2.059190750122070312e+01,1.645451354980468750e+01,nan,nan,nan,nan,nan,nan,nan,nan,nan,nan,nan,nan
nan,nan,nan,nan,nan,nan,nan,nan,nan,nan,nan,nan,nan,nan,nan,nan,nan,nan,nan,nan,nan,2.242939186096191406e+01,2.317922782897949219e+01,1.585812568664550781e+01,1.556964683532714844e+01,1.558017826080322266e+01,2.455449867248535156e+01,2.240117835998535156e+01,2.424162673950195312e+01,1.203831100463867188e+01,-2.139609336853027344e+00,1.927553939819335938e+01,nan,nan,nan,nan,nan,nan,nan,nan,nan,nan,nan,nan,nan,nan,nan,nan,nan,nan,nan,nan,nan,nan,nan,nan,nan,nan,nan,nan,nan,nan,nan,nan,nan,nan,nan,nan,nan,nan,nan,nan,nan,nan,nan,nan,nan,nan,nan,nan,nan,nan,nan,nan,nan,nan,nan,nan,nan,nan,nan,nan,nan,nan,nan,nan,nan,nan,nan,nan,nan,nan,nan,nan,nan,2.518920135498046875e+01,3.691261672973632812e+01,3.322185897827148438e+01,3.224227142333984375e+01,3.847197341918945312e+01,3.092577362060546875e+01,1.861850166320800781e+01,1.853182792663574219e+01,nan,nan,nan,nan,nan,nan,nan,nan,nan,nan,nan,nan
nan,nan,nan,nan,nan,nan,nan,nan,nan,nan,nan,nan,nan,nan,nan,nan,nan,nan,nan,nan,nan,nan,2.360735321044921875e+01,2.450376129150390625e+01,9.254736900329589844e+00,nan,2.698397636413574219e+01,nan,nan,1.532067871093750000e+01,5.816289424896240234e+00,nan,nan,nan,nan,nan,nan,nan,nan,nan,nan,nan,nan,nan,nan,nan,nan,nan,nan,nan,nan,nan,nan,nan,nan,nan,nan,nan,nan,nan,nan,nan,nan,nan,nan,nan,nan,nan,nan,nan,nan,nan,nan,nan,nan,nan,nan,nan,nan,nan,nan,nan,nan,nan,nan,nan,nan,nan,nan,nan,nan,nan,nan,nan,nan,nan,nan,nan,nan,nan,nan,nan,nan,nan,2.229508209228515625e+01,7.409022331237792969e+00,2.465019607543945312e+01,3.180960655212402344e+01,3.903113174438476562e+01,4.181427383422851562e+01,2.694071197509765625e+01,1.525580692291259766e+01,5.138878345489501953e+00,nan,nan,nan,nan,nan,nan,nan,nan,nan,nan,nan,nan
nan,nan,nan,nan,nan,nan,nan,nan,nan,nan,nan,nan,nan,nan,nan,nan,nan,nan,nan,nan,nan,2.390061759948730469e+01,2.477446746826171875e+01,7.818978786468505859e+00,5.956385612487792969e+00,nan,2.606564521789550781e+01,3.538078689575195312e+01,2.935103225708007812e+01,1.306152534484863281e+01,2.538686370849609375e+01,nan,nan,nan,nan,nan,nan,nan,nan,nan,nan,nan,nan,nan,nan,nan,nan,nan,nan,nan,nan,nan,nan,nan,nan,nan,nan,nan,nan,nan,nan,nan,nan,nan,nan,nan,nan,nan,nan,nan,nan,nan,nan,nan,nan,nan,nan,nan,nan,nan,nan,nan,nan,nan,nan,nan,nan,nan,nan,nan,nan,nan,nan,nan,nan,nan,nan,nan,nan,nan,nan,nan,nan,nan,2.127145767211914062e+01,2.428585290908813477e+00,1.601973342895507812e+01,2.492977142333984375e+01,3.575439453125000000e+01,3.346775436401367188e+01,2.136943244934082031e+01,9.596662521362304688e+00,1.994840812683105469e+01,nan,nan,nan,nan,nan,nan,nan,nan,nan,nan,nan,nan
nan,nan,nan,nan,nan,nan,nan,nan,nan,nan,nan,nan,nan,nan,nan,nan,nan,nan,nan,nan,2.565856170654296875e+01,2.493533897399902344e+01,3.259483337402343750e+01,1.880546569824218750e+01,6.746256351470947266e+00,1.931300759315490723e+00,3.607631683349609375e+01,3.767402267456054688e+01,2.704257583618164062e+01,1.768200683593750000e+01,2.712340736389160156e+01,nan,nan,nan,nan,nan,nan,nan,nan,nan,nan,nan,nan,nan,nan,nan,nan,nan,nan,nan,nan,nan,nan,nan,nan,nan,nan,nan,nan,nan,nan,nan,nan,nan,nan,nan,nan,nan,nan,nan,nan,nan,nan,nan,nan,nan,nan,nan,nan,nan,nan,nan,nan,nan,nan,nan,nan,nan,nan,nan,nan,nan,nan,nan,nan,nan,nan,nan,nan,nan,nan,nan,nan,nan,1.993556594848632812e+01,nan,1.255248641967773438e+01,-2.818995237350463867e+00,2.800319099426269531e+01,2.564747428894042969e+01,7.981636524200439453e+00,5.641094207763671875e+00,nan,nan,nan,nan,nan,nan,nan,nan,nan,nan,nan,nan,nan
nan,nan,nan,nan,nan,nan,nan,nan,nan,nan,nan,nan,nan,nan,nan,nan,nan,nan,nan,nan,2.712421607971191406e+01,2.762790489196777344e+01,3.106072044372558594e+01,2.983007431030273438e+01,1.647590827941894531e+01,2.823389434814453125e+01,4.346025848388671875e+01,4.068173217773437500e+01,3.123355865478515625e+01,2.714829826354980469e+01,nan,nan,nan,nan,nan,nan,nan,nan,nan,nan,nan,nan,nan,nan,nan,nan,nan,nan,nan,nan,nan,nan,nan,nan,nan,nan,nan,nan,nan,nan,nan,nan,nan,nan,nan,nan,nan,nan,nan,nan,nan,nan,nan,nan,nan,nan,nan,nan,nan,nan,nan,nan,nan,nan,nan,nan,nan,nan,nan,nan,nan,nan,nan,nan,nan,nan,nan,nan,nan,nan,nan,nan,nan,nan,1.781532859802246094e+01,1.975472640991210938e+01,1.941602706909179688e+01,1.258929538726806641e+01,2.454436302185058594e+01,2.447476387023925781e+01,4.414705276489257812e+00,1.032813167572021484e+01,nan,nan,nan,nan,nan,nan,nan,nan,nan,nan,nan,nan,nan
nan,nan,nan,nan,nan,nan,nan,nan,nan,nan,nan,nan,nan,nan,nan,nan,nan,nan,nan,nan,nan,2.831219291687011719e+01,3.993183898925781250e+01,3.228674316406250000e+01,4.066517257690429688e+01,4.290574645996093750e+01,4.312037277221679688e+01,4.153629684448242188e+01,3.230985641479492188e+01,2.981740379333496094e+01,3.131422615051269531e+01,nan,nan,nan,nan,nan,nan,nan,nan,nan,nan,nan,nan,nan,nan,nan,nan,nan,nan,nan,nan,nan,nan,nan,nan,nan,nan,nan,nan,nan,nan,nan,nan,nan,nan,nan,nan,nan,nan,nan,nan,nan,nan,nan,nan,nan,nan,nan,nan,nan,nan,nan,nan,nan,nan,nan,nan,nan,nan,nan,nan,nan,nan,nan,nan,nan,nan,nan,nan,nan,nan,nan,nan,nan,nan,nan,nan,7.499523639678955078e+00,1.698167228698730469e+01,2.122927474975585938e+01,1.251719570159912109e+01,8.446710586547851562e+00,nan,nan,nan,nan,nan,nan,nan,nan,nan,nan,nan,nan,nan
nan,nan,nan,nan,nan,nan,nan,nan,nan,nan,nan,nan,nan,nan,nan,nan,nan,nan,nan,nan,nan,2.948030471801757812e+01,4.770151519775390625e+01,3.253004455566406250e+01,2.944331550598144531e+01,3.592854309082031250e+01,3.994918441772460938e+01,4.096998214721679688e+01,3.669951629638671875e+01,2.817827987670898438e+01,nan,nan,nan,nan,nan,nan,nan,nan,nan,nan,nan,nan,nan,nan,nan,nan,nan,nan,nan,nan,nan,nan,nan,nan,nan,nan,nan,nan,nan,nan,nan,nan,nan,nan,nan,nan,nan,nan,nan,nan,nan,nan,nan,nan,nan,nan,nan,nan,nan,nan,nan,nan,nan,nan,nan,nan,nan,nan,nan,nan,nan,nan,nan,nan,nan,nan,nan,nan,nan,nan,nan,nan,nan,nan,nan,nan,nan,1.757108879089355469e+01,5.713373184204101562e+00,1.638344383239746094e+01,1.309300041198730469e+01,1.214108276367187500e+01,1.517560005187988281e+01,nan,nan,nan,nan,nan,nan,nan,nan,nan,nan,nan,nan
nan,nan,nan,nan,nan,nan,nan,nan,nan,nan,nan,nan,nan,nan,nan,nan,nan,nan,nan,nan,nan,3.068229484558105469e+01,4.244319152832031250e+01,2.175379371643066406e+01,2.471321296691894531e+01,3.141070938110351562e+01,3.655163574218750000e+01,3.777183151245117188e+01,3.764385223388671875e+01,2.919371032714843750e+01,3.034791564941406250e+01,nan,nan,nan,nan,nan,nan,nan,nan,nan,nan,nan,nan,nan,nan,nan,nan,nan,nan,nan,nan,nan,nan,nan,nan,nan,nan,nan,nan,nan,nan,nan,nan,nan,nan,nan,nan,nan,nan,nan,nan,nan,nan,nan,nan,nan,nan,nan,nan,nan,nan,nan,nan,nan,nan,nan,nan,nan,nan,nan,nan,nan,nan,nan,nan,nan,nan,nan,nan,nan,nan,nan,nan,nan,nan,nan,nan,nan,1.445457744598388672e+01,1.547644710540771484e+01,1.260496520996093750e+01,7.696341514587402344e+00,nan,nan,nan,nan,nan,nan,nan,nan,nan,nan,nan,nan,nan
nan,nan,nan,nan,nan,nan,nan,nan,nan,nan,nan,nan,nan,nan,nan,nan,nan,nan,nan,nan,nan,nan,nan,2.768962097167968750e+01,2.616742134094238281e+01,3.453815841674804688e+01,4.138768386840820312e+01,3.740605926513671875e+01,3.551245498657226562e+01,3.336203002929687500e+01,2.883461952209472656e+01,nan,nan,nan,nan,nan,nan,nan,nan,nan,nan,nan,nan,nan,nan,nan,nan,nan,nan,nan,nan,nan,nan,nan,nan,nan,nan,nan,nan,nan,nan,nan,nan,nan,nan,nan,nan,nan,nan,nan,nan,nan,nan,nan,nan,nan,nan,nan,nan,nan,nan,nan,nan,nan,nan,nan,nan,nan,nan,nan,nan,nan,nan,nan,nan,nan,nan,nan,nan,nan,nan,nan,nan,nan,nan,nan,nan,nan,1.453140830993652344e+01,2.598149299621582031e+01,6.837181091308593750e+00,8.762475013732910156e+00,nan,nan,nan,nan,nan,nan,nan,nan,nan,nan,nan,nan,nan
nan,nan,nan,nan,nan,nan,nan,nan,nan,nan,nan,nan,nan,nan,nan,nan,nan,nan,nan,nan,nan,nan,nan,nan,2.408146286010742188e+01,2.946558189392089844e+01,3.540926361083984375e+01,3.545246505737304688e+01,3.274553680419921875e+01,3.215143585205078125e+01,2.414931869506835938e+01,2.416513824462890625e+01,1.829842567443847656e+01,2.002029991149902344e+01,nan,nan,nan,nan,nan,nan,nan,nan,nan,nan,nan,nan,nan,nan,nan,nan,nan,nan,nan,nan,nan,nan,nan,nan,nan,nan,nan,nan,nan,nan,nan,nan,nan,nan,nan,nan,nan,nan,nan,nan,nan,nan,nan,nan,nan,nan,nan,nan,nan,nan,nan,nan,nan,nan,nan,nan,nan,nan,nan,nan,nan,nan,nan,nan,nan,nan,nan,nan,nan,nan,nan,2.501619529724121094e+01,2.573261260986328125e+01,4.315494155883789062e+01,3.277424621582031250e+01,1.876180839538574219e+01,2.337390899658203125e+01,2.058018875122070312e+01,nan,nan,nan,nan,nan,nan,nan,nan,nan,nan,nan,nan,nan
nan,nan,nan,nan,nan,nan,nan,nan,nan,nan,nan,nan,nan,nan,nan,nan,nan,nan,nan,nan,nan,nan,nan,nan,2.828569984436035156e+01,3.146774101257324219e+01,3.183960723876953125e+01,2.991620826721191406e+01,3.127852630615234375e+01,3.121629142761230469e+01,2.416558074951171875e+01,2.263244819641113281e+01,1.820392036437988281e+01,8.328804016113281250e+00,1.708012390136718750e+01,nan,nan,nan,nan,nan,nan,nan,nan,nan,nan,nan,nan,nan,nan,nan,nan,nan,nan,nan,nan,nan,nan,nan,nan,nan,nan,nan,nan,nan,nan,nan,nan,nan,nan,nan,nan,nan,nan,nan,nan,nan,nan,nan,nan,nan,nan,nan,nan,nan,nan,nan,nan,nan,nan,nan,nan,nan,nan,nan,nan,nan,nan,nan,nan,nan,nan,nan,nan,nan,nan,1.379096508026123047e+01,2.221477508544921875e+01,4.008600234985351562e+01,3.537096023559570312e+01,2.540377426147460938e+01,nan,nan,nan,nan,nan,nan,nan,nan,nan,nan,nan,nan,nan,nan,nan
nan,nan,nan,nan,nan,nan,nan,nan,nan,nan,nan,nan,nan,nan,nan,nan,nan,nan,nan,nan,nan,nan,nan,nan,2.941654396057128906e+01,3.036542129516601562e+01,2.977956771850585938e+01,2.694879531860351562e+01,2.342624282836914062e+01,2.906122207641601562e+01,2.777967834472656250e+01,2.489483070373535156e+01,1.753787803649902344e+01,9.500575065612792969e+00,6.062851428985595703e+00,nan,nan,nan,nan,nan,nan,nan,nan,nan,nan,nan,nan,nan,nan,nan,nan,nan,nan,nan,nan,nan,nan,nan,nan,nan,nan,nan,nan,nan,nan,nan,nan,nan,nan,nan,nan,nan,nan,nan,nan,nan,nan,nan,nan,nan,nan,nan,nan,nan,nan,nan,nan,nan,nan,nan,nan,nan,nan,nan,nan,nan,nan,nan,nan,nan,nan,nan,nan,nan,nan,1.797343254089355469e+01,3.276377487182617188e+01,3.959262847900390625e+01,3.855562210083007812e+01,2.678419876098632812e+01,nan,nan,nan,nan,nan,nan,nan,nan,nan,nan,nan,nan,nan,nan,nan
nan,nan,nan,nan,nan,nan,nan,nan,nan,nan,nan,nan,nan,nan,nan,nan,nan,nan,nan,nan,nan,nan,nan,nan,nan,2.277405357360839844e+01,2.698335456848144531e+01,2.772486877441406250e+01,2.757952499389648438e+01,2.614204025268554688e+01,2.216135025024414062e+01,2.320469856262207031e+01,2.231313896179199219e+01,1.268329048156738281e+01,9.972728729248046875e+00,1.556991291046142578e+01,nan,nan,nan,nan,nan,nan,nan,nan,nan,nan,nan,nan,nan,nan,nan,nan,nan,nan,nan,nan,nan,nan,nan,nan,nan,nan,nan,nan,nan,nan,nan,nan,nan,nan,nan,nan,nan,nan,nan,nan,nan,nan,nan,nan,nan,nan,nan,nan,nan,nan,nan,nan,nan,nan,nan,nan,nan,nan,nan,nan,nan,nan,nan,nan,nan,nan,nan,nan,5.771564006805419922e+00,2.309825325012207031e+01,3.753321075439453125e+01,4.558467102050781250e+01,3.691057586669921875e+01,2.765609169006347656e+01,nan,nan,nan,nan,nan,nan,nan,nan,nan,nan,nan,nan,nan,nan,nan
nan,nan,nan,nan,nan,nan,nan,nan,nan,nan,nan,nan,nan,nan,nan,nan,nan,nan,nan,nan,nan,nan,nan,nan,nan,3.146190261840820312e+01,3.031457710266113281e+01,2.585123062133789062e+01,2.659782409667968750e+01,2.590204238891601562e+01,2.233575248718261719e+01,2.117451858520507812e+01,2.100367736816406250e+01,1.785622406005859375e+01,1.517877388000488281e+01,8.680213928222656250e+00,nan,nan,nan,nan,nan,nan,nan,nan,nan,nan,nan,nan,nan,nan,nan,nan,nan,nan,nan,nan,nan,nan,nan,nan,nan,nan,nan,nan,nan,nan,nan,nan,nan,nan,nan,nan,nan,nan,nan,nan,nan,nan,nan,nan,nan,nan,nan,nan,nan,nan,nan,nan,nan,nan,nan,nan,nan,nan,nan,nan,nan,nan,nan,nan,nan,nan,nan,1.613528002053499222e-03,9.957151412963867188e+00,8.588705062866210938e+00,3.506498718261718750e+01,3.753569793701171875e+01,2.498053169250488281e+01,2.767326164245605469e+01,nan,nan,nan,nan,nan,nan,nan,nan,nan,nan,nan,nan,nan,nan,nan
nan,nan,nan,nan,nan,nan,nan,nan,nan,nan,nan,nan,nan,nan,nan,nan,nan,nan,nan,nan,nan,nan,nan,2.575150489807128906e+01,2.569110298156738281e+01,2.590397071838378906e+01,2.441475105285644531e+01,2.452389335632324219e+01,2.839887237548828125e+01,2.379581260681152344e+01,1.974443626403808594e+01,2.076152801513671875e+01,2.102169609069824219e+01,1.944831848144531250e+01,1.548715972900390625e+01,1.147586536407470703e+01,1.437097454071044922e+01,nan,nan,nan,nan,nan,nan,nan,nan,nan,nan,nan,nan,nan,nan,nan,nan,nan,nan,nan,nan,nan,nan,nan,nan,nan,nan,nan,nan,nan,nan,nan,nan,nan,nan,nan,nan,nan,nan,nan,nan,nan,nan,nan,nan,nan,nan,nan,nan,nan,nan,nan,nan,nan,nan,nan,nan,nan,nan,nan,nan,nan,nan,nan,nan,nan,1.223951530456542969e+01,1.295974016189575195e+00,9.677893638610839844e+00,2.212456321716308594e+01,2.367257499694824219e+01,2.654903793334960938e+01,nan,nan,nan,nan,nan,nan,nan,nan,nan,nan,nan,nan,nan,nan,nan,nan,nan
nan,nan,nan,nan,nan,nan,nan,nan,nan,nan,nan,nan,nan,nan,nan,nan,nan,nan,nan,nan,nan,nan,nan,nan,nan,2.474465179443359375e+01,2.198239326477050781e+01,2.301995849609375000e+01,2.398380470275878906e+01,2.175793838500976562e+01,1.918936920166015625e+01,1.649397659301757812e+01,1.848559761047363281e+01,1.983960723876953125e+01,1.570453834533691406e+01,1.336536121368408203e+01,8.618309974670410156e+00,nan,nan,nan,nan,nan,nan,nan,nan,nan,nan,nan,nan,nan,nan,nan,nan,nan,nan,nan,nan,nan,nan,nan,nan,nan,nan,nan,nan,nan,nan,nan,nan,nan,nan,nan,nan,nan,nan,nan,nan,nan,nan,nan,nan,nan,nan,nan,nan,nan,nan,nan,nan,nan,nan,nan,nan,nan,nan,nan,nan,nan,nan,nan,nan,nan,1.072304606437683105e+00,1.673607587814331055e+00,8.751038551330566406e+00,1.054050827026367188e+01,1.798023796081542969e+01,1.857821083068847656e+01,nan,nan,nan,nan,nan,nan,nan,nan,nan,nan,nan,nan,nan,nan,nan,nan,nan
nan,nan,nan,nan,nan,nan,nan,nan,nan,nan,nan,nan,nan,nan,nan,nan,nan,nan,nan,nan,nan,nan,nan,nan,nan,nan,1.899173927307128906e+01,2.085766983032226562e+01,2.271677589416503906e+01,2.145197105407714844e+01,1.903802680969238281e+01,1.617667007446289062e+01,1.536556720733642578e+01,1.704383277893066406e+01,1.737478446960449219e+01,1.718045234680175781e+01,1.620198440551757812e+01,1.271693134307861328e+01,nan,nan,nan,nan,nan,nan,nan,nan,nan,nan,nan,nan,nan,nan,nan,nan,nan,nan,nan,nan,nan,nan,nan,nan,nan,nan,nan,nan,nan,nan,nan,nan,nan,nan,nan,nan,nan,nan,nan,nan,nan,nan,nan,nan,nan,nan,nan,nan,nan,nan,nan,nan,nan,nan,nan,nan,nan,nan,nan,nan,nan,nan,nan,nan,1.511951327323913574e+00,3.669988632202148438e+00,1.381174659729003906e+01,2.372487258911132812e+01,1.601948547363281250e+01,1.203727722167968750e+01,2.115857505798339844e+01,nan,nan,nan,nan,nan,nan,nan,nan,nan,nan,nan,nan,nan,nan,nan,nan
nan,nan,nan,nan,nan,nan,nan,nan,nan,nan,nan,nan,nan,nan,nan,nan,nan,nan,nan,nan,nan,nan,nan,nan,nan,nan,1.403580093383789062e+01,1.913928985595703125e+01,2.082228469848632812e+01,2.053921127319335938e+01,2.167245864868164062e+01,1.737908744812011719e+01,1.379573917388916016e+01,1.471372318267822266e+01,1.449093532562255859e+01,1.574146747589111328e+01,1.456335544586181641e+01,1.013086700439453125e+01,nan,nan,nan,nan,nan,nan,nan,nan,nan,nan,nan,nan,nan,nan,nan,nan,nan,nan,nan,nan,nan,nan,nan,nan,nan,nan,nan,nan,nan,nan,nan,nan,nan,nan,nan,nan,nan,nan,nan,nan,nan,nan,nan,nan,nan,nan,nan,nan,nan,nan,nan,nan,nan,nan,nan,nan,nan,nan,nan,nan,nan,nan,nan,nan,4.390529632568359375e+00,8.478480339050292969e+00,2.591762542724609375e+01,2.296410179138183594e+01,1.802239227294921875e+01,1.337962532043457031e+01,1.949109840393066406e+01,nan,nan,nan,nan,nan,nan,nan,nan,nan,nan,nan,nan,nan,nan,nan,nan
nan,nan,nan,nan,nan,nan,nan,nan,nan,nan,nan,nan,nan,nan,nan,nan,nan,nan,nan,nan,nan,nan,nan,nan,nan,nan,2.326240730285644531e+01,2.575377082824707031e+01,3.108681297302246094e+01,3.113491058349609375e+01,2.543731880187988281e+01,1.654560089111328125e+01,1.057351684570312500e+01,1.285283088684082031e+01,1.441135692596435547e+01,1.359435081481933594e+01,1.313161468505859375e+01,1.158878231048583984e+01,nan,nan,nan,nan,nan,nan,nan,nan,nan,nan,nan,nan,nan,nan,nan,nan,nan,nan,nan,nan,nan,nan,nan,nan,nan,nan,nan,nan,nan,nan,nan,nan,nan,nan,nan,nan,nan,nan,nan,nan,nan,nan,nan,nan,nan,nan,nan,nan,nan,nan,nan,nan,nan,nan,nan,nan,nan,nan,nan,nan,nan,nan,nan,nan,6.896093845367431641e+00,4.761320114135742188e+00,2.729414558410644531e+01,2.167375946044921875e+01,2.047023200988769531e+01,2.601721572875976562e+01,1.850729751586914062e+01,nan,nan,nan,nan,nan,nan,nan,nan,nan,nan,nan,nan,nan,nan,nan,nan
nan,nan,nan,nan,nan,nan,nan,nan,nan,nan,nan,nan,nan,nan,nan,nan,nan,nan,nan,nan,nan,nan,nan,nan,nan,nan,nan,nan,3.384545516967773438e+01,2.876835632324218750e+01,2.092317771911621094e+01,1.550815773010253906e+01,8.387772560119628906e+00,1.283296394348144531e+01,1.232447338104248047e+01,1.236095714569091797e+01,1.334926319122314453e+01,1.040878582000732422e+01,nan,nan,4.501807212829589844e+00,nan,nan,nan,nan,nan,nan,nan,nan,nan,nan,nan,nan,nan,nan,nan,nan,nan,nan,nan,nan,nan,nan,nan,nan,nan,nan,nan,nan,nan,nan,nan,nan,nan,nan,nan,nan,nan,nan,nan,nan,nan,nan,nan,nan,nan,nan,nan,nan,nan,nan,nan,nan,nan,nan,nan,nan,nan,nan,nan,8.769351005554199219e+00,-2.645450592041015625e+00,6.299532890319824219e+00,1.693798637390136719e+01,2.033816528320312500e+01,1.982177543640136719e+01,2.008231925964355469e+01,nan,nan,nan,nan,nan,nan,nan,nan,nan,nan,nan,nan,nan,nan,nan,nan,nan,nan
nan,nan,nan,nan,nan,nan,nan,nan,nan,nan,nan,nan,nan,nan,nan,nan,nan,nan,nan,nan,nan,nan,nan,nan,nan,nan,nan,nan,nan,2.216265487670898438e+01,2.054905700683593750e+01,9.283094406127929688e+00,1.185746002197265625e+01,9.541058540344238281e+00,7.762945652008056641e+00,9.785068511962890625e+00,1.037328147888183594e+01,1.074195194244384766e+01,6.781343221664428711e-01,-1.085105419158935547e+00,-8.082339167594909668e-01,2.458287715911865234e+00,nan,nan,nan,nan,nan,nan,nan,nan,nan,nan,nan,nan,nan,nan,nan,nan,nan,nan,nan,nan,nan,nan,nan,nan,nan,nan,nan,nan,nan,nan,nan,nan,nan,nan,nan,nan,nan,nan,nan,nan,nan,nan,nan,nan,nan,nan,nan,nan,nan,nan,nan,nan,nan,nan,nan,nan,nan,nan,2.957801103591918945e+00,1.174176454544067383e+00,3.870753526687622070e+00,1.598734378814697266e+01,1.572147560119628906e+01,2.302051544189453125e+01,1.716097640991210938e+01,nan,nan,nan,nan,nan,nan,nan,nan,nan,nan,nan,nan,nan,nan,nan,nan,nan,nan
nan,nan,nan,nan,nan,nan,nan,nan,nan,nan,nan,nan,nan,nan,nan,nan,nan,nan,nan,nan,nan,nan,nan,nan,nan,nan,nan,nan,nan,nan,1.629471969604492188e+01,1.554327869415283203e+01,1.263657379150390625e+01,1.172642612457275391e+01,7.993812084197998047e+00,1.020754241943359375e+01,8.975711822509765625e+00,7.162949085235595703e+00,6.424376964569091797e+00,1.439111351966857910e+00,2.647345960140228271e-01,-1.920385599136352539e+00,1.345477342605590820e+00,nan,nan,nan,nan,nan,nan,nan,nan,nan,nan,nan,nan,nan,nan,nan,nan,nan,nan,nan,nan,nan,nan,nan,nan,nan,nan,nan,nan,nan,nan,nan,nan,nan,nan,nan,nan,nan,nan,nan,nan,nan,nan,nan,nan,nan,nan,nan,nan,nan,nan,nan,nan,nan,nan,nan,8.600911140441894531e+00,5.245880603790283203e+00,4.155108928680419922e+00,7.206541061401367188e+00,1.460650444030761719e+01,1.276907730102539062e+01,1.570240497589111328e+01,1.714836120605468750e+01,8.865091323852539062e+00,nan,nan,nan,nan,nan,nan,nan,nan,nan,nan,nan,nan,nan,nan,nan,nan,nan,nan
nan,nan,nan,nan,nan,nan,nan,nan,nan,nan,nan,nan,nan,nan,nan,nan,nan,nan,nan,nan,nan,nan,nan,nan,nan,nan,nan,nan,nan,nan,nan,1.345305252075195312e+01,1.303638362884521484e+01,1.432545375823974609e+01,7.629737854003906250e+00,4.558262825012207031e+00,7.120650768280029297e+00,8.568280220031738281e+00,1.099663829803466797e+01,5.173789501190185547e+00,-2.334881722927093506e-01,-2.183845043182373047e+00,-1.416178226470947266e+00,-2.241769284009933472e-01,-1.811646103858947754e+00,-3.574758395552635193e-02,-1.258643627166748047e+00,nan,nan,nan,nan,-1.148074507713317871e+00,-1.572733759880065918e+00,nan,nan,-3.171927213668823242e+00,-2.004071712493896484e+00,-4.058491706848144531e+00,-4.397381782531738281e+00,-4.614038467407226562e+00,-4.653041362762451172e+00,nan,nan,nan,nan,nan,nan,nan,nan,nan,nan,nan,nan,nan,nan,nan,nan,nan,nan,nan,nan,nan,nan,nan,nan,nan,nan,nan,nan,nan,nan,nan,nan,nan,nan,nan,nan,nan,9.506704330444335938e+00,-1.792314052581787109e+00,5.866082191467285156e+00,1.467943954467773438e+01,2.190751075744628906e+01,1.451450920104980469e+01,9.712087631225585938e+00,9.098647117614746094e+00,1.450421142578125000e+01,nan,nan,nan,nan,nan,nan,nan,nan,nan,nan,nan,nan,nan,nan,nan,nan,nan,nan
nan,nan,nan,nan,nan,nan,nan,nan,nan,nan,nan,nan,nan,nan,nan,nan,nan,nan,nan,nan,nan,nan,nan,nan,nan,nan,nan,nan,nan,nan,nan,1.179830455780029297e+01,1.254401397705078125e+01,8.280788421630859375e+00,6.731557369232177734e+00,7.786761760711669922e+00,1.728113055229187012e+00,1.032163429260253906e+01,9.227613449096679688e+00,4.848474502563476562e+00,2.692779064178466797e+00,-1.857648938894271851e-01,-3.001404523849487305e+00,-1.336622238159179688e+00,-3.099481105804443359e+00,-3.039338588714599609e+00,-2.734373569488525391e+00,-3.611130237579345703e+00,-1.812653839588165283e-01,-1.090168595314025879e+00,-8.480893969535827637e-01,-1.036790490150451660e+00,-9.173338115215301514e-02,-3.121824741363525391e+00,-3.182605504989624023e+00,-3.939741134643554688e+00,-6.385056972503662109e+00,-5.268547534942626953e+00,-3.606076240539550781e+00,-3.109007120132446289e+00,7.460042834281921387e-01,-1.436531186103820801e+00,-5.465916633605957031e+00,nan,nan,nan,nan,nan,-1.013886070251464844e+01,nan,nan,nan,nan,nan,nan,nan,nan,nan,nan,nan,nan,nan,nan,nan,nan,nan,nan,nan,nan,nan,nan,nan,nan,nan,nan,nan,nan,nan,nan,-1.463514208793640137e+00,4.519404888153076172e+00,2.165523719787597656e+01,2.447735786437988281e+01,1.534648609161376953e+01,4.796394348144531250e+00,-2.783666133880615234e+00,nan,nan,nan,nan,nan,nan,nan,nan,nan,nan,nan,nan,nan,nan,nan,nan,nan,nan,nan
nan,nan,nan,nan,nan,nan,nan,nan,nan,nan,nan,nan,nan,nan,nan,nan,nan,nan,nan,nan,nan,nan,nan,nan,nan,nan,nan,nan,nan,nan,nan,nan,1.005505275726318359e+01,9.340466499328613281e+00,9.583117485046386719e+00,4.673780441284179688e+00,8.976852416992187500e+00,1.450795459747314453e+01,1.741153907775878906e+01,1.089098072052001953e+01,5.818773269653320312e+00,2.251228570938110352e+00,-4.220651388168334961e-01,-2.228733003139495850e-01,-2.640818834304809570e+00,-3.159596443176269531e+00,-2.778263330459594727e+00,-1.532177805900573730e+00,-2.078403234481811523e+00,-2.880828619003295898e+00,-2.952595949172973633e+00,-2.010239362716674805e+00,-1.265512108802795410e+00,1.779910087585449219e+00,1.594637513160705566e+00,-3.505413293838500977e+00,-9.016919136047363281e+00,-4.156121253967285156e+00,-2.974092721939086914e+00,-8.563276290893554688e+00,-1.044516849517822266e+01,-7.224696636199951172e+00,-8.540392875671386719e+00,-8.566517829895019531e+00,-2.465122938156127930e+00,-1.778669714927673340e+00,-9.110227584838867188e+00,-1.005082130432128906e+01,-1.071485137939453125e+01,nan,nan,nan,nan,nan,nan,nan,nan,nan,nan,nan,nan,nan,nan,nan,nan,nan,nan,nan,nan,nan,nan,nan,nan,nan,nan,nan,nan,nan,9.678603172302246094e+00,4.488273620605468750e+00,1.978931808471679688e+01,2.503366851806640625e+01,1.605917358398437500e+01,1.594692516326904297e+01,1.545666217803955078e+01,nan,nan,nan,nan,nan,nan,nan,nan,nan,nan,nan,nan,nan,nan,nan,nan,nan,nan,nan,nan
nan,nan,nan,nan,nan,nan,nan,nan,nan,nan,nan,nan,nan,nan,nan,nan,nan,nan,nan,nan,nan,nan,nan,nan,nan,nan,nan,nan,nan,nan,nan,nan,nan,nan,8.905298233032226562e+00,8.406768798828125000e+00,1.303351306915283203e+01,1.311879348754882812e+01,1.274313354492187500e+01,1.496562576293945312e+01,8.505724906921386719e+00,8.755465507507324219e+00,7.101899147033691406e+00,5.029013156890869141e+00,-7.390125393867492676e-01,-1.471005678176879883e+00,-2.768454313278198242e+00,-2.185839176177978516e+00,-2.277750968933105469e+00,-1.739948511123657227e+00,1.224962830543518066e+00,1.386043310165405273e+00,3.770278394222259521e-01,1.060040116310119629e+00,-1.922255635261535645e+00,-4.788573265075683594e+00,-8.298783302307128906e+00,-4.241859436035156250e+00,-2.952541589736938477e+00,-1.339373016357421875e+01,-1.458474874496459961e+00,-4.466315746307373047e+00,-4.303351879119873047e+00,-7.740782499313354492e-01,-3.638269662857055664e+00,-6.531876564025878906e+00,-1.598785972595214844e+01,nan,nan,nan,nan,nan,nan,nan,nan,nan,nan,nan,nan,nan,nan,nan,nan,nan,nan,nan,nan,nan,nan,nan,nan,nan,nan,nan,nan,nan,nan,nan,1.875472664833068848e+00,2.019041252136230469e+01,2.089872741699218750e+01,2.172912025451660156e+01,9.438415527343750000e+00,1.558203220367431641e+01,2.166900444030761719e+01,nan,nan,nan,nan,nan,nan,nan,nan,nan,nan,nan,nan,nan,nan,nan,nan,nan,nan,nan,nan
nan,nan,nan,nan,nan,nan,nan,nan,nan,nan,nan,nan,nan,nan,nan,nan,nan,nan,nan,nan,nan,nan,nan,nan,nan,nan,nan,nan,nan,nan,nan,nan,nan,nan,6.912353038787841797e+00,9.185720443725585938e+00,1.596474170684814453e+01,1.722134208679199219e+01,1.281547737121582031e+01,1.325138759613037109e+01,9.291860580444335938e+00,1.051177883148193359e+01,1.123817729949951172e+01,8.272911071777343750e+00,2.828974723815917969e+00,-2.303001642227172852e+00,-6.943446397781372070e-01,-1.218260288238525391e+00,-1.352230429649353027e+00,-2.939189195632934570e+00,1.225861072540283203e+00,1.314137458801269531e+00,4.296194016933441162e-01,8.765659332275390625e-01,-1.244844436645507812e+00,-4.417735576629638672e+00,-5.753651618957519531e+00,-4.554991722106933594e+00,-4.477001190185546875e+00,-2.135145366191864014e-01,2.000776767730712891e+00,-1.336793303489685059e+00,-1.518157243728637695e+00,-7.944108963012695312e+00,-1.349203109741210938e+01,-1.484647941589355469e+01,-1.208488368988037109e+01,-4.345964908599853516e+00,nan,nan,nan,nan,nan,nan,nan,nan,nan,nan,nan,nan,nan,nan,nan,nan,nan,nan,nan,nan,nan,nan,nan,nan,nan,nan,nan,nan,nan,-1.162096500396728516e+00,2.223155975341796875e+00,2.018315887451171875e+01,1.805950164794921875e+01,1.789963531494140625e+01,8.082873344421386719e+00,4.491015434265136719e+00,1.438626480102539062e+01,nan,nan,nan,nan,nan,nan,nan,nan,nan,nan,nan,nan,nan,nan,nan,nan,nan,nan,nan,nan
nan,nan,nan,nan,nan,nan,nan,nan,nan,nan,nan,nan,nan,nan,nan,nan,nan,nan,nan,nan,nan,nan,nan,nan,nan,nan,nan,nan,nan,nan,nan,nan,9.845051765441894531e+00,7.200558662414550781e+00,7.638850212097167969e+00,1.228581619262695312e+01,1.742289924621582031e+01,1.857522010803222656e+01,1.541248321533203125e+01,1.559065914154052734e+01,1.205906867980957031e+01,1.099717807769775391e+01,1.321131038665771484e+01,9.206009864807128906e+00,6.102563858032226562e+00,5.299263954162597656e+00,-9.182224273681640625e-01,-1.885083675384521484e+00,-2.809373855590820312e+00,-2.953337907791137695e+00,2.458424329757690430e+00,3.780544281005859375e+00,3.769810438156127930e+00,2.651920795440673828e+00,2.128708600997924805e+00,-6.861492395401000977e-01,-2.914412975311279297e+00,-1.025735020637512207e+00,-4.071038722991943359e+00,-1.381358504295349121e+00,-4.634114265441894531e+00,-1.440006613731384277e+00,1.151648759841918945e+00,-7.076732635498046875e+00,-1.480072593688964844e+01,-2.017472076416015625e+01,-2.289668083190917969e+01,-9.656693458557128906e+00,-1.176181888580322266e+01,nan,nan,nan,nan,nan,nan,nan,nan,nan,nan,nan,nan,nan,nan,nan,nan,nan,nan,nan,nan,nan,nan,nan,nan,nan,nan,5.095423221588134766e+00,-1.789631128311157227e+00,-3.261544406414031982e-01,4.115317344665527344e+00,1.492546939849853516e+01,1.899741935729980469e+01,nan,nan,1.462528133392333984e+01,nan,nan,nan,nan,nan,nan,nan,nan,nan,nan,nan,nan,nan,nan,nan,nan,nan,nan,nan,nan,nan
nan,nan,nan,nan,nan,nan,nan,nan,nan,nan,nan,nan,nan,nan,nan,nan,nan,nan,nan,nan,nan,nan,nan,nan,nan,nan,nan,nan,nan,nan,nan,nan,9.824411392211914062e+00,8.014912605285644531e+00,8.259733200073242188e+00,1.466959953308105469e+01,1.526200389862060547e+01,1.184542369842529297e+01,1.298435306549072266e+01,1.399799919128417969e+01,9.837292671203613281e+00,1.602752113342285156e+01,1.557007408142089844e+01,1.029561614990234375e+01,6.664978027343750000e+00,3.628457784652709961e+00,-1.944454550743103027e+00,-5.368484020233154297e+00,-3.600018978118896484e+00,-2.972723484039306641e+00,9.693766832351684570e-01,2.925915956497192383e+00,4.447112560272216797e+00,3.681694984436035156e+00,4.470280647277832031e+00,6.228905200958251953e+00,-2.209383487701416016e+00,-3.143139600753784180e+00,-6.044006347656250000e-01,2.351144313812255859e+00,-4.186942100524902344e+00,-3.450706720352172852e+00,5.917809486389160156e+00,-5.116641044616699219e+00,-1.191724205017089844e+01,-2.927762222290039062e+01,-1.236249732971191406e+01,1.488882184028625488e+00,nan,nan,nan,nan,nan,nan,nan,nan,nan,nan,nan,nan,nan,nan,nan,nan,nan,nan,nan,nan,nan,nan,nan,nan,nan,nan,nan,nan,-1.444379210472106934e+00,1.115669012069702148e+00,3.423281311988830566e-01,5.997732639312744141e+00,1.076059722900390625e+01,nan,nan,nan,nan,nan,nan,nan,nan,nan,nan,nan,nan,nan,nan,nan,nan,nan,nan,nan,nan,nan,nan,nan,nan
nan,nan,nan,nan,nan,nan,nan,nan,nan,nan,nan,nan,nan,nan,nan,nan,nan,nan,nan,nan,nan,nan,nan,nan,nan,nan,nan,nan,nan,nan,nan,nan,9.508245468139648438e+00,9.882952690124511719e+00,1.170905494689941406e+01,1.391860198974609375e+01,1.241070938110351562e+01,3.303565502166748047e+00,1.179812240600585938e+01,1.485976982116699219e+01,9.440616607666015625e+00,1.555288219451904297e+01,1.705698013305664062e+01,1.442908573150634766e+01,7.092218875885009766e+00,3.871464490890502930e+00,1.744005799293518066e+00,3.794216215610504150e-01,-3.035850286483764648e+00,-3.413290739059448242e+00,-8.202936649322509766e-01,3.914703607559204102e+00,4.092131137847900391e+00,4.012808322906494141e+00,7.320695877075195312e+00,8.918013572692871094e+00,5.798523902893066406e+00,3.895528078079223633e+00,1.130692124366760254e+00,5.088637828826904297e+00,2.515366315841674805e+00,5.307670116424560547e+00,-5.004868030548095703e+00,-3.041251897811889648e+00,-1.569437980651855469e+01,-1.337181949615478516e+01,-2.028583908081054688e+01,nan,nan,nan,nan,nan,nan,nan,nan,nan,nan,nan,nan,nan,nan,nan,nan,nan,nan,nan,nan,nan,nan,nan,nan,nan,nan,nan,nan,4.961888790130615234e+00,2.747956752777099609e+00,1.520238876342773438e+01,7.641351699829101562e+00,nan,nan,nan,nan,nan,nan,nan,nan,nan,nan,nan,nan,nan,nan,nan,nan,nan,nan,nan,nan,nan,nan,nan,nan,nan,nan
nan,nan,nan,nan,nan,nan,nan,nan,nan,nan,nan,nan,nan,nan,nan,nan,nan,nan,nan,nan,nan,nan,nan,nan,nan,nan,nan,nan,nan,nan,nan,nan,nan,3.134502172470092773e+00,1.291621589660644531e+01,1.501973342895507812e+01,1.177501773834228516e+01,9.484537124633789062e+00,1.613202857971191406e+01,1.489329147338867188e+01,1.490495300292968750e+01,1.515560150146484375e+01,1.521637821197509766e+01,1.588033485412597656e+01,1.172910690307617188e+01,7.843466758728027344e+00,3.428822278976440430e+00,1.418042540550231934e+00,-3.699043273925781250e+00,-1.848042726516723633e+00,1.081399202346801758e+00,4.062974929809570312e+00,3.685013294219970703e+00,5.294954299926757812e+00,1.191066169738769531e+01,1.517306137084960938e+01,1.074829006195068359e+01,8.629613876342773438e+00,1.047198486328125000e+01,8.290296554565429688e+00,9.630653381347656250e+00,-7.321491837501525879e-03,-1.220358014106750488e+00,4.507376194000244141e+00,-7.581687927246093750e+00,4.262165632098913193e-03,-9.428186416625976562e+00,nan,nan,nan,nan,nan,nan,nan,nan,nan,nan,nan,nan,nan,nan,nan,nan,nan,nan,nan,nan,nan,nan,nan,nan,nan,nan,nan,3.407302856445312500e+00,5.357431411743164062e+00,7.427873134613037109e+00,9.746667861938476562e+00,nan,nan,nan,nan,nan,nan,nan,nan,nan,nan,nan,nan,nan,nan,nan,nan,nan,nan,nan,nan,nan,nan,nan,nan,nan,nan,nan
nan,nan,nan,nan,nan,nan,nan,nan,nan,nan,nan,nan,nan,nan,nan,nan,nan,nan,nan,nan,nan,nan,nan,nan,nan,nan,nan,nan,nan,nan,nan,nan,nan,2.636282682418823242e+00,7.212397098541259766e+00,1.385091114044189453e+01,1.490302848815917969e+01,8.063892364501953125e+00,8.867370605468750000e+00,1.095759582519531250e+01,1.427298545837402344e+01,1.555980014801025391e+01,1.483145809173583984e+01,1.376589298248291016e+01,1.092726135253906250e+01,1.133192253112792969e+01,5.786635875701904297e+00,-2.484475851058959961e+00,-3.977695226669311523e+00,-3.037663221359252930e+00,5.792518615722656250e+00,5.668056488037109375e+00,3.983005046844482422e+00,6.528696537017822266e+00,2.029893493652343750e+01,2.112927436828613281e+01,1.625461006164550781e+01,1.291310405731201172e+01,1.358089447021484375e+01,1.003868484497070312e+01,1.316252613067626953e+01,-5.596409440040588379e-01,1.797271490097045898e+00,-4.186534583568572998e-01,7.885505676269531250e+00,-2.015304756164550781e+01,nan,nan,nan,nan,nan,nan,nan,nan,nan,nan,nan,nan,nan,nan,nan,nan,nan,nan,nan,nan,nan,nan,nan,nan,nan,nan,nan,nan,3.162980556488037109e+00,1.974638819694519043e+00,1.414908123016357422e+01,1.259599399566650391e+01,6.545726776123046875e+00,nan,nan,nan,nan,nan,nan,nan,nan,nan,nan,nan,nan,nan,nan,nan,nan,nan,nan,nan,nan,nan,nan,nan,nan,nan,nan
nan,nan,nan,nan,nan,nan,nan,nan,nan,nan,nan,nan,nan,nan,nan,nan,nan,nan,nan,nan,nan,nan,nan,nan,nan,nan,nan,nan,nan,nan,nan,nan,nan,7.402876377105712891e+00,4.275431156158447266e+00,7.332974910736083984e+00,8.416004180908203125e+00,4.581248760223388672e+00,7.388240337371826172e+00,9.585927009582519531e+00,1.183911514282226562e+01,1.479636096954345703e+01,1.444967746734619141e+01,1.268064022064208984e+01,1.100143337249755859e+01,1.218680763244628906e+01,1.285834503173828125e+01,3.031692743301391602e+00,-4.668380260467529297e+00,1.136917591094970703e+00,3.569602012634277344e+00,1.948004245758056641e+00,5.929280757904052734e+00,1.208982849121093750e+01,2.121039581298828125e+01,2.048140525817871094e+01,2.126149749755859375e+01,2.220257949829101562e+01,1.833895301818847656e+01,1.475314903259277344e+01,1.423452949523925781e+01,1.785797119140625000e+01,6.678362846374511719e+00,5.561192989349365234e+00,-9.238530158996582031e+00,-2.430443000793457031e+01,-6.565066814422607422e+00,nan,nan,nan,nan,nan,nan,nan,nan,nan,nan,nan,nan,nan,nan,nan,nan,nan,nan,nan,nan,nan,nan,nan,nan,-3.069632649421691895e-01,nan,nan,-6.508904933929443359e+00,6.717344284057617188e+00,1.578081607818603516e+01,nan,nan,nan,nan,nan,nan,nan,nan,nan,nan,nan,nan,nan,nan,nan,nan,nan,nan,nan,nan,nan,nan,nan,nan,nan,nan,nan,nan
nan,nan,nan,nan,nan,nan,nan,nan,nan,nan,nan,nan,nan,nan,nan,nan,nan,nan,nan,nan,nan,nan,nan,nan,nan,nan,nan,nan,nan,nan,nan,nan,nan,5.971062660217285156e+00,4.838669776916503906e+00,5.827229022979736328e+00,6.320590496063232422e+00,7.893174171447753906e+00,1.123303318023681641e+01,1.163484764099121094e+01,9.707729339599609375e+00,1.175019645690917969e+01,1.473292255401611328e+01,1.446534824371337891e+01,1.418243122100830078e+01,1.240058231353759766e+01,7.168152332305908203e+00,2.981185674667358398e+00,-5.267567634582519531e-01,-4.809156954288482666e-01,-3.094975471496582031e+00,5.653422832489013672e+00,1.386300754547119141e+01,1.086996841430664062e+01,2.164400482177734375e+01,2.331256675720214844e+01,2.214686012268066406e+01,2.114847183227539062e+01,1.997191810607910156e+01,1.968451309204101562e+01,1.541031455993652344e+01,1.862784957885742188e+01,9.004979133605957031e+00,1.144945144653320312e+00,-1.600617790222167969e+01,-2.481696701049804688e+01,-1.593180751800537109e+01,nan,nan,nan,nan,nan,nan,nan,nan,nan,nan,nan,nan,nan,nan,nan,nan,nan,nan,nan,nan,nan,nan,nan,-7.450905323028564453e+00,-2.511101961135864258e+00,-2.386102676391601562e+00,-2.658804655075073242e+00,-2.548367023468017578e+00,3.140087842941284180e+00,nan,nan,nan,nan,nan,nan,nan,nan,nan,nan,nan,nan,nan,nan,nan,nan,nan,nan,nan,nan,nan,nan,nan,nan,nan,nan,nan,nan,nan
nan,nan,nan,nan,nan,nan,nan,nan,nan,nan,nan,nan,nan,nan,nan,nan,nan,nan,nan,nan,nan,nan,nan,nan,nan,nan,nan,nan,nan,nan,nan,nan,nan,-2.854278326034545898e+00,5.037371635437011719e+00,7.295466423034667969e+00,8.182280540466308594e+00,1.038371372222900391e+01,1.116527843475341797e+01,1.200062561035156250e+01,8.013999938964843750e+00,1.009739875793457031e+01,1.303246402740478516e+01,1.487661170959472656e+01,1.591542625427246094e+01,1.498852920532226562e+01,1.577400493621826172e+01,7.946197509765625000e+00,2.413950413465499878e-01,nan,-3.031044244766235352e+00,7.433040142059326172e+00,7.223207473754882812e+00,2.048152923583984375e+01,2.672992324829101562e+01,2.715494155883789062e+01,3.099754142761230469e+01,2.515310859680175781e+01,2.153229522705078125e+01,1.872317314147949219e+01,1.396635723114013672e+01,1.336823368072509766e+01,1.108602428436279297e+01,-4.231601715087890625e+00,-1.556425094604492188e+01,-2.087451553344726562e+01,-4.217948436737060547e+00,-6.968495368957519531e+00,-9.379193305969238281e+00,nan,nan,nan,nan,nan,nan,nan,nan,nan,nan,nan,nan,nan,nan,nan,nan,nan,nan,-3.813408136367797852e+00,nan,-2.437982559204101562e+00,-4.520778059959411621e-01,2.873097658157348633e+00,3.907099068164825439e-01,3.911697268486022949e-01,-4.876306653022766113e-01,nan,nan,nan,nan,nan,nan,nan,nan,nan,nan,nan,nan,nan,nan,nan,nan,nan,nan,nan,nan,nan,nan,nan,nan,nan,nan,nan,nan,nan,nan
nan,nan,nan,nan,nan,nan,nan,nan,nan,nan,nan,nan,nan,nan,nan,nan,nan,nan,nan,nan,nan,nan,nan,nan,nan,nan,nan,nan,nan,nan,nan,nan,nan,-5.376282215118408203e+00,9.422647953033447266e-01,7.493989467620849609e+00,8.976516723632812500e+00,7.057826519012451172e+00,9.611339569091796875e+00,1.624143409729003906e+01,1.392570114135742188e+01,8.929496765136718750e+00,1.337200546264648438e+01,1.065521335601806641e+01,1.487868022918701172e+01,1.298229312896728516e+01,1.070177745819091797e+01,4.478317260742187500e+00,1.060681247711181641e+01,nan,8.309896469116210938e+00,8.820067405700683594e+00,1.303482246398925781e+01,2.731780242919921875e+01,3.085897064208984375e+01,3.510911560058593750e+01,3.488207244873046875e+01,2.905546569824218750e+01,2.638969993591308594e+01,2.244936943054199219e+01,1.313539028167724609e+01,9.432213783264160156e+00,7.307775020599365234e+00,1.695546150207519531e+00,-7.161667823791503906e+00,-5.426189899444580078e-01,-3.794610261917114258e+00,3.584725856781005859e+00,8.321541786193847656e+00,-2.151559448242187500e+01,-1.152987766265869141e+01,-2.695018768310546875e+00,-7.635589122772216797e+00,-1.027484989166259766e+01,nan,nan,nan,nan,nan,nan,nan,-7.303103923797607422e+00,-6.907410621643066406e+00,nan,nan,nan,-5.309330463409423828e+00,-4.316187381744384766e+00,nan,3.169006347656250000e+00,-3.555516600608825684e-01,6.414813399314880371e-01,1.933903813362121582e+00,1.002854943275451660e+00,6.731844902038574219e+00,nan,nan,nan,nan,nan,nan,nan,nan,nan,nan,nan,nan,nan,nan,nan,nan,nan,nan,nan,nan,nan,nan,nan,nan,nan,nan,nan,nan,nan,nan
nan,nan,nan,nan,nan,nan,nan,nan,nan,nan,nan,nan,nan,nan,nan,nan,nan,nan,nan,nan,nan,nan,nan,nan,nan,nan,nan,nan,nan,nan,nan,nan,nan,5.891519069671630859e+00,4.889138698577880859e+00,5.900301039218902588e-03,5.937678813934326172e-01,-1.050101637840270996e+00,3.833060979843139648e+00,1.514571094512939453e+01,1.061400032043457031e+01,1.035138607025146484e+01,1.028082180023193359e+01,9.845208168029785156e+00,1.205542850494384766e+01,9.227107048034667969e+00,5.124583721160888672e+00,4.183357238769531250e+00,8.451576232910156250e+00,1.425789642333984375e+01,1.472203826904296875e+01,1.331458950042724609e+01,2.088034057617187500e+01,2.933068084716796875e+01,3.315660476684570312e+01,3.893139266967773438e+01,3.536320114135742188e+01,2.979355430603027344e+01,3.067138481140136719e+01,2.176333618164062500e+01,1.636393356323242188e+01,1.403984451293945312e+01,1.285399723052978516e+01,9.663868904113769531e+00,1.091331768035888672e+01,8.562937736511230469e+00,1.308106327056884766e+01,5.489596843719482422e+00,-1.221600818634033203e+01,-3.048707199096679688e+01,-1.152619934082031250e+01,-1.106632232666015625e+01,-1.058108234405517578e+01,-8.243569374084472656e+00,-5.027601718902587891e+00,-1.160388946533203125e+00,5.604918003082275391e+00,-1.031481361389160156e+01,-3.791406154632568359e+00,-5.136859416961669922e+00,2.781509876251220703e+00,-4.027570724487304688e+00,3.961436748504638672e-01,-6.492378711700439453e-01,nan,-4.612788200378417969e+00,-6.885178089141845703e+00,-3.028397798538208008e+00,2.197618961334228516e+00,-2.423028707504272461e+00,-2.215170383453369141e+00,1.813232064247131348e+00,-1.001001477241516113e+00,-3.869925975799560547e+00,-2.778371572494506836e-01,nan,nan,nan,nan,nan,nan,nan,nan,nan,nan,nan,nan,nan,nan,nan,nan,nan,nan,nan,nan,nan,nan,nan,nan,nan,nan,nan,nan,nan,nan
nan,nan,nan,nan,nan,nan,nan,nan,nan,nan,nan,nan,nan,nan,nan,nan,nan,nan,nan,nan,nan,nan,nan,nan,nan,nan,nan,nan,nan,nan,nan,nan,nan,-5.571212291717529297e+00,3.472631454467773438e+00,-4.976474761962890625e+00,-3.179959297180175781e+00,3.460681736469268799e-01,6.274626731872558594e+00,9.161068916320800781e+00,1.013770580291748047e+01,1.003134727478027344e+01,8.928255081176757812e+00,7.633885860443115234e+00,9.041581153869628906e+00,6.740984916687011719e+00,8.731241226196289062e+00,3.934345483779907227e+00,4.533779621124267578e+00,1.242154979705810547e+01,1.714521408081054688e+01,2.347698020935058594e+01,2.873601531982421875e+01,3.110719871520996094e+01,3.191935920715332031e+01,3.472274398803710938e+01,3.430142974853515625e+01,3.232872009277343750e+01,2.961548233032226562e+01,2.429574966430664062e+01,2.156003189086914062e+01,1.594720649719238281e+01,1.228956699371337891e+01,1.231863307952880859e+01,-1.049364924430847168e+00,4.097260475158691406e+00,6.697808742523193359e+00,2.000684738159179688e+00,-2.143320655822753906e+01,-2.570337486267089844e+01,-2.003963851928710938e+01,-1.771285629272460938e+01,-1.335103702545166016e+01,-4.468795299530029297e+00,-3.531605243682861328e+00,6.127585768699645996e-01,-4.293127954006195068e-01,-8.914953231811523438e+00,-9.466652870178222656e+00,-2.996692895889282227e+00,-7.021341800689697266e+00,-1.105221557617187500e+01,-3.440772056579589844e+00,-2.076187372207641602e+00,-4.724088668823242188e+00,-8.198048591613769531e+00,-7.721405506134033203e+00,-1.579514741897583008e+00,-1.332654190063476562e+01,-3.483519315719604492e+00,nan,1.779942750930786133e+00,-5.755014896392822266e+00,-9.397486686706542969e+00,-8.487672805786132812e-01,nan,nan,nan,nan,nan,nan,nan,nan,nan,nan,nan,nan,nan,nan,nan,nan,nan,nan,nan,nan,nan,nan,nan,nan,nan,nan,nan,nan,nan,nan
nan,nan,nan,nan,nan,nan,nan,nan,nan,nan,nan,nan,nan,nan,nan,nan,nan,nan,nan,nan,nan,nan,nan,nan,nan,nan,nan,nan,nan,nan,nan,nan,nan,-9.516973495483398438e+00,-1.660969495773315430e+00,-3.180207252502441406e+00,-3.447636604309082031e+00,-1.111288666725158691e+00,4.415502548217773438e+00,5.064771652221679688e+00,6.308351039886474609e+00,8.419144630432128906e+00,6.090297698974609375e+00,1.278900623321533203e+00,8.490962028503417969e+00,7.259306430816650391e+00,7.662463188171386719e+00,3.204912424087524414e+00,4.428297519683837891e+00,9.887617111206054688e+00,2.088941955566406250e+01,3.047713470458984375e+01,2.967518806457519531e+01,3.009891128540039062e+01,4.102070617675781250e+01,3.843703079223632812e+01,3.708979797363281250e+01,3.167674827575683594e+01,2.882578086853027344e+01,2.942882537841796875e+01,2.365595245361328125e+01,1.273528099060058594e+01,6.242995738983154297e+00,1.054038333892822266e+01,-4.741000384092330933e-02,2.074531793594360352e+00,nan,nan,nan,-2.410811424255371094e+01,-2.210007476806640625e+01,-2.170774459838867188e+01,-8.938841819763183594e+00,-6.812951087951660156e+00,-8.787577629089355469e+00,-8.435593605041503906e+00,-5.422482490539550781e+00,-1.020179462432861328e+01,-1.285146236419677734e+01,-8.868642807006835938e+00,-1.078770542144775391e+01,-1.526964664459228516e+01,-1.080306243896484375e+01,-9.143668174743652344e+00,-7.724335193634033203e+00,-8.509190559387207031e+00,-6.950290203094482422e+00,-1.362356567382812500e+01,-9.337955474853515625e+00,nan,nan,-1.977852702140808105e+00,-1.371049880981445312e+00,nan,nan,nan,nan,nan,nan,nan,nan,nan,nan,nan,nan,nan,nan,nan,nan,nan,nan,nan,nan,nan,nan,nan,nan,nan,nan,nan,nan,nan,nan,nan,nan
nan,nan,nan,nan,nan,nan,nan,nan,nan,nan,nan,nan,nan,nan,nan,nan,nan,nan,nan,nan,nan,nan,nan,nan,nan,nan,nan,nan,nan,nan,nan,nan,nan,-1.078926372528076172e+01,-4.130586624145507812e+00,3.707628250122070312e-01,-2.305065631866455078e+00,-7.437294125556945801e-01,3.967350244522094727e+00,5.353854179382324219e+00,2.444921731948852539e+00,5.592562675476074219e+00,3.780621528625488281e+00,3.127680420875549316e-01,5.381570816040039062e+00,5.218836784362792969e+00,4.947315454483032227e-01,2.690625429153442383e+00,8.693860054016113281e+00,1.771595764160156250e+01,2.808432769775390625e+01,3.019721412658691406e+01,3.310175323486328125e+01,3.616084671020507812e+01,3.300189590454101562e+01,3.917937850952148438e+01,4.287205886840820312e+01,4.202363967895507812e+01,3.550713729858398438e+01,3.177786254882812500e+01,2.966064643859863281e+01,1.755566215515136719e+01,1.638624954223632812e+01,1.164673137664794922e+01,4.311868667602539062e+00,-1.767617464065551758e+00,8.328808784484863281e+00,-1.178523159027099609e+01,-2.116014480590820312e+01,-2.145151901245117188e+01,-1.706010627746582031e+01,-1.785476493835449219e+01,nan,nan,-1.272233295440673828e+01,-1.685652351379394531e+01,-1.556706333160400391e+01,-1.330696105957031250e+01,-1.661360931396484375e+01,-2.113734626770019531e+01,-1.244309997558593750e+01,-1.534223079681396484e+01,-1.407043743133544922e+01,-8.995206832885742188e+00,-6.783018112182617188e+00,-7.369300365447998047e+00,-7.331297397613525391e+00,-5.978223800659179688e+00,nan,-4.614949226379394531e+00,nan,nan,nan,nan,nan,nan,nan,nan,nan,nan,nan,nan,nan,nan,nan,nan,nan,nan,nan,nan,nan,nan,nan,nan,nan,nan,nan,nan,nan,nan,nan,nan,nan,nan,nan
nan,nan,nan,nan,nan,nan,nan,nan,nan,nan,nan,nan,nan,nan,nan,nan,nan,nan,nan,nan,nan,nan,nan,nan,nan,nan,nan,nan,nan,nan,nan,nan,nan,-4.588765144348144531e+00,-4.275403976440429688e+00,2.607204914093017578e-01,-3.147287368774414062e+00,-3.298331975936889648e+00,3.418862581253051758e+00,4.876485347747802734e+00,6.033705711364746094e+00,4.365258693695068359e+00,2.727742195129394531e+00,3.683246850967407227e+00,6.540099143981933594e+00,5.256513118743896484e+00,9.234473705291748047e-01,7.121888637542724609e+00,1.420715141296386719e+01,2.261717987060546875e+01,2.860960197448730469e+01,3.131322669982910156e+01,3.352065658569335938e+01,3.302458572387695312e+01,3.767455673217773438e+01,3.760221099853515625e+01,3.976692199707031250e+01,4.202349853515625000e+01,4.492176055908203125e+01,nan,nan,2.486601829528808594e+01,2.347351837158203125e+01,1.840411949157714844e+01,1.904523849487304688e+01,1.309457969665527344e+01,6.398057937622070312e+00,3.270911216735839844e+00,-4.505772590637207031e+00,-1.577018928527832031e+01,-1.598658370971679688e+01,-2.020036125183105469e+01,-2.633844566345214844e+01,-1.496974658966064453e+01,nan,nan,-1.549190235137939453e+01,-1.763305282592773438e+01,-2.738172531127929688e+01,-3.105099296569824219e+01,-2.297142982482910156e+01,-2.216480636596679688e+01,-1.489094734191894531e+01,2.058077335357666016e+00,-1.038123726844787598e+00,-4.491200923919677734e+00,nan,nan,nan,-5.771660804748535156e+00,nan,nan,nan,nan,nan,nan,nan,nan,nan,nan,nan,nan,nan,nan,nan,nan,nan,nan,nan,nan,nan,nan,nan,nan,nan,nan,nan,nan,nan,nan,nan,nan,nan,nan,nan
nan,nan,nan,nan,nan,nan,nan,nan,nan,nan,nan,nan,nan,nan,nan,nan,nan,nan,nan,nan,nan,nan,nan,nan,nan,nan,nan,nan,nan,nan,nan,nan,nan,-5.623566150665283203e+00,-1.764059066772460938e+01,-5.648864746093750000e+00,-5.508540630340576172e+00,-2.891055583953857422e+00,4.677013397216796875e+00,6.862331390380859375e+00,5.777890205383300781e+00,6.890815258026123047e+00,7.333309173583984375e+00,9.051042556762695312e+00,1.237128353118896484e+01,2.161509037017822266e+00,6.273685455322265625e+00,2.599638938903808594e+00,2.261303329467773438e+01,2.606636619567871094e+01,3.126273536682128906e+01,3.174150848388671875e+01,3.126115417480468750e+01,3.836436843872070312e+01,3.498524856567382812e+01,3.580070495605468750e+01,3.788798522949218750e+01,4.185332870483398438e+01,3.809944152832031250e+01,nan,nan,2.053078079223632812e+01,2.139720153808593750e+01,1.953418922424316406e+01,2.325499534606933594e+01,2.216897201538085938e+01,1.518917942047119141e+01,4.274622440338134766e+00,-3.828170537948608398e+00,-1.472185897827148438e+01,-1.338563346862792969e+01,-1.488378238677978516e+01,-1.902827072143554688e+01,-2.329422187805175781e+01,nan,nan,-1.915060615539550781e+01,-1.920377540588378906e+01,-2.991626167297363281e+01,-2.685482215881347656e+01,-2.577025222778320312e+01,-2.611882400512695312e+01,-8.567155838012695312e+00,-2.211027860641479492e+00,-1.807476806640625000e+01,-1.128383255004882812e+01,nan,nan,nan,nan,nan,nan,nan,nan,nan,nan,nan,nan,nan,nan,nan,nan,nan,nan,nan,nan,nan,nan,nan,nan,nan,nan,nan,nan,nan,nan,nan,nan,nan,nan,nan,nan,nan,nan,nan
nan,nan,nan,nan,nan,nan,nan,nan,nan,nan,nan,nan,nan,nan,nan,nan,nan,nan,nan,nan,nan,nan,nan,nan,nan,nan,nan,nan,nan,nan,nan,nan,nan,nan,-1.999197006225585938e+01,-1.314535331726074219e+01,-2.876690626144409180e+00,-4.852349281311035156e+00,3.444801568984985352e+00,5.578608989715576172e+00,6.006188392639160156e+00,6.200647354125976562e+00,4.345440387725830078e+00,nan,nan,nan,9.164250373840332031e+00,nan,nan,nan,nan,nan,nan,nan,nan,3.603608322143554688e+01,3.232827758789062500e+01,3.125465965270996094e+01,3.740029907226562500e+01,2.627765655517578125e+01,3.605937194824218750e+01,nan,2.027879714965820312e+01,2.283632850646972656e+01,2.517748069763183594e+01,2.369819068908691406e+01,1.633253097534179688e+01,1.090854740142822266e+01,-9.936147332191467285e-01,-6.627979278564453125e+00,-1.211700820922851562e+01,-1.795086860656738281e+01,-2.178390121459960938e+01,-1.961503410339355469e+01,-1.637536430358886719e+01,-1.922081184387207031e+01,-1.882377815246582031e+01,-2.738053703308105469e+01,-2.816887474060058594e+01,-3.346215438842773438e+01,-2.991032028198242188e+01,-2.770759582519531250e+01,-2.784818077087402344e+01,-1.937035179138183594e+01,nan,nan,nan,nan,nan,nan,nan,nan,nan,nan,nan,nan,nan,nan,nan,nan,nan,nan,nan,nan,nan,nan,nan,nan,nan,nan,nan,nan,nan,nan,nan,nan,nan,nan,nan,nan,nan,nan,nan,nan,nan
nan,nan,nan,nan,nan,nan,nan,nan,nan,nan,nan,nan,nan,nan,nan,nan,nan,nan,nan,nan,nan,nan,nan,nan,nan,nan,nan,nan,nan,nan,nan,nan,nan,nan,-5.340122699737548828e+00,-1.180363559722900391e+01,5.526583194732666016e-01,-4.296255111694335938e-01,-9.868044853210449219e-01,1.686895266175270081e-04,-3.043868064880371094e+00,nan,nan,nan,nan,nan,nan,nan,nan,nan,nan,nan,nan,nan,nan,nan,nan,3.600770187377929688e+01,3.429942321777343750e+01,4.157700729370117188e+01,2.883058738708496094e+01,2.589412498474121094e+01,2.293521118164062500e+01,1.417458534240722656e+01,3.032645225524902344e+01,2.417280006408691406e+01,2.137003707885742188e+01,1.628878211975097656e+01,7.875255346298217773e-01,-4.739551544189453125e+00,-1.100812149047851562e+01,-1.622321701049804688e+01,-1.929316902160644531e+01,-2.081603622436523438e+01,-1.426885509490966797e+01,-1.012060928344726562e+01,-1.677354049682617188e+01,-2.357197761535644531e+01,-2.461465835571289062e+01,nan,-3.420952606201171875e+01,-2.451663589477539062e+01,-3.416010665893554688e+01,-1.888075065612792969e+01,nan,nan,nan,nan,nan,nan,nan,nan,nan,nan,nan,nan,nan,nan,nan,nan,nan,nan,nan,nan,nan,nan,nan,nan,nan,nan,nan,nan,nan,nan,nan,nan,nan,nan,nan,nan,nan,nan,nan,nan,nan
nan,nan,nan,nan,nan,nan,nan,nan,nan,nan,nan,nan,nan,nan,nan,nan,nan,nan,nan,nan,nan,nan,nan,nan,nan,nan,nan,nan,nan,nan,nan,nan,nan,nan,nan,-4.503720283508300781e+00,-3.427982628345489502e-01,-3.236086606979370117e+00,-7.968675136566162109e+00,-3.613482236862182617e+00,nan,nan,nan,nan,nan,nan,nan,nan,nan,nan,nan,nan,nan,nan,nan,nan,nan,nan,nan,nan,nan,nan,nan,nan,2.998902702331542969e+01,2.624172973632812500e+01,1.822978210449218750e+01,7.294603824615478516e+00,-3.742944002151489258e+00,-9.480381608009338379e-01,-6.595729351043701172e+00,-1.599516201019287109e+01,-1.628936195373535156e+01,-1.524958801269531250e+01,-9.510704040527343750e+00,-2.620722007751464844e+01,-4.218882751464843750e+01,-2.474286651611328125e+01,-2.799676322937011719e+01,-2.588861846923828125e+01,nan,nan,nan,nan,nan,nan,nan,nan,nan,nan,nan,nan,nan,nan,nan,nan,nan,nan,nan,nan,nan,nan,nan,nan,nan,nan,nan,nan,nan,nan,nan,nan,nan,nan,nan,nan,nan,nan,nan,nan,nan,nan,nan,nan,nan
nan,nan,nan,nan,nan,nan,nan,nan,nan,nan,nan,nan,nan,nan,nan,nan,nan,nan,nan,nan,nan,nan,nan,nan,nan,nan,nan,nan,nan,nan,nan,nan,nan,nan,nan,nan,-4.080971717834472656e+00,-8.482955932617187500e+00,-7.695990085601806641e+00,-1.233847975730895996e+00,nan,nan,nan,nan,nan,nan,nan,nan,nan,nan,nan,nan,nan,nan,nan,nan,nan,nan,nan,nan,nan,nan,nan,nan,nan,1.475499343872070312e+01,1.843697357177734375e+01,7.568280220031738281e+00,5.953764438629150391e+00,-4.110384924679681695e-15,-2.385004758834838867e+00,-7.857059955596923828e+00,-1.390689373016357422e+01,-1.578740692138671875e+01,-2.197822761535644531e+01,-3.334066390991210938e+01,-3.749374771118164062e+01,-3.500519561767578125e+01,-2.651963233947753906e+01,-2.722102928161621094e+01,nan,nan,nan,nan,nan,nan,nan,nan,nan,nan,nan,nan,nan,nan,nan,nan,nan,nan,nan,nan,nan,nan,nan,nan,nan,nan,nan,nan,nan,nan,nan,nan,nan,nan,nan,nan,nan,nan,nan,nan,nan,nan,nan,nan,nan
nan,nan,nan,nan,nan,nan,nan,nan,nan,nan,nan,nan,nan,nan,nan,nan,nan,nan,nan,nan,nan,nan,nan,nan,nan,nan,nan,nan,nan,nan,nan,nan,nan,nan,nan,nan,nan,nan,-3.348630666732788086e+00,nan,nan,nan,nan,nan,nan,nan,nan,nan,nan,nan,nan,nan,nan,nan,nan,nan,nan,nan,nan,nan,nan,nan,nan,nan,nan,nan,nan,7.511323928833007812e+00,nan,nan,nan,nan,-1.425063228607177734e+01,-1.725833129882812500e+01,-1.995377922058105469e+01,-2.215274047851562500e+01,-2.411870002746582031e+01,-2.570075988769531250e+01,nan,nan,nan,nan,nan,nan,nan,nan,nan,nan,nan,nan,nan,nan,nan,nan,nan,nan,nan,nan,nan,nan,nan,nan,nan,nan,nan,nan,nan,nan,nan,nan,nan,nan,nan,nan,nan,nan,nan,nan,nan,nan,nan,nan,nan,nan,nan
nan,nan,nan,nan,nan,nan,nan,nan,nan,nan,nan,nan,nan,nan,nan,nan,nan,nan,nan,nan,nan,nan,nan,nan,nan,nan,nan,nan,nan,nan,nan,nan,nan,nan,nan,nan,nan,nan,nan,nan,nan,nan,nan,nan,nan,nan,nan,nan,nan,nan,nan,nan,nan,nan,nan,nan,nan,nan,nan,nan,nan,nan,nan,nan,nan,nan,nan,nan,nan,nan,nan,nan,nan,nan,nan,nan,nan,nan,nan,nan,nan,nan,nan,nan,nan,nan,nan,nan,nan,nan,nan,nan,nan,nan,nan,nan,nan,nan,nan,nan,nan,nan,nan,nan,nan,nan,nan,nan,nan,nan,nan,nan,nan,nan,nan,nan,nan,nan,nan,nan,nan,nan,nan,nan,nan
nan,nan,nan,nan,nan,nan,nan,nan,nan,nan,nan,nan,nan,nan,nan,nan,nan,nan,nan,nan,nan,nan,nan,nan,nan,nan,nan,nan,nan,nan,nan,nan,nan,nan,nan,nan,nan,nan,nan,nan,nan,nan,nan,nan,nan,nan,nan,nan,nan,nan,nan,nan,nan,nan,nan,nan,nan,nan,nan,nan,nan,nan,nan,nan,nan,nan,nan,nan,nan,nan,nan,nan,nan,nan,nan,nan,nan,nan,nan,nan,nan,nan,nan,nan,nan,nan,nan,nan,nan,nan,nan,nan,nan,nan,nan,nan,nan,nan,nan,nan,nan,nan,nan,nan,nan,nan,nan,nan,nan,nan,nan,nan,nan,nan,nan,nan,nan,nan,nan,nan,nan,nan,nan,nan,nan
nan,nan,nan,nan,nan,nan,nan,nan,nan,nan,nan,nan,nan,nan,nan,nan,nan,nan,nan,nan,nan,nan,nan,nan,nan,nan,nan,nan,nan,nan,nan,nan,nan,nan,nan,nan,nan,nan,nan,nan,nan,nan,nan,nan,nan,nan,nan,nan,nan,nan,nan,nan,nan,nan,nan,nan,nan,nan,nan,nan,nan,nan,nan,nan,nan,nan,nan,nan,nan,nan,nan,nan,nan,nan,nan,nan,nan,nan,nan,nan,nan,nan,nan,nan,nan,nan,nan,nan,nan,nan,nan,nan,nan,nan,nan,nan,nan,nan,nan,nan,nan,nan,nan,nan,nan,nan,nan,nan,nan,nan,nan,nan,nan,nan,nan,nan,nan,nan,nan,nan,nan,nan,nan,nan,nan
nan,nan,nan,nan,nan,nan,nan,nan,nan,nan,nan,nan,nan,nan,nan,nan,nan,nan,nan,nan,nan,nan,nan,nan,nan,nan,nan,nan,nan,nan,nan,nan,nan,nan,nan,nan,nan,nan,nan,nan,nan,nan,nan,nan,nan,nan,nan,nan,nan,nan,nan,nan,nan,nan,nan,nan,nan,nan,nan,nan,nan,nan,nan,nan,nan,nan,nan,nan,nan,nan,nan,nan,nan,nan,nan,nan,nan,nan,nan,nan,nan,nan,nan,nan,nan,nan,nan,nan,nan,nan,nan,nan,nan,nan,nan,nan,nan,nan,nan,nan,nan,nan,nan,nan,nan,nan,nan,nan,nan,nan,nan,nan,nan,nan,nan,nan,nan,nan,nan,nan,nan,nan,nan,nan,nan
nan,nan,nan,nan,nan,nan,nan,nan,nan,nan,nan,nan,nan,nan,nan,nan,nan,nan,nan,nan,nan,nan,nan,nan,nan,nan,nan,nan,nan,nan,nan,nan,nan,nan,nan,nan,nan,nan,nan,nan,nan,nan,nan,nan,nan,nan,nan,nan,nan,nan,nan,nan,nan,nan,nan,nan,nan,nan,nan,nan,nan,nan,nan,nan,nan,nan,nan,nan,nan,nan,nan,nan,nan,nan,nan,nan,nan,nan,nan,nan,nan,nan,nan,nan,nan,nan,nan,nan,nan,nan,nan,nan,nan,nan,nan,nan,nan,nan,nan,nan,nan,nan,nan,nan,nan,nan,nan,nan,nan,nan,nan,nan,nan,nan,nan,nan,nan,nan,nan,nan,nan,nan,nan,nan,nan
nan,nan,nan,nan,nan,nan,nan,nan,nan,nan,nan,nan,nan,nan,nan,nan,nan,nan,nan,nan,nan,nan,nan,nan,nan,nan,nan,nan,nan,nan,nan,nan,nan,nan,nan,nan,nan,nan,nan,nan,nan,nan,nan,nan,nan,nan,nan,nan,nan,nan,nan,nan,nan,nan,nan,nan,nan,nan,nan,nan,nan,nan,nan,nan,nan,nan,nan,nan,nan,nan,nan,nan,nan,nan,nan,nan,nan,nan,nan,nan,nan,nan,nan,nan,nan,nan,nan,nan,nan,nan,nan,nan,nan,nan,nan,nan,nan,nan,nan,nan,nan,nan,nan,nan,nan,nan,nan,nan,nan,nan,nan,nan,nan,nan,nan,nan,nan,nan,nan,nan,nan,nan,nan,nan,nan
nan,nan,nan,nan,nan,nan,nan,nan,nan,nan,nan,nan,nan,nan,nan,nan,nan,nan,nan,nan,nan,nan,nan,nan,nan,nan,nan,nan,nan,nan,nan,nan,nan,nan,nan,nan,nan,nan,nan,nan,nan,nan,nan,nan,nan,nan,nan,nan,nan,nan,nan,nan,nan,nan,nan,nan,nan,nan,nan,nan,nan,nan,nan,nan,nan,nan,nan,nan,nan,nan,nan,nan,nan,nan,nan,nan,nan,nan,nan,nan,nan,nan,nan,nan,nan,nan,nan,nan,nan,nan,nan,nan,nan,nan,nan,nan,nan,nan,nan,nan,nan,nan,nan,nan,nan,nan,nan,nan,nan,nan,nan,nan,nan,nan,nan,nan,nan,nan,nan,nan,nan,nan,nan,nan,nan
nan,nan,nan,nan,nan,nan,nan,nan,nan,nan,nan,nan,nan,nan,nan,nan,nan,nan,nan,nan,nan,nan,nan,nan,nan,nan,nan,nan,nan,nan,nan,nan,nan,nan,nan,nan,nan,nan,nan,nan,nan,nan,nan,nan,nan,nan,nan,nan,nan,nan,nan,nan,nan,nan,nan,nan,nan,nan,nan,nan,nan,nan,nan,nan,nan,nan,nan,nan,nan,nan,nan,nan,nan,nan,nan,nan,nan,nan,nan,nan,nan,nan,nan,nan,nan,nan,nan,nan,nan,nan,nan,nan,nan,nan,nan,nan,nan,nan,nan,nan,nan,nan,nan,nan,nan,nan,nan,nan,nan,nan,nan,nan,nan,nan,nan,nan,nan,nan,nan,nan,nan,nan,nan,nan,nan
nan,nan,nan,nan,nan,nan,nan,nan,nan,nan,nan,nan,nan,nan,nan,nan,nan,nan,nan,nan,nan,nan,nan,nan,nan,nan,nan,nan,nan,nan,nan,nan,nan,nan,nan,nan,nan,nan,nan,nan,nan,nan,nan,nan,nan,nan,nan,nan,nan,nan,nan,nan,nan,nan,nan,nan,nan,nan,nan,nan,nan,nan,nan,nan,nan,nan,nan,nan,nan,nan,nan,nan,nan,nan,nan,nan,nan,nan,nan,nan,nan,nan,nan,nan,nan,nan,nan,nan,nan,nan,nan,nan,nan,nan,nan,nan,nan,nan,nan,nan,nan,nan,nan,nan,nan,nan,nan,nan,nan,nan,nan,nan,nan,nan,nan,nan,nan,nan,nan,nan,nan,nan,nan,nan,nan
nan,nan,nan,nan,nan,nan,nan,nan,nan,nan,nan,nan,nan,nan,nan,nan,nan,nan,nan,nan,nan,nan,nan,nan,nan,nan,nan,nan,nan,nan,nan,nan,nan,nan,nan,nan,nan,nan,nan,nan,nan,nan,nan,nan,nan,nan,nan,nan,nan,nan,nan,nan,nan,nan,nan,nan,nan,nan,nan,nan,nan,nan,nan,nan,nan,nan,nan,nan,nan,nan,nan,nan,nan,nan,nan,nan,nan,nan,nan,nan,nan,nan,nan,nan,nan,nan,nan,nan,nan,nan,nan,nan,nan,nan,nan,nan,nan,nan,nan,nan,nan,nan,nan,nan,nan,nan,nan,nan,nan,nan,nan,nan,nan,nan,nan,nan,nan,nan,nan,nan,nan,nan,nan,nan,nan
nan,nan,nan,nan,nan,nan,nan,nan,nan,nan,nan,nan,nan,nan,nan,nan,nan,nan,nan,nan,nan,nan,nan,nan,nan,nan,nan,nan,nan,nan,nan,nan,nan,nan,nan,nan,nan,nan,nan,nan,nan,nan,nan,nan,nan,nan,nan,nan,nan,nan,nan,nan,nan,nan,nan,nan,nan,nan,nan,nan,nan,nan,nan,nan,nan,nan,nan,nan,nan,nan,nan,nan,nan,nan,nan,nan,nan,nan,nan,nan,nan,nan,nan,nan,nan,nan,nan,nan,nan,nan,nan,nan,nan,nan,nan,nan,nan,nan,nan,nan,nan,nan,nan,nan,nan,nan,nan,nan,nan,nan,nan,nan,nan,nan,nan,nan,nan,nan,nan,nan,nan,nan,nan,nan,nan
nan,nan,nan,nan,nan,nan,nan,nan,nan,nan,nan,nan,nan,nan,nan,nan,nan,nan,nan,nan,nan,nan,nan,nan,nan,nan,nan,nan,nan,nan,nan,nan,nan,nan,nan,nan,nan,nan,nan,nan,nan,nan,nan,nan,nan,nan,nan,nan,nan,nan,nan,nan,nan,nan,nan,nan,nan,nan,nan,nan,nan,nan,nan,nan,nan,nan,nan,nan,nan,nan,nan,nan,nan,nan,nan,nan,nan,nan,nan,nan,nan,nan,nan,nan,nan,nan,nan,nan,nan,nan,nan,nan,nan,nan,nan,nan,nan,nan,nan,nan,nan,nan,nan,nan,nan,nan,nan,nan,nan,nan,nan,nan,nan,nan,nan,nan,nan,nan,nan,nan,nan,nan,nan,nan,nan
nan,nan,nan,nan,nan,nan,nan,nan,nan,nan,nan,nan,nan,nan,nan,nan,nan,nan,nan,nan,nan,nan,nan,nan,nan,nan,nan,nan,nan,nan,nan,nan,nan,nan,nan,nan,nan,nan,nan,nan,nan,nan,nan,nan,nan,nan,nan,nan,nan,nan,nan,nan,nan,nan,nan,nan,nan,nan,nan,nan,nan,nan,nan,nan,nan,nan,nan,nan,nan,nan,nan,nan,nan,nan,nan,nan,nan,nan,nan,nan,nan,nan,nan,nan,nan,nan,nan,nan,nan,nan,nan,nan,nan,nan,nan,nan,nan,nan,nan,nan,nan,nan,nan,nan,nan,nan,nan,nan,nan,nan,nan,nan,nan,nan,nan,nan,nan,nan,nan,nan,nan,nan,nan,nan,nan
nan,nan,nan,nan,nan,nan,nan,nan,nan,nan,nan,nan,nan,nan,nan,nan,nan,nan,nan,nan,nan,nan,nan,nan,nan,nan,nan,nan,nan,nan,nan,nan,nan,nan,nan,nan,nan,nan,nan,nan,nan,nan,nan,nan,nan,nan,nan,nan,nan,nan,nan,nan,nan,nan,nan,nan,nan,nan,nan,nan,nan,nan,nan,nan,nan,nan,nan,nan,nan,nan,nan,nan,nan,nan,nan,nan,nan,nan,nan,nan,nan,nan,nan,nan,nan,nan,nan,nan,nan,nan,nan,nan,nan,nan,nan,nan,nan,nan,nan,nan,nan,nan,nan,nan,nan,nan,nan,nan,nan,nan,nan,nan,nan,nan,nan,nan,nan,nan,nan,nan,nan,nan,nan,nan,nan
nan,nan,nan,nan,nan,nan,nan,nan,nan,nan,nan,nan,nan,nan,nan,nan,nan,nan,nan,nan,nan,nan,nan,nan,nan,nan,nan,nan,nan,nan,nan,nan,nan,nan,nan,nan,nan,nan,nan,nan,nan,nan,nan,nan,nan,nan,nan,nan,nan,nan,nan,nan,nan,nan,nan,nan,nan,nan,nan,nan,nan,nan,nan,nan,nan,nan,nan,nan,nan,nan,nan,nan,nan,nan,nan,nan,nan,nan,nan,nan,nan,nan,nan,nan,nan,nan,nan,nan,nan,nan,nan,nan,nan,nan,nan,nan,nan,nan,nan,nan,nan,nan,nan,nan,nan,nan,nan,nan,nan,nan,nan,nan,nan,nan,nan,nan,nan,nan,nan,nan,nan,nan,nan,nan,nan
nan,nan,nan,nan,nan,nan,nan,nan,nan,nan,nan,nan,nan,nan,nan,nan,nan,nan,nan,nan,nan,nan,nan,nan,nan,nan,nan,nan,nan,nan,nan,nan,nan,nan,nan,nan,nan,nan,nan,nan,nan,nan,nan,nan,nan,nan,nan,nan,nan,nan,nan,nan,nan,nan,nan,nan,nan,nan,nan,nan,nan,nan,nan,nan,nan,nan,nan,nan,nan,nan,nan,nan,nan,nan,nan,nan,nan,nan,nan,nan,nan,nan,nan,nan,nan,nan,nan,nan,nan,nan,nan,nan,nan,nan,nan,nan,nan,nan,nan,nan,nan,nan,nan,nan,nan,nan,nan,nan,nan,nan,nan,nan,nan,nan,nan,nan,nan,nan,nan,nan,nan,nan,nan,nan,nan
nan,nan,nan,nan,nan,nan,nan,nan,nan,nan,nan,nan,nan,nan,nan,nan,nan,nan,nan,nan,nan,nan,nan,nan,nan,nan,nan,nan,nan,nan,nan,nan,nan,nan,nan,nan,nan,nan,nan,nan,nan,nan,nan,nan,nan,nan,nan,nan,nan,nan,nan,nan,nan,nan,nan,nan,nan,nan,nan,nan,nan,nan,nan,nan,nan,nan,nan,nan,nan,nan,nan,nan,nan,nan,nan,nan,nan,nan,nan,nan,nan,nan,nan,nan,nan,nan,nan,nan,nan,nan,nan,nan,nan,nan,nan,nan,nan,nan,nan,nan,nan,nan,nan,nan,nan,nan,nan,nan,nan,nan,nan,nan,nan,nan,nan,nan,nan,nan,nan,nan,nan,nan,nan,nan,nan
